assembly_seconds,constraint_resid_inf,constraint_resid_l2,correction_rel_l2,domain,family_seed,frac_err2_near_boundary_interior,frac_max_error_on_boundary,h_target,l2,l2_core_interior,l2_interior,l2_near_boundary_interior,lambda_ratio_median,linf,linf_core_interior,linf_interior,linf_near_boundary_interior,max_error_idx,max_error_is_boundary,max_error_x,max_error_y,max_local_cond,max_namls_reproduction_defect,mean_local_stencil_size,median_local_cond,median_local_sigma_min,median_namls_selection_score,method_id,min_local_sigma_min,n_boundary,n_core_interior,n_interior_eval,n_near_boundary_interior,n_points,namls_kernel,namls_kernel_beta,namls_max_neighbors,namls_min_neighbors,namls_neighbor_step,namls_regularization,namls_size_penalty,negative_lambda_fraction,operator,patch_const_max,patch_quad_max,patch_x2h_max,patch_x_max,patch_xy_max,patch_y2h_max,patch_y_max,rms,rms_core_interior,rms_interior,rms_near_boundary_interior,solve_seconds,status,total_seconds,trial,unstable,unstable_reasons
0.05118999599972085,0.0,0.0,0.0,annulus,4000,1.0,0.0,0.2,0.1633412268917931,nan,0.2232873748497258,0.2232873748497258,1.0,0.9815397398180701,nan,0.9815397398180701,0.9815397398180701,59,False,1.8893813258482854e-13,0.8899999999999999,4.508523264980282,2.4305322651324584e-08,18.959183673469386,2.839010862715558,0.5167321010456388,2512.270452480826,NAMLS-reconstructed-v1,0.34310155555777155,54,0,49,49,103,wendland_c2,3.0,26,14,4,1e-10,2.0,0.0,namls,2.4305325752038698e-08,7.3823152035856765e-09,7.398079482356934e-09,1.876962407720839e-08,6.866730357935058e-09,6.953417841515375e-09,1.8825866199279062e-08,0.20092896856914325,nan,0.29131518775629395,0.29131518775629395,0.00035004400024263305,ok,0.05154003999996348,0,False,
0.08349622499963516,0.0,0.0,0.0,annulus,4000,1.0,0.0,0.16,0.04810296199939404,nan,0.06097805394790767,0.06097805394790767,1.0,0.23257480421035331,nan,0.23257480421035331,0.23257480421035331,100,False,0.0760578966086903,-0.4313457777922659,4.5087456805377,3.9519997904115895e-08,17.467532467532468,2.772789330548506,0.5346069855680292,3596.495775918804,NAMLS-reconstructed-v1,0.3424805949077088,68,0,77,77,145,wendland_c2,3.0,26,14,4,1e-10,2.0,0.0,namls,3.9519998829007363e-08,1.3157624323412165e-08,1.3209491944721208e-08,3.288966099468382e-08,1.1337392657414729e-08,1.2346590416711933e-08,2.989759989796906e-08,0.047629554373938794,nan,0.06536046853518528,0.06536046853518528,0.0005147000001670676,ok,0.08401092499980223,0,False,
0.16950311699974918,0.0,0.0,0.0,annulus,4000,0.7572433162237002,0.0,0.12,0.026247019963828354,0.027519882125536868,0.03083849320707024,0.03218598626444718,1.0,0.10966267710855238,0.07136066777280137,0.10966267710855238,0.10966267710855238,120,False,0.8670956117226822,-0.34713272110811383,4.614127419724652,7.17163681042433e-08,17.25531914893617,2.654950471429245,0.5513124949818619,5400.24686705617,NAMLS-reconstructed-v1,0.3358507490138134,89,32,141,109,230,wendland_c2,3.0,26,14,4,1e-10,2.0,0.0,namls,7.171638009839665e-08,2.7157141868627832e-08,2.581900937492776e-08,5.988705442661058e-08,2.7355095948838892e-08,2.522769682045123e-08,5.908285749534059e-08,0.024842515853963586,0.02811766501440551,0.03172852896719486,0.03271300527817014,0.0007491810001738486,ok,0.17025229799992303,0,False,
0.23433709999972052,0.0,0.0,0.0,annulus,4000,0.5057454896724545,0.0,0.1,0.021325863687517134,0.0241494006803937,0.024468305777620956,0.024792496724380275,1.0,0.1510778291984618,0.06093587815673085,0.1510778291984618,0.1510778291984618,139,False,0.3485764073310538,-0.8783618166603095,4.531188368564621,1.0216386676832015e-07,16.94871794871795,2.548472715026829,0.5662992371626401,6691.8370110785945,NAMLS-reconstructed-v1,0.33723277648000266,107,80,195,115,302,wendland_c2,3.0,26,14,4,1e-10,2.0,0.0,namls,1.0216385337713518e-07,4.185233981601755e-08,3.7934905883219017e-08,8.432921205780985e-08,3.9130883644489245e-08,3.652326374670167e-08,8.440970944434412e-08,0.020705270014093363,0.023732964352277102,0.0257671902610085,0.027092368661424348,0.0017192350001096202,ok,0.23605633499983014,0,False,
0.4138282150001942,0.0,0.0,0.0,annulus,4000,0.25179364597579545,0.0,0.08,0.013228145940504704,0.01614273310794585,0.014721717634199155,0.012019725359848047,1.0,0.05827379723582489,0.043440004262693455,0.05827379723582489,0.05827379723582489,157,False,-0.9325108344057017,0.21061685554928533,4.872510257425495,1.5684108404347892e-07,16.868852459016395,2.4936251799193427,0.5738332370947894,9401.723400792967,NAMLS-reconstructed-v1,0.3160467844535115,134,160,305,145,439,wendland_c2,3.0,26,14,4,1e-10,2.0,0.0,namls,1.568411320818086e-07,6.580940414835368e-08,6.400071983492239e-08,1.4044369065630002e-07,6.371267480797395e-08,6.041378664001229e-08,1.3102758544825122e-07,0.012016017405312523,0.015875903283577894,0.014415937447669957,0.012610281300669586,0.0017706309999994119,ok,0.4155988460001936,0,False,
0.048524884000016755,0.0,0.0,0.0,annulus,4001,1.0,0.0,0.2,0.09525296246404122,nan,0.12937217765002082,0.12937217765002082,1.0,0.7291178214473404,nan,0.7291178214473404,0.7291178214473404,67,False,-0.5231288745404166,-0.7200251249936193,4.511880054403168,2.8240209477775208e-08,18.142857142857142,2.8125641073605747,0.5144578669369647,2696.634058023422,NAMLS-reconstructed-v1,0.343551303607132,54,0,49,49,103,wendland_c2,3.0,26,14,4,1e-10,2.0,0.0,namls,2.824021128056131e-08,8.968746634252511e-09,8.457183175991645e-09,2.1121050648026385e-08,8.757324370875508e-09,7.3872379324768644e-09,1.9406458884319022e-08,0.11196338653770378,nan,0.16232918131880883,0.16232918131880883,0.0003584730002330616,ok,0.048883357000249816,1,False,
0.08409193199986476,0.0,0.0,0.0,annulus,4001,1.0,0.0,0.16,0.056845594181252,nan,0.07209133778403416,0.07209133778403416,1.0,0.39207899716255645,nan,0.39207899716255645,0.39207899716255645,72,False,0.48867403702092704,0.7700270680577855,4.458899219692289,3.942686295075813e-08,17.526315789473685,2.833517173440982,0.5344172246930725,3285.3145523558064,NAMLS-reconstructed-v1,0.3443281457391827,68,0,76,76,144,wendland_c2,3.0,26,14,4,1e-10,2.0,0.0,namls,3.9426876902852484e-08,1.3781285890246409e-08,1.3714578361856411e-08,3.329717361902351e-08,1.1337625283047714e-08,1.3593690617597076e-08,3.314652305466049e-08,0.06223162802151231,nan,0.08566148767509037,0.08566148767509037,0.0004269200003363949,ok,0.08451885200020115,1,False,
0.15710954199994376,0.0,0.0,0.0,annulus,4001,0.5426640501604398,0.0,0.12,0.02851222855456509,0.037549210806907124,0.033455038476551666,0.0308795978486036,1.0,0.11490136586879773,0.08350178177292666,0.11490136586879773,0.11490136586879773,139,False,-0.38752101226680136,-0.16706724709443668,4.493123422843801,6.872027839890696e-08,17.180555555555557,2.619489675072501,0.5581219547051521,5401.361295901606,NAMLS-reconstructed-v1,0.3383917068754618,89,39,144,105,233,wendland_c2,3.0,26,14,4,1e-10,2.0,0.0,namls,6.872028636417671e-08,2.718922109679056e-08,2.3594391107550905e-08,5.477086240102125e-08,2.402039278592838e-08,2.63263382205281e-08,6.029365540172194e-08,0.025494580511534862,0.03785789970867083,0.032429823493495796,0.03016593077001788,0.0008209650000026159,ok,0.15793050699994637,1,False,
0.21518389900029433,0.0,0.0,0.0,annulus,4001,0.3703461295713065,0.0,0.1,0.023663758428554924,0.03098610610005025,0.027143620782151805,0.022977323975543168,1.0,0.10070410529109208,0.090067375562768,0.10070410529109208,0.10070410529109208,130,False,-0.821507611424556,-0.4670654577421069,4.680364204603729,1.0692015328147575e-07,16.927835051546392,2.554411542250583,0.5675632311727421,6621.635390813554,NAMLS-reconstructed-v1,0.32323244027472414,107,76,194,118,301,wendland_c2,3.0,26,14,4,1e-10,2.0,0.0,namls,1.0692019714042544e-07,4.4113789954280946e-08,4.3852651288034394e-08,9.733884098750423e-08,4.1445919279903265e-08,3.981953611287281e-08,8.936041240303894e-08,0.02129890667026309,0.03127992473413249,0.026530149259698203,0.022956427128103318,0.0015415079997183057,ok,0.21672540700001264,1,False,
0.4483520819999285,0.0,0.0,0.0,annulus,4001,0.26264897471935167,0.0,0.08,0.012179859826175938,0.014909381156230955,0.013566427355503298,0.01114037754786173,1.0,0.0438593230476052,0.04198498179570054,0.0438593230476052,0.0438593230476052,154,False,-0.78743476079865,0.5421091850220646,4.629125399966668,1.5372372127559482e-07,16.49514563106796,2.507282195785719,0.5723354157611676,9858.832184314282,NAMLS-reconstructed-v1,0.3273880431847495,134,158,309,151,443,wendland_c2,3.0,26,14,4,1e-10,2.0,0.0,namls,1.537237295835132e-07,6.591552859092076e-08,6.557878529100947e-08,1.4240783611351216e-07,6.201122851323682e-08,6.237068772563248e-08,1.361416158696116e-07,0.010966521351965202,0.014780591033931624,0.013130809839962626,0.011146111474740145,0.0020500400000855734,ok,0.45040212200001406,1,False,
0.0489381800002775,0.0,0.0,0.0,annulus,4002,1.0,0.0,0.2,0.12549764059004326,nan,0.17210391048867696,0.17210391048867696,1.0,0.7486124842272546,nan,0.7486124842272546,0.7486124842272546,77,False,-0.41444565565681646,0.19958650802513533,4.446027011317852,2.53107362872917e-08,19.29787234042553,2.832378812396344,0.508660391562783,2763.9462914855735,NAMLS-reconstructed-v1,0.34324953762027116,54,0,47,47,101,wendland_c2,3.0,26,14,4,1e-10,2.0,0.0,namls,2.5310725959570846e-08,7.647015465295226e-09,7.229685516918494e-09,1.9310287147078498e-08,6.827023835143109e-09,7.72339037169445e-09,1.9277412555140927e-08,0.1384236102823042,nan,0.2029186339525169,0.2029186339525169,0.00030873200012138113,ok,0.04924691200039888,2,False,
0.09908974900008616,0.0,0.0,0.0,annulus,4002,0.7871592981353177,0.0,0.16,0.05731490046153144,0.13263644070744737,0.072895038180118,0.06685871276434592,1.0,0.20745057621820218,0.20745057621820218,0.20745057621820218,0.18801451248042278,115,False,0.46026720360869844,0.49605084586860604,4.523964732423707,3.629942752598533e-08,17.21917808219178,2.8938262750485126,0.5083697605928464,3635.420782712035,NAMLS-reconstructed-v1,0.3396207362653453,68,3,73,70,141,wendland_c2,3.0,26,14,4,1e-10,2.0,0.0,namls,3.629943297160654e-08,1.2391139669887252e-08,1.1855902037893884e-08,2.9805126011781674e-08,1.1590906331959694e-08,1.1779492714580897e-08,2.8916018468549964e-08,0.0507109718434234,0.12167242326709006,0.07047743015854431,0.06742015807678146,0.000438812000083999,ok,0.09952856100017016,2,False,
0.14241854299962142,0.0,0.0,0.0,annulus,4002,0.6464622937518049,0.0,0.12,0.028442502118447135,0.0359968587134008,0.03349825743077701,0.03233439232164045,1.0,0.0875985499922034,0.08332222994609917,0.0875985499922034,0.0875985499922034,204,False,-0.3335617807398573,0.7375049930909765,4.596387784954681,6.809760911932582e-08,16.942446043165468,2.588445830934329,0.5621519020284724,4984.4945788110235,NAMLS-reconstructed-v1,0.33485441515260606,89,32,139,107,228,wendland_c2,3.0,26,14,4,1e-10,2.0,0.0,namls,6.809757137174299e-08,2.626365391833474e-08,2.539701604575839e-08,5.8873664166014805e-08,2.4440935497693772e-08,2.50570761917146e-08,5.882757729722713e-08,0.024859264855523817,0.03555876462279435,0.031838185210000466,0.030637847140124866,0.0007872930000303313,ok,0.14320583599965175,2,False,
0.23971175399992717,0.0,0.0,0.0,annulus,4002,0.38898994327666464,0.0,0.1,0.02225755635836976,0.02798469437301303,0.02563211711866934,0.022898636832262672,1.0,0.09828842020741968,0.09287513490505739,0.09828842020741968,0.09828842020741968,141,False,0.6058334740340241,-0.7252522049809138,4.85197486837273,1.0687579234327777e-07,16.8,2.570652364098339,0.5606080576079882,6499.55282234883,NAMLS-reconstructed-v1,0.32407269516531073,107,77,190,113,297,wendland_c2,3.0,26,14,4,1e-10,2.0,0.0,namls,1.0687573717693688e-07,4.304923306719388e-08,4.005465936707253e-08,9.015692237213102e-08,3.779589230305802e-08,3.9571318666276056e-08,8.884713764700791e-08,0.020982817582300053,0.028567287430445048,0.026234043190856524,0.024517256167716106,0.0012219680002090172,ok,0.24093372200013619,2,False,
0.38848677400028464,0.0,0.0,0.0,annulus,4002,0.24684802097914413,0.0,0.08,0.012846053828331424,0.015779340770497415,0.01432709506133297,0.01156100782856935,1.0,0.05071444511193679,0.05071444511193679,0.05071444511193679,0.04287571097817511,401,False,0.4391238628967783,0.502343945288556,4.600592083059656,1.6465191671688954e-07,16.728476821192054,2.51004380910308,0.5702519405600726,9761.401540651246,NAMLS-reconstructed-v1,0.33123137701330047,134,159,302,143,436,wendland_c2,3.0,26,14,4,1e-10,2.0,0.0,namls,1.6465188414083176e-07,6.932319385200003e-08,5.96438134436994e-08,1.3244327679018397e-07,6.957277860764055e-08,5.865540564364835e-08,1.2701907847745275e-07,0.01167786214658276,0.01600469101629881,0.014031468233885857,0.011444766431897182,0.0017219930000464956,ok,0.39020876700033114,2,False,
0.06743643899972085,0.0,0.0,0.0,annulus,4003,1.0,0.0,0.2,0.12556101288455201,nan,0.16995645710805926,0.16995645710805926,1.0,0.9537961650138611,nan,0.9537961650138611,0.9537961650138611,59,False,1.8893813258482854e-13,0.8899999999999999,4.408910731961671,2.6458954863737037e-08,18.41176470588235,2.954239389023597,0.49378811944043,3576.165650166027,NAMLS-reconstructed-v1,0.3493395058047293,54,0,51,51,105,wendland_c2,3.0,26,14,4,1e-10,2.0,0.0,namls,2.645896091113542e-08,7.85326736973957e-09,7.515276845282415e-09,1.899329338771183e-08,6.9157142235098945e-09,7.826679304656636e-09,2.0339560258264555e-08,0.1457032041783853,nan,0.20906371527735249,0.20906371527735249,0.00048034200017355033,ok,0.0679167809998944,3,False,
0.13556951300006403,0.0,0.0,0.0,annulus,4003,0.991798868786379,0.0,0.16,0.05900390651836275,0.028917877411984216,0.07486358268670475,0.07669346259257773,1.0,0.3081642758078166,0.039402751840637795,0.3081642758078166,0.3081642758078166,138,False,0.39812640224088947,-0.14648585690963248,4.516299834691395,4.0051214938765525e-08,17.473684210526315,2.7392192996228273,0.5405657810817792,3470.077171817179,NAMLS-reconstructed-v1,0.34192365056541724,68,3,76,73,144,wendland_c2,3.0,26,14,4,1e-10,2.0,0.0,namls,4.0051231664506304e-08,1.388011749980933e-08,1.38644491443074e-08,3.3797439513705285e-08,1.1801406912721965e-08,1.3366449502782984e-08,3.283381833085741e-08,0.05814874121986275,0.029254082557578328,0.08004141684362519,0.08145394153169828,0.0004452429998309526,ok,0.136014755999895,3,False,
0.16653692799991404,0.0,0.0,0.0,annulus,4003,0.6372351471819163,0.0,0.12,0.02677548486305916,0.033417229105408605,0.03147836016735938,0.030514912908577146,1.0,0.17607231025514936,0.08529867780309908,0.17607231025514936,0.17607231025514936,110,False,-0.6116399077090805,-0.7058700841393593,4.712095147203978,7.270799143071664e-08,17.12857142857143,2.6979921506198545,0.5503335905822621,5402.46014140759,NAMLS-reconstructed-v1,0.3284132286027199,89,34,140,106,229,wendland_c2,3.0,26,14,4,1e-10,2.0,0.0,namls,7.270801205550015e-08,2.816029187613367e-08,2.457314640658126e-08,6.011429931618295e-08,2.388201592040673e-08,2.5296173378208664e-08,5.89470642853307e-08,0.02677681731527676,0.034225846222880364,0.034246222891591224,0.03425275623654522,0.0007829900000615453,ok,0.1673199179999756,3,False,
0.19503146400029436,0.0,0.0,0.0,annulus,4003,0.3920823261772158,0.0,0.1,0.020885496665191672,0.02652008324820162,0.023909737435572554,0.0210496866879594,1.0,0.09532695985879558,0.09532695985879558,0.09532695985879558,0.07133453214012714,292,False,-0.5602072718795176,0.14226360030050308,4.76960755270813,9.869111228960533e-08,16.663265306122447,2.529496043373446,0.5687828049146141,6887.153413225646,NAMLS-reconstructed-v1,0.32862477408844903,107,79,196,117,303,wendland_c2,3.0,26,14,4,1e-10,2.0,0.0,namls,9.869109130639017e-08,4.0217094543493204e-08,3.796359981933506e-08,8.600613166098725e-08,4.004696514190818e-08,3.7828805643513874e-08,8.45115462055901e-08,0.018346456347233153,0.026490871085299347,0.022811060190155327,0.019946077247308368,0.0011501639996822632,ok,0.19618162799997663,3,False,
0.3687574850000601,0.0,0.0,0.0,annulus,4003,0.28453229503964805,0.0,0.08,0.013519919838063476,0.016288122798149004,0.01504929352319057,0.012867100702197605,1.0,0.1086895887006166,0.06624746171009321,0.1086895887006166,0.1086895887006166,160,False,-0.9439915714678053,-0.15104933407700494,4.763647981426181,1.5537414613267532e-07,16.481967213114753,2.5114093207753956,0.5718590251072034,10200.162384673562,NAMLS-reconstructed-v1,0.3248669270540889,134,159,305,146,439,wendland_c2,3.0,26,14,4,1e-10,2.0,0.0,namls,1.5537415265498566e-07,6.586968659405557e-08,5.560096782986079e-08,1.2164940712557602e-07,6.16699473710014e-08,6.000998098443233e-08,1.294411275942764e-07,0.012629141981208562,0.016437819636985894,0.015151519399293854,0.013613123286663822,0.001952328000243142,ok,0.37070981300030326,3,False,
0.05207068199979403,0.0,0.0,0.0,annulus,4004,1.0,0.0,0.2,0.12265694012434515,nan,0.1709772407876565,0.1709772407876565,1.0,0.7062338014016734,nan,0.7062338014016734,0.7062338014016734,76,False,-0.10235962633558923,0.4484668177563439,4.467592758036809,2.4433440477431314e-08,18.47826086956522,2.85780549174521,0.5153916288310718,2724.1327794738527,NAMLS-reconstructed-v1,0.34085228331482165,54,0,46,46,100,wendland_c2,3.0,26,14,4,1e-10,2.0,0.0,namls,2.4433434830939404e-08,7.346514507844404e-09,7.171459870392027e-09,1.860672182841966e-08,6.570326727128872e-09,7.336504292965174e-09,1.9164244413616416e-08,0.13274887199090857,nan,0.19572753363695597,0.19572753363695597,0.00048554100021647173,ok,0.052556223000010505,4,False,
0.08686043200032145,0.0,0.0,0.0,annulus,4004,0.9410808166231787,0.0,0.16,0.053177827318767,0.06892254258584717,0.0683846601048918,0.06835140182985858,1.0,0.16414666784032494,0.10512144480688046,0.16414666784032494,0.16414666784032494,102,False,0.42563432207400476,0.42033578496543605,4.723782269051251,3.9945007344019894e-08,17.273972602739725,2.743837447943314,0.5364898317177842,3234.7516621090595,NAMLS-reconstructed-v1,0.32926900855088526,68,3,73,70,141,wendland_c2,3.0,26,14,4,1e-10,2.0,0.0,namls,3.994500907822385e-08,1.3822484490333409e-08,1.239409264108815e-08,3.175081653649346e-08,1.3562747369633144e-08,1.352792722286722e-08,3.242952564472268e-08,0.049033560413589604,0.07002533202591638,0.06814618619701515,0.06806449202541591,0.0006439629996748408,ok,0.0875043949999963,4,False,
0.13748113200017542,0.0,0.0,0.0,annulus,4004,0.7193511980110008,0.0,0.12,0.03244278088737158,0.03515796022353502,0.03836044648994772,0.03987046567509214,1.0,0.21078301568218466,0.09197333820115461,0.21078301568218466,0.21078301568218466,123,False,0.3554384495267079,0.2161469135206439,4.757937523289485,7.09389043922276e-08,17.622222222222224,2.715407495124369,0.547130282539303,5176.634139500975,NAMLS-reconstructed-v1,0.32783072337413144,89,32,135,103,224,wendland_c2,3.0,26,14,4,1e-10,2.0,0.0,namls,7.093890008746939e-08,2.6959495968981173e-08,2.6027942467976573e-08,5.991875258459789e-08,2.574746549299789e-08,2.710878366229963e-08,6.208781755390191e-08,0.03225237616371105,0.0362174345108818,0.041545007462058386,0.04306619989687534,0.000760591000016575,ok,0.138241723000192,4,False,
0.2220579039999393,0.0,0.0,0.0,annulus,4004,0.4690292449923984,0.0,0.1,0.02018510281204473,0.024219437132137707,0.02319249173467558,0.022174059326797307,1.0,0.09705465949843461,0.08114613066697274,0.09705465949843461,0.09705465949843461,121,False,-0.576520968896997,0.7487646015822289,4.745831514887011,1.0348994518776326e-07,17.010362694300518,2.5498946690874775,0.5685799630858854,6665.618894743591,NAMLS-reconstructed-v1,0.32550586653253855,107,75,193,118,300,wendland_c2,3.0,26,14,4,1e-10,2.0,0.0,namls,1.0348992316583372e-07,4.2247279008478245e-08,3.451626806594277e-08,7.800134993463104e-08,3.707497898963741e-08,4.1981828013959444e-08,9.363018011257496e-08,0.019187529438252287,0.02463741048018167,0.02392219531999903,0.023456276697016696,0.0010888480001085554,ok,0.22314675200004785,4,False,
0.40622202400027163,0.0,0.0,0.0,annulus,4004,0.2957636950297549,0.0,0.08,0.012192119481834946,0.01461239075442424,0.013563576580759367,0.01176314608166716,1.0,0.04997691801267223,0.036099825433241195,0.04997691801267223,0.04997691801267223,171,False,-0.015167865619538635,-0.9558796162628133,4.487092183267424,1.668779722551543e-07,16.6,2.5087004980896714,0.5726017090675097,10231.015273773839,NAMLS-reconstructed-v1,0.33939843581278345,134,159,310,151,444,wendland_c2,3.0,26,14,4,1e-10,2.0,0.0,namls,1.6687791361616466e-07,7.122321177277513e-08,6.709040523134036e-08,1.4503295453494047e-07,7.101886712870473e-08,5.867358887634566e-08,1.3078579197411955e-07,0.011035209182349725,0.01463179584955521,0.013206605594758591,0.011516832253516419,0.002055811999980506,ok,0.40827783600025214,4,False,
0.04717516099981367,0.0,0.0,0.0,annulus,4005,1.0,0.0,0.2,0.10879034459574141,nan,0.14717887028551543,0.14717887028551543,1.0,0.6700049641808852,nan,0.6700049641808852,0.6700049641808852,78,False,-0.41444565565679964,-0.19958650802517025,4.405321850458172,2.8242676814470545e-08,18.79591836734694,2.9484776956748284,0.5098544504777316,3291.947721679594,NAMLS-reconstructed-v1,0.3465355675936265,54,0,49,49,103,wendland_c2,3.0,26,14,4,1e-10,2.0,0.0,namls,2.8242670424560856e-08,8.984970101266754e-09,9.211609253156894e-09,2.3249413061421365e-08,6.714234612736902e-09,7.665255097322188e-09,1.969704910287362e-08,0.12531597063634115,nan,0.18168831390892956,0.18168831390892956,0.0004401539999889792,ok,0.04761531499980265,5,False,
0.08697957800040967,0.0,0.0,0.0,annulus,4005,0.9201305017802758,0.0,0.16,0.05853789752044093,0.06458646382494408,0.07436059421703121,0.07543412678627408,1.0,0.2800664077187145,0.14234251381651974,0.2800664077187145,0.2800664077187145,135,False,0.4672995312400392,-0.5805727939082643,4.62746576173405,3.927657017990722e-08,17.36842105263158,2.74997890163032,0.5366791773867078,3400.7106059904218,NAMLS-reconstructed-v1,0.3358164085329048,68,5,76,71,144,wendland_c2,3.0,26,14,4,1e-10,2.0,0.0,namls,3.9276556673684127e-08,1.3501562090567631e-08,1.2600600118872762e-08,3.189788755353362e-08,1.212669796524235e-08,1.3240100571465518e-08,3.221565059163822e-08,0.051206010907353605,0.06684595168140381,0.07048478742536711,0.07073398822023612,0.00068156999986968,ok,0.08766114800027935,5,False,
0.15013677999968422,0.0,0.0,0.0,annulus,4005,0.6352311674123758,0.0,0.12,0.029620835107198182,0.03616116737744617,0.034770700349849894,0.034041323990936546,1.0,0.12637778163242985,0.08858525640009463,0.12637778163242985,0.12637778163242985,103,False,-0.8301722938823634,0.42798356238159696,4.530205892360292,7.10617245839444e-08,17.070422535211268,2.620327208770166,0.5631740909607953,5190.828196251083,NAMLS-reconstructed-v1,0.3379536981188174,89,36,142,106,231,wendland_c2,3.0,26,14,4,1e-10,2.0,0.0,namls,7.106172628112972e-08,2.7450292705566426e-08,2.692390177472248e-08,6.196188051532658e-08,2.5679892046159836e-08,2.713772007112425e-08,6.252715500920658e-08,0.027132614343823334,0.03652430226678649,0.03460616384700116,0.03393006211484932,0.0007376309999926889,ok,0.1508744109996769,5,False,
0.2969299169999431,0.0,0.0,0.0,annulus,4005,0.4282008141094766,0.0,0.1,0.022924759853400617,0.02772452350037066,0.0263525587630133,0.024802570980930902,1.0,0.17929020483948988,0.08319334528242517,0.17929020483948988,0.17929020483948988,113,False,0.5462969117561779,0.771093116646425,4.493215238692206,9.73409308383944e-08,16.989690721649485,2.5547682014003925,0.5649479094030025,6799.8431827002905,NAMLS-reconstructed-v1,0.3449039535764648,107,81,194,113,301,wendland_c2,3.0,26,14,4,1e-10,2.0,0.0,namls,9.734092909496894e-08,4.02337803073749e-08,4.039083623119666e-08,8.901259629379155e-08,3.8814562024550026e-08,3.3826018430715976e-08,7.844109184418357e-08,0.023124883647481564,0.027875853562488107,0.02880460599592185,0.029452333350740937,0.0010830000001078588,ok,0.29801291700005095,5,False,
0.3875459089999822,0.0,0.0,0.0,annulus,4005,0.2571702268601893,0.0,0.08,0.012894608766841082,0.015878887676562137,0.014392137359618154,0.011690585878104424,1.0,0.04581737234150851,0.04581737234150851,0.04581737234150851,0.03687794293053043,416,False,0.5290617217421704,-0.47700596664145395,4.802093827675002,1.550043916013822e-07,16.66887417218543,2.5104618656876916,0.5724156254007284,9835.613201681597,NAMLS-reconstructed-v1,0.3224259604346292,134,157,302,145,436,wendland_c2,3.0,26,14,4,1e-10,2.0,0.0,namls,1.5500444350280418e-07,6.61321952755145e-08,5.945031156251446e-08,1.307902992853105e-07,6.106779548709085e-08,5.697549276817426e-08,1.2724919051798622e-07,0.011552439278495261,0.015749901022121777,0.013880767106634787,0.011519918888928483,0.002125402999809012,ok,0.3896713119997912,5,False,
0.06012107000015021,0.0,0.0,0.0,annulus,4006,1.0,0.0,0.2,0.07035028423850172,nan,0.09606850405078377,0.09606850405078377,1.0,0.28027090967367474,nan,0.28027090967367474,0.28027090967367474,73,False,0.8464402995026802,-0.27502512499372317,4.477865230969819,2.5674538090368137e-08,17.571428571428573,2.8485188786011557,0.509458218068381,2957.0042091975683,NAMLS-reconstructed-v1,0.34104889140654293,54,0,49,49,103,wendland_c2,3.0,26,14,4,1e-10,2.0,0.0,namls,2.567454160384841e-08,7.69779928688763e-09,7.683016667314746e-09,1.9836378761795004e-08,7.082208344083574e-09,7.915801791824606e-09,2.036707225094858e-08,0.07344545058302372,nan,0.10648427341663526,0.10648427341663526,0.0005308019999574753,ok,0.06065187200010769,6,False,
0.09866712200027905,0.0,0.0,0.0,annulus,4006,0.9851917330101402,0.0,0.16,0.04944524879955887,0.03541632354267801,0.0625457429846518,0.06356614349728586,1.0,0.16219313571985616,0.046324614641186534,0.16219313571985616,0.16219313571985616,72,False,0.48867403702092704,0.7700270680577855,4.608693310371244,4.4182018701839335e-08,17.157894736842106,2.7350423610195183,0.5339925778443627,3374.015196196605,NAMLS-reconstructed-v1,0.3310970068002362,68,2,76,74,144,wendland_c2,3.0,26,14,4,1e-10,2.0,0.0,namls,4.4182010605631206e-08,1.5454251656166207e-08,1.2568391438705362e-08,3.114697253586707e-08,1.4094465893010888e-08,1.3150984301546487e-08,3.421294092476046e-08,0.04448580877157618,0.03734367557196001,0.06123446679693975,0.06175201649036769,0.00047046499958014465,ok,0.0991375869998592,6,False,
0.1485916560000078,0.0,0.0,0.0,annulus,4006,0.7354432308793754,0.0,0.12,0.032272041989651765,0.033976025167999975,0.03799395145293917,0.03983091297500441,1.0,0.3138486295999041,0.0807438909010505,0.3138486295999041,0.3138486295999041,94,False,0.5417731360683339,0.7608139113243116,4.5105021283373015,7.065554048958756e-08,17.014388489208635,2.6142887820813137,0.5562239257403957,5007.221531902245,NAMLS-reconstructed-v1,0.33789165184594827,89,34,139,105,228,wendland_c2,3.0,26,14,4,1e-10,2.0,0.0,namls,7.06555418616972e-08,2.7431894089602338e-08,2.1695416352329744e-08,5.135418301716044e-08,2.586377645386051e-08,2.7557994108917683e-08,6.282885145481032e-08,0.03317757001158534,0.03427062801055449,0.04249174804587572,0.044831863724163465,0.001206665999688994,ok,0.14979832199969678,6,False,
0.23221810399991227,0.0,0.0,0.0,annulus,4006,0.3646076111059694,0.0,0.1,0.02054829712147584,0.02677492206119116,0.023547144759449953,0.019937741123594213,1.0,0.09980519827022755,0.06797194228644132,0.09980519827022755,0.09980519827022755,145,False,0.9182274782533543,-0.22334548133108048,4.803503948521624,1.0007948129727125e-07,16.899497487437184,2.558969386943276,0.5683969808387127,6690.852767349521,NAMLS-reconstructed-v1,0.3264827615189183,107,79,199,120,306,wendland_c2,3.0,26,14,4,1e-10,2.0,0.0,namls,1.0007947267957895e-07,4.1223697344605625e-08,3.885324151298164e-08,8.757990244134817e-08,3.745034371505085e-08,4.011440313256287e-08,8.973896115094249e-08,0.0187636465618811,0.026122527907512686,0.023267590879686852,0.02117904735139766,0.0016896680003810616,ok,0.23390777200029333,6,False,
0.36594257200022184,0.0,0.0,0.0,annulus,4006,0.26780744054297695,0.0,0.08,0.013415821162518408,0.01630618649264301,0.014947466614102758,0.012470757834728485,1.0,0.05280866247763549,0.044629249448519426,0.05280866247763549,0.05280866247763549,232,False,-0.4307970489475857,-0.20457571560876409,4.882490826805603,1.5772811756435198e-07,16.596091205211728,2.4986131937195264,0.5725969392479489,9869.14615220509,NAMLS-reconstructed-v1,0.3168311021897573,134,160,307,147,441,wendland_c2,3.0,26,14,4,1e-10,2.0,0.0,namls,1.5772815586956312e-07,6.765227933414053e-08,6.669520136171059e-08,1.4541824455704955e-07,6.119370610235819e-08,5.829984672800492e-08,1.289091215994631e-07,0.011778624458552794,0.016294699422687364,0.014117073708015737,0.01127872499961527,0.001742078000006586,ok,0.36768465000022843,6,False,
0.0614206500004002,0.0,0.0,0.0,annulus,4007,1.0,0.0,0.2,0.14117206656456324,nan,0.19415313712339388,0.19415313712339388,1.0,0.8104061914398144,nan,0.8104061914398144,0.8104061914398144,71,False,0.5231288745402516,-0.720025124993739,4.319988031296534,2.589998786222585e-08,18.27659574468085,2.861796636828693,0.5040582229923158,2740.912754338341,NAMLS-reconstructed-v1,0.3591078617626388,54,0,47,47,101,wendland_c2,3.0,26,14,4,1e-10,2.0,0.0,namls,2.5899976330290286e-08,8.138210549901714e-09,7.90423637653248e-09,2.0174439008258105e-08,6.947637187781908e-09,8.264034345728533e-09,2.09496828773581e-08,0.15654414301913167,nan,0.22948197630394052,0.22948197630394052,0.00045242999976835563,ok,0.06187308000016856,7,False,
0.09298118000015165,0.0,0.0,0.0,annulus,4007,0.980492469506669,0.0,0.16,0.05082918986314275,0.047835269489189355,0.06463809030087392,0.0651757964300977,1.0,0.24288382432246122,0.06765581124092179,0.24288382432246122,0.24288382432246122,95,False,0.07605789660867143,0.43134577779226924,4.488686895315632,4.115919150336011e-08,17.467532467532468,2.7498152739826818,0.5353227050796325,3408.3727887059213,NAMLS-reconstructed-v1,0.3373844261773258,68,2,77,75,145,wendland_c2,3.0,26,14,4,1e-10,2.0,0.0,namls,4.11591908372263e-08,1.479419964312001e-08,1.496160306757588e-08,3.549165202919057e-08,1.151519746223073e-08,1.1982550507383394e-08,2.972484747232329e-08,0.04834633574246263,0.048292314873660515,0.0663440839962118,0.06675867890725118,0.0004550779999590304,ok,0.09343625800011068,7,False,
0.16176708000011786,0.0,0.0,0.0,annulus,4007,0.6411739100409934,0.0,0.12,0.03645695552559533,0.044114771854897504,0.042835371990332965,0.04216622871677541,1.0,0.2494792981657704,0.10917333791873562,0.2494792981657704,0.2494792981657704,90,False,0.9171213305540633,0.17676064130567,4.5307385255582195,7.009882995005784e-08,17.302158273381295,2.702857042005887,0.552531742118215,5366.003534469602,NAMLS-reconstructed-v1,0.3405996608439807,89,33,139,106,228,wendland_c2,3.0,26,14,4,1e-10,2.0,0.0,namls,7.009884051001336e-08,2.6454151758059652e-08,2.389251751999666e-08,5.4891275080848345e-08,2.3472877863639496e-08,2.4549920762950705e-08,5.789934931499374e-08,0.03428697344952782,0.04482201990354784,0.04391260229619663,0.043625612237386716,0.0007033829997453722,ok,0.16247046299986323,7,False,
0.23253937399977076,0.0,0.0,0.0,annulus,4007,0.3670590381256178,0.0,0.1,0.025521120431858994,0.03296955190271096,0.029435538404427093,0.02533542840095173,1.0,0.16313041210139134,0.10553884444947492,0.16313041210139134,0.16313041210139134,133,False,-0.5152090361632298,-0.7922023504507563,4.687378732093506,9.562717316872755e-08,17.23404255319149,2.5345212081612343,0.5667818068587751,6363.8631732825825,NAMLS-reconstructed-v1,0.3267149367784562,107,76,188,112,295,wendland_c2,3.0,26,14,4,1e-10,2.0,0.0,namls,9.562719327504965e-08,3.8091833687303733e-08,3.541351256686198e-08,7.938603463486515e-08,3.57104889270321e-08,3.692387018361387e-08,8.277305774129218e-08,0.02403084027339312,0.033671462694067865,0.030102394303971436,0.027417189676949543,0.0010225119999631715,ok,0.23356188599973393,7,False,
0.44155741600025067,0.0,0.0,0.0,annulus,4007,0.22318534999956746,0.0,0.08,0.012348644936043252,0.015403923266634372,0.013729876710510822,0.010482936181591523,1.0,0.05159237301964337,0.05048332755767482,0.05159237301964337,0.05159237301964337,163,False,-0.8202321145299254,-0.49107556549444104,4.509215093016743,1.506996512976719e-07,16.6,2.51331961349959,0.5711592287944043,10016.851759507555,NAMLS-reconstructed-v1,0.3398812732600333,134,163,310,147,444,wendland_c2,3.0,26,14,4,1e-10,2.0,0.0,namls,1.5069964732702945e-07,6.32580139381389e-08,5.80081147560918e-08,1.2762497762482013e-07,5.6619197965050814e-08,5.8611463904512107e-08,1.310375263852137e-07,0.01120778570202714,0.015753702319735014,0.0134131399696521,0.010208580190429127,0.0024250050000773626,ok,0.44398242100032803,7,False,
0.049398187000406324,0.0,0.0,0.0,annulus,4008,1.0,0.0,0.2,0.09445030262273604,nan,0.1280722665605967,0.1280722665605967,1.0,0.5514566283877358,nan,0.5514566283877358,0.5514566283877358,57,False,0.5231288745403727,0.7200251249936511,4.547771862280475,2.6687823190058246e-08,18.04,2.8358838406158924,0.5210821014940881,2835.2586023716913,NAMLS-reconstructed-v1,0.3373509806288155,54,0,50,50,104,wendland_c2,3.0,26,14,4,1e-10,2.0,0.0,namls,2.6687811072179102e-08,7.654100908638384e-09,7.124340450914701e-09,1.9805745488099546e-08,7.49168897751229e-09,7.141768065821452e-09,1.861943986837298e-08,0.10985021316914947,nan,0.15842823048080718,0.15842823048080718,0.0003741729997273069,ok,0.04977236000013363,8,False,
0.07244544100012718,0.0,0.0,0.0,annulus,4008,0.9837325900829862,0.0,0.16,0.06285428161578356,0.06061140515906227,0.07987904065648121,0.08037017667779173,1.0,0.4710644639363879,0.06061140515906227,0.4710644639363879,0.4710644639363879,97,False,-0.4115853429945482,0.14980481328427306,4.818294985070357,4.0382009173174665e-08,17.602739726027398,2.791215817920699,0.5226829299706538,3285.4411352384614,NAMLS-reconstructed-v1,0.319367247329754,68,1,73,72,141,wendland_c2,3.0,26,14,4,1e-10,2.0,0.0,namls,4.0382001742500506e-08,1.3538303367255367e-08,1.2123331227797962e-08,3.177653518093848e-08,1.2178315245137128e-08,1.3539705134846258e-08,3.253320679519334e-08,0.06467911294559349,0.06061140515906227,0.08989016576953723,0.09022994671148316,0.00048941199975161,ok,0.07293485299987879,8,False,
0.18678332699983002,0.0,0.0,0.0,annulus,4008,0.5975372603975128,0.0,0.12,0.025494990169178278,0.03171655091355288,0.030015683688898228,0.029013154868462742,1.0,0.09085066007117448,0.09085066007117448,0.09085066007117448,0.09079618350865815,223,False,0.5167891271602248,-0.4736821836046915,4.6503984539352325,6.562466700239941e-08,17.057142857142857,2.5874610232850586,0.5597695337184017,5085.319728888682,NAMLS-reconstructed-v1,0.32651847675978685,89,38,140,102,229,wendland_c2,3.0,26,14,4,1e-10,2.0,0.0,namls,6.562467158577334e-08,2.5284188520657835e-08,2.5446485585334244e-08,5.8225804733247344e-08,2.3066168974850143e-08,2.402653920263731e-08,5.426889626569675e-08,0.023022179513176845,0.03250525766590375,0.029444227137803525,0.028219077151490513,0.001054815999850689,ok,0.1878381429996807,8,False,
0.22525771400023586,0.0,0.0,0.0,annulus,4008,0.38887220893098134,0.0,0.1,0.019459522436297016,0.025459641929166058,0.022325282637157592,0.01912179162240864,1.0,0.07194585971002115,0.07194585971002115,0.07194585971002115,0.0657376206782937,212,False,-0.5741477583431127,0.10709511035660496,4.583461216514516,1.0441217590602619e-07,17.03045685279188,2.532770762912852,0.5669239975672836,6893.858990754633,NAMLS-reconstructed-v1,0.33977502956990124,107,76,197,121,304,wendland_c2,3.0,26,14,4,1e-10,2.0,0.0,namls,1.0441218291357135e-07,4.2674969780165384e-08,3.697798600654778e-08,8.338870927104836e-08,3.658739397560673e-08,3.974738116419019e-08,8.981780172380187e-08,0.01714996947343191,0.02582049295415785,0.021304288276132365,0.01789406028410151,0.0016373059997931705,ok,0.22689502000002904,8,False,
0.3762164910003776,0.0,0.0,0.0,annulus,4008,0.3041386095543471,0.0,0.08,0.01240891222491266,0.014664532664963929,0.013808621095762573,0.012305183988316808,1.0,0.05008767452073526,0.03983620883453709,0.05008767452073526,0.05008767452073526,437,False,-0.45044087261843346,-0.22170181603084893,4.570756755660582,1.518093654696244e-07,16.612903225806452,2.5245590459593856,0.5704539028141491,10470.207015559132,NAMLS-reconstructed-v1,0.33490585260598404,134,162,310,148,444,wendland_c2,3.0,26,14,4,1e-10,2.0,0.0,namls,1.5180941836945294e-07,6.506482463919383e-08,6.165622656872927e-08,1.357197295435228e-07,5.638088160039371e-08,6.441213251662248e-08,1.4019832317302416e-07,0.01106024896345604,0.01468133862120545,0.013236572449739385,0.011447992732775022,0.0017291219996877771,ok,0.37794561300006535,8,False,
0.05475267800011352,0.0,0.0,0.0,annulus,4009,1.0,0.0,0.2,0.10522157340148745,nan,0.14569785709098532,0.14569785709098532,1.0,0.4224028252378306,nan,0.4224028252378306,0.4224028252378306,58,False,0.2750251249938278,0.8464402995026461,4.505256789875118,2.6308173807390212e-08,18.872340425531913,2.8619036089128524,0.505913892536,2420.4186130790886,NAMLS-reconstructed-v1,0.3398872764713322,54,0,47,47,101,wendland_c2,3.0,26,14,4,1e-10,2.0,0.0,namls,2.630817119708695e-08,8.497664794049342e-09,8.216515023917736e-09,2.0775940412498528e-08,6.934235852185111e-09,8.711931398508455e-09,2.1785891091141707e-08,0.11261176946075868,nan,0.16508041062756576,0.16508041062756576,0.0003338759997859597,ok,0.05508655399989948,9,False,
0.07494004799991671,0.0,0.0,0.0,annulus,4009,0.9969158836615641,0.0,0.16,0.06149199916698019,0.0329221448128687,0.07813234180344404,0.0786982788319881,1.0,0.4565544671589504,0.0329221448128687,0.4565544671589504,0.4565544671589504,69,False,0.8833478429493176,0.226805177094324,5.073432753223177,4.065815153903967e-08,17.526315789473685,2.789200670744708,0.5360070672151667,3614.9612485424623,NAMLS-reconstructed-v1,0.3083193663267481,68,1,76,75,144,wendland_c2,3.0,26,14,4,1e-10,2.0,0.0,namls,4.0658165278983915e-08,1.429213858372691e-08,1.2155998652119138e-08,2.8903698989779514e-08,1.2649184921720291e-08,1.4368298550948566e-08,3.330135633916598e-08,0.06258899819952447,0.0329221448128687,0.08615340572500307,0.08664250231460399,0.0004980149997209082,ok,0.07543806299963762,9,False,
0.16355941300025734,0.0,0.0,0.0,annulus,4009,0.5550886041133162,0.0,0.12,0.03028252160452678,0.03874079583074792,0.03568248814766665,0.0336934368366898,1.0,0.12139626855069707,0.12139626855069707,0.12139626855069707,0.09308708577920766,200,False,0.3974341939072116,-0.5767458047404096,4.5771403424260395,7.116483286457357e-08,17.087591240875913,2.6696383206375294,0.550437355424178,5445.515139634776,NAMLS-reconstructed-v1,0.337894733464672,89,38,137,99,226,wendland_c2,3.0,26,14,4,1e-10,2.0,0.0,namls,7.116485534197636e-08,2.760222450604033e-08,2.5017414806427496e-08,5.744846357897371e-08,2.4869078130151934e-08,2.5591036845185045e-08,6.088751902666445e-08,0.025518568545400105,0.03831976713079386,0.032775569388454155,0.030379955174591026,0.0007427929999721528,ok,0.1643022060002295,9,False,
0.21746359500002654,0.0,0.0,0.0,annulus,4009,0.43903981132368564,0.0,0.1,0.02182447319344824,0.02726465105633428,0.025079084725030818,0.022926151059894317,1.0,0.07836080343475282,0.07783318766416092,0.07836080343475282,0.07836080343475282,130,False,-0.821507611424556,-0.4670654577421069,4.502180766869062,1.0101413368681766e-07,16.93717277486911,2.57397428280531,0.5640714055365524,6571.93610726001,NAMLS-reconstructed-v1,0.3397378491385749,107,74,191,117,298,wendland_c2,3.0,26,14,4,1e-10,2.0,0.0,namls,1.0101412924592556e-07,4.1008257678498694e-08,3.73663979758021e-08,8.729793956022277e-08,3.7984359879672525e-08,3.744401477767667e-08,8.530250480942502e-08,0.019083222406101406,0.027101545523750915,0.023836536967087707,0.02151722337399689,0.0011014990000148828,ok,0.21856509400004143,9,False,
0.2908116470002824,0.0,0.0,0.0,annulus,4009,0.26466463938296453,0.0,0.08,0.013288176534122497,0.016249151806476164,0.014802938192095327,0.012198665279895025,1.0,0.06488817020694504,0.03948385758204842,0.06488817020694504,0.06488817020694504,142,False,0.5040275378313847,0.8123374928927579,4.840498386679661,1.5889496030275682e-07,16.60655737704918,2.505535814291977,0.5717518779375532,9710.914648983857,NAMLS-reconstructed-v1,0.31911553002026954,134,158,305,147,439,wendland_c2,3.0,26,14,4,1e-10,2.0,0.0,namls,1.5889496718379803e-07,6.789604700685459e-08,5.784956513821271e-08,1.2924720921292376e-07,5.82039664936973e-08,6.577256428386136e-08,1.4416202631650776e-07,0.011894799373584576,0.016167604096070074,0.014270508933048532,0.011898842332004353,0.0015875619997132162,ok,0.2923992089999956,9,False,
0.07370203599975866,0.0,0.0,0.0,circle,1000,0.2688923890230716,0.0,0.2,0.13428260037663853,0.1936246396339975,0.16048562423098572,0.11795762117791238,1.0,0.3522198377896266,0.3522198377896266,0.3522198377896266,0.33218987995896043,71,False,-0.024456743494682853,-0.5896135730458179,4.541088394526897,2.577895103576944e-08,16.614035087719298,2.549840582888908,0.5649126418350838,1835.953256152146,NAMLS-reconstructed-v1,0.34443737677294906,40,22,57,35,97,wendland_c2,3.0,26,14,4,1e-10,2.0,0.0,namls,2.5778954082511518e-08,7.871647778046054e-09,8.096595838225085e-09,2.094920859008198e-08,6.82295542286937e-09,7.886983288685201e-09,2.025510159597843e-08,0.1114276354891327,0.18503048741549252,0.14535880839928397,0.1135360550922772,0.0005647560001307284,ok,0.07426679199988939,0,False,
0.10200476199997865,0.0,0.0,0.0,circle,1000,0.552765031651533,0.0,0.16,0.08072843669501954,0.0780783816963236,0.0930471697050551,0.11453017120185752,1.0,0.6480044197607021,0.25964224584560325,0.6480044197607021,0.6480044197607021,58,False,-0.38831071390710015,0.8252022718491254,4.617711880283809,3.9628691330075314e-08,16.516483516483518,2.5221780842926695,0.5696402493122339,2806.774505213607,NAMLS-reconstructed-v1,0.3297303225753158,50,47,91,44,141,wendland_c2,3.0,26,14,4,1e-10,2.0,0.0,namls,3.962868255769081e-08,1.4267946379931118e-08,1.264857574234668e-08,3.047359597996291e-08,1.2111574410056392e-08,1.2521756520555982e-08,3.131242487519614e-08,0.08628266301077074,0.07863033233222914,0.10740200793181333,0.13134913038804877,0.0007263279999278893,ok,0.10273108999990654,0,False,
0.1649142800001755,0.0,0.0,0.0,circle,1000,0.22183652623296463,0.0,0.12,0.031375236336492654,0.03612945911751202,0.03483905745619644,0.031209768841767047,1.0,0.11254598400797922,0.09927821817418855,0.11254598400797922,0.11254598400797922,95,False,0.6759675410945166,-0.6445337552871596,4.505285142789157,6.456006554327973e-08,16.139240506329113,2.4803555345116575,0.5764138135797697,4212.490846161762,NAMLS-reconstructed-v1,0.34290323853321136,66,99,158,59,224,wendland_c2,3.0,26,14,4,1e-10,2.0,0.0,namls,6.456008175628747e-08,2.524635345224624e-08,2.4370744311497106e-08,5.6483940191753845e-08,2.471794524616655e-08,2.3824016537332682e-08,5.488340448778217e-08,0.029693888661872194,0.03609102296974164,0.035355952477683014,0.03408693307577286,0.0013697199997295684,ok,0.16628399999990506,0,False,
0.25979800699997213,0.0,0.0,0.0,circle,1000,0.23432770193385358,0.0,0.1,0.02160207987714667,0.02415225941285228,0.023571955082814688,0.02193208902638947,1.0,0.11289339435016443,0.06649111673356922,0.11289339435016443,0.11289339435016443,116,False,0.8712576690821211,-0.3659712356965786,4.625724208844942,1.0325030824262305e-07,16.315555555555555,2.4698444704360036,0.580622445060761,5923.451125021729,NAMLS-reconstructed-v1,0.3310361706622636,79,146,225,79,304,wendland_c2,3.0,26,14,4,1e-10,2.0,0.0,namls,1.0325033000802009e-07,4.088941540913993e-08,3.9147293184882415e-08,8.796392503285233e-08,3.8923659850809145e-08,3.77961157926876e-08,8.886673258379219e-08,0.02087432576655639,0.02418967124365165,0.02426375374159107,0.024400073748446594,0.0015705450000496057,ok,0.26136855200002174,0,False,
0.4785618030000478,0.0,0.0,0.0,circle,1000,0.09440308083029748,0.0,0.08,0.015295813598404337,0.01736566607714844,0.016358743060951357,0.011342186453932309,1.0,0.06293318569903839,0.04882543807460937,0.06293318569903839,0.06293318569903839,104,False,0.7698383465710045,0.5668199681965604,4.297073431705538,1.577374353142442e-07,16.19088319088319,2.470083184215133,0.5765628840070817,9261.728126774524,NAMLS-reconstructed-v1,0.35062948145666106,99,253,351,98,450,wendland_c2,3.0,26,14,4,1e-10,2.0,0.0,namls,1.5773751194103625e-07,6.818635966965303e-08,6.579654865390694e-08,1.443814738877336e-07,6.577983624467265e-08,6.21128573019547e-08,1.3706587430502293e-07,0.014037401030634566,0.017244773388754683,0.015894226806065198,0.011708266540522162,0.0022335200001180056,ok,0.4807953230001658,0,False,
0.05350987400015583,0.0,0.0,0.0,circle,1001,0.39834678688032626,0.0,0.2,0.11512593572783894,0.15563935238881024,0.13806266606874476,0.12008277700784879,1.0,0.4753592703262626,0.3065548923590869,0.4753592703262626,0.4753592703262626,53,False,-0.5231288745404166,-0.7200251249936193,4.819007943117159,2.6668105667345642e-08,16.964285714285715,2.528421580839925,0.5653793456632871,1685.0159359748081,NAMLS-reconstructed-v1,0.3219551189880831,40,21,56,35,96,wendland_c2,3.0,26,14,4,1e-10,2.0,0.0,namls,2.6668111466733938e-08,7.68503483072891e-09,6.7607128784175075e-09,1.7874996594002823e-08,7.350507480850396e-09,7.2649795068713274e-09,1.986417252908268e-08,0.10548129928818943,0.15708038038061123,0.1381074395401199,0.12535276714063429,0.0006611379999412748,ok,0.05417101200009711,1,False,
0.08109718100013197,0.0,0.0,0.0,circle,1001,0.4350911003107263,0.0,0.16,0.07472031210562341,0.08627060170149273,0.08596822239070691,0.0855803253132235,1.0,0.39473551007468083,0.23908831301746325,0.39473551007468083,0.39473551007468083,54,False,0.48867403702092704,0.7700270680577855,4.656371706957012,4.145831381673508e-08,16.8876404494382,2.560405545196206,0.5624124547164561,2830.6840942465174,NAMLS-reconstructed-v1,0.33469467890774135,50,41,89,48,139,wendland_c2,3.0,26,14,4,1e-10,2.0,0.0,namls,4.1458341260014464e-08,1.499924895398408e-08,1.2477791244691616e-08,3.1053853988272095e-08,1.210072464452594e-08,1.4673336767856426e-08,3.498937502171987e-08,0.07416669595946639,0.08374399011989957,0.09268753426642026,0.09969347193369477,0.0005690569996659178,ok,0.08166623799979789,1,False,
0.18841558000031,0.0,0.0,0.0,circle,1001,0.28574166950599006,0.0,0.12,0.03277877030964158,0.0364012619363843,0.03642610723032565,0.036488435338310726,1.0,0.12244814340830196,0.1032827804965184,0.12244814340830196,0.12244814340830196,94,False,0.541773136068204,-0.7608139113244041,4.770178720620455,6.816621139219256e-08,16.4025974025974,2.479429877663871,0.5755756103218723,4295.324622314469,NAMLS-reconstructed-v1,0.3268100009482392,66,94,154,60,220,wendland_c2,3.0,26,14,4,1e-10,2.0,0.0,namls,6.816621184800955e-08,2.6956346488304916e-08,2.273220545134791e-08,5.2258082061541374e-08,2.4552940118320883e-08,2.7082813547352202e-08,6.112538455852156e-08,0.030512185193511267,0.03605312406009564,0.03646903667659395,0.0371112626750019,0.001411446000020078,ok,0.18982702600033008,1,False,
0.25975838100021065,0.0,0.0,0.0,circle,1001,0.3084082460100202,0.0,0.1,0.023708554777393653,0.02495504873150348,0.025827947599518012,0.028174241016468746,1.0,0.15757917286539813,0.07729889961793934,0.15757917286539813,0.15757917286539813,112,False,0.4833064860083501,-0.8120589239676937,5.0763636624062025,9.81119312544837e-08,16.388646288209607,2.4826290990772195,0.5766081067044798,6240.670175322172,NAMLS-reconstructed-v1,0.3153285103919112,79,150,229,79,308,wendland_c2,3.0,26,14,4,1e-10,2.0,0.0,namls,9.811191394054229e-08,3.955102245711828e-08,3.764887690493879e-08,8.524252548269828e-08,3.8937346236167514e-08,3.9010856323073995e-08,8.794437936747316e-08,0.024520223200164566,0.02507072235077799,0.0284368859501479,0.03392119807405898,0.0014219169997886638,ok,0.2611802979999993,1,False,
0.3979542880001645,0.0,0.0,0.0,circle,1001,0.10031338591482994,0.0,0.08,0.017370922087799386,0.019687152532095322,0.01857705993423909,0.013192414666093848,1.0,0.07827845209487716,0.07827845209487716,0.07827845209487716,0.047384866632302014,412,False,0.512657080278452,-0.48759776916259734,4.564283621504797,1.5847246487625466e-07,16.1887323943662,2.4668490785863537,0.5798121170038547,9356.2254962968,NAMLS-reconstructed-v1,0.33972109059295813,99,256,355,99,454,wendland_c2,3.0,26,14,4,1e-10,2.0,0.0,namls,1.5847246004341287e-07,6.716925105010318e-08,6.039334610186131e-08,1.3014703062474986e-07,5.79209597749204e-08,6.697617260797983e-08,1.4612249810141975e-07,0.01617249076764163,0.01985175562806866,0.01828902955740053,0.013429896611113162,0.0021817239999109006,ok,0.4001360120000754,1,False,
0.05187100900002406,0.0,0.0,0.0,circle,1002,0.2498734069976309,0.0,0.2,0.16360231047657078,0.2452680507125218,0.19665279639721406,0.13661269739252366,1.0,0.7841171059207279,0.7841171059207279,0.7841171059207279,0.434156084177024,74,False,-0.5291302241612935,0.13913840860320947,4.716182533615774,2.6171139086341838e-08,16.964285714285715,2.5000529686427155,0.5731674315693691,1645.1661643273233,NAMLS-reconstructed-v1,0.3281963584817827,40,21,56,35,96,wendland_c2,3.0,26,14,4,1e-10,2.0,0.0,namls,2.6171137257335886e-08,8.181324950840008e-09,7.440137395064994e-09,1.8890108144375972e-08,6.815657711931218e-09,8.403271412049662e-09,2.1424988894125363e-08,0.14112202708266933,0.24529197242886838,0.18477210609484007,0.13610392669695354,0.0004817269996237883,ok,0.05235273599964785,2,False,
0.09145156099975793,0.0,0.0,0.0,circle,1002,0.3466056206005529,0.0,0.16,0.07278138007759466,0.08919000790780099,0.08370137331045882,0.07562864903645149,1.0,0.2689731591542963,0.19664547569410934,0.2689731591542963,0.2689731591542963,62,False,-0.9048086075987769,0.1143039090108568,4.48409818512365,4.046903536685051e-08,16.933333333333334,2.544617450680609,0.5630285557855984,2811.7091837704993,NAMLS-reconstructed-v1,0.3480921295969223,50,42,90,48,140,wendland_c2,3.0,26,14,4,1e-10,2.0,0.0,namls,4.046903936960611e-08,1.3978710633466562e-08,1.2448653885499539e-08,3.215714948490156e-08,1.2681409367054641e-08,1.2933402349091239e-08,3.099123313532459e-08,0.06876899155220503,0.08767158588381008,0.08577000174076758,0.08407084005430562,0.0005449079999380047,ok,0.09199646899969594,2,False,
0.17102986800000508,0.0,0.0,0.0,circle,1002,0.18781783559512122,0.0,0.12,0.04359699516950783,0.052953292674079146,0.04839488157032995,0.036981906369720374,1.0,0.20365655012922645,0.1441825071365901,0.20365655012922645,0.20365655012922645,69,False,0.7857307505642039,0.5049584867516164,4.471142962800102,7.559613079800499e-08,16.528662420382165,2.4905349601032065,0.5736445650227469,4522.348250502325,NAMLS-reconstructed-v1,0.34117925297473795,66,90,157,67,223,wendland_c2,3.0,26,14,4,1e-10,2.0,0.0,namls,7.55961247489445e-08,2.9737722506695263e-08,2.9234735077210416e-08,6.610052893929463e-08,2.5721717200610783e-08,2.6982646561535262e-08,6.421753391550045e-08,0.040165996754675734,0.0535985361972103,0.04786974942361736,0.03886740748482329,0.001449592999961169,ok,0.17247946099996625,2,False,
0.26631082999983846,0.0,0.0,0.0,circle,1002,0.2205817656012925,0.0,0.1,0.02247535442133421,0.02487379888584592,0.024477854363521654,0.02321665519264279,1.0,0.11240719288001397,0.07454574162832328,0.11240719288001397,0.11240719288001397,98,False,-0.9382829818577008,0.11247218724529282,4.7960365195139,9.973645428481564e-08,16.26605504587156,2.4768930712887878,0.5791752769250974,5880.2039415072995,NAMLS-reconstructed-v1,0.3247468080252692,79,144,218,74,297,wendland_c2,3.0,26,14,4,1e-10,2.0,0.0,namls,9.97364571713955e-08,4.05207818410247e-08,3.589759112188062e-08,8.500164797284128e-08,3.6247293152739725e-08,3.8619031528241976e-08,8.735511167722032e-08,0.02160255147890727,0.02487943006650905,0.025214770902987814,0.025854862213516357,0.0014365659999384661,ok,0.2677473959997769,2,False,
0.38026252000008753,0.0,0.0,0.0,circle,1002,0.11094815879221298,0.0,0.08,0.014419981488315546,0.016403656079390917,0.015428172869362496,0.011120683524122035,1.0,0.04688504343467559,0.040551629037757664,0.04688504343467559,0.04688504343467559,117,False,-0.626046846652398,0.7224965723519539,4.696328410571773,1.6670402716878447e-07,16.228169014084507,2.474225795919454,0.5793735778353531,9345.928929042393,NAMLS-reconstructed-v1,0.33135537456331243,99,253,355,102,454,wendland_c2,3.0,26,14,4,1e-10,2.0,0.0,namls,1.6670412291731884e-07,7.11510024231643e-08,6.161539545246342e-08,1.3364121809189555e-07,6.933609515355488e-08,6.26413245718993e-08,1.3844260328410574e-07,0.01349927061247778,0.01644212948035814,0.015265957655016014,0.011855181328374527,0.003231475000120554,ok,0.3834939950002081,2,False,
0.05252773400025035,0.0,0.0,0.0,circle,1003,0.51307725972721,0.0,0.2,0.10614059966941926,0.12951247959883921,0.12705602764841406,0.12484953850929711,1.0,0.46016036403680044,0.28236155347909575,0.46016036403680044,0.46016036403680044,43,False,0.5231288745403727,0.7200251249936511,4.751710697306604,2.6746562673488093e-08,17.140350877192983,2.5529188019306956,0.5673581866750705,1804.741789215013,NAMLS-reconstructed-v1,0.330684409079157,40,20,57,37,97,wendland_c2,3.0,26,14,4,1e-10,2.0,0.0,namls,2.6746561299084703e-08,7.784744848748915e-09,7.825050829524116e-09,2.0298329239665236e-08,7.163327181425316e-09,7.997679851712292e-09,2.0463998273712036e-08,0.10737491914064178,0.12979000228360504,0.14007198689749958,0.14532724604659072,0.0004481389996726648,ok,0.05297587299992301,3,False,
0.1260143810000045,0.0,0.0,0.0,circle,1003,0.2130742372852471,0.0,0.16,0.08659405811280284,0.11509071947497279,0.10013420929464407,0.0726924111349723,1.0,0.454844119329291,0.454844119329291,0.454844119329291,0.22825351163746,135,False,-0.017442642913079644,0.07342757122115304,4.550940219008049,4.32208386881346e-08,16.471264367816094,2.491160963509368,0.5728214319979471,2481.5018574131745,NAMLS-reconstructed-v1,0.3400481749854468,50,42,87,45,137,wendland_c2,3.0,26,14,4,1e-10,2.0,0.0,namls,4.3220829140216585e-08,1.4358368272127109e-08,1.238459823582616e-08,3.1577578329944345e-08,1.4577695223631331e-08,1.285289785712962e-08,3.0938669737246016e-08,0.076236466500021,0.11595433075829938,0.09566727775911252,0.0717304758471437,0.0005791469998257526,ok,0.12659352799983026,3,False,
0.15732970399994883,0.0,0.0,0.0,circle,1003,0.2851160518466901,0.0,0.12,0.037510050953472686,0.04273171487753851,0.04166633751435109,0.03931020103128534,1.0,0.15963674853489584,0.10093738820159848,0.15963674853489584,0.15963674853489584,88,False,-0.4669999703557758,-0.8088676651078409,4.799738134292353,7.22321853960448e-08,16.564102564102566,2.5269537989735946,0.568884116684484,4398.231296443873,NAMLS-reconstructed-v1,0.32762903380915925,66,90,156,66,222,wendland_c2,3.0,26,14,4,1e-10,2.0,0.0,namls,7.223223708052728e-08,2.7466196428349576e-08,2.4466587200677736e-08,5.7185914004165284e-08,2.588873051351248e-08,2.504134566372329e-08,6.033033628227713e-08,0.03560669652626277,0.04253349562121221,0.04247622094410128,0.04239799442254919,0.0009639419999984966,ok,0.15829364599994733,3,False,
0.22696017199996277,0.0,0.0,0.0,circle,1003,0.13816741547768824,0.0,0.1,0.02345167248488308,0.027330271344671035,0.025593267201542844,0.01924970806510015,1.0,0.0673979531582414,0.06598174752286279,0.0673979531582414,0.0673979531582414,80,False,0.9330696227982375,0.1496861178067268,4.408997978766626,9.942252383036807e-08,16.24229074889868,2.4812768415103865,0.5760327072828566,6365.033670230607,NAMLS-reconstructed-v1,0.34168809690543256,79,150,227,77,306,wendland_c2,3.0,26,14,4,1e-10,2.0,0.0,namls,9.94225022310502e-08,3.9309441035584314e-08,3.8541773994538175e-08,8.50557526632656e-08,3.565549455686323e-08,3.447016339030995e-08,8.018792740926983e-08,0.0209182131200437,0.026802540770271065,0.024286915848172837,0.01842517092562969,0.0016674180001245986,ok,0.22862759000008737,3,False,
0.4257433520001541,0.0,0.0,0.0,circle,1003,0.12820192646290327,0.0,0.08,0.01254648429532515,0.013989566547512704,0.013430996446593407,0.010850553465814984,1.0,0.05870565741515682,0.04111526817322386,0.05870565741515682,0.05870565741515682,144,False,0.8042383222841424,-0.5168525940754752,4.640702977038875,1.6457225077174893e-07,16.175487465181057,2.471824571317456,0.5792185469158134,9384.413138171207,NAMLS-reconstructed-v1,0.3308372475463883,99,262,359,97,458,wendland_c2,3.0,26,14,4,1e-10,2.0,0.0,namls,1.6457221795052046e-07,7.12190582063954e-08,6.537711327858631e-08,1.4101745282601996e-07,5.703395250372032e-08,6.257499696182833e-08,1.438358482319657e-07,0.011797644156688485,0.013967161544458699,0.01332541696658921,0.01141308666524488,0.0030334909997691284,ok,0.42877684299992325,3,False,
0.05160511199983375,0.0,0.0,0.0,circle,1004,0.705545983093885,0.0,0.2,0.11682730029826788,0.10907499166163404,0.13952025507704993,0.16279442216105908,1.0,0.7346945908055544,0.2231235418278018,0.7346945908055544,0.7346945908055544,57,False,0.5231288745402516,-0.720025124993739,4.803166489707611,2.6870552858794465e-08,17.413793103448278,2.5888331188100357,0.564588651878277,1843.6802902625423,NAMLS-reconstructed-v1,0.3293543255540485,40,21,58,37,98,wendland_c2,3.0,26,14,4,1e-10,2.0,0.0,namls,2.687056221972739e-08,8.45363112844666e-09,7.101444321477857e-09,1.843876562546143e-08,6.81814520120394e-09,7.890022191148205e-09,2.1047649401140234e-08,0.13295231709954744,0.10997613802788762,0.17282037839656164,0.19988438924237334,0.0002963339998132142,ok,0.05190144599964697,4,False,
0.1235299169998143,0.0,0.0,0.0,circle,1004,0.11317850017700168,0.0,0.16,0.0877337282278222,0.12212232435847081,0.1005076731366735,0.053508364178592255,1.0,0.5200476076791651,0.5200476076791651,0.5200476076791651,0.148978843530849,114,False,0.010337244428584524,-0.11685999499869529,4.668492160415016,3.947846895122055e-08,16.369565217391305,2.57594703906234,0.5624138977091269,2885.0811531306663,NAMLS-reconstructed-v1,0.3359040960846514,50,45,92,47,142,wendland_c2,3.0,26,14,4,1e-10,2.0,0.0,namls,3.947846050067483e-08,1.4267670156442591e-08,1.3053482739167066e-08,3.251151740205456e-08,1.4486884580833248e-08,1.3794944742073767e-08,3.26107205891879e-08,0.07772981149799794,0.12520242197993164,0.09656903087176133,0.0569712617791302,0.000541835000149149,ok,0.12407175199996345,4,False,
0.20549942900015594,0.0,0.0,0.0,circle,1004,0.2701663825514498,0.0,0.12,0.03163640774869991,0.035987681019785396,0.035102494761803056,0.033003269062048556,1.0,0.14291452349578598,0.12861156920278932,0.14291452349578598,0.14291452349578598,98,False,0.9171213305540572,-0.17676064130570146,4.562532957804391,7.191051297693906e-08,16.658227848101266,2.4827431075598083,0.5756378389228899,4348.440610035125,NAMLS-reconstructed-v1,0.34174390629164997,66,94,158,64,224,wendland_c2,3.0,26,14,4,1e-10,2.0,0.0,namls,7.191051250585582e-08,2.840727786335151e-08,2.431818590942214e-08,5.702520600170402e-08,2.5303543650755633e-08,2.8520137806964385e-08,6.439600361213523e-08,0.031141970626358928,0.03632761283546062,0.037080156326602366,0.038158556998246426,0.0010594599998512422,ok,0.20655888900000718,4,False,
0.2853628759999083,0.0,0.0,0.0,circle,1004,0.2644474076545655,0.0,0.1,0.019592580743901696,0.02128955226308261,0.021319684236192318,0.021404173034833374,1.0,0.12258502691590933,0.054094433880496284,0.12258502691590933,0.12258502691590933,82,False,0.8394270042683221,0.4340359017732494,4.441456019576638,1.0073266156449147e-07,16.370689655172413,2.4808143627431756,0.5770885320537535,6362.559819772954,NAMLS-reconstructed-v1,0.34236608566656884,79,152,232,80,311,wendland_c2,3.0,26,14,4,1e-10,2.0,0.0,namls,1.0073262401988359e-07,4.099712924698906e-08,3.922335567452251e-08,8.7668523107709e-08,4.1160281405439036e-08,3.9565430931531864e-08,8.711428378660457e-08,0.019416468305209718,0.021457275230157533,0.02248052453006627,0.02430630980940653,0.0013494690001607523,ok,0.28671234500006904,4,False,
0.3557480989998112,0.0,0.0,0.0,circle,1004,0.06517628667223284,0.0,0.08,0.020965163068361315,0.02434734954705414,0.022443753330307993,0.012635324234397314,1.0,0.07893427024874211,0.07893427024874211,0.07893427024874211,0.0649058730402674,340,False,0.40273247969582154,0.5243219756030778,4.807854924869243,1.709808362845774e-07,16.144475920679888,2.4631390022767654,0.5788516628595465,9482.311571650245,NAMLS-reconstructed-v1,0.31907986084957257,99,253,353,100,452,wendland_c2,3.0,26,14,4,1e-10,2.0,0.0,namls,1.7098085058897539e-07,7.243814437174478e-08,6.681638797800815e-08,1.4639168404703984e-07,7.221605027862843e-08,6.165014454495577e-08,1.382265182314768e-07,0.01922265889913648,0.024391172980904798,0.02175180615397735,0.012845886596375793,0.002143987000181369,ok,0.35789208599999256,4,False,
0.09106840100002955,0.0,0.0,0.0,circle,1005,0.63847356467656,0.0,0.2,0.10853034968879786,0.11317942440199912,0.1304864112462758,0.14466501806480414,1.0,0.6093178313000299,0.27722327903256094,0.6093178313000299,0.6093178313000299,45,False,1.8893813258482854e-13,0.8899999999999999,4.561064879273078,2.6060003810129426e-08,16.814814814814813,2.520710687956086,0.5680365487716748,1717.3397363494198,NAMLS-reconstructed-v1,0.3490683112959934,40,20,54,34,94,wendland_c2,3.0,26,14,4,1e-10,2.0,0.0,namls,2.6060005688870007e-08,7.88323850642314e-09,8.115065064373539e-09,2.0862000460475372e-08,7.033171314058898e-09,7.68956276431254e-09,1.950528627503445e-08,0.10957618092391297,0.11348301327398841,0.14457167298685566,0.16006289388833686,0.0005530489997909172,ok,0.09162144999982047,5,False,
0.14862808299994867,0.0,0.0,0.0,circle,1005,0.44355707789581,0.0,0.16,0.060869164055435035,0.07069195237282948,0.07032384467944369,0.06987008370793846,1.0,0.2557932389944615,0.2045197447632192,0.2557932389944615,0.2557932389944615,59,False,-0.5813306786506081,0.7027080774116826,5.178047984625292,4.122248474047265e-08,16.811764705882354,2.513835881403696,0.5718087118209471,2479.982996875177,NAMLS-reconstructed-v1,0.30358224718571625,50,37,85,48,135,wendland_c2,3.0,26,14,4,1e-10,2.0,0.0,namls,4.1222493505493896e-08,1.4401759340643139e-08,1.2681189431873463e-08,3.2003314665018934e-08,1.2028495088856062e-08,1.3358808059749094e-08,3.350697626650079e-08,0.059239388348109184,0.07237982085388447,0.07465656212447241,0.07636523662741712,0.0006395250002242392,ok,0.1492676080001729,5,False,
0.2299384079997253,0.0,0.0,0.0,circle,1005,0.28372711725550137,0.0,0.12,0.03471233813131193,0.03887333860496809,0.038538101833062076,0.03772892610837381,1.0,0.24725798745438526,0.10647129342694006,0.24725798745438526,0.24725798745438526,94,False,0.541773136068204,-0.7608139113244041,4.600893183937719,7.050550858486009e-08,16.307692307692307,2.498045949754445,0.5772464604308918,4229.763444186001,NAMLS-reconstructed-v1,0.3357207308088959,66,94,156,62,222,wendland_c2,3.0,26,14,4,1e-10,2.0,0.0,namls,7.050550565601554e-08,2.6988663748284125e-08,2.494439321765185e-08,5.807027614324056e-08,2.315343206049647e-08,2.2853801517896954e-08,5.340734432479621e-08,0.034328883253926995,0.038881801463573264,0.04095188186813544,0.04390461663901166,0.0008485100001962564,ok,0.23078691799992157,5,False,
0.22214887500012992,0.0,0.0,0.0,circle,1005,0.17728581565742316,0.0,0.1,0.028337062701126577,0.03264244619435808,0.030865036358408593,0.025271959915109086,1.0,0.13768326240976636,0.13768326240976636,0.13768326240976636,0.08389304133843653,148,False,0.4667746883764646,-0.5454349709347837,4.572818983237559,1.0616960203189045e-07,16.436363636363637,2.489623290356393,0.5776897788800921,6122.592253287224,NAMLS-reconstructed-v1,0.33406321691872237,79,141,220,79,299,wendland_c2,3.0,26,14,4,1e-10,2.0,0.0,namls,1.0616959356113398e-07,4.207677717360525e-08,4.054149793653039e-08,9.021329727687544e-08,3.935725112480526e-08,3.813088644832874e-08,8.544116680830882e-08,0.02582254438227842,0.03309480043644485,0.0301039362960792,0.0238512944924242,0.0013506099999176513,ok,0.22349948500004757,5,False,
0.39461794699991515,0.0,0.0,0.0,circle,1005,0.11825997967135687,0.0,0.08,0.014123961689387439,0.01594286768840405,0.015104121238039014,0.011372659769655902,1.0,0.047048995257573445,0.047048995257573445,0.047048995257573445,0.04473086762565287,377,False,0.38008929642106826,0.5263896729644802,4.627163014313428,1.6315866492026473e-07,16.210084033613445,2.4819472832648084,0.5776219656085867,9808.584551023045,NAMLS-reconstructed-v1,0.33436606711211025,99,255,357,102,456,wendland_c2,3.0,26,14,4,1e-10,2.0,0.0,namls,1.631586954431441e-07,7.013617775442071e-08,7.021912296067967e-08,1.517374386139636e-07,6.387257599216323e-08,5.797508162430631e-08,1.3304580441899413e-07,0.013014516649014771,0.016022193992921777,0.014708769986774672,0.010744345022680775,0.0031408889999511302,ok,0.3977588359998663,5,False,
0.05147700399993482,0.0,0.0,0.0,circle,1006,0.4121266950396589,0.0,0.2,0.12819396647237533,0.17745180409756459,0.1539016764534994,0.13228659796944017,1.0,0.5639195221855932,0.5024706220400523,0.5639195221855932,0.5639195221855932,57,False,0.5231288745402516,-0.720025124993739,4.579359633367089,2.613788042072155e-08,16.896551724137932,2.5201658306819894,0.5704366098653162,1838.3576349414268,NAMLS-reconstructed-v1,0.3351316882350205,40,20,58,38,98,wendland_c2,3.0,26,14,4,1e-10,2.0,0.0,namls,2.613787673452772e-08,7.586597572384335e-09,7.799032308852816e-09,2.033288707542491e-08,7.116154948074924e-09,7.602639851000959e-09,1.9732591116650156e-08,0.12103368781833311,0.18096672524218388,0.15732774113168763,0.14332865605967496,0.0003295500000604079,ok,0.05180655399999523,6,False,
0.07270561799987263,0.0,0.0,0.0,circle,1006,0.521649439173688,0.0,0.16,0.08414694979625897,0.09035023746124415,0.0970682709636057,0.10475897851322008,1.0,0.6740370132689607,0.20082887259835508,0.6740370132689607,0.6740370132689607,54,False,0.48867403702092704,0.7700270680577855,4.729778997219031,3.9670326410240604e-08,16.83529411764706,2.519247678206159,0.5698391920977639,2505.3770107726837,NAMLS-reconstructed-v1,0.3282511408164397,50,37,85,48,135,wendland_c2,3.0,26,14,4,1e-10,2.0,0.0,namls,3.967033010421339e-08,1.3709535284789354e-08,1.2784368230711607e-08,3.125321690333749e-08,1.2626525311421055e-08,1.1735759919417887e-08,2.994336228967498e-08,0.09209028652483364,0.09089586760282338,0.11605697473784181,0.13222358306588713,0.0005205490001571889,ok,0.07322616700002982,6,False,
0.16778606399975615,0.0,0.0,0.0,circle,1006,0.13185579478771595,0.0,0.12,0.0527861888882454,0.06644088962400385,0.058544374826076016,0.037235611412620995,1.0,0.25624754815509077,0.25624754815509077,0.25624754815509077,0.09265525376882477,164,False,-0.4935700280848303,-0.16681955845113294,4.313803133744276,6.900129647492722e-08,16.371794871794872,2.4895916268387976,0.5701131379996887,4362.180207089072,NAMLS-reconstructed-v1,0.34528780421750194,66,90,156,66,222,wendland_c2,3.0,26,14,4,1e-10,2.0,0.0,namls,6.90012864623668e-08,2.6356526738879893e-08,2.416813837946563e-08,5.73003446913134e-08,2.536614029675227e-08,2.4336529014234998e-08,5.741596872943511e-08,0.04641814364288329,0.06654788567919384,0.055373497615424094,0.03476219716187793,0.0009178559998872515,ok,0.1687039199996434,6,False,
0.23166827900013232,0.0,0.0,0.0,circle,1006,0.13555414915521286,0.0,0.1,0.03053248613892174,0.035823403752918447,0.033235857504068385,0.024188482836135436,1.0,0.1117258417349174,0.09451049601623013,0.1117258417349174,0.1117258417349174,106,False,-0.3832213973872795,-0.863809138181647,4.479510483752453,1.034135873876426e-07,16.303571428571427,2.4632632499673717,0.5786175981886281,6101.298333144739,NAMLS-reconstructed-v1,0.34794648065965567,79,146,224,78,303,wendland_c2,3.0,26,14,4,1e-10,2.0,0.0,namls,1.0341357586929334e-07,4.204236470073397e-08,3.968924144892583e-08,8.721540012456355e-08,3.671392635740123e-08,3.54713842742882e-08,8.119154043528809e-08,0.028016558975586983,0.035944582461357,0.03258457784450698,0.025114904290172227,0.0012853149996772117,ok,0.23295359399980953,6,False,
0.3817931060002593,0.0,0.0,0.0,circle,1006,0.10594536616231279,0.0,0.08,0.01625367733691783,0.01849715599085937,0.017404846882937426,0.01240912054223818,1.0,0.05856380630546992,0.05856380630546992,0.05856380630546992,0.046572226871238076,390,False,-0.5544917199768822,0.08678326867910771,4.56130705312751,1.5141748436981897e-07,16.163323782234958,2.4721012432526264,0.5777047604663617,9387.172245721658,NAMLS-reconstructed-v1,0.3342799196441066,99,250,349,99,448,wendland_c2,3.0,26,14,4,1e-10,2.0,0.0,namls,1.514175385075589e-07,6.36066284087633e-08,6.290736997982549e-08,1.3680512722658023e-07,6.184143791498897e-08,6.350206849248252e-08,1.3859587244535732e-07,0.015018126220241023,0.018495189748210433,0.01701539532077423,0.012523010190650958,0.0021262259997456567,ok,0.38391933200000494,6,False,
0.09020040999985213,0.0,0.0,0.0,circle,1007,0.6268869601382753,0.0,0.2,0.1580782915395328,0.16121881405839497,0.19042039619902032,0.2177318762844678,1.0,1.0456853542840645,0.3529656294699951,1.0456853542840645,1.0456853542840645,55,False,-1.0225344626630001e-13,-0.89,4.611856774968045,2.6630328317053852e-08,17.452830188679247,2.5396182868901827,0.5679507622739153,1696.5774266190888,NAMLS-reconstructed-v1,0.3354874940443551,40,20,53,33,93,wendland_c2,3.0,26,14,4,1e-10,2.0,0.0,namls,2.6630336047439584e-08,7.706811189223117e-09,7.938421253683714e-09,2.0153060775740528e-08,7.252146300151807e-09,6.8659997687348095e-09,1.8245260109458788e-08,0.1788943967600238,0.16281819378111384,0.2369737698592181,0.27225783225205824,0.00037035000013929675,ok,0.09057075999999142,7,False,
0.08481057900007727,0.0,0.0,0.0,circle,1007,0.5330901547337772,0.0,0.16,0.07627841053031302,0.0776087503837647,0.08796402485238347,0.10152626342721001,1.0,0.556331165832687,0.19103990988921704,0.556331165832687,0.556331165832687,73,False,0.7991916921999871,-0.4393593507807943,4.831102948715285,4.0059698634059985e-08,17.022727272727273,2.487700665385203,0.5758667835374138,2400.3095903384756,NAMLS-reconstructed-v1,0.321017626235064,50,42,88,46,138,wendland_c2,3.0,26,14,4,1e-10,2.0,0.0,namls,4.005970666298708e-08,1.3549958932657091e-08,1.2383466696519463e-08,3.016000454618719e-08,1.3293798950542168e-08,1.1969568447511847e-08,3.022527097328189e-08,0.08365468129564128,0.07808306648584423,0.1047583033685155,0.12420757919465313,0.00044045899994671345,ok,0.08525103800002398,7,False,
0.20426978099976623,0.0,0.0,0.0,circle,1007,0.1977876894681127,0.0,0.12,0.04122221021736832,0.04917724918628647,0.045859920194458975,0.03709080213745307,1.0,0.2162076039842547,0.2162076039842547,0.2162076039842547,0.15813253178253017,218,False,-0.0026377685604210277,-0.20083454946376447,4.58121437657664,7.502286101043736e-08,16.54140127388535,2.490832102251197,0.5774552216787099,4318.494231497314,NAMLS-reconstructed-v1,0.3363532028533561,66,94,157,63,223,wendland_c2,3.0,26,14,4,1e-10,2.0,0.0,namls,7.502286852867357e-08,2.930136222545343e-08,2.299122914273255e-08,5.413715375812762e-08,2.7858552423265515e-08,2.5814059334550166e-08,6.016963283173027e-08,0.03887376402221484,0.04996841208259958,0.046329669204079466,0.040294085125530614,0.001080921000266244,ok,0.20535070200003247,7,False,
0.2748512260000098,0.0,0.0,0.0,circle,1007,0.11675638032822729,0.0,0.1,0.02198648612148504,0.02590762681153002,0.02391378127078892,0.016425709542146835,1.0,0.1161196311773916,0.1161196311773916,0.1161196311773916,0.047872691177391014,282,False,-0.024814182661975118,0.14803681313384864,4.446282680378123,1.038170774291315e-07,16.292576419213972,2.485068454793677,0.5768522639106334,6413.525995098796,NAMLS-reconstructed-v1,0.34183164082122486,79,151,229,78,308,wendland_c2,3.0,26,14,4,1e-10,2.0,0.0,namls,1.0381706605500085e-07,4.217158044994562e-08,3.861597686061202e-08,8.88869008075978e-08,3.8785618494685536e-08,3.9625060788139876e-08,9.112939558519884e-08,0.019823055721754905,0.02614619817200288,0.022989430811510222,0.01510752667026067,0.0013657609997608233,ok,0.2762169869997706,7,False,
0.36615154299988717,0.0,0.0,0.0,circle,1007,0.11281397950286737,0.0,0.08,0.014748468927360965,0.016523890178801834,0.015772400509839156,0.012100291412366479,1.0,0.055859961129841,0.053365273165268845,0.055859961129841,0.055859961129841,125,False,-0.9439915714678053,-0.15104933407700494,4.751902277373106,1.5516353757644614e-07,16.151162790697676,2.452554572843818,0.5822602790975331,8738.207598530502,NAMLS-reconstructed-v1,0.3240946488287916,99,250,344,94,443,wendland_c2,3.0,26,14,4,1e-10,2.0,0.0,namls,1.5516346909736957e-07,6.636902094570019e-08,6.411770780978543e-08,1.4143474082102576e-07,5.6184170524331556e-08,5.8799962010525064e-08,1.2880613553534204e-07,0.013516355936186398,0.01630329329244346,0.015338477785079407,0.01241274174530198,0.0018718659998739895,ok,0.36802340899976116,7,False,
0.05340499399972032,0.0,0.0,0.0,circle,1008,0.6925318156421991,0.0,0.2,0.117065069732693,0.1185866989704104,0.14140396080870576,0.15685313988235208,1.0,0.5484223180222179,0.19805702111102041,0.5484223180222179,0.5484223180222179,43,False,0.5231288745403727,0.7200251249936511,4.823802686956671,2.6740206704145953e-08,17.37037037037037,2.553893134144837,0.5695998864066139,1618.5056057866002,NAMLS-reconstructed-v1,0.3233662787357465,40,18,54,36,94,wendland_c2,3.0,26,14,4,1e-10,2.0,0.0,namls,2.674020648348518e-08,8.19518009009812e-09,7.543302649182237e-09,2.0584962008800398e-08,7.060001028236229e-09,8.424136055396048e-09,2.117101605136895e-08,0.11497497217107629,0.11590335432748348,0.15169468344522494,0.16673368497738966,0.0003858860000036657,ok,0.053790879999723984,8,False,
0.1289722649999021,0.0,0.0,0.0,circle,1008,0.5679395532477174,0.0,0.16,0.053571143329056166,0.05260142870150947,0.0615910793996197,0.07269926067539245,1.0,0.3751706936783052,0.11176109762283826,0.3751706936783052,0.3751706936783052,54,False,0.48867403702092704,0.7700270680577855,4.684810253562599,3.9109148165465667e-08,16.730337078651687,2.5205146905499287,0.5774892379597649,2502.440132775743,NAMLS-reconstructed-v1,0.3316974574572264,50,42,89,47,139,wendland_c2,3.0,26,14,4,1e-10,2.0,0.0,namls,3.910913815019512e-08,1.301253682584047e-08,1.1552834910943943e-08,2.9456820538342754e-08,1.251934844681557e-08,1.2987231734484794e-08,3.135513389155817e-08,0.05708803676358906,0.0519277596335567,0.07134400818690441,0.0850224544318392,0.0005759519999628537,ok,0.12954821699986496,8,False,
0.16071104599996033,0.0,0.0,0.0,circle,1008,0.3999014385500354,0.0,0.12,0.03188542429192037,0.03303255007843495,0.03546959349253047,0.0404105942404283,1.0,0.2173572425491067,0.08419530597584224,0.2173572425491067,0.2173572425491067,77,False,-0.46699997035541824,0.8088676651080473,4.698841949114228,7.289004418260508e-08,16.394736842105264,2.4879224312634136,0.5781332920822471,4085.2112478335976,NAMLS-reconstructed-v1,0.32498143400416246,66,88,152,64,218,wendland_c2,3.0,26,14,4,1e-10,2.0,0.0,namls,7.289007086797028e-08,2.638330620641227e-08,2.378985919371246e-08,5.650321233119371e-08,2.314079060317109e-08,2.3819643590883288e-08,5.518350043587361e-08,0.03168328059799368,0.033168350313022676,0.037943430776371946,0.04366468933128914,0.0008352179997928033,ok,0.16154626399975314,8,False,
0.2519885570000042,0.0,0.0,0.0,circle,1008,0.18854496041644409,0.0,0.1,0.02309655023515242,0.026613155267528665,0.025161348066820553,0.02084687208523447,1.0,0.10143397895689474,0.0854435601122856,0.10143397895689474,0.10143397895689474,98,False,-0.9382829818577008,0.11247218724529282,4.655090679417017,1.0223087968360815e-07,16.327354260089685,2.464723487894981,0.5768950191113383,5831.596583102708,NAMLS-reconstructed-v1,0.3314945346563382,79,141,223,82,302,wendland_c2,3.0,26,14,4,1e-10,2.0,0.0,namls,1.0223085400440368e-07,4.2799572330665114e-08,4.0964209802041296e-08,9.138812107067906e-08,3.4393312095721164e-08,3.5801547282332535e-08,7.981967553583047e-08,0.022033955727894898,0.026614367607671423,0.025641505023905577,0.023876151105095087,0.0012499429999479617,ok,0.2532384999999522,8,False,
0.40159343599998465,0.0,0.0,0.0,circle,1008,0.0986725779447665,0.0,0.08,0.0156450245254968,0.017729071150615144,0.016715366855655105,0.01177630346653942,1.0,0.06389110740565673,0.06389110740565673,0.06389110740565673,0.03260349503701432,309,False,0.4942633294727507,0.45417007187902136,4.723371148876239,1.5204458427814533e-07,16.24791086350975,2.4788491678305915,0.5763984076428985,9904.971161000196,NAMLS-reconstructed-v1,0.3186437452124318,99,260,359,99,458,wendland_c2,3.0,26,14,4,1e-10,2.0,0.0,namls,1.520445514155438e-07,6.564359367189354e-08,6.278160569195279e-08,1.3846267421513403e-07,6.207413516534643e-08,5.968440452974733e-08,1.292903633043352e-07,0.013998374687885645,0.017503806976019422,0.01581113797748102,0.010094258272610492,0.0021151159999135416,ok,0.4037085519998982,8,False,
0.06951354100010576,0.0,0.0,0.0,circle,1009,0.49683715794642264,0.0,0.2,0.09856663305657869,0.12390232804632889,0.11794557647721221,0.11271130868349209,1.0,0.4125003490316682,0.24505428409627739,0.4125003490316682,0.4125003490316682,43,False,0.5231288745403727,0.7200251249936511,4.6779581684790985,2.5705178692233876e-08,16.70909090909091,2.6067300155260105,0.5588330133864446,1750.9546453061437,NAMLS-reconstructed-v1,0.3362764446740162,40,19,55,36,95,wendland_c2,3.0,26,14,4,1e-10,2.0,0.0,namls,2.570517043665177e-08,7.832111403871522e-09,8.034048093463753e-09,2.0289686901518028e-08,6.697124557502286e-09,7.421934400397845e-09,1.9986411858852193e-08,0.09161875889309389,0.12408708262626131,0.12041063930684204,0.11842428849342909,0.00042387099983898224,ok,0.06993741199994474,9,False,
0.102808424000159,0.0,0.0,0.0,circle,1009,0.23963220579749023,0.0,0.16,0.06818766545906477,0.08776882156486578,0.07874291414744687,0.06188420635529632,1.0,0.33607976994535926,0.23413679518457603,0.33607976994535926,0.33607976994535926,67,False,-0.3883107139074675,-0.8252022718489528,4.641662743441603,3.794551203561056e-08,16.930232558139537,2.519980890785042,0.5719578917640009,2602.6009062214853,NAMLS-reconstructed-v1,0.3375717671643562,50,42,86,44,136,wendland_c2,3.0,26,14,4,1e-10,2.0,0.0,namls,3.794550096358762e-08,1.2384023584388615e-08,1.2091131873503969e-08,2.947259236663058e-08,1.2441803143303787e-08,1.140103389474234e-08,2.8316998197111235e-08,0.06527829334355988,0.08880511988764954,0.08208976645929009,0.07512173268713981,0.0004674879996855452,ok,0.10327591199984454,9,False,
0.18609660499987513,0.0,0.0,0.0,circle,1009,0.1859514089312822,0.0,0.12,0.04880273881123883,0.05805757035621051,0.054148079384220296,0.043218606580442194,1.0,0.2527451074269865,0.12862632135363827,0.2527451074269865,0.2527451074269865,72,False,0.3879975866704106,0.849596215795347,4.66317298346719,7.229826261651097e-08,16.428571428571427,2.4963189421561958,0.574505522347954,4204.559982322907,NAMLS-reconstructed-v1,0.32810329858283743,66,92,154,62,220,wendland_c2,3.0,26,14,4,1e-10,2.0,0.0,namls,7.229825199628337e-08,2.8388524420108752e-08,2.855437863935606e-08,6.451774181570613e-08,2.228383610969331e-08,2.8157900011649417e-08,6.341449509950081e-08,0.044971616963597166,0.05832131113591314,0.053751363202919275,0.04614347584510578,0.0013785340001959412,ok,0.18747513900007107,9,False,
0.2965651720001006,0.0,0.0,0.0,circle,1009,0.1807848490379551,0.0,0.1,0.022972358579374182,0.0259340132413578,0.025019852344972438,0.021828049962291887,1.0,0.08187544204757058,0.08187544204757058,0.08187544204757058,0.06389719069136224,258,False,0.4515268556664172,-0.23030002905989613,4.718721828887559,1.038588959128764e-07,16.408071748878925,2.457563770086299,0.5797400154344693,5843.822190917039,NAMLS-reconstructed-v1,0.3211494954480941,79,149,223,74,302,wendland_c2,3.0,26,14,4,1e-10,2.0,0.0,namls,1.0385883797425777e-07,4.3193523424633895e-08,4.011435450479439e-08,9.159759883914376e-08,3.557247151284472e-08,3.819935345816816e-08,8.578662757940947e-08,0.021110060026874405,0.025419428414890907,0.02456634282643913,0.02275180591885494,0.0011963130000367528,ok,0.2977614850001373,9,False,
0.5049418250000599,0.0,0.0,0.0,circle,1009,0.09301474298801089,0.0,0.08,0.015293357930908705,0.017369151975341376,0.016352257818995092,0.011261791620752902,1.0,0.061998671833977226,0.061998671833977226,0.061998671833977226,0.051119643156830374,414,False,-0.4771739294094862,-0.18049955347823632,4.54440136805037,1.640090884231952e-07,16.068181818181817,2.474067992740406,0.577587620215257,9401.781883994641,NAMLS-reconstructed-v1,0.3322075355765505,99,256,352,96,451,wendland_c2,3.0,26,14,4,1e-10,2.0,0.0,namls,1.6400913016758093e-07,6.944283592602574e-08,6.632231119851895e-08,1.4461318187386496e-07,6.95501225079298e-08,6.402485741574537e-08,1.3864996262213936e-07,0.013859600235958159,0.017255065662691315,0.01568800224965267,0.010413920687327901,0.0022843930000817636,ok,0.5072262180001417,9,False,
0.049978751999788074,0.0,0.0,0.0,ellipse,2000,0.7707088148745559,0.0,0.2,0.14813315452100975,0.1396394327384849,0.1839920377922101,0.20819698898727337,1.0,1.2624672602244063,0.2543579491754231,1.2624672602244063,1.2624672602244063,53,False,0.4702146793695062,-0.4032049961758867,4.740384755581657,2.5735541653254492e-08,17.355555555555554,2.59965305105553,0.5682869884097979,1585.35759234375,NAMLS-reconstructed-v1,0.3253817674429249,38,12,45,33,83,wendland_c2,3.0,26,14,4,1e-10,2.0,0.0,namls,2.5735538389613316e-08,1.195815713117554e-08,1.0550963880362474e-08,2.3521483871746796e-08,9.724256313652582e-09,4.6784929264021e-09,1.5560646313139692e-08,0.17523670461409324,0.13795909669276468,0.23798953849335375,0.26516794970238944,0.0003913440000360424,ok,0.050370095999824116,0,False,
0.11302265199992689,0.0,0.0,0.0,ellipse,2000,0.6555246287980331,0.0,0.16,0.0733543149601167,0.0721789123013447,0.08689357357196173,0.09941892677407477,1.0,0.43685666329933337,0.13999816611540183,0.43685666329933337,0.43685666329933337,66,False,0.2873165964249576,-0.5403639268296674,4.706358834144708,4.066945117542881e-08,17.225352112676056,2.5424484659756006,0.5737611892406576,2379.391926817785,NAMLS-reconstructed-v1,0.3327290833001284,48,27,71,44,119,wendland_c2,3.0,26,14,4,1e-10,2.0,0.0,namls,4.0669439753393544e-08,2.086476502682899e-08,1.749354927582658e-08,3.7322516022175733e-08,1.8187928025042033e-08,7.665482470997631e-09,2.398910886602934e-08,0.08226180009225262,0.07241613801062681,0.1064982606996577,0.12281571806587524,0.0006893959998706123,ok,0.1137120479997975,0,False,
0.1775286080001024,0.0,0.0,0.0,ellipse,2000,0.26167048624365824,0.0,0.12,0.04462283811334645,0.053932289792178685,0.05039034882130614,0.0432341552935409,1.0,0.19626839110242825,0.11971452656464507,0.19626839110242825,0.19626839110242825,78,False,-1.0223718674307,-0.21053159990691983,4.57197184381294,7.691773227979993e-08,16.49618320610687,2.508959714185145,0.5722401646847651,4345.302675187963,NAMLS-reconstructed-v1,0.33786123233328114,64,70,131,61,195,wendland_c2,3.0,26,14,4,1e-10,2.0,0.0,namls,7.691772122356277e-08,4.316633939183134e-08,3.807221626850321e-08,7.690720036333809e-08,3.46046764576613e-08,1.619985479095476e-08,4.83667061956794e-08,0.04024601954698142,0.054295403232610846,0.049102611630324595,0.04236654080658837,0.0008749720000196248,ok,0.17840358000012202,0,False,
0.3044379910002135,0.0,0.0,0.0,ellipse,2000,0.23935955411628074,0.0,0.1,0.0245862183434225,0.02809137171024302,0.027223957545442046,0.024922452623253818,1.0,0.10660594645938892,0.08485086672766232,0.10660594645938892,0.10660594645938892,109,False,0.8437207178238528,-0.13696002130212134,5.02591102363095,1.0290779499577007e-07,16.4,2.502862455845131,0.5759224601942672,5833.854519012119,NAMLS-reconstructed-v1,0.3081116010010959,76,108,180,72,256,wendland_c2,3.0,26,14,4,1e-10,2.0,0.0,namls,1.0290778185151339e-07,5.825359394862062e-08,4.965587230287838e-08,9.85300643296938e-08,5.4493148660128554e-08,2.258209264027755e-08,6.323275645845089e-08,0.023457308100192635,0.02856336890103514,0.027974472256633166,0.027067114375712728,0.0011910339999303687,ok,0.3056290250001439,0,False,
0.4586290900001586,0.0,0.0,0.0,ellipse,2000,0.12433015465207017,0.0,0.08,0.013997128449966714,0.016248308719843604,0.015126012083835294,0.010861650516591265,1.0,0.05187180262679769,0.043144478748192494,0.05187180262679769,0.05187180262679769,112,False,-0.8121038611208277,0.19098541655239787,4.680076188471297,1.58159032752205e-07,16.247524752475247,2.4926498934991286,0.574895863387483,10042.156498031423,NAMLS-reconstructed-v1,0.3284394538360629,95,205,303,98,398,wendland_c2,3.0,26,14,4,1e-10,2.0,0.0,namls,1.581589010868356e-07,9.712107740256215e-08,8.157977671174876e-08,1.5928759466987685e-07,8.591922462386492e-08,3.9364199455604876e-08,1.0261192620944493e-07,0.013141776724323805,0.016256230993341603,0.015061710858541128,0.012190147889447596,0.001764853000167932,ok,0.46039394300032654,0,False,
0.05849502899991421,0.0,0.0,0.0,ellipse,2001,0.5783464081175043,0.0,0.2,0.10015449385667662,0.12281398325113094,0.12553126944923887,0.1276300741282871,1.0,0.3089213425606083,0.2590865777267658,0.3089213425606083,0.3089213425606083,69,False,0.5032372530804576,0.4844795401756923,4.875450998193143,2.7368471120949415e-08,17.177777777777777,2.660479814052731,0.556705461380534,1698.7940074123687,NAMLS-reconstructed-v1,0.31731187999754285,38,14,45,31,83,wendland_c2,3.0,26,14,4,1e-10,2.0,0.0,namls,2.7368496580137958e-08,1.3173170110292176e-08,1.1550204348509396e-08,2.551551447904643e-08,9.83560934682547e-09,4.599125746906907e-09,1.5625681193398577e-08,0.09269732955953955,0.127085856036095,0.12589254477264866,0.12534990639856788,0.0003850820003208355,ok,0.05888011100023505,1,False,
0.11418150000008609,0.0,0.0,0.0,ellipse,2001,0.4677875038427014,0.0,0.16,0.058659548973555846,0.07181156260565265,0.06938187775649662,0.06689650220304584,1.0,0.18033009586266696,0.18033009586266696,0.18033009586266696,0.1322812566565119,106,False,0.43786257078179985,0.21164166602779702,4.616036122160736,3.976087947492199e-08,16.52777777777778,2.5318448164039475,0.5668502647302047,2758.003609451912,NAMLS-reconstructed-v1,0.33775586893907794,48,27,72,45,120,wendland_c2,3.0,26,14,4,1e-10,2.0,0.0,namls,3.9760875480965296e-08,2.0284878665677297e-08,1.8060308359935107e-08,3.7869645044819045e-08,1.751511025105401e-08,8.909199600282136e-09,2.719835112685587e-08,0.051309297943568956,0.07354735029166956,0.06624001881367901,0.06143986089618979,0.0006076459999349026,ok,0.11478914600002099,1,False,
0.15524539700027162,0.0,0.0,0.0,ellipse,2001,0.14844521764673263,0.0,0.12,0.046394053084275785,0.06101066354082346,0.05245259136886919,0.033197421824131254,1.0,0.2278488149048149,0.2278488149048149,0.2278488149048149,0.10561415715724654,193,False,-0.34659410620497116,-0.17040798001148727,4.412891069680637,7.313202537721143e-08,16.507462686567163,2.509668791046854,0.5711782078088051,4525.321306701539,NAMLS-reconstructed-v1,0.33987324478438835,64,71,134,63,198,wendland_c2,3.0,26,14,4,1e-10,2.0,0.0,namls,7.313199338471188e-08,4.192972014038787e-08,3.326185704644047e-08,7.010730285368638e-08,3.52598235053847e-08,1.4992436403460374e-08,4.431204736476957e-08,0.04102676525697959,0.061268255709859984,0.049870930616566396,0.032551049615294696,0.0008516279999639664,ok,0.1560970250002356,1,False,
0.22307262899994384,0.0,0.0,0.0,ellipse,2001,0.24456652857981964,0.0,0.1,0.026791876892540104,0.0305736277070778,0.029599732967298214,0.02709249262508394,1.0,0.10753546301962019,0.09395383257568568,0.10753546301962019,0.10753546301962019,102,False,-0.055812886216093455,-0.7168417747050645,4.818243082300014,9.984918218353802e-08,16.821052631578947,2.4822863349647624,0.5768794858981996,6373.811832697065,NAMLS-reconstructed-v1,0.32309259112441846,76,117,190,73,266,wendland_c2,3.0,26,14,4,1e-10,2.0,0.0,namls,9.98491813675173e-08,5.607009390118378e-08,4.738908088164351e-08,9.46061167184098e-08,5.1402824052804164e-08,2.3668667470388982e-08,6.593165025048364e-08,0.024385036040628336,0.030441022541495742,0.02885276374602336,0.026106431411042987,0.0013109689998600516,ok,0.2243835979998039,1,False,
0.4179976370000986,0.0,0.0,0.0,ellipse,2001,0.10427128719143847,0.0,0.08,0.01853029982153744,0.021848481517738768,0.020062541069782638,0.01309574740548792,1.0,0.08087517666802346,0.05890333453574889,0.08087517666802346,0.08087517666802346,136,False,0.8324766517145167,-0.16761808510326143,4.703058914219309,1.5786722544820398e-07,16.237113402061855,2.479466825850708,0.5765404221408824,9212.088006733045,NAMLS-reconstructed-v1,0.33052970087088035,95,195,291,96,386,wendland_c2,3.0,26,14,4,1e-10,2.0,0.0,namls,1.578672459423558e-07,9.438589287924515e-08,7.646313160414309e-08,1.5587419888163367e-07,8.656681771412877e-08,3.986692709290196e-08,1.081804777694137e-07,0.016803657790996494,0.021624795290636555,0.019353119859178928,0.013618266621753665,0.0013617329996122862,ok,0.4193593699997109,1,False,
0.048710678999668744,0.0,0.0,0.0,ellipse,2002,0.701759353711177,0.0,0.2,0.1983615673604242,0.22948806462400448,0.2467035508367425,0.2552924007214742,1.0,0.9667541641978357,0.34670914367820194,0.9667541641978357,0.9667541641978357,38,False,0.9624128762162308,0.5117240034366201,4.571098859445202,2.6350625745692405e-08,17.355555555555554,2.7521692906398614,0.5350955075490608,2109.1807692515563,NAMLS-reconstructed-v1,0.3427687573256056,38,11,45,34,83,wendland_c2,3.0,26,14,4,1e-10,2.0,0.0,namls,2.635062997099688e-08,1.2347974198689826e-08,1.0839434461118458e-08,2.430650252360951e-08,1.0337406319838038e-08,4.246502260940588e-09,1.5057242785943004e-08,0.1904184715833047,0.22606360028810246,0.25860794559289985,0.26829312675870365,0.000462147000234836,ok,0.04917282599990358,2,False,
0.08489439799996035,0.0,0.0,0.0,ellipse,2002,0.6066690075380942,0.0,0.16,0.0680354843717051,0.07000348405661395,0.08078139615641965,0.09117576276900881,1.0,0.41132790803466224,0.18656883299562832,0.41132790803466224,0.41132790803466224,48,False,0.9818377232591271,0.5220523778179099,4.544357883541926,4.029590530158885e-08,17.0,2.559776801333196,0.5644478440554168,2663.0551548310973,NAMLS-reconstructed-v1,0.3419102815803898,48,30,73,43,121,wendland_c2,3.0,26,14,4,1e-10,2.0,0.0,namls,4.029592032273044e-08,2.022371337062623e-08,1.828735252118463e-08,3.878294646542102e-08,1.65493774240133e-08,7.920588851462185e-09,2.43442048805868e-08,0.06986663356137472,0.07099682896917019,0.08994998037030472,0.10109015467425667,0.0007289940003829543,ok,0.0856233920003433,2,False,
0.21743331999959992,0.0,0.0,0.0,ellipse,2002,0.3605920003889983,0.0,0.12,0.04126796971009221,0.04571980670005852,0.046565620183832646,0.04818835557213989,1.0,0.2443553765156452,0.11392222497159787,0.2443553765156452,0.2443553765156452,89,False,0.45552042773489565,-0.4662255004761402,4.6340355055678035,6.844027812229631e-08,16.73134328358209,2.5059261936599775,0.5718494591183331,4618.322900702883,NAMLS-reconstructed-v1,0.33163495693727435,64,74,134,60,198,wendland_c2,3.0,26,14,4,1e-10,2.0,0.0,namls,6.844025612906535e-08,3.582128105250604e-08,3.163195061439694e-08,6.432461696626035e-08,3.1658879962037645e-08,1.7214940806198342e-08,4.9086239073403704e-08,0.040839885286586976,0.04582041631352885,0.0496437648144687,0.05398760240387541,0.0005910580002819188,ok,0.21802437799988184,2,False,
0.21754436199989868,0.0,0.0,0.0,ellipse,2002,0.2238065382736471,0.0,0.1,0.02151217414042477,0.02488156055885464,0.02379657240551393,0.020904206843455102,1.0,0.07668980508545664,0.07668980508545664,0.07668980508545664,0.07316654826428826,242,False,-0.5116580672679539,-0.4520560927863395,4.867359530669429,1.0095632039134613e-07,16.414893617021278,2.503725082419616,0.5729388552499604,6244.377349587883,NAMLS-reconstructed-v1,0.3172890800980965,76,115,188,73,264,wendland_c2,3.0,26,14,4,1e-10,2.0,0.0,namls,1.0095633679041427e-07,5.8956417969824315e-08,4.644457995972573e-08,9.65460837665244e-08,5.261833874170563e-08,2.4949718291367162e-08,6.752280212740658e-08,0.020154798074329523,0.025167429839952623,0.023883693554800377,0.021707914219939825,0.0008450169998468482,ok,0.21838937899974553,2,False,
0.36490464400003475,0.0,0.0,0.0,ellipse,2002,0.21955643108320086,0.0,0.08,0.012750489177100977,0.014102911638343039,0.013803162529442258,0.012874327554003513,1.0,0.09041765265089396,0.036645023544771615,0.09041765265089396,0.09041765265089396,100,False,0.5113813029716253,0.7915710039943095,4.5881482054637805,1.543867167745809e-07,16.27891156462585,2.473794557301183,0.5765380343782753,9456.904637288902,NAMLS-reconstructed-v1,0.3345300032747475,95,194,294,100,389,wendland_c2,3.0,26,14,4,1e-10,2.0,0.0,namls,1.5438672773537832e-07,8.807800533361387e-08,7.966812454185401e-08,1.5695360566780892e-07,8.177539706499815e-08,4.025395639040141e-08,1.1195821442155918e-07,0.01282739750071693,0.014154351658122821,0.014755016126601584,0.015855543862105196,0.0026392309996481345,ok,0.3675438749996829,2,False,
0.0484867199998007,0.0,0.0,0.0,ellipse,2003,0.7894876599938752,0.0,0.2,0.11159208012079234,0.10392615817446417,0.13873725201787684,0.1559482793615516,1.0,0.8140756135695811,0.18640360745747553,0.8140756135695811,0.8140756135695811,38,False,0.9624128762162308,0.5117240034366201,4.859002029576965,2.426382206173848e-08,18.0,2.7553739443913745,0.5442115682395565,1999.1103866702697,NAMLS-reconstructed-v1,0.32240585507038005,38,13,46,33,84,wendland_c2,3.0,26,14,4,1e-10,2.0,0.0,namls,2.4263818509950852e-08,1.1264453370074534e-08,9.982615845061105e-09,2.16581201861743e-08,1.0282865258500612e-08,4.585640311915995e-09,1.5045791564465086e-08,0.133555700992887,0.1032421588155848,0.1804775381957376,0.20298919652153974,0.0003609340001275996,ok,0.0488476539999283,3,False,
0.08310632800021267,0.0,0.0,0.0,ellipse,2003,0.5864753860055362,0.0,0.16,0.06063970945895343,0.0634658554705437,0.0717460022783663,0.08001396421219377,1.0,0.416348357585407,0.14087739980995284,0.416348357585407,0.416348357585407,57,False,-0.8409142641383807,0.0873520231240745,4.561139943623679,4.162222251926754e-08,16.813333333333333,2.563834283803988,0.5695402592792308,2581.6262002218364,NAMLS-reconstructed-v1,0.34575885759816477,48,31,75,44,123,wendland_c2,3.0,26,14,4,1e-10,2.0,0.0,namls,4.162222033698981e-08,1.968577878486144e-08,1.664107651677682e-08,3.618426647200579e-08,1.7124016152975097e-08,8.920522098776473e-09,2.7916692069140936e-08,0.064965428787968,0.06217098822653279,0.08319634233349113,0.0952628144847411,0.0004897039998468244,ok,0.0835960320000595,3,False,
0.14497693900011654,0.0,0.0,0.0,ellipse,2003,0.1747475776752403,0.0,0.12,0.04347396117578658,0.05495531553964341,0.04909366639831586,0.03512335679302649,1.0,0.20378577248323604,0.18134665667218164,0.20378577248323604,0.20378577248323604,76,False,-0.8586798528935846,0.10033277096236926,4.80234544793337,7.333694779008271e-08,16.484848484848484,2.5090952259263184,0.5763701751913252,4343.059257959858,NAMLS-reconstructed-v1,0.32410406769236116,64,72,132,60,196,wendland_c2,3.0,26,14,4,1e-10,2.0,0.0,namls,7.333695251077188e-08,4.086563709648772e-08,3.583909613524838e-08,7.292814707682282e-08,3.378963508993138e-08,1.5968145694600366e-08,4.602501135764214e-08,0.039957482489648435,0.0551905748646929,0.04868993422782189,0.03950141598179541,0.0007662540001547313,ok,0.14574319300027128,3,False,
0.237192228999902,0.0,0.0,0.0,ellipse,2003,0.2312513288808438,0.0,0.1,0.029667453628273253,0.03424194036017575,0.03280028213570162,0.02905950289064891,1.0,0.16726682981710672,0.08377819393872588,0.16726682981710672,0.16726682981710672,106,False,0.5018125422669861,-0.44822283197470514,4.780076334812313,1.0030835250870601e-07,16.544973544973544,2.4909784586878,0.5756059030536465,6198.494884224998,NAMLS-reconstructed-v1,0.3284156571612609,76,115,189,74,265,wendland_c2,3.0,26,14,4,1e-10,2.0,0.0,namls,1.0030836947866328e-07,5.807055902806724e-08,4.56755473443593e-08,9.425335656398914e-08,5.3827100247524906e-08,2.4693035616252246e-08,6.775581695706023e-08,0.029431247636211248,0.03414464856872321,0.03484983352023557,0.03591826333627807,0.0010333939999327413,ok,0.23822562299983474,3,False,
0.3378938720002225,0.0,0.0,0.0,ellipse,2003,0.10631995151427609,0.0,0.08,0.016618317509343332,0.01944023866441438,0.01799758368441424,0.012130494065271065,1.0,0.05652158155973623,0.053179924412907864,0.05652158155973623,0.05652158155973623,127,False,-0.1128363088582123,-0.7439997888649399,4.655368572376243,1.568555069376511e-07,16.238754325259517,2.47903367960265,0.5764984129457256,9229.66689595591,NAMLS-reconstructed-v1,0.3318200829549718,95,195,289,94,384,wendland_c2,3.0,26,14,4,1e-10,2.0,0.0,namls,1.5685548504507096e-07,9.097414066516762e-08,7.382506472808359e-08,1.44408290436715e-07,8.093180170476444e-08,4.3218259637711753e-08,1.1654678466754831e-07,0.015161091077732478,0.019524236727013887,0.01747620568673283,0.012174506538389767,0.0016773079996710294,ok,0.3395711799998935,3,False,
0.05293041200002335,0.0,0.0,0.0,ellipse,2004,0.979069063158212,0.0,0.2,0.5557184772886429,0.17537962733603138,0.6913063885514666,0.8327118674386453,1.0,5.596843225646887,0.4353649718723347,5.596843225646887,5.596843225646887,38,False,0.9624128762162308,0.5117240034366201,4.748276808136059,2.6924760714699098e-08,17.956521739130434,2.6818958972757683,0.5508703386816077,1954.78943785064,NAMLS-reconstructed-v1,0.332819327726879,38,11,46,35,84,wendland_c2,3.0,26,14,4,1e-10,2.0,0.0,namls,2.6924762185744606e-08,1.1670411304010031e-08,1.0214371348737927e-08,2.2824749206992734e-08,1.0384317180058256e-08,5.101629341197622e-09,1.705401930209105e-08,0.7686297301552775,0.17803864536586136,1.0386707602236063,1.1865655633311682,0.00021393300039562746,ok,0.05314434500041898,4,False,
0.09209985400002552,0.0,0.0,0.0,ellipse,2004,0.5918851242313786,0.0,0.16,0.062461930862001025,0.06506626941406833,0.07397495567184971,0.08279656700195685,1.0,0.26743136590048244,0.14329191326280366,0.26743136590048244,0.26743136590048244,64,False,-0.16273014522844303,-0.7108959146360602,4.513574484297942,4.135809455192507e-08,16.675675675675677,2.568905068490836,0.5700499137085733,2554.9603952262714,NAMLS-reconstructed-v1,0.3384826935474232,48,30,74,44,122,wendland_c2,3.0,26,14,4,1e-10,2.0,0.0,namls,4.135809508553452e-08,2.0889841412241594e-08,1.6776959377295952e-08,3.760215706017614e-08,1.7387202617831748e-08,9.005555856589353e-09,2.7288491537016447e-08,0.05886851835766752,0.06418586003483116,0.07558700904957671,0.08246163853163518,0.0004001679999419139,ok,0.09250002199996743,4,False,
0.19370121700012533,0.0,0.0,0.0,ellipse,2004,0.29034707609065763,0.0,0.12,0.0418418498852458,0.049431595723859155,0.04707558271148233,0.042490957676074755,1.0,0.18783833866051497,0.09833614339989039,0.18783833866051497,0.18783833866051497,68,False,0.3969880432050358,0.7679832343525307,4.732275238178963,6.644985503186842e-08,17.015037593984964,2.529423375942938,0.5707151178860043,4604.740517350125,NAMLS-reconstructed-v1,0.3318753339875702,64,72,133,61,197,wendland_c2,3.0,26,14,4,1e-10,2.0,0.0,namls,6.644985511838897e-08,3.701891548857361e-08,3.2057468013491075e-08,6.4535417195729e-08,3.1368708963697145e-08,1.518856329596474e-08,4.3517964343209314e-08,0.04090106616771575,0.04996472385358255,0.04977851327768717,0.04955782344602359,0.0007685959999434999,ok,0.19446981300006883,4,False,
0.20845638799983135,0.0,0.0,0.0,ellipse,2004,0.24455295757933546,0.0,0.1,0.024416070403718352,0.028528681280197414,0.027043526706053065,0.023598745317862647,1.0,0.08783398490018157,0.06490944954057665,0.08783398490018157,0.08783398490018157,100,False,-0.3582576343209534,-0.7760632477904336,4.968717660896733,1.0548086054003361e-07,16.37704918032787,2.496956080527585,0.5760737802634367,6151.232963030138,NAMLS-reconstructed-v1,0.3125587751360448,76,107,183,76,259,wendland_c2,3.0,26,14,4,1e-10,2.0,0.0,namls,1.0548090090267692e-07,6.140807951027227e-08,5.34707149668634e-08,1.0662541738426512e-07,5.3216627549090845e-08,2.6398110364311833e-08,7.308052474286342e-08,0.0225237259123666,0.028255496824351592,0.0267956669387418,0.024593939005159247,0.0009898610001073394,ok,0.2094462489999387,4,False,
0.4158451549997153,0.0,0.0,0.0,ellipse,2004,0.1076631936263569,0.0,0.08,0.019458405022144288,0.022727694251872543,0.02102824294166726,0.014199348545775823,1.0,0.09848088942452249,0.05349611622967711,0.09848088942452249,0.09848088942452249,113,False,-0.8902253336611886,0.09501816904729979,4.496315526861484,1.5313324823866741e-07,16.161073825503355,2.48201239783626,0.5770709502120587,9517.95459569499,NAMLS-reconstructed-v1,0.3427413104157907,95,203,298,95,393,wendland_c2,3.0,26,14,4,1e-10,2.0,0.0,namls,1.531332479431935e-07,9.02628798371552e-08,7.819110670048701e-08,1.5178358919632916e-07,8.095295911392242e-08,4.228369476777516e-08,1.110317455754739e-07,0.017757363158087534,0.022374686508921438,0.020392319164232415,0.015319444762291183,0.0018294320002496534,ok,0.41767458699996496,4,False,
0.05337965599983363,0.0,0.0,0.0,ellipse,2005,0.742245121736543,0.0,0.2,0.08671178412746396,0.08530155899366178,0.10756854348905939,0.12063995338033781,1.0,0.44434916862258056,0.2127070699644033,0.44434916862258056,0.44434916862258056,46,False,-0.9504859129514319,-0.1385167868618165,4.4274939498584684,2.6710841320443012e-08,16.791666666666668,2.616116297402414,0.5519947934544409,1980.1692745208693,NAMLS-reconstructed-v1,0.34427503119976427,38,15,48,33,86,wendland_c2,3.0,26,14,4,1e-10,2.0,0.0,namls,2.6710831879661612e-08,1.2512264557784647e-08,1.1006323630269321e-08,2.4403917275872544e-08,1.0443662823433897e-08,5.174172645894259e-09,1.6677360034633715e-08,0.08748706900163974,0.08563052255019757,0.11710420064829014,0.1288943785326506,0.0002511020002202713,ok,0.0536307580000539,5,False,
0.0846803260001252,0.0,0.0,0.0,ellipse,2005,0.5789974626148309,0.0,0.16,0.08840168097955092,0.0958199542895865,0.10497270794166996,0.11356164407883844,1.0,0.48346169667430405,0.20255994798799465,0.48346169667430405,0.48346169667430405,62,False,-0.6291046017889671,-0.7359205084075309,4.922727774696754,4.093874628198052e-08,17.579710144927535,2.5695225789559037,0.5606609037243057,2603.3972867051853,NAMLS-reconstructed-v1,0.31165857498463784,48,26,69,43,117,wendland_c2,3.0,26,14,4,1e-10,2.0,0.0,namls,4.09387597224975e-08,2.1053307985852143e-08,1.7598229762327833e-08,3.7524471741684495e-08,1.7443422834634292e-08,7.955573977369568e-09,2.5318829477427585e-08,0.10093547699349197,0.0962050932817182,0.13143536188200713,0.14874292096141817,0.0005923059998167446,ok,0.08527263199994195,5,False,
0.15677834100006294,0.0,0.0,0.0,ellipse,2005,0.1261113280302355,0.0,0.12,0.05801149334185502,0.07639458626084439,0.06545726095499088,0.03882710283151306,1.0,0.2512715578625561,0.2512715578625561,0.2512715578625561,0.18661723750099588,196,False,0.06354057599293483,0.1842402209219049,4.523637953552323,7.328757552029517e-08,16.654135338345863,2.523117870343276,0.5706380519317675,4465.8761465427115,NAMLS-reconstructed-v1,0.3402434575692989,64,70,133,63,197,wendland_c2,3.0,26,14,4,1e-10,2.0,0.0,namls,7.328756979063655e-08,3.8147362602103385e-08,3.243258817064998e-08,6.560207049810529e-08,3.387191283010793e-08,1.6239967592923676e-08,4.6477327549088177e-08,0.05102106320292633,0.0771746744381635,0.06209502367674895,0.03901672518369376,0.000779537999733293,ok,0.15755787899979623,5,False,
0.2402064889997746,0.0,0.0,0.0,ellipse,2005,0.2072239098656911,0.0,0.1,0.026577622438466154,0.03140283404853778,0.029405354625480714,0.024243126459924474,1.0,0.14278970698462345,0.07051182042664439,0.14278970698462345,0.14278970698462345,87,False,-0.5018125422669844,0.4482228319747063,4.676127256597353,1.0392384396403597e-07,16.296703296703296,2.4936088625419304,0.5751613453893204,5753.616832843323,NAMLS-reconstructed-v1,0.33284396521042353,76,109,182,73,258,wendland_c2,3.0,26,14,4,1e-10,2.0,0.0,namls,1.0392381532505193e-07,6.153351339577284e-08,5.3474972228073625e-08,1.0576289181221827e-07,4.90348028014953e-08,2.7779020639329133e-08,7.56030405502095e-08,0.024452121987043964,0.03099356529063733,0.029113251540242996,0.02605428969159489,0.0012920220001433336,ok,0.24149851099991793,5,False,
0.46698556199999075,0.0,0.0,0.0,ellipse,2005,0.14123927782729537,0.0,0.08,0.017463059108906918,0.02013820487475167,0.01889045400866534,0.014361700913140736,1.0,0.11269305388026978,0.05303769232116551,0.11269305388026978,0.11269305388026978,120,False,-0.9307408253705127,-0.6537705821317134,4.647425017030542,1.5874125201080183e-07,16.555555555555557,2.482363850132814,0.5783838528675347,9576.722450078865,NAMLS-reconstructed-v1,0.3383019350449428,95,199,297,98,392,wendland_c2,3.0,26,14,4,1e-10,2.0,0.0,namls,1.5874128678206034e-07,9.480765861269447e-08,8.422869335333871e-08,1.6394921820150898e-07,8.029690867772388e-08,3.933016445856197e-08,1.0732679456282312e-07,0.01677041605415002,0.020108073638607636,0.0192667581535246,0.017433891620365863,0.00265835700020034,ok,0.4696439190001911,5,False,
0.06313489300009678,0.0,0.0,0.0,ellipse,2006,0.9119666417894438,0.0,0.2,0.18266520753678225,0.10536212094004968,0.22667869294855608,0.28122011846388434,1.0,1.760413180560855,0.1912447182862992,1.760413180560855,1.760413180560855,46,False,-0.9504859129514319,-0.1385167868618165,4.3992170753046365,2.8035030013123838e-08,17.25,2.60285671568579,0.5620148054496259,1787.9253531737172,NAMLS-reconstructed-v1,0.3483308892284597,38,14,48,34,86,wendland_c2,3.0,26,14,4,1e-10,2.0,0.0,namls,2.8035027632711262e-08,1.2298169149715932e-08,1.1475547401218478e-08,2.5774787637544705e-08,1.113055914103711e-08,5.135893932362023e-09,1.6328601554205235e-08,0.23352812776941023,0.10724804835330545,0.3125847630215615,0.36497434322628175,0.0003263480002715369,ok,0.06346124100036832,6,False,
0.0896720920000007,0.0,0.0,0.0,ellipse,2006,0.8320893044757347,0.0,0.16,0.0917954261709484,0.060968860611772424,0.10863027480847973,0.14501014324283568,1.0,0.938005630700993,0.13642905301167166,0.938005630700993,0.938005630700993,48,False,0.9818377232591271,0.5220523778179099,4.841133387110709,4.2900616557816954e-08,17.281690140845072,2.5777436013729598,0.5669412404922243,2554.8859160962643,NAMLS-reconstructed-v1,0.3221275278230894,48,28,71,43,119,wendland_c2,3.0,26,14,4,1e-10,2.0,0.0,namls,4.2900602771622776e-08,2.232429840987038e-08,1.776228142347236e-08,3.9452743356982456e-08,1.857555242869985e-08,8.25694868034077e-09,2.5311951876003422e-08,0.11827170559134642,0.059902540500016026,0.15311761864358517,0.19072216263948175,0.0004224940003041411,ok,0.09009458600030484,6,False,
0.18344410000008793,0.0,0.0,0.0,ellipse,2006,0.25535896069977027,0.0,0.12,0.03407497451088612,0.041045953177523166,0.03847248559819889,0.03306052417226651,1.0,0.1489750694394097,0.1489750694394097,0.1489750694394097,0.09661081998504317,194,False,-0.04678247679109695,0.0908431840371752,4.669659266695471,7.28495025517824e-08,16.603053435114504,2.5112086867358627,0.5711959713676975,4625.054140981246,NAMLS-reconstructed-v1,0.3376324110996956,64,72,131,59,195,wendland_c2,3.0,26,14,4,1e-10,2.0,0.0,namls,7.284950800240386e-08,3.876202336883239e-08,3.2433933760955824e-08,6.731263077486282e-08,3.6951495601192375e-08,1.539586103049828e-08,4.427846594240448e-08,0.03153920729517977,0.042419753744794474,0.03847976680366313,0.0330411543120923,0.0007021490000624908,ok,0.18414624900015042,6,False,
0.3226645249997091,0.0,0.0,0.0,ellipse,2006,0.26301870915439596,0.0,0.1,0.025780788420668374,0.02948254121203157,0.02853305737160263,0.02629388357355777,1.0,0.14074169173094475,0.10095171413773407,0.14074169173094475,0.14074169173094475,80,False,0.5108319084225396,0.780584269975438,4.7016816268823485,9.993464798887186e-08,16.706521739130434,2.5006951985721937,0.5730702728091148,6033.092815148471,NAMLS-reconstructed-v1,0.3319698499943069,76,108,184,76,260,wendland_c2,3.0,26,14,4,1e-10,2.0,0.0,namls,9.993465431036684e-08,5.8229197463788296e-08,5.076761078193215e-08,1.0113154263064459e-07,5.038895438402857e-08,2.658293762891617e-08,7.303412410952781e-08,0.025465720972842498,0.030011875764138767,0.030271485866970718,0.030636621410466535,0.0009296350003751286,ok,0.32359416000008423,6,False,
0.3445447710000735,0.0,0.0,0.0,ellipse,2006,0.08511310058280723,0.0,0.08,0.01713731416163266,0.020224733141446086,0.018544590062058056,0.011261404437036262,1.0,0.07068178627780686,0.07068178627780686,0.07068178627780686,0.03761082195574969,251,False,0.5660456156014424,0.464049948085809,4.574705705027079,1.5380566963780764e-07,16.19322033898305,2.4671791282438935,0.5780555168870521,9402.912148774365,NAMLS-reconstructed-v1,0.3299594847525434,95,201,295,94,390,wendland_c2,3.0,26,14,4,1e-10,2.0,0.0,namls,1.5380567863765293e-07,9.207759532614546e-08,7.733894591410717e-08,1.5327331581715953e-07,8.076323305910686e-08,4.051069946164887e-08,1.0933803262780373e-07,0.015433830486207499,0.020280156712332593,0.017745777072834253,0.010432652375051523,0.0018777639998006634,ok,0.3464225349998742,6,False,
0.051229675999820756,0.0,0.0,0.0,ellipse,2007,0.7633007804487453,0.0,0.2,0.16549787676065428,0.16356575922485733,0.20555557083545153,0.22694984923405348,1.0,0.980452578358833,0.47506265509019396,0.980452578358833,0.980452578358833,38,False,0.9624128762162308,0.5117240034366201,4.837845002375897,2.59523781780946e-08,17.51063829787234,2.6592112347195656,0.5484522733387776,2059.090363427096,NAMLS-reconstructed-v1,0.3250332143389911,38,13,47,34,85,wendland_c2,3.0,26,14,4,1e-10,2.0,0.0,namls,2.5952366144998962e-08,1.1160881996374883e-08,1.0374650916133987e-08,2.36442840306772e-08,9.007017132134365e-09,4.8109514150240784e-09,1.5746027613727787e-08,0.18489274641367737,0.1677358540473436,0.24864538760341875,0.2733234312809461,0.00022615200032305438,ok,0.05145582800014381,7,False,
0.08761936099972445,0.0,0.0,0.0,ellipse,2007,0.43989090428220956,0.0,0.16,0.06874032971927184,0.083870475405748,0.08108061038281705,0.07790090985386061,1.0,0.21674150887252464,0.21674150887252464,0.21674150887252464,0.19759033181627061,95,False,0.02412811867265588,0.1989529817069369,4.429361037380864,4.0281203508903354e-08,16.726027397260275,2.560993894439113,0.5654940264829236,2849.8611347351803,NAMLS-reconstructed-v1,0.3513906286140171,48,29,73,44,121,wendland_c2,3.0,26,14,4,1e-10,2.0,0.0,namls,4.028119104937389e-08,2.0735181127662372e-08,1.6621402032512833e-08,3.6913690215634176e-08,1.7522526984947717e-08,8.957526942410254e-09,2.748743477276605e-08,0.06135104229108496,0.08648492651443977,0.07898656008569598,0.07362811411880975,0.00043844900028489064,ok,0.08805781000000934,7,False,
0.17516320699996868,0.0,0.0,0.0,ellipse,2007,0.3317893638540356,0.0,0.12,0.033437077300495395,0.03934440444475451,0.03766732801899663,0.03485276576829721,1.0,0.2085316155165367,0.09540729919028035,0.2085316155165367,0.2085316155165367,67,False,0.575557875178881,0.765189585430897,4.530746622478773,6.744625709082092e-08,16.37878787878788,2.5258078495832437,0.5698674183490692,4378.692031415718,NAMLS-reconstructed-v1,0.336110345972596,64,67,132,65,196,wendland_c2,3.0,26,14,4,1e-10,2.0,0.0,namls,6.74462352634464e-08,3.6510531931099877e-08,3.1611051998226e-08,6.571973365510075e-08,3.310668894584978e-08,1.6828786364442294e-08,4.7493184940350375e-08,0.03152232778346325,0.03900225093919358,0.03841133051568715,0.03779255877802299,0.0006521260002045892,ok,0.17581533300017327,7,False,
0.22898252300001332,0.0,0.0,0.0,ellipse,2007,0.15082224771144867,0.0,0.1,0.021999583279722505,0.02647982408726823,0.02432172449162417,0.017736827268073324,1.0,0.07119236747147636,0.07119236747147636,0.07119236747147636,0.0403710969126444,261,False,-0.07056416847037765,0.17730538604800147,4.36558790164579,9.826434571400114e-08,16.155080213903744,2.492266696800666,0.5756585717100795,6190.4589978284375,NAMLS-reconstructed-v1,0.3547487375655954,76,115,187,72,263,wendland_c2,3.0,26,14,4,1e-10,2.0,0.0,namls,9.826434421711383e-08,5.874795760973939e-08,4.709439838102014e-08,9.557186331221601e-08,4.8752017534070546e-08,2.388820341536757e-08,6.684920128563476e-08,0.019719403667119946,0.026515469326223184,0.023385725535485118,0.017246485405526223,0.0014244809999581776,ok,0.2304070039999715,7,False,
0.4314379059997009,0.0,0.0,0.0,ellipse,2007,0.10861270884806423,0.0,0.08,0.014668368636162216,0.0169902896017875,0.015889450934584565,0.011154819928517874,1.0,0.05382320808550051,0.048069088414080655,0.05382320808550051,0.05382320808550051,136,False,0.8324766517145167,-0.16761808510326143,4.9964550754276384,1.5885888636367332e-07,16.285223367697593,2.482292300174108,0.5759685146450751,9215.593604297985,NAMLS-reconstructed-v1,0.31558149233084065,95,201,291,90,386,wendland_c2,3.0,26,14,4,1e-10,2.0,0.0,namls,1.5885891047062728e-07,9.50268130850418e-08,7.57349525315476e-08,1.4975272222272906e-07,8.773517023996646e-08,4.223965177629907e-08,1.1478854888835599e-07,0.013505097322404272,0.01717485142096601,0.01555409961576388,0.011111332821160558,0.0021534980000978976,ok,0.4335914039997988,7,False,
0.06888152300007278,0.0,0.0,0.0,ellipse,2008,0.7426002721220439,0.0,0.2,0.10466270364504789,0.1124474922622627,0.13005144613402125,0.13840145008736449,1.0,0.5680653642444772,0.18144231560394086,0.5680653642444772,0.5680653642444772,50,False,-0.3618199480402876,-0.7211720948346481,4.642541617004368,2.690870092537218e-08,17.217391304347824,2.6127617884975596,0.5510628243822628,1974.546442669422,NAMLS-reconstructed-v1,0.33534288464425577,38,12,46,34,84,wendland_c2,3.0,26,14,4,1e-10,2.0,0.0,namls,2.690870859467509e-08,1.2499723922587691e-08,1.0974314568201748e-08,2.4581930824219e-08,1.1055295012774025e-08,4.377357809559612e-09,1.470666178829538e-08,0.10633311401883246,0.1138736890738581,0.14369089828541,0.15283197335863885,0.00033699100004014326,ok,0.06921851400011292,8,False,
0.07962941300002058,0.0,0.0,0.0,ellipse,2008,0.7328704465702215,0.0,0.16,0.06827758845626168,0.0578973875351794,0.08031947074191811,0.098641569668441,1.0,0.48860654661893577,0.14715888423765744,0.48860654661893577,0.48860654661893577,63,False,-0.39781517972496616,-0.7459961517029882,4.495158755732812,4.2633577184756366e-08,16.643835616438356,2.5585482577233365,0.5654390387560062,2717.427084742215,NAMLS-reconstructed-v1,0.3437538141199477,48,28,73,45,121,wendland_c2,3.0,26,14,4,1e-10,2.0,0.0,namls,4.263357243627919e-08,1.9909804027662403e-08,1.67741391887688e-08,3.543270818587902e-08,1.952480752943908e-08,7.944041202634367e-09,2.547270216632369e-08,0.07951352172002178,0.061083707438502506,0.10236989179687372,0.12115520584868295,0.00044659000013780314,ok,0.08007600300015838,8,False,
0.15878631600025983,0.0,0.0,0.0,ellipse,2008,0.4396358652341845,0.0,0.12,0.03717612445697524,0.03956882875184871,0.04199786895606004,0.04585876957092885,1.0,0.27246972614032816,0.11282291158537183,0.27246972614032816,0.27246972614032816,89,False,0.45552042773489565,-0.4662255004761402,4.691825022484433,7.043775965620111e-08,16.51145038167939,2.5095949133741513,0.5744508969689976,4243.990586270515,NAMLS-reconstructed-v1,0.32937985035649125,64,68,131,63,195,wendland_c2,3.0,26,14,4,1e-10,2.0,0.0,namls,7.04377995930372e-08,3.9805010842997035e-08,3.1366875763438884e-08,6.692134491004254e-08,3.545694848838821e-08,1.7505741745083014e-08,4.8547498933531764e-08,0.03529506162463287,0.03752539064023601,0.04306213938497946,0.04833169653027114,0.0006244149999474757,ok,0.1594107310002073,8,False,
0.22057330400002684,0.0,0.0,0.0,ellipse,2008,0.26929985779470683,0.0,0.1,0.020671275730327305,0.023459342806250418,0.02287147539848391,0.021475015556979633,1.0,0.07116049213492937,0.06146268263746002,0.07116049213492937,0.07116049213492937,106,False,0.5018125422669861,-0.44822283197470514,4.732697423419009,1.0088824592092625e-07,16.544973544973544,2.4902832922693077,0.5732646625606217,6339.006134436151,NAMLS-reconstructed-v1,0.32562700149065277,76,112,189,77,265,wendland_c2,3.0,26,14,4,1e-10,2.0,0.0,namls,1.0088823998444241e-07,5.978411676821338e-08,5.028081639935067e-08,1.0017261864447846e-07,4.928768060352695e-08,2.528931841716542e-08,6.907359528796064e-08,0.019129038449726677,0.0231229220320445,0.02265088499187316,0.021946168814348282,0.0010821649998433713,ok,0.2216554689998702,8,False,
0.39613891600038187,0.0,0.0,0.0,ellipse,2008,0.1621160986750973,0.0,0.08,0.013580407200938062,0.015379085071967813,0.014708128124581728,0.01225193813761666,1.0,0.07115008504620585,0.03890281063330869,0.07115008504620585,0.07115008504620585,95,False,1.0223861886015504,0.5397902749701909,5.01994355358242,1.5690510070555868e-07,16.32191780821918,2.4775809591397513,0.5785626355275062,9335.441099761929,NAMLS-reconstructed-v1,0.31494685026717156,95,198,292,94,387,wendland_c2,3.0,26,14,4,1e-10,2.0,0.0,namls,1.5690504095999813e-07,9.33941217695633e-08,7.576645444373753e-08,1.4768926348551759e-07,8.542438667547003e-08,4.036375500504619e-08,1.1170078195732458e-07,0.012974285256997358,0.015505593295035033,0.014936453770191337,0.01366026864924659,0.001875030999599403,ok,0.39801394699998127,8,False,
0.04708300899983442,0.0,0.0,0.0,ellipse,2009,0.8175464758016071,0.0,0.2,0.14281139431476034,0.12986602583256218,0.17865087333355217,0.19963356867045504,1.0,0.7910270393869814,0.23476765421981732,0.7910270393869814,0.7910270393869814,53,False,0.4702146793695062,-0.4032049961758867,4.612705617861466,2.658465472168761e-08,17.47826086956522,2.6448831139392643,0.5592520200217586,1709.007610518779,NAMLS-reconstructed-v1,0.33853132862489727,38,11,46,35,84,wendland_c2,3.0,26,14,4,1e-10,2.0,0.0,namls,2.6584663359585647e-08,1.183023368156455e-08,1.0406089101522298e-08,2.2990375356057704e-08,9.977343437550523e-09,4.548954102290281e-09,1.5066907721461575e-08,0.15518769702232402,0.1336077933229895,0.20970945686808765,0.22845000221947637,0.00022171000000525964,ok,0.04730471899983968,9,False,
0.08802265199983594,0.0,0.0,0.0,ellipse,2009,0.5954181750225409,0.0,0.16,0.07312177757411056,0.07265263678163068,0.08709765896200702,0.10388354650666336,1.0,0.5458497549670915,0.15137780495594044,0.5458497549670915,0.5458497549670915,69,False,0.8409142641383847,-0.0873520231240694,4.608116298787627,4.0440651753322684e-08,16.91549295774648,2.6078875966369743,0.5590713366109209,2779.63288021672,NAMLS-reconstructed-v1,0.33416905854031,48,32,71,39,119,wendland_c2,3.0,26,14,4,1e-10,2.0,0.0,namls,4.044064333408315e-08,2.1094018975986728e-08,1.7344602865065895e-08,3.741300055870589e-08,1.7225174024117218e-08,8.286527242162833e-09,2.5108280266332092e-08,0.07768740294043026,0.07284433530466118,0.10057612746318322,0.11858168952662114,0.00035202900016884087,ok,0.08837468100000478,9,False,
0.15153387300006216,0.0,0.0,0.0,ellipse,2009,0.38174862175296964,0.0,0.12,0.037551253793140824,0.041693940102831825,0.04258652649017401,0.04416216546847357,1.0,0.19063000759045345,0.12428723875112646,0.19063000759045345,0.19063000759045345,81,False,-0.8955570760759451,-0.6537898351999187,4.895126365954737,7.113155600394232e-08,16.606299212598426,2.5041913009139987,0.5723734013840291,4200.469563201519,NAMLS-reconstructed-v1,0.3180314754066721,64,67,127,60,191,wendland_c2,3.0,26,14,4,1e-10,2.0,0.0,namls,7.11315742696339e-08,3.967695594297993e-08,3.457586594812767e-08,7.05668304346041e-08,3.299808365442303e-08,1.6856336992887577e-08,4.7743592412885505e-08,0.03739776508307962,0.042238282351331945,0.04586279015509959,0.049598113860571474,0.0007596929999635904,ok,0.15229356600002575,9,False,
0.2053474249996725,0.0,0.0,0.0,ellipse,2009,0.3104188586471048,0.0,0.1,0.02082248626400838,0.022422770916125816,0.022971493035949867,0.02435049460619196,1.0,0.11951670046939888,0.06625530098433763,0.11951670046939888,0.11951670046939888,87,False,-0.5018125422669844,0.4482228319747063,4.593920924488574,1.0186053270627681e-07,16.364583333333332,2.5053607115280188,0.5734304190947286,6401.293770206046,NAMLS-reconstructed-v1,0.33353078412404535,76,119,192,73,268,wendland_c2,3.0,26,14,4,1e-10,2.0,0.0,namls,1.0186051468963342e-07,5.511435485772154e-08,5.125626545421369e-08,1.0257355498310972e-07,4.7327141705633125e-08,2.351604644346139e-08,6.41096275188887e-08,0.021299845024179486,0.022531503058081676,0.02516478511300657,0.028948367759078424,0.0010375300003033772,ok,0.2063849549999759,9,False,
0.43926669700022103,0.0,0.0,0.0,ellipse,2009,0.10098456845193421,0.0,0.08,0.018347990218343022,0.02138817945129837,0.019850826200869313,0.013281771561886287,1.0,0.05578704725417016,0.05578704725417016,0.05578704725417016,0.04640463513318621,228,False,0.447348689225804,0.4862140443139171,4.765594683022666,1.6378356876317158e-07,16.301038062283737,2.466710646594298,0.5788594828651442,9172.647870061728,NAMLS-reconstructed-v1,0.3250240692998251,95,196,289,93,384,wendland_c2,3.0,26,14,4,1e-10,2.0,0.0,namls,1.6378358358437595e-07,1.0028696850739038e-07,7.653505784688264e-08,1.588269959995614e-07,8.681289953571536e-08,4.168173006746656e-08,1.1023124968998273e-07,0.01620148996298125,0.02064099902189513,0.018675474579824554,0.013634843731835308,0.0022408909999285243,ok,0.44150758800014955,9,False,
0.03589264499987621,0.0,0.0,0.0,star,3000,0.9676934127496152,0.0,0.2,0.378107044915049,0.4220933279361031,0.5256288207102855,0.5305288178147801,1.0,3.2457040916545488,0.4220933279361031,3.2457040916545488,3.2457040916545488,66,False,0.30413942001062766,-0.8248744727342502,5.70674352079046,2.6555722603761075e-08,19.11111111111111,2.9016352407574475,0.5137374192925136,2597.5948455724065,NAMLS-reconstructed-v1,0.3032729256418623,48,1,36,35,84,wendland_c2,3.0,26,14,4,1e-10,2.0,0.0,namls,2.6555726506671817e-08,6.492691717596699e-09,5.873033614989254e-09,1.7926765849551884e-08,6.992807333183748e-09,5.495762955831651e-09,1.688504003283242e-08,0.45576196626825866,0.4220933279361031,0.6961879031020685,0.7024494022212644,0.00019655500000226311,ok,0.036089199999878474,0,False,
0.05860467899992727,0.0,0.0,0.0,star,3000,0.5451932389860337,0.0,0.16,0.05210488987585578,0.09541798115705848,0.06709305793183472,0.05626834100785995,1.0,0.21661723928335308,0.21334052495145397,0.21661723928335308,0.21661723928335308,74,False,-0.6253106680311513,0.23715149736382163,4.6121809049005895,5.248303220124782e-08,17.821428571428573,2.8774918299828123,0.5262084652411333,3847.978371938841,NAMLS-reconstructed-v1,0.33542388549338886,60,8,56,48,116,wendland_c2,3.0,26,14,4,1e-10,2.0,0.0,namls,5.248302947791217e-08,1.739637545128403e-08,1.782301217723159e-08,4.3832513618724533e-08,1.3795098578052758e-08,1.1979127689798474e-08,3.240193269249403e-08,0.04731605961023485,0.09747747465379453,0.06809944168752656,0.06186124209630866,0.00029896499972892343,ok,0.0589036439996562,0,False,
0.12265364099994258,0.0,0.0,0.0,star,3000,0.8364322774637853,0.0,0.12,0.031996012872590775,0.02576480395823873,0.038269390988046964,0.043779548762554084,1.0,0.3195837574387806,0.068831899534877,0.3195837574387806,0.3195837574387806,88,False,0.3325788237646691,0.8585999531986871,5.248732215898098,8.60827824179042e-08,17.854368932038835,2.6250603045213947,0.559509316216342,5460.069617616454,NAMLS-reconstructed-v1,0.29834400346853174,80,27,103,76,183,wendland_c2,3.0,26,14,4,1e-10,2.0,0.0,namls,8.608276758081956e-08,3.292608941052322e-08,2.811548105441375e-08,6.450699705099038e-08,2.904245401114114e-08,3.0596741140698214e-08,7.300933191345393e-08,0.03734147280287615,0.02588952977591446,0.049773522337820564,0.05585169905824002,0.0005931829996370652,ok,0.12324682399957965,0,False,
0.1686995019999813,0.0,0.0,0.0,star,3000,0.7385206042085923,0.0,0.1,0.017735023321661127,0.015051895806186386,0.02058700626565777,0.024752981629503654,1.0,0.18874221956257803,0.041621097032839005,0.18874221956257803,0.18874221956257803,96,False,0.9025779187977131,0.09090308216614809,4.884993556997026,1.1564610778820618e-07,17.10958904109589,2.5570574477643087,0.5686980020509551,7110.195912359612,NAMLS-reconstructed-v1,0.31674660245827757,95,55,146,91,241,wendland_c2,3.0,26,14,4,1e-10,2.0,0.0,namls,1.1564612689696219e-07,4.497185379648272e-08,3.939437775990484e-08,9.583340335189575e-08,4.3035397467861e-08,3.6603509556698555e-08,8.651299054918127e-08,0.019274932816376964,0.014878980962492735,0.024764237838209132,0.029156818770974993,0.0010826309999174555,ok,0.16978213299989875,0,False,
0.3272098779998487,0.0,0.0,0.0,star,3000,0.3010408353279548,0.0,0.08,0.008343672630833788,0.010073795542528427,0.009353503661311076,0.008140700225232061,1.0,0.029320939681663327,0.029320939681663327,0.029320939681663327,0.02628796088451746,290,False,0.037302173564611144,-0.16921735086804038,4.892569881596226,1.8550076111064833e-07,16.716814159292035,2.503520264454641,0.5750647319797886,9796.189037837325,NAMLS-reconstructed-v1,0.32200423625581365,119,109,226,117,345,wendland_c2,3.0,26,14,4,1e-10,2.0,0.0,namls,1.855006956930083e-07,7.920930045202113e-08,7.954701430890054e-08,1.7219204551111034e-07,7.122662104563915e-08,6.71798829898762e-08,1.515511200977926e-07,0.007386388619183487,0.0100724129251358,0.009126147450607797,0.008146276206041555,0.0013007990000915015,ok,0.3285106769999402,0,False,
0.035735616000238224,0.0,0.0,0.0,star,3001,0.998745211600485,0.0,0.2,0.3661146276583541,0.08468217125646119,0.5135472193225722,0.525493204702918,1.0,3.7271928894920436,0.08468217125646119,3.7271928894920436,3.7271928894920436,66,False,0.30413942001062766,-0.8248744727342502,5.46377190873711,3.388680334368001e-08,17.97142857142857,2.84066631700285,0.5384730245058311,2405.7717159484832,NAMLS-reconstructed-v1,0.2960390254701997,48,1,35,34,83,wendland_c2,3.0,26,14,4,1e-10,2.0,0.0,namls,3.388679903348901e-08,8.345180546598385e-09,8.866158029974258e-09,2.556387372620872e-08,7.814525082583401e-09,5.495762955831651e-09,1.688504003283242e-08,0.44928001461666156,0.08468217125646119,0.6918662157489627,0.7018167400981739,0.00021018899997216067,ok,0.035945805000210385,1,False,
0.07221707200005767,0.0,0.0,0.0,star,3001,0.7054282610073258,0.0,0.16,0.055005491088573895,0.08800468700448878,0.07068571663357931,0.06596689558460954,1.0,0.3446468124118005,0.12203594163087889,0.3446468124118005,0.3446468124118005,76,False,-0.5447280326474833,-0.1485706795091492,5.5600886826491385,4.675032383327307e-08,17.912280701754387,2.7978825517863144,0.5389721458860506,3796.479271294526,NAMLS-reconstructed-v1,0.30120657478757445,60,7,57,50,117,wendland_c2,3.0,26,14,4,1e-10,2.0,0.0,namls,4.675031329507556e-08,1.3915348429094365e-08,1.1511517739037913e-08,3.2323655356492065e-08,1.3228914408358605e-08,1.1938584565385213e-08,3.0727558275600586e-08,0.055030847552439234,0.0875902195319994,0.0788427392482731,0.0775393826942297,0.0003945610001210298,ok,0.0726116330001787,1,False,
0.11329076100037128,0.0,0.0,0.0,star,3001,0.8061087895181515,0.0,0.12,0.03431201025244528,0.02928547272560665,0.041081119912622276,0.04690106602948579,1.0,0.3997867856524139,0.06781013571101463,0.3997867856524139,0.3997867856524139,81,False,0.8791552635756316,0.09795156282756037,4.9623186020177945,9.250699664786167e-08,17.38,2.6352780413697383,0.5580010507260944,5250.8813063972875,NAMLS-reconstructed-v1,0.3274241591751141,80,27,100,73,180,wendland_c2,3.0,26,14,4,1e-10,2.0,0.0,namls,9.250699405886215e-08,3.5583191948518333e-08,2.2571705171614553e-08,5.761721766361916e-08,2.774239482583596e-08,3.308061979900856e-08,7.866230967794839e-08,0.04163399088523227,0.02784430578814335,0.055857860276391606,0.06314549524767911,0.000603765000050771,ok,0.11389452600042205,1,False,
0.16527351800004908,0.0,0.0,0.0,star,3001,0.44389940412032725,0.0,0.1,0.014894951040360713,0.01871011147884989,0.017249583970202955,0.015826307022043483,1.0,0.05178355882458058,0.038074176063006726,0.05178355882458058,0.05178355882458058,142,False,0.7407121883327672,-0.1835781728523247,4.504120751624306,1.217066851660567e-07,16.79591836734694,2.5576972837152616,0.5647300237706735,6885.701631974607,NAMLS-reconstructed-v1,0.34330550073784755,95,55,147,92,242,wendland_c2,3.0,26,14,4,1e-10,2.0,0.0,namls,1.217066980530035e-07,4.8437238220344625e-08,4.87853917263692e-08,1.0953350937370487e-07,4.277892449829739e-08,4.013252818957369e-08,9.29344007587634e-08,0.012965845500304178,0.018587992948498402,0.01663603624545579,0.01535101635432843,0.0011905779997505306,ok,0.1664640959997996,1,False,
0.27995934199998374,0.0,0.0,0.0,star,3001,0.25823893931131997,0.0,0.08,0.009563629400560589,0.011897126246712275,0.010746755567999498,0.00869214654454883,1.0,0.04321401852912765,0.0400857215562036,0.04321401852912765,0.04321401852912765,157,False,-0.7565095719141083,-0.5803991501298438,4.96700607370028,1.9437877706252322e-07,16.797356828193834,2.502801176138551,0.5724282595673816,10192.710498981136,NAMLS-reconstructed-v1,0.31103156362724604,119,110,227,117,346,wendland_c2,3.0,26,14,4,1e-10,2.0,0.0,namls,1.9437879217321097e-07,8.132756157408494e-08,7.608529273284148e-08,1.6968953531204534e-07,7.643100552456872e-08,7.224496911817369e-08,1.6236113253853546e-07,0.00828171154425676,0.01188685022812643,0.010224573954995774,0.008365742738513178,0.001342918999853282,ok,0.281302260999837,1,False,
0.04375201999982892,0.0,0.0,0.0,star,3002,0.9634075387719482,0.0,0.2,0.2926752224183861,0.23933523188520092,0.4212536779161996,0.4391121405269123,1.0,2.782302786868147,0.3270131276203072,2.782302786868147,2.782302786868147,66,False,0.30413942001062766,-0.8248744727342502,6.264394676173508,2.828902336846843e-08,18.058823529411764,2.914352900371615,0.5166844136647812,2307.6874560849683,NAMLS-reconstructed-v1,0.273376934916595,48,2,34,32,82,wendland_c2,3.0,26,14,4,1e-10,2.0,0.0,namls,2.8289007996361304e-08,7.905648580219804e-09,5.402401193066453e-09,1.817513225609458e-08,8.040851231811558e-09,5.553060899998741e-09,1.7276559904910727e-08,0.3495855836350401,0.25368941696036973,0.5429014259840371,0.5560044385741125,0.00020148400017205859,ok,0.043953504000000976,2,False,
0.05706955799996649,0.0,0.0,0.0,star,3002,0.5861951057593179,0.0,0.16,0.046381817113619175,0.0849445329443665,0.06002363303476089,0.051594374530259876,1.0,0.30040835305921665,0.1412248833283663,0.30040835305921665,0.30040835305921665,83,False,0.08975796168561298,-0.7533073668457827,4.8150565507128755,5.462838472074025e-08,17.31578947368421,2.7326787809942794,0.5471374520045497,3252.4762540060065,NAMLS-reconstructed-v1,0.3204484993227805,60,8,57,49,117,wendland_c2,3.0,26,14,4,1e-10,2.0,0.0,namls,5.4628381818133676e-08,1.767200652480483e-08,1.8117261246786143e-08,4.5219652022865375e-08,1.6444665892900723e-08,1.1931431176392948e-08,3.140483606500766e-08,0.046217344014193876,0.08517398999986454,0.06621562568860177,0.06257732348030956,0.0003081199997723161,ok,0.05737767799973881,2,False,
0.10150275500018324,0.0,0.0,0.0,star,3002,0.8167341104543592,0.0,0.12,0.03205003011715732,0.025484433375152812,0.03879460051604443,0.04622335718198023,1.0,0.22499988555977718,0.05331143152073792,0.22499988555977718,0.22499988555977718,119,False,0.8211096193971628,-0.1373016865485837,4.82452626504204,8.108704246833744e-08,17.666666666666668,2.6662602149352033,0.5535170969009208,5043.1284427055,NAMLS-reconstructed-v1,0.32353777646224574,80,30,99,69,179,wendland_c2,3.0,26,14,4,1e-10,2.0,0.0,namls,8.108705851217479e-08,3.109575485993332e-08,2.720028446923095e-08,6.530342755439733e-08,2.9019062514068494e-08,2.54792964504702e-08,6.210319358768146e-08,0.035708105011909026,0.02550342234450863,0.04801486603483085,0.054999943627831595,0.0005639409996547329,ok,0.10206669599983798,2,False,
0.15806449299998349,0.0,0.0,0.0,star,3002,0.6354742574013487,0.0,0.1,0.019268608342780918,0.01943457176840819,0.022383316575641386,0.02482862111973367,1.0,0.21128720719568905,0.05738981047679664,0.21128720719568905,0.21128720719568905,104,False,0.3333786996870049,0.8735025082237651,5.091700386777887,1.1462358871068432e-07,17.22222222222222,2.5777433084938988,0.5603288840307215,6903.7244031925675,NAMLS-reconstructed-v1,0.31974599724049946,95,54,144,90,239,wendland_c2,3.0,26,14,4,1e-10,2.0,0.0,namls,1.14623574631878e-07,4.1228526370673535e-08,3.87318035421913e-08,9.468161010772747e-08,4.0485936381173815e-08,3.83423779393155e-08,8.896728721390573e-08,0.021179632487575865,0.01996714292620722,0.02728576436453507,0.030854636947300784,0.000980755999989924,ok,0.1590452489999734,2,False,
0.2711220669998511,0.0,0.0,0.0,star,3002,0.3060950612807115,0.0,0.08,0.009562479240192493,0.011306754659216177,0.010765088885236807,0.00977836281736845,1.0,0.0376280117065025,0.0305102424724345,0.0376280117065025,0.0376280117065025,166,False,0.01654127694746335,-0.7259953567395259,4.746165274616346,1.8741763183083146e-07,16.836363636363636,2.5403598878677203,0.5689136270078536,9876.260470454366,NAMLS-reconstructed-v1,0.33058780893359946,119,109,220,111,339,wendland_c2,3.0,26,14,4,1e-10,2.0,0.0,namls,1.8741760118867598e-07,7.707662819100847e-08,7.735856755175519e-08,1.680902231166149e-07,7.243164690251547e-08,5.991871332433618e-08,1.367709640681669e-07,0.008432795473083992,0.011301268047538107,0.010467912309747418,0.009579279206945292,0.0013448720001179026,ok,0.272466938999969,2,False,
0.037565521000033186,0.0,0.0,0.0,star,3003,0.9610485619929446,0.0,0.2,0.17029093335813877,0.12491896628834108,0.23388263737505047,0.24674579407503078,1.0,1.1559718503274263,0.21666967968337816,1.1559718503274263,1.1559718503274263,60,False,-0.5470711752408862,-0.18358034994141717,4.635008683269738,2.7209898944775494e-08,18.243243243243242,2.6540871481064485,0.5498027436980026,2261.274838460234,NAMLS-reconstructed-v1,0.3359855261186934,48,3,37,34,85,wendland_c2,3.0,26,14,4,1e-10,2.0,0.0,namls,2.7209901234948042e-08,6.80602019187404e-09,6.935535701302342e-09,2.0122725800820824e-08,7.251871991797998e-09,5.553799642399326e-09,1.732913820426396e-08,0.20569150039398154,0.12785085855684294,0.3117632692257372,0.3230018624657948,0.000210777000120288,ok,0.037776298000153474,3,False,
0.05884207100007188,0.0,0.0,0.0,star,3003,0.5635156306785565,0.0,0.16,0.047060280814142846,0.08643295744632137,0.060486587170060155,0.05120763565804026,1.0,0.25704673594553695,0.12097693410674354,0.25704673594553695,0.25704673594553695,86,False,0.366492804491621,-0.5594079803786647,4.860187570808953,5.511248378588614e-08,17.70175438596491,2.732759602703335,0.5463653983266858,3330.444265050624,NAMLS-reconstructed-v1,0.31912858089252766,60,8,57,49,117,wendland_c2,3.0,26,14,4,1e-10,2.0,0.0,namls,5.511247458400703e-08,1.7789012041191654e-08,1.823220374674861e-08,4.5574689799821044e-08,1.3522734265691838e-08,1.1847701708589398e-08,3.1208414519312555e-08,0.0454337568737036,0.08761779068790182,0.06509297976647412,0.06062589446221684,0.00034858999970310833,ok,0.05919066099977499,3,False,
0.11950066400004289,0.0,0.0,0.0,star,3003,0.6624011022365709,0.0,0.12,0.024083286340343964,0.027826485825276047,0.028855282941465884,0.029425525013575222,1.0,0.15735254886882633,0.05669446006384504,0.15735254886882633,0.15735254886882633,117,False,0.5048044205196557,-0.22801068051808746,5.089689381509418,8.414715815882647e-08,17.431372549019606,2.6346007731754493,0.5604516889518518,5150.732895915093,NAMLS-reconstructed-v1,0.3051346665452099,80,28,102,74,182,wendland_c2,3.0,26,14,4,1e-10,2.0,0.0,namls,8.41471688169675e-08,3.28572888896872e-08,2.625287587321168e-08,6.06867942565259e-08,2.7344756681202398e-08,3.0559569097476924e-08,7.203404188529996e-08,0.025823020493920313,0.027933605119881962,0.03449392764294642,0.03667143196452647,0.0005929079998168163,ok,0.1200935719998597,3,False,
0.15516445399998702,0.0,0.0,0.0,star,3003,0.7035875471643978,0.0,0.1,0.019613364871796737,0.017355557270483202,0.022838498522554082,0.027459148360685224,1.0,0.1558987533767433,0.042740393008652344,0.1558987533767433,0.1558987533767433,135,False,0.3333786996870061,-0.873502508223764,5.006595198089318,1.1905456002895899e-07,17.573426573426573,2.5346825872419605,0.5671683365359561,6574.537527651162,NAMLS-reconstructed-v1,0.30963051869525743,95,55,143,88,238,wendland_c2,3.0,26,14,4,1e-10,2.0,0.0,namls,1.1905454755378742e-07,4.60753692976823e-08,3.251311220253683e-08,8.840131116016892e-08,4.280545429224958e-08,3.690996464023044e-08,8.806189005428262e-08,0.021263014111491257,0.017616096853045077,0.027431230357583172,0.03207512050721903,0.0009657560003688559,ok,0.15613021000035587,3,False,
0.3028178250001474,0.0,0.0,0.0,star,3003,0.36519081873000847,0.0,0.08,0.009442883508082749,0.010692026994578002,0.010591708173517697,0.010423847582634786,1.0,0.061826691962995145,0.03920363079937861,0.061826691962995145,0.061826691962995145,170,False,0.32534790656365015,-0.8942381701283225,4.921743414890596,1.954503634759899e-07,16.515151515151516,2.5230249829954894,0.5699303675672656,10251.960607994954,NAMLS-reconstructed-v1,0.3152071648339223,119,117,231,114,350,wendland_c2,3.0,26,14,4,1e-10,2.0,0.0,namls,1.9545036169963307e-07,8.355054736952638e-08,6.465598811900009e-08,1.490859453667781e-07,7.264967671893885e-08,7.786158673361854e-08,1.747796602970375e-07,0.008802081670844317,0.010822136681039094,0.010834613565860834,0.010847403867161341,0.0014955669998926169,ok,0.30431339200004004,3,False,
0.03761966999991273,0.0,0.0,0.0,star,3004,0.9272418581407261,0.0,0.2,0.16316361949320324,0.14703845357636272,0.22718469493398186,0.24066027195027978,1.0,1.403037252368251,0.24575201569456795,1.403037252368251,1.403037252368251,52,False,0.3374840457948018,0.7479494562408507,4.658261918594559,2.7799115840504087e-08,18.35135135135135,2.8261699570506496,0.5271523965897864,2552.8234480115407,NAMLS-reconstructed-v1,0.335003667897374,48,4,37,33,85,wendland_c2,3.0,26,14,4,1e-10,2.0,0.0,namls,2.7799107460424466e-08,7.776491006694641e-09,7.066063956173707e-09,1.9875473300894283e-08,7.889039421726807e-09,5.487581056229374e-09,1.719150308221451e-08,0.18988485594943172,0.148067482949289,0.28780539474826616,0.3003576684091437,0.0002600650000204041,ok,0.037879734999933135,4,False,
0.08394038799997361,0.0,0.0,0.0,star,3004,0.8004502660114814,0.0,0.16,0.04301034018794699,0.05557827442097836,0.05468176617936086,0.054464944553749735,1.0,0.32967634951313673,0.08539524721912653,0.32967634951313673,0.32967634951313673,76,False,-0.5447280326474833,-0.1485706795091492,4.807893149156166,5.452149718321987e-08,17.333333333333332,2.7185343831766553,0.5428437303577589,3724.1315535489784,NAMLS-reconstructed-v1,0.3210809968446202,60,8,60,52,120,wendland_c2,3.0,26,14,4,1e-10,2.0,0.0,namls,5.452148001692039e-08,1.7654479211870466e-08,1.809900540550302e-08,4.514685620488068e-08,1.3316918900940777e-08,1.1625654661173712e-08,3.3008582533966546e-08,0.045474415114872005,0.05568715243113311,0.06431053459643606,0.06553657523117823,0.00039917200001582387,ok,0.08433955999998943,4,False,
0.16984668700024486,0.0,0.0,0.0,star,3004,0.7738324515385285,0.0,0.12,0.02687743978546416,0.024062010655852117,0.032426837594012714,0.03716016224358656,1.0,0.2123749772569854,0.055167828857315804,0.2123749772569854,0.2123749772569854,113,False,0.3648313892474991,-0.8058576447194922,4.584070369006472,9.064834336080098e-08,17.46,2.6237646268589714,0.5549968395005502,5261.655873742409,NAMLS-reconstructed-v1,0.33869806355211685,80,30,100,70,180,wendland_c2,3.0,26,14,4,1e-10,2.0,0.0,namls,9.064834927130505e-08,3.485259902902271e-08,3.078978005888189e-08,6.94736387422967e-08,2.9796772920076362e-08,3.2388763671065135e-08,7.70617383238914e-08,0.027401494774793863,0.02414971466270453,0.03676296300092663,0.04099743603691204,0.000758065999889368,ok,0.17060475300013422,4,False,
0.18054527999993297,0.0,0.0,0.0,star,3004,0.6225463928654051,0.0,0.1,0.01884449411338592,0.01942824927337809,0.021923496154584502,0.024002670023878903,1.0,0.17450831250941623,0.05100559820083661,0.17450831250941623,0.17450831250941623,115,False,-0.7831409257838237,0.510723290677701,4.780667241557805,1.2235344246421913e-07,17.153846153846153,2.5259463525011645,0.5693297981200196,6663.058454705384,NAMLS-reconstructed-v1,0.32812847118720945,95,52,143,91,238,wendland_c2,3.0,26,14,4,1e-10,2.0,0.0,namls,1.223534553673744e-07,4.8139103370203884e-08,4.412118714824942e-08,9.881796763426759e-08,4.721084501113637e-08,4.386433483105634e-08,1.0082846468861817e-07,0.020298416587793133,0.019233043669992903,0.026186811446126137,0.02943176164723404,0.0007451689998561051,ok,0.18129044899978908,4,False,
0.27693476300009934,0.0,0.0,0.0,star,3004,0.33886808626099496,0.0,0.08,0.00990688218000163,0.011651582344475643,0.011121567927944042,0.010266725278146588,1.0,0.04214784865752236,0.0319799664983369,0.04214784865752236,0.04214784865752236,239,False,-0.5087407504450403,0.11754013263694406,4.378095729760389,1.9039597444346957e-07,16.814977973568283,2.5299874402648483,0.5706059120783914,10833.454474230453,NAMLS-reconstructed-v1,0.35732976393744476,119,110,227,117,346,wendland_c2,3.0,26,14,4,1e-10,2.0,0.0,namls,1.9039600429593406e-07,8.006989427045141e-08,6.936003682511682e-08,1.5067870107188241e-07,7.74359654176493e-08,6.362544335836162e-08,1.5178223122802592e-07,0.008809267052822001,0.01153820632537539,0.010875892258448566,0.010214109474586074,0.0012877789999947709,ok,0.2782225420000941,4,False,
0.03807976300004157,0.0,0.0,0.0,star,3005,0.9985448338908618,0.0,0.2,0.2627385942560746,0.06262765790355379,0.3667783719642886,0.3760149670135344,1.0,2.5798935216593812,0.06262765790355379,2.5798935216593812,2.5798935216593812,66,False,0.30413942001062766,-0.8248744727342502,6.078070022254262,2.7081029982798563e-08,18.61111111111111,2.7841540531985354,0.5235205311012912,2472.6844982146868,NAMLS-reconstructed-v1,0.28320273651131794,48,1,36,35,84,wendland_c2,3.0,26,14,4,1e-10,2.0,0.0,namls,2.7081043629806345e-08,6.520152417976988e-09,4.2926486809591324e-09,1.5393370280694602e-08,7.012551525575894e-09,5.492525767536449e-09,1.7241665470346668e-08,0.3209147617127204,0.06262765790355379,0.4902053957257525,0.49704629437785813,0.00021402899983513635,ok,0.0382937919998767,5,False,
0.07725577099972725,0.0,0.0,0.0,star,3005,0.6684188788168225,0.0,0.16,0.04468773002222487,0.07450423407266099,0.05774676917715335,0.05275811358749301,1.0,0.2556088339973702,0.12536205794796226,0.2556088339973702,0.2556088339973702,86,False,0.366492804491621,-0.5594079803786647,5.8015834195576685,4.899909586490628e-08,17.79310344827586,2.6942576126770996,0.5473213286152336,3527.769704952654,NAMLS-reconstructed-v1,0.29381125719899115,60,7,58,51,118,wendland_c2,3.0,26,14,4,1e-10,2.0,0.0,namls,4.899910521771744e-08,1.5741401071522887e-08,1.176169694971918e-08,3.3170992977933515e-08,1.2493094628251988e-08,1.447227804263207e-08,3.810922777347514e-08,0.04570792477155299,0.07910769546359037,0.06519563366710225,0.06304699543242524,0.00032111500013343175,ok,0.07757688599986068,5,False,
0.11811315099976127,0.0,0.0,0.0,star,3005,0.6912437007099448,0.0,0.12,0.027711555536524206,0.029595586481804093,0.03313471632418612,0.03518634276354576,1.0,0.32544705685721387,0.06957990297356598,0.32544705685721387,0.32544705685721387,88,False,0.3325788237646691,0.8585999531986871,4.978712526402144,8.5771245372186e-08,17.403846153846153,2.61435933350952,0.5614958412417859,5526.719240766874,NAMLS-reconstructed-v1,0.3153196364380846,80,30,104,74,184,wendland_c2,3.0,26,14,4,1e-10,2.0,0.0,namls,8.577124140096704e-08,3.313092822310182e-08,3.206929277688175e-08,7.280419395128135e-08,2.965826340073363e-08,3.081630128853874e-08,7.308083698961965e-08,0.03077019947338764,0.029818917951033135,0.04092819137459157,0.04465136968378077,0.0006303489999481826,ok,0.11874349999970946,5,False,
0.19681389500010482,0.0,0.0,0.0,star,3005,0.4216571116723621,0.0,0.1,0.01467777684999816,0.018432171379948455,0.01703656460912109,0.015553223482177815,1.0,0.09093636097109867,0.06047001100427314,0.09093636097109867,0.09093636097109867,135,False,0.3333786996870061,-0.873502508223764,4.803468647436088,1.1273493876766151e-07,16.862068965517242,2.549694235679733,0.56934515049234,6869.293697491462,NAMLS-reconstructed-v1,0.32002517388502927,95,55,145,90,240,wendland_c2,3.0,26,14,4,1e-10,2.0,0.0,namls,1.1273494543440066e-07,4.607040127169171e-08,4.076454018786535e-08,9.438412718054678e-08,4.2096518271250716e-08,4.2953937740008996e-08,9.871905554126315e-08,0.013768930304917177,0.018705187302454875,0.017714211325451625,0.017080334454474714,0.0009286989998145145,ok,0.19774259399991934,5,False,
0.26514833800001725,0.0,0.0,0.0,star,3005,0.26887657348008887,0.0,0.08,0.009515046634847089,0.011718425966979404,0.010697491547123147,0.008874112440851926,1.0,0.03460550575786897,0.03460550575786897,0.03460550575786897,0.03126503833554939,307,False,0.001491409611389674,-0.12947921372665755,4.594343337257228,1.8796415166642656e-07,16.892857142857142,2.5475447685348724,0.5695971350650673,10200.016468686874,NAMLS-reconstructed-v1,0.34074664356577716,119,109,224,115,343,wendland_c2,3.0,26,14,4,1e-10,2.0,0.0,namls,1.879642253852354e-07,7.60735714422367e-08,7.614343222606124e-08,1.6954748111301675e-07,6.937922947258812e-08,6.401642416165032e-08,1.4437200901440406e-07,0.008269003185137066,0.011546098092072786,0.010232369395261263,0.008808128827227521,0.001960862000032648,ok,0.2671092000000499,5,False,
0.03632941600017148,0.0,0.0,0.0,star,3006,0.9844157116294576,0.0,0.2,0.18948889592902748,0.0881496047213169,0.2692672411197081,0.2889984426652763,1.0,1.2789271067217078,0.15257824323522567,1.2789271067217078,1.2789271067217078,66,False,0.30413942001062766,-0.8248744727342502,5.056113391936735,2.7582845967760374e-08,18.314285714285713,2.8782566935647975,0.5073054074101477,2638.378069603007,NAMLS-reconstructed-v1,0.3237415861207832,48,3,35,32,83,wendland_c2,3.0,26,14,4,1e-10,2.0,0.0,namls,2.7582839123851954e-08,7.658871314930593e-09,6.2336136252838514e-09,1.8646733934701842e-08,7.801169654708673e-09,5.545811365692543e-09,1.731917929209681e-08,0.22849703965355608,0.09058894744231505,0.35187272300512373,0.3669504986043034,0.00019770999961110647,ok,0.036527125999782584,6,False,
0.057321201999911864,0.0,0.0,0.0,star,3006,0.8368978792037324,0.0,0.16,0.05333636534532573,0.06750335755696553,0.06890700769005599,0.06919089991216282,1.0,0.2701618877788121,0.1401406897734498,0.2701618877788121,0.2701618877788121,76,False,-0.5447280326474833,-0.1485706795091492,4.885325879807362,5.334200621057713e-08,18.19298245614035,2.805858494103899,0.5398126831696899,3363.8859669722156,NAMLS-reconstructed-v1,0.31495253043119664,60,6,57,51,117,wendland_c2,3.0,26,14,4,1e-10,2.0,0.0,namls,5.3342033012881984e-08,1.7473189561911795e-08,1.7907949789730537e-08,4.435477851671976e-08,1.590046555793173e-08,1.5611743453547433e-08,3.9631421699937164e-08,0.05520702069744326,0.06800674358421664,0.07909514265385148,0.08029905716660264,0.0003766760000871727,ok,0.05769787799999904,6,False,
0.12840849999975035,0.0,0.0,0.0,star,3006,0.5779776079284371,0.0,0.12,0.020377372758084825,0.026210132251615604,0.024501621458229997,0.023445830081096103,1.0,0.1441254458259733,0.05582313052959864,0.1441254458259733,0.1441254458259733,109,False,-0.06085789871544931,-0.5505567087689018,4.615321744443571,8.543705593593353e-08,17.352941176470587,2.6143138884774517,0.5607814832399932,5187.013129839502,NAMLS-reconstructed-v1,0.3412349317712092,80,27,102,75,182,wendland_c2,3.0,26,14,4,1e-10,2.0,0.0,namls,8.543703302059565e-08,3.202323295425913e-08,2.7496384724656764e-08,6.278126241099358e-08,3.01320635767336e-08,2.8131638352135724e-08,6.656810569438676e-08,0.019719258523746907,0.025975248625046556,0.02634063187344111,0.02647093523435541,0.0008585270002186007,ok,0.12926702699996895,6,False,
0.16234867999992275,0.0,0.0,0.0,star,3006,0.35496847818172717,0.0,0.1,0.014836226235530327,0.019935183272692926,0.01720591551161259,0.014222669931540153,1.0,0.09043532991339043,0.058468231832458445,0.09043532991339043,0.09043532991339043,109,False,-0.11020694270919792,0.5076230249600959,4.422032722039606,1.1810823229868422e-07,16.724137931034484,2.5899048480596822,0.5602203844871293,7356.061572256051,NAMLS-reconstructed-v1,0.34917148180598956,95,53,145,92,240,wendland_c2,3.0,26,14,4,1e-10,2.0,0.0,namls,1.1810823652425029e-07,4.458665703310771e-08,4.235434225563495e-08,9.627574826254204e-08,4.2243899933680495e-08,4.15386505192572e-08,9.59079300422161e-08,0.012896518203674,0.019163771134026925,0.01659182258630724,0.014910088155684665,0.001123557000028086,ok,0.16347223699995084,6,False,
0.2830862020000495,0.0,0.0,0.0,star,3006,0.27418806837301474,0.0,0.08,0.008578025407392519,0.010446725939848989,0.009622376603654908,0.008128658976649323,1.0,0.02936047357652455,0.02936047357652455,0.02936047357652455,0.021445437631037012,338,False,0.04060292471543624,-0.17572869698339832,4.395610426205176,1.9711293904003058e-07,16.568281938325992,2.519403705038854,0.5709162884481588,10159.124712908888,NAMLS-reconstructed-v1,0.3509377499153168,119,111,227,116,346,wendland_c2,3.0,26,14,4,1e-10,2.0,0.0,namls,1.971129677258432e-07,7.820997538487973e-08,7.434120985472248e-08,1.6156408113449094e-07,7.295328233802861e-08,7.178678629315982e-08,1.686377117948723e-07,0.007306746238393309,0.010602070391198978,0.009020884980792246,0.007189313504080053,0.0012211470002512215,ok,0.28430734900030075,6,False,
0.07372553300001528,0.0,0.0,0.0,star,3007,0.9864150413680108,0.0,0.2,0.251479546774169,0.11142831464953946,0.3494909545409104,0.37292095509731965,1.0,1.9697544569906293,0.13788397124247517,1.9697544569906293,1.9697544569906293,66,False,0.30413942001062766,-0.8248744727342502,5.2035843201074705,3.035771508380718e-08,18.513513513513512,2.799350974146182,0.5371045538599057,2536.93688095307,NAMLS-reconstructed-v1,0.31998306540093097,48,3,37,34,85,wendland_c2,3.0,26,14,4,1e-10,2.0,0.0,namls,3.03577119751511e-08,7.9065185509819e-09,8.106413096342635e-09,2.313825667483592e-08,8.04162941491371e-09,5.660438340271412e-09,1.7336199895773285e-08,0.3067208064167099,0.11358451218762765,0.4648917488805769,0.48379310685977744,0.000211763000152132,ok,0.07393729600016741,7,False,
0.07860590400014189,0.0,0.0,0.0,star,3007,0.6012868010076524,0.0,0.16,0.05662258023291723,0.0961977865191821,0.07275394208577818,0.0642103096877425,1.0,0.2771522947495627,0.15034902638746284,0.2771522947495627,0.2771522947495627,86,False,0.366492804491621,-0.5594079803786647,4.532721542105892,5.40937934226908e-08,17.70175438596491,2.7235510015345787,0.546113829040501,3456.7599851218965,NAMLS-reconstructed-v1,0.33805666437104614,60,8,57,49,117,wendland_c2,3.0,26,14,4,1e-10,2.0,0.0,namls,5.409379255638669e-08,1.8347174890465112e-08,1.8735084594823093e-08,4.552558863224476e-08,1.2430487084102992e-08,1.5059038904752242e-08,3.768898171330193e-08,0.05750551308539771,0.0992497968348891,0.08238819453416185,0.07929552767402524,0.0003278579997640918,ok,0.07893376199990598,7,False,
0.12007374599988907,0.0,0.0,0.0,star,3007,0.6702072190632014,0.0,0.12,0.03263692510725429,0.03421048810533726,0.039120190190449634,0.042466167020079076,1.0,0.17196760529891236,0.07708938237751409,0.17196760529891236,0.17196760529891236,109,False,-0.06085789871544931,-0.5505567087689018,5.115077891025592,8.599778869312915e-08,17.83495145631068,2.645347266569676,0.5526949957932823,5406.749843152592,NAMLS-reconstructed-v1,0.3126140815032603,80,32,103,71,183,wendland_c2,3.0,26,14,4,1e-10,2.0,0.0,namls,8.599777157058952e-08,3.328378594957826e-08,2.5545329407350437e-08,6.521699802419789e-08,3.053241837136511e-08,3.095697720389978e-08,7.333858587088571e-08,0.033855657774696866,0.03446541118406311,0.04512717930024149,0.049182607700488906,0.0006303000000116299,ok,0.1207040459999007,7,False,
0.18470439900011115,0.0,0.0,0.0,star,3007,0.5238522542029056,0.0,0.1,0.01615339738665943,0.018571343254983465,0.0187737505489555,0.01896358527319666,1.0,0.11546060588626839,0.049544226946529046,0.11546060588626839,0.11546060588626839,101,False,0.3945207245540274,0.51121802450368,4.731385920157853,1.29289151955909e-07,16.929577464788732,2.5774020175074788,0.5663635562168103,6672.826538434585,NAMLS-reconstructed-v1,0.32687877778445235,95,54,142,88,237,wendland_c2,3.0,26,14,4,1e-10,2.0,0.0,namls,1.2928914827625704e-07,4.586150126328903e-08,4.1586239118984736e-08,9.324117034026358e-08,4.38718217310452e-08,4.4413713595758963e-08,1.0752923884638221e-07,0.015857208758165573,0.018761888236387504,0.020485980004062102,0.021475527082296754,0.0007366299996647285,ok,0.18544102899977588,7,False,
0.29132046099994113,0.0,0.0,0.0,star,3007,0.28548408435355155,0.0,0.08,0.010624258649232296,0.013046055089650907,0.011938142886645957,0.01006428183597805,1.0,0.03936655622721319,0.02897254432767632,0.03936655622721319,0.03936655622721319,137,False,-0.11132605605076223,0.5214491042153595,4.689227308953085,2.010598451643346e-07,16.894736842105264,2.511271728748084,0.5748722914582105,10146.090691879244,NAMLS-reconstructed-v1,0.3358019917218911,119,109,228,119,347,wendland_c2,3.0,26,14,4,1e-10,2.0,0.0,namls,2.010597910384604e-07,8.485392655188662e-08,7.747500241350735e-08,1.6741166142253405e-07,7.366796455700725e-08,7.59473834932578e-08,1.749616416191202e-07,0.0093926223350451,0.013218310638490084,0.011587351307187587,0.009859484497964583,0.0013019859998166794,ok,0.2926224469997578,7,False,
0.04103053300013926,0.0,0.0,0.0,star,3008,0.988058119295742,0.0,0.2,0.2154995617252173,0.08829465357527597,0.3002894774674554,0.32152160995248275,1.0,2.279579746092469,0.10928881699971815,2.279579746092469,2.279579746092469,66,False,0.30413942001062766,-0.8248744727342502,5.460622966246984,3.391486563162028e-08,17.72222222222222,2.7974492350325413,0.5319001510633586,2452.9658926494685,NAMLS-reconstructed-v1,0.29640934244471706,48,3,36,33,84,wendland_c2,3.0,26,14,4,1e-10,2.0,0.0,namls,3.391486919079867e-08,8.367923243213227e-09,8.888176639132439e-09,2.5597494936191456e-08,8.0416765063302e-09,7.270210655718756e-09,2.1363060209722562e-08,0.26352838871607354,0.08648903864447752,0.4025462630203845,0.41963637642980134,0.00023035599997456302,ok,0.04126088900011382,8,False,
0.07099292800012336,0.0,0.0,0.0,star,3008,0.8139705519245646,0.0,0.16,0.0502709687254618,0.06232982122646139,0.06440873666041931,0.06491377744618669,1.0,0.3030677879663489,0.10593261050334717,0.3030677879663489,0.3030677879663489,76,False,-0.5447280326474833,-0.1485706795091492,4.763583735517293,5.3796946919961754e-08,17.655172413793103,2.7340335770317745,0.5543604510880293,3358.886440955161,NAMLS-reconstructed-v1,0.3250015307399526,60,7,58,51,118,wendland_c2,3.0,26,14,4,1e-10,2.0,0.0,namls,5.3796943330630675e-08,1.7516559758234962e-08,1.7955770204025612e-08,4.463572417234829e-08,1.5434977296280294e-08,1.16784124593039e-08,3.359955513815294e-08,0.052022500343633905,0.06318905619449064,0.07420244720804073,0.07558895372628362,0.0005299539998304681,ok,0.07152288199995382,8,False,
0.11495893499977683,0.0,0.0,0.0,star,3008,0.7175483885541186,0.0,0.12,0.03575886786630231,0.035184306643633055,0.043150666745697806,0.04819668584123336,1.0,0.3666003505029836,0.09068646142158479,0.3666003505029836,0.3666003505029836,113,False,0.3648313892474991,-0.8058576447194922,4.935977303744437,8.847968278475909e-08,17.833333333333332,2.612342307814435,0.5585392462798932,4919.937980843055,NAMLS-reconstructed-v1,0.3121114684737897,80,29,96,67,176,wendland_c2,3.0,26,14,4,1e-10,2.0,0.0,namls,8.847969613229312e-08,3.0429747610583036e-08,2.7546153136270846e-08,7.027984176045943e-08,3.001357562482099e-08,2.7256448209556083e-08,6.741924205846614e-08,0.03936309085819356,0.03603511976477168,0.05329787697618986,0.05922967545084702,0.00048330900017390377,ok,0.11544224399995073,8,False,
0.1561732669997582,0.0,0.0,0.0,star,3008,0.4928030927312522,0.0,0.1,0.015359037086985142,0.01774555160079244,0.017783793215715802,0.017823411107397418,1.0,0.08683580194547688,0.0495937996444806,0.08683580194547688,0.08683580194547688,135,False,0.3333786996870061,-0.873502508223764,4.558743359493322,1.1266216053775117e-07,17.248275862068965,2.574092637627129,0.5628819883322193,7257.990848150001,NAMLS-reconstructed-v1,0.3372000468905235,95,57,145,88,240,wendland_c2,3.0,26,14,4,1e-10,2.0,0.0,namls,1.1266215160787851e-07,4.5670587311974487e-08,4.597390246274813e-08,1.0220933788218645e-07,4.015613785934846e-08,4.241091855483603e-08,9.797419653345685e-08,0.01490612662411749,0.01745686612694833,0.019177254239514892,0.020213610021997966,0.0007590330001221446,ok,0.15693229999988034,8,False,
0.3508258060001026,0.0,0.0,0.0,star,3008,0.411449262550368,0.0,0.08,0.009200770825373714,0.010093528711036009,0.010341494869854294,0.01073024260118463,1.0,0.0586161475455485,0.03927083376953311,0.0586161475455485,0.0586161475455485,120,False,0.9263423378042152,0.08004163910588055,4.447045658435177,1.7901755138778792e-07,16.8141592920354,2.531021818139399,0.5712602581979632,10080.743176977925,NAMLS-reconstructed-v1,0.35141271889790743,119,113,226,113,345,wendland_c2,3.0,26,14,4,1e-10,2.0,0.0,namls,1.7901754545412984e-07,7.403183310827899e-08,6.283514064620022e-08,1.4868287934177715e-07,6.99289444128226e-08,6.894435977677915e-08,1.55543600264279e-07,0.008616724012279068,0.010053557194428313,0.01064627085461209,0.011207682809478698,0.001241179999851738,ok,0.35206698599995434,8,False,
0.04118615300012607,0.0,0.0,0.0,star,3009,0.9869800424733585,0.0,0.2,0.2693769160943732,0.14231192119932076,0.36972000790489434,0.384592069258038,1.0,2.55251583047502,0.20528866085621894,2.55251583047502,2.55251583047502,66,False,0.30413942001062766,-0.8248744727342502,5.048699108724523,2.661217736271919e-08,18.2972972972973,2.803265697049592,0.5285798542096348,2542.194322182513,NAMLS-reconstructed-v1,0.3261667122621311,48,2,37,35,85,wendland_c2,3.0,26,14,4,1e-10,2.0,0.0,namls,2.661216891297613e-08,6.797886253906427e-09,5.359945376426367e-09,1.6675276270916584e-08,7.263007084645778e-09,5.504556366275892e-09,1.688504003283242e-08,0.32430021579405977,0.14538153428399186,0.4915365743986105,0.5041890792131951,0.00020605999998224434,ok,0.04139221300010831,9,False,
0.09434129100009159,0.0,0.0,0.0,star,3009,0.8822629647878306,0.0,0.16,0.06412867000950462,0.05723334851675355,0.08203536701236276,0.08849808984152693,1.0,0.46863296184345127,0.09769157746545021,0.46863296184345127,0.46863296184345127,66,False,0.32811991510654137,0.8286748229899237,4.733324918933898,5.352524596945263e-08,17.915254237288135,2.6858128791838136,0.5507599498920395,3401.505513276178,NAMLS-reconstructed-v1,0.32740749324273627,60,9,59,50,119,wendland_c2,3.0,26,14,4,1e-10,2.0,0.0,namls,5.352523402279985e-08,1.7501199156555458e-08,1.7937246354904346e-08,4.447695545195529e-08,1.557621910336373e-08,1.181160547147897e-08,3.108278967545175e-08,0.07639251442371647,0.057047597976646575,0.10849214100548982,0.1153405634651751,0.0005812809999952151,ok,0.0949225720000868,9,False,
0.13386077799987106,0.0,0.0,0.0,star,3009,0.6900507619106078,0.0,0.12,0.023698085485745618,0.026017943602796374,0.028483359429604192,0.029844870789695662,1.0,0.2204430119635136,0.048977016454062466,0.2204430119635136,0.2204430119635136,81,False,0.8791552635756316,0.09795156282756037,4.521376565946334,8.958709390725013e-08,17.294117647058822,2.629266946497993,0.5591857494328323,4934.661493292173,NAMLS-reconstructed-v1,0.3370821590124802,80,28,102,74,182,wendland_c2,3.0,26,14,4,1e-10,2.0,0.0,namls,8.958707380796183e-08,3.461320385866884e-08,3.117673053054659e-08,7.124871892472129e-08,2.7329459584279903e-08,3.2177256859000636e-08,7.632035596213949e-08,0.026036523093704578,0.026015293873718787,0.034779120586594256,0.037565730304655,0.0006379550000019663,ok,0.13449873299987303,9,False,
0.19253903499975422,0.0,0.0,0.0,star,3009,0.5020174273873239,0.0,0.1,0.012520500648157951,0.0144259766359595,0.014571360461559976,0.014720007242367264,1.0,0.059583529576185845,0.03500297542455383,0.059583529576185845,0.059583529576185845,107,False,0.05429943659471768,0.7611879286207873,4.783713601699244,1.147810635957687e-07,16.848275862068967,2.531065252663161,0.5673867198693431,6765.391632363688,NAMLS-reconstructed-v1,0.32486239200359535,95,57,145,88,240,wendland_c2,3.0,26,14,4,1e-10,2.0,0.0,namls,1.1478111616725073e-07,4.377622042639473e-08,4.411335918774739e-08,9.819573648303659e-08,4.125666402954309e-08,3.804708637034082e-08,9.391418753779135e-08,0.011767221501488198,0.014625010890854929,0.015138942806349975,0.015462717869721069,0.0006403280003723921,ok,0.1931793630001266,9,False,
0.27706662199989296,0.0,0.0,0.0,star,3009,0.4827354033757085,0.0,0.08,0.009804705111241962,0.010060311782129759,0.010983399055262185,0.012323470402197998,1.0,0.10979629393798479,0.026134207446979585,0.10979629393798479,0.10979629393798479,120,False,0.9263423378042152,0.08004163910588055,4.600609903373827,1.9255339741220927e-07,16.67241379310345,2.5075009870019,0.5739304959871476,10198.98090491824,NAMLS-reconstructed-v1,0.33667775981612696,119,115,232,117,351,wendland_c2,3.0,26,14,4,1e-10,2.0,0.0,namls,1.9255346435666726e-07,8.132531403859389e-08,5.759686416695331e-08,1.483050341673234e-07,7.799909695904717e-08,7.583187699999883e-08,1.702125422846908e-07,0.010384621995293504,0.010073871511467616,0.012773216062227078,0.014959043583561567,0.0014521320003950677,ok,0.278518754000288,9,False,
