added_edge_correction_rel_max,added_edge_correction_rel_median,added_edge_correction_rel_p90,added_edge_fraction,added_edge_negative_lambda_fraction,assembly_seconds,boundary_edge_correction_rel_max,boundary_edge_correction_rel_median,boundary_edge_correction_rel_p90,boundary_edge_negative_lambda_fraction,boundary_split_factor,constraint_resid_inf,constraint_resid_l2,core_edge_correction_rel_max,core_edge_correction_rel_median,core_edge_correction_rel_p90,core_edge_negative_lambda_fraction,correction_abs_max,correction_abs_median,correction_rel_l2,correction_rel_max,correction_rel_median,correction_rel_p90,domain,family_seed,frac_err2_near_boundary_interior,frac_max_error_on_boundary,h_target,l2,l2_core_interior,l2_interior,l2_near_boundary_interior,lambda_ratio_median,linf,linf_core_interior,linf_interior,linf_near_boundary_interior,max_error_dist_boundary,max_error_idx,max_error_is_boundary,max_error_local_cond,max_error_local_sigma_min,max_error_region,max_error_x,max_error_y,max_local_cond,max_local_size,median_dist_boundary,median_local_cond,median_radius,min_local_sigma_min,n_added_edges,n_boundary,n_core_interior,n_edges,n_flagged_enrichment_nodes,n_interior,n_interior_eval,n_near_boundary_interior,n_original_edges,n_points,negative_lambda_fraction,operator,original_edge_correction_rel_max,original_edge_correction_rel_median,original_edge_correction_rel_p90,original_edge_fraction,original_edge_negative_lambda_fraction,patch_const_max,patch_quad_max,patch_x2h_max,patch_x_max,patch_xy_max,patch_y2h_max,patch_y_max,rms,rms_core_interior,rms_interior,rms_near_boundary_interior,solve_seconds,status,total_seconds,trial,unstable,unstable_reasons
,,,,,0.06487679299607407,,,,,2.0,0.0,0.0,,,,,,,0.0,,,,circle,1000,0.5490719678209994,0.0,0.2,1.145036380892681,1.2966510915071563,1.3684712527113092,1.4373115966413048,1.0,6.126940708067762,3.8477727289879438,6.126940708067762,6.126940708067762,0.11000000000000003,57,False,38.63714863268215,0.07340979986665323,near_boundary_interior,0.5231288745402516,-0.720025124993739,52.651915643726696,23,0.32174946036968216,30.383796984964896,0.08159745955696332,0.048779527667489164,,40,22,0,,57,57,35,,97,0.0,wls,,,,,,1.5987211554602254e-14,7.105427357601002e-15,9.325873406851315e-15,1.7319479184152442e-14,2.3037127760971998e-14,6.217248937900877e-15,1.2989609388114332e-14,1.1526456524655004,1.3501561671129283,1.5036413346969106,1.5925643934168516,0.0006423870072467253,ok,0.0655191800033208,0,False,
,,,,,0.13446901499992236,,,,,2.0,0.0,0.0,,,,,,,0.0,,,,circle,1000,0.6032154025760734,0.0,0.16,0.40192769893733965,0.3661522639344739,0.46325974270343057,0.5956720663606789,1.0,1.7592124653268146,0.8454662971458141,1.7592124653268146,1.7592124653268146,0.088,54,False,65.12262964504438,0.04224772682999539,near_boundary_interior,0.48867403702092704,0.7700270680577855,77.18167675829748,23,0.3239967360095416,44.226001059108405,0.06530214031049061,0.033864049320889614,,50,47,0,,91,91,44,,141,0.0,wls,,,,,,2.930988785010413e-14,1.2434497875801753e-14,1.1324274851176597e-14,2.0872192862952943e-14,1.2656542480726785e-14,9.325873406851315e-15,2.1094237467877974e-14,0.44923334262905606,0.36977994638656786,0.5591918624748285,0.7075669779258686,0.0007756790000712499,ok,0.13524469399999361,0,False,
,,,,,0.18694571300875396,,,,,2.0,0.0,0.0,,,,,,,0.0,,,,circle,1000,0.30858159141423813,0.0,0.12,0.14475261164421052,0.15712160631827096,0.16073327703165555,0.1698237526858614,1.0,0.5322659191606627,0.5322659191606627,0.5322659191606627,0.47024079145784675,0.575960170772642,221,False,64.99006433215872,0.03828600970933338,interior_core,-0.4054115994167333,0.12449378524210894,136.18721277072123,23,0.32082623899535867,72.47877390453817,0.05789227309425775,0.019638345394354644,,66,99,0,,158,158,59,,224,0.0,wls,,,,,,7.149836278586008e-14,3.197442310920451e-14,1.3322676295501878e-14,2.7533531010703882e-14,1.7763568394002505e-14,2.731148640577885e-14,6.217248937900877e-14,0.14722483132397834,0.15680461857256572,0.1752978264012014,0.20257045907546578,0.0018767769943224266,ok,0.18882249000307638,0,False,
nan,nan,nan,0.0,nan,0.2569688090006821,3.3819535095465807,0.8201063590562035,2.0219769710755897,0.4168618266978923,2.0,1.216846068352595e-12,8.667589665440755e-12,2.473697579994578,0.22982562092884004,1.6862206557403951,0.23821339950372208,0.2515097758391893,0.04756959720152276,0.5644697158779252,3.3819535095465807,0.669922652652323,1.951610057812315,circle,1000,0.5003861513034085,0.0,0.2,0.1868063665844002,0.2226686800210293,0.2232585328816396,0.2238521769803341,0.7213047177405508,0.4409392839210163,0.41590287939424636,0.4409392839210163,0.4409392839210163,0.3924317864593679,95,False,9.712012239717248,0.30150228640841614,near_boundary_interior,-0.46684573222716197,0.39563548158246975,26.222470236834376,57,0.32174946036968216,10.77351722341827,0.08159745955696332,0.18574827703774016,0,40,22,1684,0,57,57,35,1684,97,0.37410926365795727,ccpfm,3.3819535095465807,0.669922652652323,1.951610057812315,1.0,0.37410926365795727,1.2789769243681803e-13,7.477951591283727e-11,7.918832256592623e-11,2.970529378032438e-11,6.442190531030789e-11,5.923661561269e-11,3.47446516002492e-11,0.15822607724775042,0.2273056745407115,0.2064079879777145,0.19211228447614412,0.0005506159941432998,ok,0.2575194249948254,0,False,
nan,nan,nan,0.0,nan,0.4315590830083238,3.6239719907690957,0.6784774345369758,1.8429332953809574,0.35891647855530473,2.0,2.176935715025863e-12,1.4505644832958428e-11,2.687193176928346,0.2763494302275538,1.6313012217897673,0.26,0.312159960663532,0.04786551443776638,0.5621164051326396,3.6239719907690957,0.5515842864425616,1.7552344790427679,circle,1000,0.2927930195446019,0.0,0.16,0.10100932844225231,0.12284886192414259,0.11642281840371299,0.10429534612240018,0.6787639199112318,0.25701704418966764,0.25701704418966764,0.25701704418966764,0.21190270340485462,0.4939228533185625,120,False,9.221245197375776,0.2895603704617603,interior_core,-0.3315633793309384,-0.38268715800938957,24.320428699575533,46,0.3239967360095416,9.643853526655809,0.06530214031049061,0.17309570925840156,0,50,47,2029,0,91,91,44,2029,141,0.3247905372104485,ccpfm,3.6239719907690957,0.5515842864425616,1.7552344790427679,1.0,0.3247905372104485,1.4654943925052066e-13,1.5499335148660975e-10,7.124378864631353e-11,8.610597911767881e-11,1.5002150736964648e-10,8.375267146476517e-11,9.724813901205998e-11,0.08874957598178766,0.1225878848436449,0.11047274540368734,0.09585483738669638,0.0005358299968065694,ok,0.43209491300513037,0,False,
,,,,,0.2493519429990556,,,,,2.0,0.0,0.0,,,,,,,0.0,,,,circle,1000,0.3397029841168557,0.0,0.1,0.09105747258572863,0.09454226196112309,0.09936092570494348,0.11131094979143255,1.0,0.38556468392501814,0.28622020490936506,0.38556468392501814,0.38556468392501814,0.054999999999999986,116,False,170.4492765952645,0.016061693784254597,near_boundary_interior,0.8712576690821211,-0.3659712356965786,195.76808038334391,23,0.3224209933451369,102.54923200860956,0.04854809641553886,0.013143124023267047,,79,146,0,,225,225,79,,304,0.0,wls,,,,,,9.547918011776346e-14,4.3520742565306136e-14,4.0190073491430667e-14,8.060219158778636e-14,2.7033930649622562e-14,2.5757174171303632e-14,5.3290705182007514e-14,0.09169262663826237,0.09496465707736457,0.10658103823573102,0.12524516289042606,0.0023669240035815164,ok,0.2517188670026371,0,False,
,,,,,0.35400398899219,,,,,2.0,0.0,0.0,,,,,,,0.0,,,,circle,1000,0.1763975998200887,0.0,0.08,0.05153785532935537,0.05580030065922624,0.05511929965813384,0.05224007525843166,1.0,0.1794465059388498,0.1794465059388498,0.1794465059388498,0.1686804244360075,0.16335813355984102,157,False,167.27512088870165,0.014119343839295542,interior_core,0.5016593599356639,-0.6712591188787685,328.82683642684896,23,0.29311453088231976,155.26542772440627,0.03928389887850495,0.008069871380996033,,99,253,0,,351,351,98,,450,0.0,wls,,,,,,1.5631940186722204e-13,7.061018436615996e-14,3.68594044175552e-14,6.750155989720952e-14,6.356026815979021e-14,5.417888360170764e-14,1.1723955140041653e-13,0.04919405897055627,0.056112800944492565,0.05570130318871581,0.054624637518134705,0.0028420870075933635,ok,0.35684607599978335,0,False,
,,,,,0.059598998006549664,,,,,2.0,0.0,0.0,,,,,,,0.0,,,,circle,1001,0.5329872039399758,0.0,0.2,0.9206674158220691,1.0965799093254234,1.1040935058413575,1.110805584836244,1.0,2.914977844324512,2.515793858293301,2.914977844324512,2.914977844324512,0.10999999999999999,55,False,34.506448235421765,0.08141818080455004,near_boundary_interior,-1.0225344626630001e-13,-0.89,46.3892214744399,23,0.3330876172749911,27.849182676900753,0.08159745955696322,0.05866781704033004,,40,21,0,,56,56,35,,96,0.0,wls,,,,,,1.7985612998927536e-14,8.659739592076221e-15,6.439293542825908e-15,1.0325074129013956e-14,2.1087298573974067e-14,4.884981308350689e-15,1.1102230246251565e-14,0.8953557903645573,1.1030726039434622,1.172295909503599,1.2119335036873213,0.00028363498859107494,ok,0.05988263299514074,1,False,
nan,nan,nan,0.0,nan,0.7226376249891473,5.028282473852827,0.6868383017653682,1.8912765147365334,0.3624042427813789,2.0,1.4649885471396118e-11,1.0043304239482347e-10,2.6718451709247764,0.34437598554607735,1.6789113249813354,0.2868686868686869,0.2856209355245107,0.053297027432244744,0.576390055860938,5.028282473852827,0.5416923860495167,1.7549907234657516,circle,1000,0.18912034881238013,0.0,0.12,0.06807875173325433,0.080025577777005,0.07559463513657526,0.06252702020585611,0.702848904708294,0.1929069384776949,0.1929069384776949,0.1929069384776949,0.1256069198613887,0.3428501846570941,116,False,8.855131357280436,0.2997806286970622,interior_core,0.43221979478378997,0.49502504768580013,25.294643975491436,45,0.32082623899535867,9.506390960507836,0.05789227309425775,0.16762508094855283,0,66,99,3182,0,158,158,59,3182,224,0.3271527341294783,ccpfm,5.028282473852827,0.5416923860495167,1.7549907234657516,1.0,0.3271527341294783,2.7355895326763857e-13,1.820744000013974e-09,1.495914503379936e-09,1.168818375418823e-09,1.584428588330411e-09,1.5400014596878009e-09,1.2152168160639576e-09,0.06144763875580909,0.07950821891104631,0.07316454306322709,0.06105677082826608,0.0012074109981767833,ok,0.7238450359873241,0,False,
,,,,,0.1140735869994387,,,,,2.0,0.0,0.0,,,,,,,0.0,,,,circle,1001,0.546587772830955,0.0,0.16,0.41847007630483973,0.4328585132155632,0.4814638425596602,0.5372043492418092,1.0,2.4325791891661277,0.8296544140968822,2.4325791891661277,2.4325791891661277,0.088,54,False,62.431906411807,0.04367491176458872,near_boundary_interior,0.48867403702092704,0.7700270680577855,80.17531392881324,23,0.3001388866411137,43.461626445696886,0.06530214031049061,0.03216877861952884,,50,41,0,,89,89,48,,139,0.0,wls,,,,,,2.3314683517128287e-14,1.2878587085651816e-14,4.884981308350689e-15,1.4876988529977098e-14,1.5279444376403717e-14,7.549516567451064e-15,1.6209256159527285e-14,0.468728739224676,0.43142509206834356,0.5857792438574704,0.6908326753037646,0.0005436990031739697,ok,0.11461728600261267,1,False,
nan,nan,nan,0.0,nan,0.27814327100350056,3.858449048073623,0.8184385948733539,1.9253716202342481,0.4129586260733802,2.0,1.1444213632305633e-12,8.321180098317934e-12,2.7393239065312445,0.19913279942033832,1.5652300384602047,0.2073490813648294,0.28005994789602406,0.04745395840951243,0.5649879069367735,3.858449048073623,0.677158114395737,1.8991802411439886,circle,1001,0.612645809599017,0.0,0.2,0.14567152673116127,0.1580163125554133,0.17469390562308584,0.18843271083970056,0.7096139788409639,0.3487749520115184,0.3487749520115184,0.3487749520115184,0.33273020828345135,0.42723351588663616,78,False,9.698057401506553,0.33505511466135185,interior_core,-0.4047986633208685,0.40521561044886667,25.79900150371311,55,0.3330876172749911,10.750133205605671,0.08159745955696322,0.19108472539966365,0,40,21,1662,0,56,56,35,1662,96,0.3658243080625752,ccpfm,3.858449048073623,0.677158114395737,1.8991802411439886,1.0,0.3658243080625752,1.021405182655144e-13,1.1627809826109115e-10,9.748946094845223e-11,4.0505293563697364e-11,6.044905548341362e-11,1.2728640363945942e-10,6.133371588390446e-11,0.12279231110380805,0.15391104048870552,0.16077287439764767,0.1647528524692101,0.00041958599467761815,ok,0.2785628569981782,1,False,
nan,nan,nan,0.0,nan,0.9825233129959088,5.094055455034545,0.7843268972204998,1.9141549514553593,0.3782716049382716,2.0,3.7850286056448357e-11,3.012101999013906e-10,2.657886113633588,0.3750429699948202,1.6530102159568982,0.30606973740852345,0.30294431547056544,0.05933599981624875,0.5896479815646445,5.094055455034545,0.585609911831077,1.7322579865779641,circle,1000,0.15100340965256356,0.0,0.1,0.054017910008674556,0.06359624588225356,0.058943757065682535,0.044025446546646495,0.6866123336506316,0.1472438171199476,0.1472438171199476,0.1472438171199476,0.0974329734771268,0.3953769567455178,197,False,9.291670490308125,0.2933360056042883,interior_core,0.40321202234597786,-0.45165371988522085,26.213592170809196,45,0.3224209933451369,9.468587888291717,0.04854809641553886,0.16792252030099908,0,79,146,4348,0,225,225,79,4348,304,0.33969641214351426,ccpfm,5.094055455034545,0.585609911831077,1.7322579865779641,1.0,0.33969641214351426,3.6415315207705135e-13,4.538908804363473e-09,3.6470906294994165e-09,2.8316371469827573e-09,4.082362892177116e-09,3.50627482603727e-09,2.7031781257846887e-09,0.04948277650825488,0.06392561265114069,0.05751744593207772,0.04324365393719883,0.0017245890048798174,ok,0.9842479020007886,0,False,
,,,,,0.17297567399509717,,,,,2.0,0.0,0.0,,,,,,,0.0,,,,circle,1001,0.2792341431928338,0.0,0.12,0.2009920059229473,0.2242187942945128,0.2233566509977958,0.22117642776444998,1.0,0.9312565192553433,0.9312565192553433,0.9312565192553433,0.6660257728897074,0.4642436282610464,195,False,71.24553504136671,0.036459066868750126,interior_core,0.4134739408891176,0.3411987147108959,136.78501808892963,23,0.31490631940383296,71.724213642254,0.0577968890155142,0.019147712235540876,,66,94,0,,154,154,60,,220,0.0,wls,,,,,,4.263256414560601e-14,2.7533531010703882e-14,1.609823385706477e-14,4.218847493575595e-14,1.6986412276764895e-14,1.0880185641326534e-14,2.842170943040401e-14,0.20383398836706582,0.23271065246575134,0.24362821445105107,0.25981164871627593,0.0014176300028339028,ok,0.17439330399793107,1,False,
nan,nan,nan,0.0,nan,0.35979439500079025,3.609871819558719,0.6697718498785776,1.8752374313740112,0.37767584097859325,2.0,1.897329515720969e-12,1.3783447160184208e-11,2.8243513081274734,0.294565681200856,1.5630086053109589,0.2488619119878604,0.32250620057329615,0.05032740664935412,0.557818000837614,3.609871819558719,0.5283736726283158,1.7499121093814933,circle,1001,0.3892568644689788,0.0,0.16,0.10323747551584643,0.12393718129253563,0.11877817428888264,0.11184090479897267,0.6822099503724085,0.26025086975109335,0.26025086975109335,0.26025086975109335,0.23796382432816543,0.44511608700469735,101,False,8.65154293543399,0.30527835555141025,interior_core,0.38056296845232707,0.40698780123287703,25.45670243120615,46,0.3001388866411137,9.875620668393235,0.06530214031049061,0.16563701547253998,0,50,41,1967,0,89,89,48,1967,139,0.33451957295373663,ccpfm,3.609871819558719,0.5283736726283158,1.7499121093814933,1.0,0.33451957295373663,1.787459069646502e-13,1.0860023991199341e-10,8.182499122710851e-11,1.073640065740733e-10,7.791906009302352e-11,9.030087788630681e-11,1.12591047596311e-10,0.08974914911881898,0.12316573977731676,0.11216122313010811,0.10182405986544132,0.0006227210105862468,ok,0.3604171160113765,1,False,
,,,,,0.3201201899937587,,,,,2.0,0.0,0.0,,,,,,,0.0,,,,circle,1001,0.2571137625941403,0.0,0.1,0.08852641303094404,0.09657449856393127,0.09644010688988387,0.09605493514555549,1.0,0.2565448906354468,0.25081652197970206,0.2565448906354468,0.2565448906354468,0.1253428302762672,134,False,115.27624756729031,0.023431133624062083,near_boundary_interior,0.3231488910010825,0.8127745315226524,212.78630646626638,23,0.3123500723819188,104.43947571207566,0.048534321044169985,0.012679773247332363,,79,150,0,,229,229,79,,308,0.0,wls,,,,,,6.306066779870889e-14,3.4638958368304884e-14,2.4868995751603507e-14,5.062616992290714e-14,2.398081733190338e-14,3.2862601528904634e-14,6.661338147750939e-14,0.08601092757590151,0.09786021737448426,0.09974961964970723,0.10324198037035523,0.002098511002259329,ok,0.322218700996018,1,False,
,,,,,0.4003332860011142,,,,,2.0,0.0,0.0,,,,,,,0.0,,,,circle,1001,0.17784485115073895,0.0,0.08,0.05200997894739662,0.056347930821438214,0.055621255521197316,0.05259316447262628,1.0,0.20707413904698835,0.20707413904698835,0.20707413904698835,0.1759164594746051,0.36007966324152907,394,False,144.1341682377257,0.016314036879915783,interior_core,0.36789111180253914,-0.5236411452715339,315.9990477952778,23,0.309817595828556,156.61280435810176,0.03919467342830018,0.00832981667843559,,99,256,0,,355,355,99,,454,0.0,wls,,,,,,1.2567724638756772e-13,5.129230373768223e-14,3.907985046680551e-14,9.947598300641403e-14,3.774758283725532e-14,6.972200594645983e-14,9.636735853746359e-14,0.05104269483058955,0.057509977657035825,0.05772279408647697,0.05826950378635707,0.003003742007422261,ok,0.40333702800853644,1,False,
nan,nan,nan,0.0,nan,0.7959843089920469,4.609005198059602,0.6674353122065747,1.8479846783571323,0.3449856733524355,2.0,1.5944412457002954e-11,9.580993524184705e-11,2.708823799171972,0.3443606663106541,1.6574019198444727,0.2789400278940028,0.29108611631911546,0.04864940854395372,0.5762084058945953,4.609005198059602,0.519306672474687,1.7312338503395448,circle,1001,0.16622692339665,0.0,0.12,0.09210548009704661,0.11051100534051458,0.10235417811048235,0.0782009355705141,0.7067514167486282,0.2781279784899603,0.2781279784899603,0.2781279784899603,0.17950272049499816,0.34150785790511,175,False,9.241364079226477,0.2875077754992578,interior_core,0.449610027681261,-0.48280309249940234,25.484411349343496,45,0.31490631940383296,9.41652091346753,0.0577968890155142,0.1683537213997924,0,66,94,3179,0,154,154,60,3179,220,0.31519345706196916,ccpfm,4.609005198059602,0.519306672474687,1.7312338503395448,1.0,0.31519345706196916,2.7355895326763857e-13,1.7895747106422277e-09,1.7340031632784303e-09,1.323662957020133e-09,1.4780627832777782e-09,1.3650254260255679e-09,1.1843912517406352e-09,0.08185694455136043,0.11111279686531418,0.09783776200048509,0.07229499991040494,0.0018289410072611645,ok,0.797813249999308,1,False,
nan,nan,nan,0.0,nan,1.553325134998886,4.1129474177748495,0.7974602629232213,1.862329350434813,0.4140986132511556,2.0,1.1610022665475839e-10,1.133728181862584e-09,2.8700514987443024,0.4216027601195449,1.6466107558800758,0.3174035267058523,0.2944674908802492,0.0659880146597171,0.5879441055917743,4.1129474177748495,0.5944162784900938,1.7252191202759726,circle,1000,0.07245381009821544,0.0,0.08,0.03473186171419725,0.03990683002264748,0.037145431863154894,0.02256263373852347,0.69101350078437,0.11419565663266107,0.11419565663266107,0.11419565663266107,0.06243348556346395,0.5352223586103139,439,False,9.211941359186163,0.30324829515280544,interior_core,-0.423658677182179,0.1912730781023857,27.122078707274383,45,0.29311453088231976,9.357680977692066,0.03928389887850495,0.15773389298180412,0,99,253,6509,0,351,351,98,6509,450,0.35596865878015055,ccpfm,4.1129474177748495,0.5944162784900938,1.7252191202759726,1.0,0.35596865878015055,6.323830348264892e-13,8.878099144737917e-09,6.663182894328656e-09,5.327499108531697e-09,8.274163576516003e-09,6.260765239574084e-09,5.471255448696866e-09,0.0316107722875388,0.0397722763157755,0.035792151492754616,0.02246412635691142,0.0036335570039227605,ok,1.5569586920028087,0,False,
,,,,,0.05296624300535768,,,,,2.0,0.0,0.0,,,,,,,0.0,,,,circle,1002,0.7002881037900767,0.0,0.2,1.0199288006620932,0.9665094662359535,1.2259719938672926,1.4257712216779355,1.0,3.7346177280257136,1.9192630815153315,3.7346177280257136,3.7346177280257136,0.11000000000000006,47,False,41.39034204881994,0.06902336678433268,near_boundary_interior,-0.5231288745400949,0.7200251249938527,46.88108726556097,23,0.3298575396014456,29.476051175193426,0.08159745955696322,0.05907858901757159,,40,21,0,,56,56,35,,96,0.0,wls,,,,,,1.9539925233402755e-14,8.881784197001252e-15,7.216449660063518e-15,1.432187701766452e-14,6.454906054109699e-15,4.440892098500626e-15,9.325873406851315e-15,1.064765292934407,0.9540225043671693,1.3941050149239282,1.601109210801771,0.00031190300069283694,ok,0.05327814600605052,2,False,
,,,,,0.13490019900200423,,,,,2.0,0.0,0.0,,,,,,,0.0,,,,circle,1002,0.6224605043184017,0.0,0.16,0.46772235996707373,0.43568995465228233,0.5378986193380062,0.6513168115269219,1.0,2.301744655566716,0.8660933090018346,2.301744655566716,2.301744655566716,0.08800000000000008,62,False,56.56430061968825,0.04950083711393033,near_boundary_interior,-0.9048086075987769,0.1143039090108568,76.44215612984982,23,0.3036966279957083,44.426723479435964,0.06530214031049061,0.03388714034644248,,50,42,0,,90,90,48,,140,0.0,wls,,,,,,2.4424906541753444e-14,1.1546319456101628e-14,6.439293542825908e-15,1.4210854715202004e-14,9.103828801926284e-15,1.021405182655144e-14,2.609024107869118e-14,0.5221130913582116,0.43667575322209967,0.6511894350039434,0.792615544396108,0.0004986119893146679,ok,0.1353988109913189,2,False,
nan,nan,nan,0.0,nan,0.23358925299544353,3.5123279825702123,0.792954564754458,2.0177596007568894,0.41557305336832895,2.0,1.3616816008088506e-12,8.213392704344683e-12,2.622782938166521,0.22443194030785027,1.6688123622504265,0.19886363636363635,0.2845951470042129,0.04978134265819312,0.5650730141699105,3.5123279825702123,0.6022877476216479,1.9203526513541596,circle,1002,0.441865963057439,0.0,0.2,0.20036232443471827,0.2591012935462555,0.24083896662557136,0.22248613444840726,0.7195251162353353,0.46825094646689985,0.4659703342945361,0.46825094646689985,0.46825094646689985,0.2952467356133621,73,False,12.04988180145314,0.24564931460504838,near_boundary_interior,-0.5211176900247668,-0.4778063388425088,25.271527783201996,55,0.3298575396014456,10.372696054190465,0.08159745955696322,0.1759761808597587,0,40,21,1495,0,56,56,35,1495,96,0.36454849498327757,ccpfm,3.5123279825702123,0.6022877476216479,1.9203526513541596,1.0,0.36454849498327757,1.27675647831893e-13,8.58104698409079e-11,9.260803235378035e-11,4.311484502750318e-11,4.6495550465319724e-11,4.915745588363052e-11,2.3698171897068576e-11,0.1698971671992949,0.2628344365992541,0.22244760829981067,0.19422547944031754,0.000559643012820743,ok,0.23414889600826427,2,False,
nan,nan,nan,0.0,nan,1.116701862993068,4.553786974740347,0.7697065077280002,1.8662488735098663,0.38242513500245456,2.0,3.2724239984460723e-11,2.8081462049223563e-10,3.1565420137795694,0.3759636443281213,1.6662516617552976,0.3038558256496228,0.337521554814558,0.05869009653725092,0.5826447448201612,4.553786974740347,0.5817427967718674,1.7211484563957116,circle,1001,0.12647454946678438,0.0,0.1,0.06722951950068226,0.07952912910274579,0.07323940759392349,0.0511617900800638,0.685990001223424,0.20400040776989714,0.20400040776989714,0.20400040776989714,0.11863745702113071,0.38523995768268005,160,False,9.456812058670222,0.2940470420851093,interior_core,0.4216369933865799,0.4478301413722591,26.085067275734783,45,0.3123500723819188,9.470833928113473,0.048534321044169985,0.16206708510957174,0,79,150,4423,0,229,229,79,4423,308,0.34004069635993667,ccpfm,4.553786974740347,0.5817427967718674,1.7211484563957116,1.0,0.34004069635993667,3.872457909892546e-13,4.215667814833068e-09,2.785703223651126e-09,2.493806050551939e-09,4.069042880416873e-09,2.7349644771135218e-09,2.431610468534018e-09,0.06104686710444712,0.08031775379105131,0.07079800144116746,0.04775842675203927,0.0018936000124085695,ok,1.1185954630054766,1,False,
,,,,,0.18057529599172994,,,,,2.0,0.0,0.0,,,,,,,0.0,,,,circle,1002,0.35470380642069954,0.0,0.12,0.14909022148972173,0.16141295940520017,0.16549772717675112,0.1737986529127134,1.0,0.5082465555989739,0.46966518196959794,0.5082465555989739,0.5082465555989739,0.06599999999999996,91,False,88.96458876610167,0.03288653414766918,near_boundary_interior,0.044441512176819194,-0.9329420209433164,140.52478371591553,23,0.3129756603206712,71.83320841731191,0.058093082429793864,0.018840213630451394,,66,90,0,,157,157,67,,223,0.0,wls,,,,,,6.039613253960852e-14,2.353672812205332e-14,2.1760371282653068e-14,3.552713678800501e-14,2.786659791809143e-14,1.3100631690576847e-14,3.907985046680551e-14,0.14812940054344598,0.16461611606641413,0.1765403042178943,0.191392200862024,0.001259194003068842,ok,0.1818344899947988,2,False,
nan,nan,nan,0.0,nan,0.41326631799165625,3.762270782290841,0.6772194081342512,1.782440259810166,0.3784800601956358,2.0,2.419189848446024e-12,1.4520752061017083e-11,2.772218084140864,0.2973940978771905,1.6478831557556137,0.2290748898678414,0.3151436243232498,0.05084665523014788,0.5593703924945015,3.762270782290841,0.5361037548215037,1.7367092896083336,circle,1002,0.3550848889097491,0.0,0.16,0.11433712173339168,0.13920240886945442,0.13149206705405844,0.12025457460895406,0.6655984061054785,0.25123722426307316,0.25123722426307316,0.25123722426307316,0.23309419891777994,0.545366841053425,98,False,9.05405911953911,0.29442765058261167,interior_core,0.31954465897579803,0.3242735912445888,26.06214421882796,45,0.3036966279957083,9.639192841249587,0.06530214031049061,0.16989097578575516,0,50,42,2010,0,90,90,48,2010,140,0.32786069651741295,ccpfm,3.762270782290841,0.5361037548215037,1.7367092896083336,1.0,0.32786069651741295,1.7996715229173788e-13,1.2269496529881962e-10,4.98399099768676e-11,6.564815357990028e-11,7.871608920240192e-11,1.3210099680804888e-10,6.646461159220962e-11,0.09990752318213174,0.13964534604861636,0.12460657403623734,0.10977033734373538,0.0007559350051451474,ok,0.4140222529968014,2,False,
,,,,,0.24046663400076795,,,,,2.0,0.0,0.0,,,,,,,0.0,,,,circle,1002,0.22160476477250768,0.0,0.1,0.09653305072778147,0.10676438542826909,0.10513391302689018,0.0999479466919465,1.0,0.3752876494428843,0.31911965306837164,0.3752876494428843,0.3752876494428843,0.05500000000000005,100,False,149.04497191822787,0.018806137788549827,near_boundary_interior,-0.926380969848183,-0.1866633830294639,198.5379543792656,23,0.3082023496159011,98.92949722620374,0.04869195701218303,0.012590716247524152,,79,144,0,,218,218,74,,297,0.0,wls,,,,,,7.105427357601002e-14,2.6645352591003757e-14,2.2648549702353193e-14,5.062616992290714e-14,2.930988785010413e-14,2.2648549702353193e-14,5.684341886080802e-14,0.09395868917171363,0.10715023276929637,0.10966976859761385,0.11441372604560902,0.0023775799927534536,ok,0.2428442139935214,2,False,
,,,,,0.4205119269900024,,,,,2.0,0.0,0.0,,,,,,,0.0,,,,circle,1002,0.12308330617667283,0.0,0.08,0.05292895682338299,0.05979775961580796,0.056629552286725324,0.04299318706500257,1.0,0.23274579331641038,0.23274579331641038,0.23274579331641038,0.1527095881786299,0.5324804896718334,437,False,142.15197283069617,0.018031597074182438,interior_core,0.17686734882255029,0.4330203790967762,314.6174670450457,23,0.29828242514080017,156.19669219062493,0.039177385292879424,0.008162043038002989,,99,253,0,,355,355,102,,454,0.0,wls,,,,,,1.3500311979441904e-13,6.394884621840902e-14,4.3520742565306136e-14,9.414691248821327e-14,5.1514348342607263e-14,5.595524044110789e-14,1.1723955140041653e-13,0.049860779472540084,0.05976085619261843,0.05638619818246433,0.0469808184288849,0.002755497000180185,ok,0.4232674239901826,2,False,
nan,nan,nan,0.0,nan,0.7301149609993445,4.842694705657516,0.6634325158285997,1.886579553735973,0.35049161364950837,2.0,1.5118697960225802e-11,1.0273776054565806e-10,2.7075943476283766,0.31601301545314076,1.7012995870860304,0.27988942639944714,0.30659676749154113,0.04966382591581005,0.5787635491401693,4.842694705657516,0.5140309042490152,1.7557546636383259,circle,1002,0.21121574022140188,0.0,0.12,0.07081140944089354,0.08476021410316943,0.07860426528012189,0.06369871920669694,0.7081967555430458,0.16264653804722617,0.16264653804722617,0.16264653804722617,0.1318641774098751,0.3070119122368442,147,False,9.340581691923624,0.2918334051730156,interior_core,0.5184087687551185,-0.4618293939540371,25.68089027062326,45,0.3129756603206712,9.414938496120481,0.058093082429793864,0.163734476385014,0,66,90,3176,0,157,157,67,3176,223,0.3183249370277078,ccpfm,4.842694705657516,0.5140309042490152,1.7557546636383259,1.0,0.3183249370277078,3.517186542012496e-13,2.280577504620851e-09,1.6157688520479496e-09,1.3149370481357892e-09,1.696468743261903e-09,1.7486430081703475e-09,1.5286136800796157e-09,0.06349409670902349,0.08549615755136154,0.07567212928647313,0.05999517451034538,0.0013085120008327067,ok,0.7314234730001772,2,False,
,,,,,0.051488612007233314,,,,,2.0,0.0,0.0,,,,,,,0.0,,,,circle,1003,0.6549671571489922,0.0,0.2,0.9660320786777902,0.9922516253583081,1.1563925479978567,1.2838530903591927,1.0,3.978372571935462,2.073881638802345,3.978372571935462,3.978372571935462,0.11000000000000006,47,False,43.109575220940556,0.06711094790253111,near_boundary_interior,-0.5231288745400949,0.7200251249938527,51.84524401154528,23,0.3177450510636421,30.19301131010812,0.08159745955696332,0.051543208020007523,,40,20,0,,57,57,37,,97,0.0,wls,,,,,,1.3322676295501878e-14,7.549516567451064e-15,7.993605777301127e-15,1.6209256159527285e-14,9.43689570931383e-15,4.884981308350689e-15,1.1435297153639112e-14,1.0427710916397073,0.9928405581354439,1.3603085325161661,1.5224481780529022,0.0003040709998458624,ok,0.05179268300707918,3,False,
nan,nan,nan,0.0,nan,0.30404255400935654,6.352701129414382,0.7954153815770972,2.0228813546924274,0.40786430223592907,2.0,1.271670269087366e-12,8.835201408969308e-12,2.6510021180771663,0.21521158129809204,1.6314739312532918,0.20918367346938777,0.26242951141109466,0.04814032488819668,0.5677448627674527,6.352701129414382,0.6466233541361132,1.938989093032926,circle,1003,0.6117601428615113,0.0,0.2,0.17614619407124643,0.19192138799575914,0.2108565032964228,0.22624441877703141,0.7094714015961684,0.3655430998907284,0.3537749750897067,0.3655430998907284,0.3655430998907284,0.3222294302912358,61,False,11.760718817769865,0.25741283128962344,near_boundary_interior,0.4816372143493763,0.4768997435528702,26.870502144160042,55,0.3177450510636421,11.828212997309144,0.08159745955696332,0.18583529835948476,0,40,20,1689,0,57,57,37,1689,97,0.3617525162818236,ccpfm,6.352701129414382,0.6466233541361132,1.938989093032926,1.0,0.3617525162818236,9.85878045867139e-14,8.733391787529854e-11,9.797251898646664e-11,4.3872905308717236e-11,6.467892887940252e-11,7.67472752016829e-11,4.8648932104988774e-11,0.1501341831642536,0.19458713355423998,0.1958520062725743,0.19653233182048235,0.00035820699122268707,ok,0.3044007610005792,3,False,
nan,nan,nan,0.0,nan,1.6017419310082914,4.025341362162019,0.8392051301086845,1.916014778472825,0.4235248447204969,2.0,1.0700085262271841e-10,1.0090003797669586e-09,2.7536957984932866,0.4400548139300675,1.6774492461712363,0.31975,0.28540176215003377,0.06841074661918548,0.5916647973498759,4.025341362162019,0.6069824654395324,1.7567370267052302,circle,1001,0.09848801705797992,0.0,0.08,0.03727424976846249,0.0422872133798467,0.03986236127550594,0.028049335963042644,0.6991715372812355,0.09855930731694029,0.09855930731694029,0.09855930731694029,0.07848166154883751,0.38070920869002706,251,False,9.723791428605965,0.29810650887631956,interior_core,0.4570597215541288,-0.41837262575464407,27.23395647427831,45,0.309817595828556,9.31936973312735,0.03919467342830018,0.15502681447095878,0,99,256,6576,0,355,355,99,6576,454,0.3604014598540146,ccpfm,4.025341362162019,0.6069824654395324,1.7567370267052302,1.0,0.3604014598540146,7.958078640513122e-13,7.865681439511718e-09,6.994683943162272e-09,5.645052425506947e-09,7.410939417695772e-09,6.944069763648031e-09,5.84680392989867e-09,0.03426424292458932,0.04249596570334116,0.0387484995733375,0.026723649334089723,0.0032594039948889986,ok,1.6050013350031804,1,False,
nan,nan,nan,0.0,nan,1.0122166090004612,5.634665924281907,0.764401529931373,1.8949621504412555,0.37410071942446044,2.0,3.706175644158094e-11,2.8539504230003256e-10,2.8977723137005826,0.3697551119565752,1.67848256461951,0.29900181488203265,0.29472968408588623,0.058131215652024566,0.5853694921132214,5.634665924281907,0.5848238148048726,1.7451050329919413,circle,1002,0.13247968213568612,0.0,0.1,0.053280130306833304,0.06220931145087086,0.05802726158045169,0.04265286568854507,0.6993474870535696,0.12844431377425558,0.12844431377425558,0.12844431377425558,0.08784645199075036,0.32825957621753077,211,False,8.676864045336014,0.3059954165628742,interior_core,0.49676357072388033,-0.45301891742089817,26.801558175133856,45,0.3082023496159011,9.352704228478125,0.04869195701218303,0.15590800513662265,0,79,144,4289,0,218,218,74,4289,297,0.3355094427605502,ccpfm,5.634665924281907,0.5848238148048726,1.7451050329919413,1.0,0.3355094427605502,4.760636329592671e-13,4.561851341122747e-09,3.017714522712822e-09,2.5820452442815167e-09,3.6684122406427377e-09,3.479807553219416e-09,2.9449385152702234e-09,0.0482961102611891,0.06240096432281311,0.05637182982437783,0.042240938087381934,0.0018952489917865023,ok,1.0141118579922477,2,False,
,,,,,0.12735543599410448,,,,,2.0,0.0,0.0,,,,,,,0.0,,,,circle,1003,0.5266212514851466,0.0,0.16,0.5073082144016883,0.5229517293993609,0.5866327092745438,0.6695092708156047,1.0,2.590493619057224,1.1934717121531848,2.590493619057224,2.590493619057224,0.088,71,False,66.41441918751764,0.043554139320225005,near_boundary_interior,0.48867403702078815,-0.7700270680578738,78.02259198810611,23,0.2905212238072618,43.194013206523884,0.0653021403104906,0.032816999717265684,,50,42,0,,87,87,45,,137,0.0,wls,,,,,,2.4424906541753444e-14,1.2878587085651816e-14,9.769962616701378e-15,1.609823385706477e-14,2.2870594307278225e-14,8.43769498715119e-15,1.7763568394002505e-14,0.5374072325092399,0.5289856847593393,0.6743791959744522,0.7861835974464239,0.0007296880066860467,ok,0.12808512400079053,3,False,
,,,,,0.16731079301098362,,,,,2.0,0.0,0.0,,,,,,,0.0,,,,circle,1003,0.3531405773262619,0.0,0.12,0.13293658686490242,0.14405700240406238,0.14766657350557605,0.15504762276771528,1.0,0.46536628476693886,0.3351188870229237,0.46536628476693886,0.46536628476693886,0.06600000000000003,85,False,109.92037015834121,0.024430098440820044,near_boundary_interior,-0.8301722938825552,-0.4279835623812251,147.41102619687751,23,0.30156398228461573,74.34927296422322,0.058022706518806234,0.01825470854651064,,66,90,0,,156,156,66,,222,0.0,wls,,,,,,4.796163466380676e-14,3.108624468950438e-14,1.7763568394002505e-14,4.3520742565306136e-14,1.8207657603852567e-14,3.164135620181696e-14,4.418687638008123e-14,0.13819625140542519,0.1447121902453533,0.16485816099265976,0.18889854764079408,0.0009409569902345538,ok,0.16825175000121817,3,False,
nan,nan,nan,0.0,nan,0.4128308380022645,4.179042148983664,0.7261108776838009,1.8276028771336872,0.3695652173913043,2.0,2.1624646517892643e-12,1.2964698757032027e-11,2.8763620894768454,0.2640663695060976,1.6551567549570894,0.23947750362844702,0.2984212453928047,0.04711380989347924,0.5597623951235802,4.179042148983664,0.5518386561106204,1.780011008153579,circle,1003,0.35884597384172134,0.0,0.16,0.12241503669419082,0.14685924271478423,0.14155628194696324,0.13335960984678655,0.6953553445984895,0.3120932550890624,0.27193945235762385,0.3120932550890624,0.3120932550890624,0.2875676519016974,96,False,10.764148914119717,0.26018165349662675,near_boundary_interior,0.55331083773114,0.45621961895799423,26.913774691198398,49,0.2905212238072618,9.85064992854452,0.0653021403104906,0.17250286978927987,0,50,42,2115,0,87,87,45,2115,137,0.3271867612293144,ccpfm,4.179042148983664,0.5518386561106204,1.780011008153579,1.0,0.3271867612293144,2.602362769721367e-13,1.9167645248785448e-10,5.6571192175169926e-11,6.760147996942578e-11,5.932210278558614e-11,1.9823853669720393e-10,1.0943423944809183e-10,0.10678586113199738,0.14751491640782574,0.13400296612196733,0.12002720388194202,0.0006067119975341484,ok,0.41343754999979865,3,False,
,,,,,0.22353066600044258,,,,,2.0,0.0,0.0,,,,,,,0.0,,,,circle,1003,0.19936553653424144,0.0,0.1,0.0917455930930344,0.1030530905802822,0.10012375365158349,0.09046024624793647,1.0,0.3152862255757265,0.2548266603988334,0.3152862255757265,0.3152862255757265,0.05499999999999996,82,False,181.5299359249659,0.014680346250455693,near_boundary_interior,0.8394270042683221,0.4340359017732494,202.3206323032996,23,0.30453548929854024,102.8155524477579,0.04841460394727265,0.012946428991089913,,79,150,0,,227,227,77,,306,0.0,wls,,,,,,7.460698725481052e-14,4.263256414560601e-14,2.886579864025407e-14,5.595524044110789e-14,2.1316282072803006e-14,3.1530333899354446e-14,7.638334409421077e-14,0.08701742963685168,0.1021028466232726,0.10103085664088035,0.09890920822092988,0.0024858230026438832,ok,0.22601648900308646,3,False,
nan,nan,nan,0.0,nan,0.7375810939993244,4.9985873146661035,0.6773296600095896,1.8980959604889387,0.3528050896471949,2.0,1.5604822989345735e-11,1.0623645032552118e-10,2.7853215222191126,0.322603128860156,1.6786097510657465,0.27739251040221913,0.3180224668839999,0.05130827824445214,0.5790196963194885,4.9985873146661035,0.5165798192240023,1.7854208878774804,circle,1003,0.19361285220653102,0.0,0.12,0.06981761034314639,0.08447373050668161,0.0775537234169944,0.060294659640404556,0.7149847561803482,0.1636804500900838,0.1636804500900838,0.1636804500900838,0.12306438848435886,0.3800268168770134,176,False,9.346547803470553,0.29039436563742227,interior_core,0.39206039499033934,0.48123840383339644,25.79798069886082,45,0.30156398228461573,9.422673873163589,0.058022706518806234,0.16062657985600753,0,66,90,3171,0,156,156,66,3171,222,0.3185115105644907,ccpfm,4.9985873146661035,0.5165798192240023,1.7854208878774804,1.0,0.3185115105644907,2.9665159217984183e-13,2.016793843040432e-09,1.9430166364742263e-09,1.4847936213868707e-09,1.777366809285752e-09,1.5353134319440187e-09,1.1964944590658888e-09,0.06311826166760422,0.0854205415319795,0.07529553397977501,0.05874043027323781,0.0011618580028880388,ok,0.7387429520022124,3,False,
,,,,,0.4271703829872422,,,,,2.0,0.0,0.0,,,,,,,0.0,,,,circle,1003,0.12769478631972636,0.0,0.08,0.055470934877228664,0.06186912559461492,0.05938156950492277,0.04787784963609355,1.0,0.27641228985127864,0.27641228985127864,0.27641228985127864,0.16901968866102468,0.33818811942677873,271,False,144.2906764417621,0.017064920502948933,interior_core,0.44616452194487044,-0.48885382281880657,332.6140034184009,23,0.3043442006725306,160.13072742018375,0.039037820200714494,0.007879132433533564,,99,262,0,,359,359,97,,458,0.0,wls,,,,,,1.0835776720341528e-13,4.929390229335695e-14,3.9745984281580604e-14,8.526512829121202e-14,4.263256414560601e-14,4.1300296516055823e-14,8.260059303211165e-14,0.05189622804796985,0.06223584995470205,0.0586166923283869,0.04748186840886642,0.003085066011408344,ok,0.43025544899865054,3,False,
,,,,,0.06472905600094236,,,,,2.0,0.0,0.0,,,,,,,0.0,,,,circle,1004,0.7058299433839083,0.0,0.2,1.033985467587724,0.9649077016170526,1.2348305217658178,1.4411095358972115,1.0,3.435713213703135,1.8787655525139468,3.435713213703135,3.435713213703135,0.11000000000000006,47,False,40.92627967813477,0.06845523472314004,near_boundary_interior,-0.5231288745400949,0.7200251249938527,48.356421738847864,23,0.2994953707580335,29.849244174018708,0.08159745955696335,0.05561405467420804,,40,21,0,,58,58,37,,98,0.0,wls,,,,,,1.6431300764452317e-14,7.327471962526033e-15,6.8833827526759706e-15,9.381384558082573e-15,1.1435297153639112e-14,8.770761894538737e-15,1.2878587085651816e-14,1.0342022888880706,0.9685916501977729,1.3443258064498596,1.5167240943841456,0.00048156300908885896,ok,0.06521061901003122,4,False,
nan,nan,nan,0.0,nan,1.7372949849959696,4.599728346034403,0.8383354877346194,1.8658312020841241,0.4167306216423638,2.0,1.1499007301907227e-10,9.946920975497831e-10,2.8958622340757567,0.4452445055995972,1.629281372167191,0.31132312327391415,0.2966176987755838,0.0675392084271358,0.5878169147689989,4.599728346034403,0.6098173971841664,1.730068247674794,circle,1002,0.1061513207864369,0.0,0.08,0.028522009444633654,0.03253303124378914,0.03051616208037177,0.021515406189529802,0.6854688807086988,0.08540999112733538,0.08540999112733538,0.08540999112733538,0.061699402147845084,0.3551139337891538,350,False,9.546429007552826,0.2909928183395002,interior_core,0.44236279029723574,0.469373432539411,27.958523791378504,45,0.29828242514080017,9.349365588022481,0.039177385292879424,0.15324982948762006,0,99,253,6589,0,355,355,102,6589,454,0.3530125967521627,ccpfm,4.599728346034403,0.6098173971841664,1.730068247674794,1.0,0.3530125967521627,5.648814749292796e-13,8.607148771488937e-09,6.3889498136404654e-09,6.0867897389016434e-09,8.000716533729246e-09,6.595154644628565e-09,5.542599268437698e-09,0.02641476868569845,0.03264570167242751,0.029871742836993176,0.021498125136690575,0.0058036209957208484,ok,1.7430986059916904,2,False,
nan,nan,nan,0.0,nan,0.38279387399961706,4.051653634204955,0.7299230339614344,2.0116795379890684,0.38223552894211577,2.0,1.5638722955513273e-12,9.180174365737016e-12,2.7797881861426417,0.2457501946892051,1.6452691910651185,0.19411764705882353,0.31810122936497587,0.05154513065868557,0.5641293536911809,4.051653634204955,0.5930260906449033,1.9315906162000072,circle,1004,0.5149983100354102,0.0,0.2,0.143083006512549,0.1714477495853354,0.17087596404997135,0.17034268045994388,0.6816816023528243,0.34322451597622694,0.34322451597622694,0.34322451597622694,0.3000059612110725,0.5333486943553002,65,False,9.330659662380052,0.29104549455491996,interior_core,0.34452565137630026,0.31596006437042556,25.483524661543683,51,0.2994953707580335,10.375334375440495,0.08159745955696335,0.17121906884653756,0,40,21,1342,0,58,58,37,1342,98,0.334575260804769,ccpfm,4.051653634204955,0.5930260906449033,1.9315906162000072,1.0,0.334575260804769,1.0480505352461478e-13,5.53317391904784e-11,3.7850944600847924e-11,2.6626242877192396e-11,5.384215989723273e-11,4.3433812102477987e-11,2.846689550750625e-11,0.12414322362996111,0.17528047329381666,0.16136972526048501,0.15291251576735723,0.00032310400274582207,ok,0.3831169780023629,4,False,
,,,,,0.10190797899849713,,,,,2.0,0.0,0.0,,,,,,,0.0,,,,circle,1004,0.5710857092941497,0.0,0.16,0.45574114693310586,0.441178021857682,0.5220966116011859,0.6243699734583512,1.0,1.9887597026254349,1.2427663146625432,1.9887597026254349,1.9887597026254349,0.08800000000000002,52,False,64.92438917009979,0.041394663910209996,near_boundary_interior,0.7991916922000271,0.43935935078072164,79.3094985147564,23,0.30751660338820275,44.91053270104764,0.06530214031049061,0.03445389156595416,,50,45,0,,92,92,47,,142,0.0,wls,,,,,,3.019806626980426e-14,1.3322676295501878e-14,1.2878587085651816e-14,3.241851231905457e-14,1.2975731600306517e-14,7.771561172376096e-15,1.4654943925052066e-14,0.5013541319633763,0.4463006449214395,0.622866332932036,0.7541270163042885,0.000562290006200783,ok,0.10247026900469791,4,False,
nan,nan,nan,0.0,nan,1.0141190870053833,4.946323407357731,0.7895201471511659,1.8692134837481285,0.39590443686006827,2.0,4.5423276251455036e-11,3.182564704992109e-10,2.852287744827309,0.3943000384277928,1.6604089772859527,0.3099870298313878,0.290786029749377,0.06015732938100929,0.5859823354310644,4.946323407357731,0.5989728429290319,1.733016160186712,circle,1003,0.14804958866426884,0.0,0.1,0.04926993836779416,0.05708839661762505,0.053769243897778665,0.04186326836675305,0.6900514793112172,0.14555514475150677,0.14555514475150677,0.14555514475150677,0.0897364796372861,0.32496279865047034,166,False,8.80035526644492,0.2998195528150735,interior_core,0.4130470803130764,-0.5359554285458735,25.87844780304113,45,0.30453548929854024,9.332972721785547,0.04841460394727265,0.16475014647589684,0,79,150,4364,0,227,227,77,4364,306,0.3503666361136572,ccpfm,4.946323407357731,0.5989728429290319,1.733016160186712,1.0,0.3503666361136572,3.6148861681795097e-13,4.525009256184376e-09,3.505522983004994e-09,2.961621170527451e-09,4.128324793128968e-09,3.1250415588601754e-09,2.510756047513496e-09,0.0445393224352589,0.05655552918578856,0.051712006647607445,0.04065194331433415,0.0020434439938981086,ok,1.0161625309992814,3,False,
,,,,,0.15524506699875928,,,,,2.0,0.0,0.0,,,,,,,0.0,,,,circle,1004,0.40228266393235623,0.0,0.12,0.13821709522247844,0.14228674807518885,0.1533601696999896,0.17594687676780918,1.0,0.5599393351074268,0.43911189330605366,0.5599393351074268,0.5599393351074268,0.06599999999999995,98,False,98.2762981099602,0.028218215424686728,near_boundary_interior,0.9171213305540572,-0.17676064130570146,142.66568495168255,23,0.30801910762636653,72.93360592778615,0.05782319591976965,0.01869763644435559,,66,94,0,,158,158,64,,224,0.0,wls,,,,,,5.861977570020827e-14,3.68594044175552e-14,2.531308496145357e-14,5.3734794391857577e-14,2.7450264283856995e-14,2.708944180085382e-14,5.595524044110789e-14,0.14483787217672325,0.14407068105421886,0.17245571922091535,0.20721275741336553,0.0011963270080741495,ok,0.15644139400683343,4,False,
nan,nan,nan,0.0,nan,0.36449937299767043,3.1192661102740438,0.700345186588042,1.9004126590025183,0.36137527432333577,2.0,2.0742574324827956e-12,1.5064728765909015e-11,2.496077660975242,0.2730926323386186,1.5692077063491463,0.2535410764872521,0.31218001567578746,0.04792283776475524,0.5596875001082152,3.1192661102740438,0.5471077146564108,1.7495455012122143,circle,1004,0.21334746493927656,0.0,0.16,0.17769207636555767,0.23295385697697982,0.20356386866348514,0.14879383164604912,0.6866954153564098,0.4079905569383655,0.4079905569383655,0.4079905569383655,0.37281909190856,0.4481236583470001,85,False,8.54197735164306,0.29839332009319275,interior_core,0.4900060971108685,0.2546266770363545,24.846840961529484,45,0.30751660338820275,9.937805247138538,0.06530214031049061,0.17274048355888746,0,50,45,2073,0,92,92,47,2073,142,0.3246502653159672,ccpfm,3.1192661102740438,0.5471077146564108,1.7495455012122143,1.0,0.3246502653159672,1.4654943925052066e-13,1.2091838641481445e-10,7.550382541410272e-11,9.406297962755161e-11,8.056222355889986e-11,1.0944667394596763e-10,7.86997134127887e-11,0.15161538060382293,0.2343962111617267,0.18836209799044132,0.1297964433295788,0.000598104001255706,ok,0.36509747699892614,4,False,
,,,,,0.22030048799933866,,,,,2.0,0.0,0.0,,,,,,,0.0,,,,circle,1004,0.31341014986628224,0.0,0.1,0.08927379018568458,0.09372181283732771,0.09714335452818229,0.10617387133335413,1.0,0.4833071813934657,0.22776339451465794,0.4833071813934657,0.4833071813934657,0.054999999999999986,116,False,149.73896059009826,0.018524271077660606,near_boundary_interior,0.8712576690821211,-0.3659712356965786,204.1328798354464,23,0.3150579394806545,104.43435640814612,0.048663381685153655,0.012973403646845032,,79,152,0,,232,232,80,,311,0.0,wls,,,,,,8.348877145181177e-14,3.197442310920451e-14,2.6201263381153694e-14,6.394884621840902e-14,3.9968028886505635e-14,3.574918139293004e-14,7.549516567451064e-14,0.0875365936158439,0.0949315482539541,0.10135048810763457,0.1125423224951636,0.0016587990103289485,ok,0.2219592870096676,4,False,
nan,nan,nan,0.0,nan,0.7346860859979643,5.098655650432774,0.6922470517604862,1.824551735934256,0.3689149560117302,2.0,1.511807345977445e-11,1.1378752759239124e-10,2.7144350109523794,0.3566280247646598,1.7047007667791454,0.27414965986394557,0.30182006895813784,0.05422037550113454,0.5778336663380056,5.098655650432774,0.5431688553237296,1.7507203246180854,circle,1004,0.21014897580593425,0.0,0.12,0.06180816590884961,0.0731430751667261,0.06857987282520114,0.05686743465462364,0.6934120357106073,0.17013991419630048,0.17013991419630048,0.17013991419630048,0.14040646526894895,0.5007151034477821,204,False,9.083035536336979,0.30746839005186,interior_core,-0.44239140674107735,-0.23150345310696838,25.520423330210594,45,0.30801910762636653,9.45839979845616,0.05782319591976965,0.1631425357253354,0,66,94,3175,0,158,158,64,3175,224,0.3250393700787402,ccpfm,5.098655650432774,0.5431688553237296,1.7507203246180854,1.0,0.3250393700787402,2.913225216616411e-13,2.392979148169161e-09,2.132693355250126e-09,1.649307357354246e-09,1.8460457607005765e-09,1.3679088972651243e-09,1.1126228827151863e-09,0.05638868605277914,0.07432874338075955,0.06714094361514135,0.05490354613505843,0.0011805430112872273,ok,0.7358666290092515,4,False,
,,,,,0.44049042799451854,,,,,2.0,0.0,0.0,,,,,,,0.0,,,,circle,1004,0.10716239482481077,0.0,0.08,0.05583483384792736,0.06336946651011685,0.05977264445954828,0.043148904373059044,1.0,0.1873793565340427,0.1873793565340427,0.1873793565340427,0.16141925261952467,0.3395844017258847,340,False,183.844227343418,0.012648745792049677,interior_core,0.40273247969582154,0.5243219756030778,329.7325574724775,23,0.3078646758427999,157.3065453081879,0.03920155525629898,0.007938556938920007,,99,253,0,,353,353,100,,452,0.0,wls,,,,,,1.2789769243681803e-13,5.773159728050814e-14,5.950795411990839e-14,9.947598300641403e-14,7.194245199571014e-14,4.4853010194856324e-14,9.725553695716371e-14,0.052113137112676074,0.06318828840595592,0.05896972226883213,0.04662230235648168,0.0036698689946206287,ok,0.44416029698913917,4,False,
,,,,,0.06260560100781731,,,,,2.0,0.0,0.0,,,,,,,0.0,,,,circle,1005,0.49653154743510625,0.0,0.2,1.369239943983034,1.685046695878991,1.6462418755464423,1.6095106196530151,1.0,5.265824439809611,4.677047316003165,5.265824439809611,5.265824439809611,0.10999999999999997,53,False,39.13406406414485,0.07410410646767805,near_boundary_interior,-0.5231288745404166,-0.7200251249936193,44.75333196294083,23,0.3274800788052843,28.161571484917232,0.08159745955695659,0.05772342541284462,,40,20,0,,54,54,34,,94,0.0,wls,,,,,,1.609823385706477e-14,6.439293542825908e-15,4.440892098500626e-15,1.1102230246251565e-14,1.3961054534661343e-14,6.217248937900877e-15,1.0880185641326534e-14,1.352785710165623,1.778522113424128,1.7848266992181263,1.7885248977718098,0.0002817919885274023,ok,0.06288739299634472,5,False,
nan,nan,nan,0.0,nan,1.6916395529988222,3.920247184203548,0.8257777569588991,1.930674460753841,0.42552366175329714,2.0,1.2667084915707338e-10,1.1421210233618318e-09,3.0555704970436914,0.45857111026083525,1.6630561498976373,0.3137447750184411,0.31085758545537656,0.0699332680516499,0.5945455869480443,3.920247184203548,0.6238337629782621,1.7646516376880252,circle,1003,0.06181499397402774,0.0,0.08,0.03637235282745658,0.04207168419890187,0.03893656024116919,0.021842426310149776,0.6995965668349791,0.10943036673489193,0.10943036673489193,0.10943036673489193,0.04807692116336626,0.5188121365173126,346,False,8.644008630855305,0.3121350873326971,interior_core,-0.45958471494736475,-0.1429599371991113,25.85728164922767,45,0.3043442006725306,9.36362694003445,0.039037820200714494,0.1575215671341283,0,99,262,6645,0,359,359,97,6645,458,0.35711060948081264,ccpfm,3.920247184203548,0.6238337629782621,1.7646516376880252,1.0,0.35711060948081264,5.471179065352771e-13,9.33095289923358e-09,8.495179004697206e-09,6.9389853862844575e-09,8.917975691247193e-09,6.7505008249924e-09,6.084825088237267e-09,0.033255760442972765,0.042066325180239145,0.03756231910015532,0.021028760104057603,0.004256451997207478,ok,1.6958960049960297,3,False,
nan,nan,nan,0.0,nan,0.28091322899854276,3.9136151360161127,0.7530373628266327,1.978239166658187,0.39524647887323944,2.0,1.3705425683241401e-12,7.948203878502774e-12,2.74334250204502,0.20174086232768243,1.5263410360810157,0.21712538226299694,0.3054235262049158,0.04771651210143303,0.5605241375185296,3.9136151360161127,0.6157677569761106,1.9299023629773755,circle,1005,0.5917137056396289,0.0,0.2,0.17565076418619402,0.1946608849440056,0.21118551554513287,0.22539626804020055,0.6995444674476304,0.39293084260174393,0.3928020314534017,0.39293084260174393,0.39293084260174393,0.350996618020192,62,False,11.092397805692208,0.2794840808532895,near_boundary_interior,0.5840598453298675,0.2837484303226413,25.84837860469439,54,0.3274800788052843,10.676294377832182,0.08159745955695659,0.181969479109751,0,40,20,1463,0,54,54,34,1463,94,0.35543403964456594,ccpfm,3.9136151360161127,0.6157677569761106,1.9299023629773755,1.0,0.35543403964456594,1.1191048088221578e-13,8.005351936901661e-11,5.545652825844627e-11,2.3805402094012607e-11,6.066277341565396e-11,8.997247391562269e-11,3.60922125519636e-11,0.14579202142411926,0.19738392556903497,0.19235381510563923,0.18933251084725278,0.0004336279962444678,ok,0.28134685699478723,5,False,
,,,,,0.0838912360050017,,,,,2.0,0.0,0.0,,,,,,,0.0,,,,circle,1005,0.6570808010626707,0.0,0.16,0.5757823297248041,0.5249483322856078,0.6652174011763823,0.8044274665964837,1.0,2.8723168962311885,1.3432342053965738,2.8723168962311885,2.8723168962311885,0.08800000000000001,63,False,58.82019099148722,0.04635284364414266,near_boundary_interior,-0.9048086075988283,-0.11430390901045093,87.41803594429672,23,0.28994761522665424,41.9215619225916,0.0653021403104906,0.029852470924419453,,50,37,0,,85,85,48,,135,0.0,wls,,,,,,3.708144902248023e-14,1.865174681370263e-14,1.2434497875801753e-14,1.4765966227514582e-14,1.264266469291897e-14,1.1879386363489175e-14,2.6201263381153694e-14,0.6403314494816224,0.5353319466199069,0.8069790382973132,0.9655505603205745,0.0004828950040973723,ok,0.08437413100909907,5,False,
nan,nan,nan,0.0,nan,1.0732884570024908,5.48390051777893,0.7942342876824169,1.8586815759145277,0.39664528860384807,2.0,5.2416968335244896e-11,3.8257320914829253e-10,2.8837534802922953,0.4003372846442717,1.6450057140873253,0.2995008319467554,0.331133514939662,0.06268343458036625,0.58760051105191,5.48390051777893,0.6163473828660379,1.7426162016952347,circle,1004,0.20349945242192086,0.0,0.1,0.042463234492310126,0.048014689957012864,0.0462064065401503,0.040694137244009825,0.6844059759922724,0.1144754298936046,0.1144754298936046,0.1144754298936046,0.10051347041434944,0.34815171272260986,263,False,8.73834342535582,0.31277961897130385,interior_core,-0.22425973288805756,-0.6122281647975705,26.21220882859764,45,0.3150579394806545,9.396043767105404,0.048663381685153655,0.1607715363130789,0,79,152,4431,0,232,232,80,4431,311,0.34394041976980366,ccpfm,5.48390051777893,0.6163473828660379,1.7426162016952347,1.0,0.34394041976980366,5.080380560684716e-13,5.203457664748612e-09,4.416726095968215e-09,3.6386769153295973e-09,4.996348668129258e-09,3.732836928449501e-09,2.9157529723988773e-09,0.03955415601264198,0.04859915042889027,0.04579608199240237,0.03993179387906606,0.0022467280068667606,ok,1.0755351850093575,4,False,
,,,,,0.24628417899657506,,,,,2.0,0.0,0.0,,,,,,,0.0,,,,circle,1005,0.28252897926252113,0.0,0.12,0.1662486997414569,0.1863327348692147,0.18457152889021716,0.1803141923975998,1.0,0.5460484369489635,0.5460484369489635,0.5460484369489635,0.47739114805462446,0.38556507758876785,186,False,63.254106840910595,0.035518536219954926,interior_core,0.4142937303471324,-0.45443916053551314,140.82306398323414,23,0.29035420035212056,72.11184649620809,0.05767691825320111,0.018070300480990734,,66,94,0,,156,156,62,,222,0.0,wls,,,,,,5.861977570020827e-14,3.064215547965432e-14,1.9095836023552692e-14,3.164135620181696e-14,1.4210854715202004e-14,2.6756374893466273e-14,5.950795411990839e-14,0.16245483300869817,0.1880671134706765,0.19379689927777766,0.20217449635617685,0.001587125996593386,ok,0.24787130499316845,5,False,
nan,nan,nan,0.0,nan,0.4130276159994537,3.628531326393385,0.6810047421250804,1.8648657590134827,0.3768227168073676,2.0,1.9489826419416545e-12,1.303090841817919e-11,2.7215390934616632,0.2955517836488786,1.565570148967998,0.24019607843137256,0.29269212563063696,0.04859345783848731,0.5562995803929106,3.628531326393385,0.5469504503617761,1.755070668780115,circle,1005,0.47389314000010235,0.0,0.16,0.11695154826255766,0.13207033680784652,0.13511738895487918,0.13876034017119554,0.677311255927776,0.3183877809487249,0.26716001125110983,0.3183877809487249,0.3183877809487249,0.31948091825029196,115,False,8.966744527547576,0.2960396843433353,near_boundary_interior,0.4932830352517709,-0.46886131879913284,24.928378423095573,46,0.28994761522665424,9.812909302660541,0.0653021403104906,0.16689372912242217,0,50,37,1915,0,85,85,48,1915,135,0.3331592689295039,ccpfm,3.628531326393385,0.5469504503617761,1.755070668780115,1.0,0.3331592689295039,1.2967404927621828e-13,1.609050670481338e-10,1.0648637527310711e-10,1.1650502784732453e-10,1.2067824517458803e-10,7.24795778950238e-11,9.568346115429449e-11,0.1001885008004739,0.1310421746614445,0.12626276608757508,0.12245138589178169,0.0008586429903516546,ok,0.41388625898980536,5,False,
,,,,,0.26942174599389546,,,,,2.0,0.0,0.0,,,,,,,0.0,,,,circle,1005,0.19883318555826693,0.0,0.1,0.08421268922727436,0.09572874942487722,0.09172537542982008,0.07953697497916273,1.0,0.29006225823369636,0.29006225823369636,0.29006225823369636,0.2671481639451198,0.47096488268200787,228,False,82.3257070345005,0.030313715348159794,interior_core,-0.4986411855856177,0.177190322539364,203.2180422481077,23,0.29865075672146535,99.98283495752378,0.04872613467463127,0.012563269496508102,,79,141,0,,220,220,79,,299,0.0,wls,,,,,,1.1812772982011666e-13,5.084821452783217e-14,4.030109579389318e-14,9.547918011776346e-14,4.196643033083092e-14,3.108624468950438e-14,5.684341886080802e-14,0.0814304772148141,0.0973574407829606,0.09493169465966461,0.09044065214841324,0.002354273005039431,ok,0.2717760189989349,5,False,
nan,nan,nan,0.0,nan,0.7571110949938884,5.2362544704026455,0.6171743491436723,1.872737937424242,0.3400900900900901,2.0,9.362441377724906e-12,7.659002111213264e-11,2.8470766847559212,0.31001975298458684,1.6621182170612332,0.2702513966480447,0.3174627363459781,0.04669523531148219,0.5732660222662999,5.2362544704026455,0.5008995980786201,1.7388426797532486,circle,1005,0.13863879430617546,0.0,0.12,0.09172111834160199,0.11263950006190687,0.1018300117243471,0.06968701807288114,0.7130707965898195,0.23626081015901412,0.23626081015901412,0.23626081015901412,0.1681960282409768,0.3517128446011913,201,False,8.228405163874388,0.3067735675359777,interior_core,0.46472650429090867,0.4521355974137209,26.19407560243421,45,0.29035420035212056,9.462742993329599,0.05767691825320111,0.16680342689550998,0,66,94,3208,0,156,156,62,3208,222,0.3089152119700748,ccpfm,5.2362544704026455,0.5008995980786201,1.7388426797532486,1.0,0.3089152119700748,2.5934809855243657e-13,1.5119416829634247e-09,1.2280625405480805e-09,1.0334417765989201e-09,1.2132925775176773e-09,1.194035315066344e-09,9.70402425082284e-10,0.08087308951575368,0.11168548424663897,0.09647576309612191,0.06713713843447648,0.0012088780058547854,ok,0.7583199729997432,5,False,
,,,,,0.423222554003587,,,,,2.0,0.0,0.0,,,,,,,0.0,,,,circle,1005,0.17411432935232093,0.0,0.08,0.05281899574114886,0.05770185028903816,0.056484471771487715,0.05160526501473035,1.0,0.20030757721831627,0.1949720279225472,0.20030757721831627,0.20030757721831627,0.043999999999999984,103,False,241.2943821823831,0.011629604950684491,near_boundary_interior,0.8353999360338696,0.4648040449312589,338.97751314957145,23,0.30938286882034766,158.6072005230791,0.03967638589735203,0.007971793639569569,,99,255,0,,357,357,102,,456,0.0,wls,,,,,,1.3936074516607277e-13,8.08242361927114e-14,5.81756864903582e-14,1.242062008799394e-13,4.440892098500626e-14,3.419486915845482e-14,7.638334409421077e-14,0.05040983873086455,0.058026340364967906,0.05697228279459942,0.0542476090120069,0.0030789320007897913,ok,0.4263014860043768,5,False,
,,,,,0.057977434000349604,,,,,2.0,0.0,0.0,,,,,,,0.0,,,,circle,1006,0.6233765114792189,0.0,0.2,0.8492560087306548,0.94094295103435,1.0195637679252294,1.0778212325118806,1.0,2.451493258093983,2.3709566913449,2.451493258093983,2.451493258093983,0.11000000000000004,49,False,41.67958034480092,0.06620923612054101,near_boundary_interior,-0.8464402995026187,0.2750251249939121,48.534167295525684,23,0.33892035549576566,29.08602474675948,0.08159745955696335,0.0526264640494269,,40,20,0,,58,58,38,,98,0.0,wls,,,,,,1.554312234475219e-14,7.993605777301127e-15,5.10702591327572e-15,1.3211653993039363e-14,9.631184738623233e-15,5.995204332975845e-15,1.6431300764452317e-14,0.8217991706901041,0.9427626331939456,1.0682299244044375,1.1286770584914276,0.0005098649999126792,ok,0.05848729900026228,6,False,
nan,nan,nan,0.0,nan,0.30213211200316437,4.458517479510628,0.8084480872330487,1.992415103053193,0.40472560975609756,2.0,1.143096034494917e-12,8.630347503541406e-12,3.1047885031353384,0.17495648647801845,1.610120786928918,0.2078239608801956,0.28855815089671183,0.04817581021337791,0.5671402074430238,4.458517479510628,0.6391159670214749,1.917646076358688,circle,1006,0.645364966002739,0.0,0.2,0.18183458256535323,0.19549617575411293,0.21829925279720994,0.23480755484559349,0.711401380820147,0.4455052436034519,0.3878848646361012,0.4455052436034519,0.4455052436034519,0.3369988362651718,72,False,11.423234747428051,0.27046173846058474,near_boundary_interior,0.38775704649653203,-0.537803181064974,26.08118130696047,57,0.33892035549576566,10.923960166123534,0.08159745955696335,0.1901856806638507,0,40,20,1721,0,58,58,38,1721,98,0.357931435212086,ccpfm,4.458517479510628,0.6391159670214749,1.917646076358688,1.0,0.357931435212086,6.750155989720952e-14,1.0553669049784276e-10,1.083885203811974e-10,6.228166745357588e-11,6.535211261038398e-11,9.117895327648284e-11,3.216915622772376e-11,0.1561347719682722,0.19710545089826995,0.2029544949729163,0.20596623332395894,0.00038540299283340573,ok,0.30251751499599777,6,False,
,,,,,0.07329358499555383,,,,,2.0,0.0,0.0,,,,,,,0.0,,,,circle,1006,0.7049886763344752,0.0,0.16,0.5409390351856637,0.45612664402235537,0.6240038048833454,0.7828938785524084,1.0,3.478716387344693,1.2159886666030446,3.478716387344693,3.478716387344693,0.088,71,False,68.97576636914583,0.042132869512438366,near_boundary_interior,0.48867403702078815,-0.7700270680578738,74.14798850454234,23,0.2900311560017549,43.40245560441517,0.0653021403104906,0.0361970643185442,,50,37,0,,85,85,48,,135,0.0,wls,,,,,,2.886579864025407e-14,1.6431300764452317e-14,1.1546319456101628e-14,2.6645352591003757e-14,1.7694179454963432e-14,1.0103029524088925e-14,1.554312234475219e-14,0.614915215615386,0.4737565935047628,0.774948176812813,0.9436390228068541,0.0004738409916171804,ok,0.07376742598717101,6,False,
nan,nan,nan,0.0,nan,1.8137543970078696,4.287146277891718,0.8144486227189709,1.908290437648746,0.41945525291828795,2.0,1.098509894159605e-10,1.1296265802769781e-09,3.1739621803283145,0.43408632564384325,1.6567204046876403,0.31949367088607594,0.3120058847725528,0.06878511313396388,0.5923796712309419,4.287146277891718,0.6138210698472727,1.7559666152576383,circle,1004,0.051786876306970736,0.0,0.08,0.04818974238279604,0.056363268701867746,0.051588374846592594,0.02588855449046393,0.6990121889857541,0.13287091078652502,0.13287091078652502,0.13287091078652502,0.05821585131921092,0.4378429863378649,326,False,9.592034974347754,0.2954723553849015,interior_core,0.4361308624408351,0.35492733691651057,26.615804942586003,45,0.3078646758427999,9.35954590173396,0.03920155525629898,0.15984330263338578,0,99,253,6520,0,353,353,100,6520,452,0.3588957055214724,ccpfm,4.287146277891718,0.6138210698472727,1.7559666152576383,1.0,0.3588957055214724,6.181721801112872e-13,9.434930170471034e-09,6.787607365055237e-09,5.885588905130135e-09,9.155710856134647e-09,6.756400772189863e-09,5.468377750617037e-09,0.04375373310080832,0.05636254562442963,0.04951046189371847,0.024817242689667285,0.0034198030043626204,ok,1.8171742000122322,4,False,
nan,nan,nan,0.0,nan,1.0362700859986944,5.311432835363158,0.7623513273115745,1.8579648442838228,0.3894736842105263,2.0,4.67999042297329e-11,2.818491618066975e-10,2.8572978417365933,0.35874325166913695,1.680701822224668,0.29752808988764046,0.2980722305766766,0.05674397165015283,0.5821274820893824,5.311432835363158,0.5599810862868312,1.7551734065822657,circle,1005,0.13866118785807843,0.0,0.1,0.06240420148247813,0.07355364717642461,0.06797133379662416,0.04921963474774946,0.7020149390265332,0.15092975924448881,0.15092975924448881,0.15092975924448881,0.13109780371851032,0.3309689053418181,136,False,8.431683633880922,0.3117460462999705,interior_core,0.471640302092672,0.4745747894147275,26.633309569957394,46,0.29865075672146535,9.415709426629627,0.04872613467463127,0.15373829037430178,0,79,141,4315,0,220,220,79,4315,299,0.34206257242178445,ccpfm,5.311432835363158,0.5599810862868312,1.7551734065822657,1.0,0.34206257242178445,4.618527782440651e-13,4.16640721923045e-09,2.5845698914395143e-09,2.518531161399551e-09,3.917922430929366e-09,2.8099083060340035e-09,2.408928168051716e-09,0.05616930349180064,0.07391460848038559,0.06548220458371073,0.04679704738487316,0.0017898119986057281,ok,1.0380598979973001,5,False,
,,,,,0.19364250400394667,,,,,2.0,0.0,0.0,,,,,,,0.0,,,,circle,1006,0.2893441094546972,0.0,0.12,0.16701187507153573,0.19019374418236298,0.18523037977403745,0.17451921308679882,1.0,0.6697813557246608,0.5077482951961344,0.6697813557246608,0.6697813557246608,0.06599999999999998,94,False,109.4412151725996,0.024943124234144003,near_boundary_interior,0.541773136068204,-0.7608139113244041,140.21140293394416,23,0.3043632875380087,72.56275029922034,0.05775474778292365,0.018967480986391567,,66,90,0,,156,156,66,,222,0.0,wls,,,,,,4.085620730620576e-14,1.4654943925052066e-14,1.1102230246251565e-14,3.197442310920451e-14,1.404432126150823e-14,1.5987211554602254e-14,3.108624468950438e-14,0.16368917289357532,0.19134161932671023,0.19526937773787537,0.20050145037721798,0.0016998390055960044,ok,0.19534234300954267,6,False,
nan,nan,nan,0.0,nan,0.36975317999895196,3.84938787651073,0.7338621833561952,1.9008877976389913,0.37993079584775086,2.0,2.1576490594199527e-12,1.3769709313733473e-11,2.7877472962624243,0.27361255726935113,1.6684824978563686,0.22408536585365854,0.2960423188378129,0.04806786777298411,0.5602015334566922,3.84938787651073,0.558931253801066,1.8265439664718037,circle,1006,0.4594865690901933,0.0,0.16,0.13549161285301006,0.15464412799860264,0.15629724691811295,0.15831145040063865,0.69437180330168,0.3140055334909533,0.3140055334909533,0.3140055334909533,0.2967250253774102,0.41610416969837893,94,False,8.785835712282807,0.3105793659791113,interior_core,0.375810373481938,0.44693791024221813,26.32754560854616,49,0.2900311560017549,10.254746842891826,0.0653021403104906,0.16813886125307692,0,50,37,2101,0,85,85,48,2101,135,0.33127082341742026,ccpfm,3.84938787651073,0.558931253801066,1.8265439664718037,1.0,0.33127082341742026,2.220446049250313e-13,1.218787293311152e-10,8.93024543202614e-11,6.680522801616462e-11,1.0609232936609203e-10,1.025916018804196e-10,7.005307445240305e-11,0.11594647590857624,0.156177495010848,0.14612178692521147,0.13787085171588792,0.0005845889972988516,ok,0.3703377689962508,6,False,
,,,,,0.2254030110052554,,,,,2.0,0.0,0.0,,,,,,,0.0,,,,circle,1006,0.2553051635911249,0.0,0.1,0.09400483445063441,0.10237057493719041,0.10232809959461628,0.10220450544540989,1.0,0.29957175501250877,0.29957175501250877,0.29957175501250877,0.27447925089057407,0.5156370477988615,266,False,88.50182525366013,0.02677685378013879,interior_core,-0.4385041392824693,0.20572375402517395,202.24085287360117,23,0.29258298705464764,102.27113704017162,0.048589170373213475,0.013054865936068962,,79,146,0,,224,224,78,,303,0.0,wls,,,,,,9.325873406851315e-14,4.6629367034256575e-14,3.2862601528904634e-14,4.1744385725905886e-14,3.1308289294429414e-14,4.4853010194856324e-14,1.127986593019159e-13,0.09082558359555833,0.10274776315445014,0.10563443217709577,0.11083580121958839,0.0018247719999635592,ok,0.22722778300521895,6,False,
nan,nan,nan,0.0,nan,0.7879482980060857,4.981909260488751,0.6292943511101177,1.8774070450193936,0.35192639447958596,2.0,1.3011369759396985e-11,9.038163554083186e-11,2.873730757805816,0.32728845874246393,1.643814029224819,0.27882599580712786,0.3158025282881636,0.04928071196433094,0.5743260645227669,4.981909260488751,0.5246647259391066,1.7352076522158852,circle,1006,0.20827106299770284,0.0,0.12,0.06833863844980334,0.08214360848520119,0.07579336468065985,0.06058559259470458,0.6937541163901249,0.16513847626493583,0.16513847626493583,0.16513847626493583,0.12790035029727942,0.4778059735544504,208,False,9.716585465494363,0.29608454705771725,interior_core,-0.49500969289411323,0.16968837619219151,26.172809567788285,45,0.3043632875380087,9.421129941066717,0.05775474778292365,0.16645670617158614,0,66,90,3170,0,156,156,66,3170,222,0.31892744479495266,ccpfm,4.981909260488751,0.5246647259391066,1.7352076522158852,1.0,0.31892744479495266,2.877698079828406e-13,1.7309584876556983e-09,1.0267613426151456e-09,9.728927663488207e-10,1.5244063789054962e-09,1.5163044153609917e-09,1.1930447740837735e-09,0.06162747580998498,0.0821741510024403,0.07351713396948845,0.05972294158689062,0.0013554189936257899,ok,0.7893037169997115,6,False,
,,,,,0.3998229840071872,,,,,2.0,0.0,0.0,,,,,,,0.0,,,,circle,1006,0.15176491022998595,0.0,0.08,0.05323052562457619,0.05900518381909513,0.05700058693116096,0.04864014102759239,1.0,0.16602281857167633,0.16602281857167633,0.16602281857167633,0.15391346966484076,0.18172957614060178,174,False,171.0473411342813,0.013314370352477352,interior_core,0.6147307185585138,-0.5421406693088979,336.6864713738907,23,0.3004136411733696,154.10361008523526,0.03931862490774589,0.007925432749095615,,99,250,0,,349,349,99,,448,0.0,wls,,,,,,1.163513729807164e-13,5.084821452783217e-14,5.3290705182007514e-14,1.0036416142611415e-13,4.618527782440651e-14,3.241851231905457e-14,7.105427357601002e-14,0.05045199917147226,0.05974135050208683,0.057161639077780844,0.05005894008743997,0.0028796749975299463,ok,0.40270265900471713,6,False,
,,,,,0.063363623994519,,,,,2.0,0.0,0.0,,,,,,,0.0,,,,circle,1007,0.5799274598575936,0.0,0.2,1.2763769892800934,1.3812248631664779,1.5375179579116702,1.690911843951837,1.0,4.942939986420219,3.008899822462507,4.942939986420219,4.942939986420219,0.10999999999999999,45,False,35.57627744792923,0.08081925870100962,near_boundary_interior,1.8893813258482854e-13,0.8899999999999999,45.93610223016034,23,0.32009070061476075,27.703570847418472,0.08159745955695005,0.05992512094831887,,40,20,0,,53,53,33,,93,0.0,wls,,,,,,1.4654943925052066e-14,8.659739592076221e-15,5.662137425588298e-15,1.176836406102666e-14,7.424616477180734e-15,4.218847493575595e-15,9.880984919163893e-15,1.2791199544886274,1.3434943081849937,1.6943955943121913,1.8753764201450687,0.0003062160103581846,ok,0.06366984000487719,7,False,
nan,nan,nan,0.0,nan,0.22854094300419092,5.109384748650379,0.7490784624820209,2.102966749985653,0.3866432337434095,2.0,1.596507648304879e-12,9.002137142428758e-12,2.518488823718978,0.18318860510831336,1.400024292854855,0.1986062717770035,0.2827793029458911,0.047014710935458504,0.5619350539872513,5.109384748650379,0.6181124097525634,2.000544894078327,circle,1007,0.41958950484974267,0.0,0.2,0.17715038482570458,0.22533725699796403,0.21339455365307705,0.19962253752803324,0.702819553440844,0.42453395388180304,0.4133079872238907,0.42453395388180304,0.42453395388180304,0.3558433201164568,68,False,9.948371944734848,0.26763711916131805,near_boundary_interior,-0.5031567760764954,-0.40592267963412,26.88832196136386,51,0.32009070061476075,10.742541205587964,0.08159745955695005,0.1798690602149263,0,40,20,1425,0,53,53,33,1425,93,0.3487719298245614,ccpfm,5.109384748650379,0.6181124097525634,2.000544894078327,1.0,0.3487719298245614,7.549516567451064e-14,1.2445333652522095e-10,1.2695633433423836e-10,5.400724312210059e-11,8.903748051347637e-11,1.0502765324105212e-10,4.9321746339869854e-11,0.144469612279002,0.22511691827198577,0.19137272755266668,0.1676480862577902,0.0003457870043348521,ok,0.22888673000852577,7,False,
,,,,,0.09348560500075109,,,,,2.0,0.0,0.0,,,,,,,0.0,,,,circle,1007,0.7149917654623483,0.0,0.16,0.4820412312763678,0.3831822923693723,0.5558884427857511,0.7430382042325518,1.0,2.403138829352661,0.9618912227609343,2.403138829352661,2.403138829352661,0.08800000000000008,62,False,60.34196448615319,0.045678159205797784,near_boundary_interior,-0.9048086075987769,0.1143039090108568,76.72596389730323,23,0.3073517184369179,43.04141479334649,0.06530214031049061,0.03403825235078348,,50,42,0,,88,88,46,,138,0.0,wls,,,,,,2.886579864025407e-14,1.3766765505351941e-14,1.199040866595169e-14,1.9040324872321435e-14,1.6656814816329302e-14,9.992007221626409e-15,1.9317880628477724e-14,0.5441631593981969,0.38377427307333845,0.6814395614364307,0.8682540700353372,0.0004918470076518133,ok,0.0939774520084029,7,False,
nan,nan,nan,0.0,nan,1.733722389995819,5.566659476128916,0.8228968099109479,1.9842707194052982,0.41756965944272445,2.0,1.7590685158497266e-10,1.4412646267486677e-09,2.9630785084614595,0.44009975385283273,1.6475788799767501,0.3215793394586541,0.32387263561263874,0.06960533352867468,0.5988915075736922,5.566659476128916,0.6225955157119475,1.761273617518591,circle,1005,0.0991459752370834,0.0,0.08,0.033764729423595166,0.038523888738940686,0.03610789791130359,0.02489358437098766,0.6958712220653729,0.10477979161715678,0.10477979161715678,0.10477979161715678,0.06987003822842075,0.34883646321973366,203,False,9.954912648687282,0.2922890255332,interior_core,0.5271919665257283,-0.3822913149783874,26.992810892783893,45,0.30938286882034766,9.349905968176031,0.03967638589735203,0.16314767458456994,0,99,255,6611,0,357,357,102,6611,456,0.359098472243231,ccpfm,5.566659476128916,0.6225955157119475,1.761273617518591,1.0,0.359098472243231,8.277822871605167e-13,9.315381355179397e-09,6.8196532865272275e-09,7.737573248789431e-09,8.705524301433343e-09,8.054310995930791e-09,6.45282227651478e-09,0.031203097271943016,0.038799077767739124,0.03526517296227904,0.02427534541753066,0.004133067006478086,ok,1.737855457002297,5,False,
nan,nan,nan,0.0,nan,1.100981032999698,5.153513472945365,0.8035891796918879,1.8753151642145858,0.3800970873786408,2.0,3.245186758205065e-11,2.7453994235309434e-10,2.9471171887538574,0.38198651072590617,1.6414039542483654,0.3034243606415258,0.301679988585904,0.05963256029518245,0.5802906045092583,5.153513472945365,0.5853508665718802,1.7276556176654456,circle,1006,0.11503146081150971,0.0,0.1,0.05280884928809866,0.0626911739257954,0.05748458811729944,0.03853941114230582,0.67787549472061,0.17196170625466956,0.17196170625466956,0.17196170625466956,0.11071565759953306,0.4632773427479375,164,False,9.053566105051212,0.30358843724298545,interior_core,-0.5034411533908834,-0.18608432995950586,26.156608987978633,45,0.29258298705464764,9.515758731273465,0.048589170373213475,0.16360245839039614,0,79,146,4367,0,224,224,78,4367,303,0.33959239752690634,ccpfm,5.153513472945365,0.5853508665718802,1.7276556176654456,1.0,0.33959239752690634,3.552713678800501e-13,3.9684522334937355e-09,3.0707631992754614e-09,2.452523517604277e-09,3.4724045860912156e-09,2.732875259425782e-09,2.5686546223369078e-09,0.04813170533618007,0.06325131360772503,0.055979440611613245,0.03886893071978555,0.002003296001930721,ok,1.1029843290016288,6,False,
,,,,,0.1764612870028941,,,,,2.0,0.0,0.0,,,,,,,0.0,,,,circle,1007,0.39012028356189854,0.0,0.12,0.16237580440079447,0.16890080040413422,0.18064391482322878,0.20518986442613632,1.0,0.6518001947290829,0.4852327801418496,0.6518001947290829,0.6518001947290829,0.06599999999999996,91,False,108.94904190197701,0.024257478056239887,near_boundary_interior,0.044441512176819194,-0.9329420209433164,153.0175017013657,23,0.3072031061551041,72.53671272126921,0.05760848339185768,0.017590358308537248,,66,94,0,,157,157,63,,223,0.0,wls,,,,,,4.218847493575595e-14,2.042810365310288e-14,1.865174681370263e-14,3.6415315207705135e-14,2.2426505097428162e-14,1.0880185641326534e-14,3.064215547965432e-14,0.16636017243459755,0.1694631966305541,0.1982676993466349,0.23476471854764236,0.0010014900035457686,ok,0.17746277700643986,7,False,
nan,nan,nan,0.0,nan,0.46209092100616544,3.778037359724329,0.6927731748572359,1.8573405161164531,0.36027190332326287,2.0,1.8623089181879493e-12,1.3555235364105763e-11,2.5810980884756916,0.2775114043264133,1.5979890567065038,0.24539877300613497,0.3098477114315435,0.04755789172358657,0.5603300774396394,3.778037359724329,0.551813457234344,1.7656608625416583,circle,1007,0.4312766913124927,0.0,0.16,0.10319873784929848,0.11588238898535294,0.11900846226079649,0.12354603620733633,0.6911897417377637,0.2575529597613848,0.22478104491828188,0.2575529597613848,0.2575529597613848,0.3034016481182733,81,False,10.228184753000408,0.2809321460641715,near_boundary_interior,0.5032402246712453,0.4818176106085892,25.909329320625773,45,0.3073517184369179,9.500063368450494,0.06530214031049061,0.17000000006969593,0,50,42,1976,0,88,88,46,1976,138,0.3223684210526316,ccpfm,3.778037359724329,0.551813457234344,1.7656608625416583,1.0,0.3223684210526316,2.1183055309847987e-13,1.2607515031959338e-10,9.476908147121321e-11,1.0154321827826607e-10,6.338329860966496e-11,1.0023426533223301e-10,1.0874046108000357e-10,0.09139074649895336,0.11797817665511816,0.11444595088441618,0.11112286113649344,0.0006165630038594827,ok,0.4627074840100249,7,False,
,,,,,0.2625783769908594,,,,,2.0,0.0,0.0,,,,,,,0.0,,,,circle,1007,0.2698955496158159,0.0,0.1,0.08695875226001462,0.09316168814366417,0.09458139739276601,0.09877320883808463,1.0,0.4012347522333822,0.27156320287611235,0.4012347522333822,0.4012347522333822,0.05499999999999996,82,False,155.39085011013944,0.017382109188231524,near_boundary_interior,0.8394270042683221,0.4340359017732494,201.61070674413804,23,0.3047812028617602,105.45552491423568,0.048375474452386685,0.01290291222664655,,79,151,0,,229,229,78,,308,0.0,wls,,,,,,7.815970093361102e-14,3.197442310920451e-14,1.6209256159527285e-14,4.707345624410664e-14,2.8033131371785203e-14,3.907985046680551e-14,9.947598300641403e-14,0.08617732959014447,0.09423235237055287,0.09994260138002321,0.1101590764933876,0.0025046360096894205,ok,0.2650830130005488,7,False,
,,,,,0.4418720410030801,,,,,2.0,0.0,0.0,,,,,,,0.0,,,,circle,1007,0.10495680736971295,0.0,0.08,0.05881204048970705,0.06618297142742786,0.06289514267366864,0.04654135100201723,1.0,0.2399713941767847,0.2399713941767847,0.2399713941767847,0.18100305648413384,0.5464924226602083,323,False,156.09914188883943,0.01579562552384199,interior_core,-0.4218965541688114,0.16725949376950466,331.0330447656684,23,0.30183050888593904,152.66554820053295,0.039464706153526,0.00793449628758669,,99,250,0,,344,344,94,,443,0.0,wls,,,,,,1.0302869668521453e-13,6.394884621840902e-14,3.6415315207705135e-14,9.059419880941277e-14,5.062616992290714e-14,3.2862601528904634e-14,7.72715225139109e-14,0.05547229735159718,0.06691969458898754,0.0629504434946732,0.05090954500999442,0.0027778090006904677,ok,0.44464985000377055,7,False,
nan,nan,nan,0.0,nan,0.7283561389922397,4.873916983254327,0.6492782443620345,1.9506440743443716,0.3492877492877493,2.0,1.0140562001215159e-11,8.771548103246347e-11,2.7787152664612496,0.32532854961464475,1.636801539164875,0.27674258109040717,0.32311770261837297,0.04883702395506838,0.5777541088478677,4.873916983254327,0.5167976395486715,1.7643765652436971,circle,1007,0.1856599902859426,0.0,0.12,0.08293536331827876,0.09968525753481663,0.0922660168637008,0.07229932398956798,0.7051935310720072,0.19269376150226414,0.19269376150226414,0.19269376150226414,0.14094315676529,0.41792636264195493,190,False,8.86797776252719,0.310254593306038,interior_core,-0.5220566854814216,-0.2578873140092588,26.21254449540476,45,0.3072031061551041,9.454914049498562,0.05760848339185768,0.16590988683792224,0,66,94,3204,0,157,157,63,3204,223,0.31647940074906367,ccpfm,4.873916983254327,0.5167976395486715,1.7643765652436971,1.0,0.31647940074906367,2.8066438062523957e-13,1.6230812249773408e-09,1.3200800452750627e-09,1.0397442906651122e-09,1.4750219656800567e-09,1.022971929387495e-09,9.508234199984145e-10,0.07401631156988447,0.09998562762609363,0.08821248255710976,0.06689918826444151,0.0012689779978245497,ok,0.7296251169900643,7,False,
,,,,,0.09043934498913586,,,,,2.0,0.0,0.0,,,,,,,0.0,,,,circle,1008,0.7553963492547768,0.0,0.2,1.1039469517154297,0.99744333380654,1.3334675480201226,1.544833465751092,1.0,4.304428976739351,2.553138151174296,4.304428976739351,4.304428976739351,0.10999999999999997,53,False,41.19585827277065,0.06930887781546913,near_boundary_interior,-0.5231288745404166,-0.7200251249936193,46.88575670383217,23,0.3167570101128293,27.896203847996084,0.08159745955695659,0.05528546578807676,,40,18,0,,54,54,36,,94,0.0,wls,,,,,,2.0095036745715333e-14,1.1102230246251565e-14,7.771561172376096e-15,1.2101430968414206e-14,1.404432126150823e-14,1.021405182655144e-14,1.73749903353837e-14,1.1230148087730036,0.988194474589515,1.4816735564644572,1.6747449453825574,0.0004441800119820982,ok,0.09088352500111796,8,False,
nan,nan,nan,0.0,nan,1.5620602230046643,4.621641485729953,0.8093301062413318,1.9364650837378332,0.4217898832684825,2.0,1.06177611841618e-10,1.034145191497434e-09,3.0615226925363976,0.44367748952578695,1.6761948592879141,0.31513141107425363,0.31778943493361844,0.06764662505871467,0.5939469704861576,4.621641485729953,0.6000041315167346,1.761239525744883,circle,1006,0.0971008953924072,0.0,0.08,0.02851186372047477,0.03260742571448148,0.030531221465489252,0.020839419158507694,0.7036799131743001,0.07334310831965707,0.07334310831965707,0.07334310831965707,0.05564947611419091,0.5865018216745355,353,False,8.931936298819465,0.3025970785744226,interior_core,-0.37390750479508933,0.17731796406885533,26.734518971060123,45,0.3004136411733696,9.402790136936995,0.03931862490774589,0.15911104506845142,0,99,250,6489,0,349,349,99,6489,448,0.3573740175681923,ccpfm,4.621641485729953,0.6000041315167346,1.761239525744883,1.0,0.3573740175681923,6.146194664324867e-13,8.762325975908425e-09,5.120603718822281e-09,5.0478945468057645e-09,8.4652693743692e-09,6.156530396594917e-09,5.608368880416492e-09,0.026149472375629666,0.03247095240058719,0.029627105497443552,0.02078009688400896,0.0038716239942004904,ok,1.5659318469988648,6,False,
,,,,,0.0887227570055984,,,,,2.0,0.0,0.0,,,,,,,0.0,,,,circle,1008,0.533781517560044,0.0,0.16,0.4055145340805816,0.4136142923229297,0.4662226025836982,0.5335021963230758,1.0,1.963442559007078,1.0887540998384262,1.963442559007078,1.963442559007078,0.08800000000000002,52,False,66.25128615838051,0.041977533287331344,near_boundary_interior,0.7991916922000271,0.43935935078072164,77.01641578146982,23,0.30871363696289683,43.04913032912782,0.06530214031049061,0.033768442098641833,,50,42,0,,89,89,47,,139,0.0,wls,,,,,,2.886579864025407e-14,1.4210854715202004e-14,9.769962616701378e-15,2.1316282072803006e-14,1.0658141036401503e-14,1.0658141036401503e-14,1.9984014443252818e-14,0.44477144402789554,0.4219972835242606,0.5558393551950995,0.6526179015527067,0.0005235830030869693,ok,0.08924634000868537,8,False,
nan,nan,nan,0.0,nan,0.2437269229994854,3.9505966067878937,0.8055352591810981,1.9929140159202743,0.4103019538188277,2.0,1.6151489867777258e-12,8.763053610886326e-12,2.354204001935114,0.2166044320562062,1.6257225265066955,0.21656050955414013,0.2555979488956466,0.050263461496036846,0.5652815159741482,3.9505966067878937,0.6141157696896262,1.9145089687631478,circle,1008,0.7165647121498662,0.0,0.2,0.14773591651756768,0.14368836748756475,0.17845155516491568,0.20135379665889563,0.7016658893374903,0.43417381418768924,0.33314972262509124,0.43417381418768924,0.43417381418768924,0.34058208492489384,62,False,10.13829755559202,0.2701536833671161,near_boundary_interior,-0.48204088021902064,-0.4514869525474719,26.449550289987137,52,0.3167570101128293,10.7052526277375,0.08159745955695659,0.17529211105197304,0,40,18,1440,0,54,54,36,1440,94,0.3680555555555556,ccpfm,3.9505966067878937,0.6141157696896262,1.9145089687631478,1.0,0.3680555555555556,8.704148513061227e-14,7.436229410018314e-11,6.40546504726558e-11,2.6631918892405793e-11,6.640765715104635e-11,7.948308677896421e-11,3.3605340732378863e-11,0.12331059459876155,0.14695913679908654,0.1626924648024161,0.17001400886651008,0.00042944299639202654,ok,0.24415636599587742,8,False,
,,,,,0.14141485099389683,,,,,2.0,0.0,0.0,,,,,,,0.0,,,,circle,1008,0.41388854631276245,0.0,0.12,0.1718700636587573,0.17596607654196914,0.19118959295317245,0.22159935660151722,1.0,0.782727685699485,0.5530959129956943,0.782727685699485,0.782727685699485,0.06600000000000004,74,False,107.48679949100901,0.02526822934581891,near_boundary_interior,0.04444151217711187,0.9329420209433024,139.48899996676903,23,0.3115276782578461,70.03450237113168,0.05786310998306451,0.018682422051952467,,66,88,0,,152,152,64,,218,0.0,wls,,,,,,5.950795411990839e-14,2.19824158875781e-14,1.687538997430238e-14,3.6637359812630166e-14,1.7541523789077473e-14,1.865174681370263e-14,2.6645352591003757e-14,0.1763353465365504,0.17730230636083333,0.21117661708178187,0.25037934274576895,0.0011065660073654726,ok,0.1425214170012623,8,False,
nan,nan,nan,0.0,nan,1.227341614998295,4.839952075995726,0.7967521823055943,1.878441470556468,0.38734419942473636,2.0,3.7743714403903894e-11,2.911829636161933e-10,2.6620506169472398,0.39386456077416704,1.6662512594997005,0.2986081822016027,0.3045209474530764,0.060699046453620134,0.582224107921913,4.839952075995726,0.6006765662741501,1.7265349073209344,circle,1007,0.11628208828825808,0.0,0.1,0.055088254880230336,0.06493029794350762,0.05991719051949713,0.04107177078746565,0.6942133257916464,0.14767165564573292,0.14767165564573292,0.14767165564573292,0.11099550383574489,0.49979195306960056,265,False,8.522113609534838,0.3117269789728651,interior_core,0.31860973608223814,0.3856300466507786,26.852178131901763,45,0.3047812028617602,9.401856604592332,0.048375474452386685,0.15730592752404635,0,79,151,4457,0,229,229,78,4457,308,0.340139107022661,ccpfm,4.839952075995726,0.6006765662741501,1.7265349073209344,1.0,0.340139107022661,3.89910326248355e-13,3.9867860124331855e-09,3.2577647246512242e-09,2.6971314071033703e-09,3.824380589989573e-09,2.9188411687641747e-09,2.498429463315688e-09,0.05049423752007619,0.06603201246779629,0.058559779891744566,0.04033569452975226,0.001963247006642632,ok,1.2293048620049376,7,False,
nan,nan,nan,0.0,nan,0.46293057000730187,3.3112581227627675,0.6781227508139236,1.8152268408364978,0.3553846153846154,2.0,1.8648277366750676e-12,1.3685455455205395e-11,2.6103641322739137,0.3052460120523657,1.59516326272821,0.24696969696969698,0.30627143814545615,0.04889901377599211,0.5563530843026628,3.3112581227627675,0.5335437815428097,1.7333399694858458,circle,1008,0.4293747635818402,0.0,0.16,0.11053125825627308,0.12472541883520771,0.12707848069596026,0.1304221612787579,0.6738842040328625,0.27902760292404993,0.26623675561665716,0.27902760292404993,0.27902760292404993,0.31059052088482986,88,False,9.434723546721019,0.2836286906025688,near_boundary_interior,0.5453735461150422,-0.4235944978233538,25.48602804741324,45,0.30871363696289683,9.458922473272215,0.06530214031049061,0.16217149813652926,0,50,42,1960,0,89,89,47,1960,139,0.31887755102040816,ccpfm,3.3112581227627675,0.5335437815428097,1.7333399694858458,1.0,0.31887755102040816,1.3491985306757215e-13,1.6013368409062423e-10,1.4209566856493439e-10,1.422791329197537e-10,8.553972807856525e-11,7.396794288183628e-11,7.213322994470417e-11,0.09568857102806885,0.12481536054591856,0.11958383195222941,0.11470715232527899,0.0005209189985180274,ok,0.4634514890058199,8,False,
,,,,,0.2681318820104934,,,,,2.0,0.0,0.0,,,,,,,0.0,,,,circle,1008,0.19080539545889375,0.0,0.1,0.09468028511701473,0.10894393702819462,0.10314456421588176,0.08596886690137011,1.0,0.2878052472432524,0.2878052472432524,0.2878052472432524,0.25193310122217555,0.5880719144654494,188,False,89.64348682433602,0.02676311897548324,interior_core,-0.3455855380689646,-0.2244475067658201,197.25404940552852,23,0.2861320224997306,101.19556976506514,0.048524511071369125,0.01318416043724492,,79,141,0,,223,223,82,,302,0.0,wls,,,,,,8.881784197001252e-14,3.6415315207705135e-14,3.1530333899354446e-14,5.3290705182007514e-14,2.842170943040401e-14,3.4638958368304884e-14,7.105427357601002e-14,0.08990561511365061,0.11045365313230926,0.10462557473034555,0.09376089138807413,0.001658362991292961,ok,0.2697902450017864,8,False,
nan,nan,nan,0.0,nan,0.7954754160018638,5.549765519828446,0.609922212348073,1.9049611742175423,0.34142212189616256,2.0,1.1219497553227598e-11,7.778227591666185e-11,2.985680544451079,0.32560556298061333,1.644889452269807,0.2750179985601152,0.2930271065304753,0.04608269822208965,0.5740722139196939,5.549765519828446,0.47532012756853403,1.7501055311000888,circle,1008,0.21219066714931112,0.0,0.12,0.09689073245280837,0.11500888910143287,0.10778200289357544,0.08944826710539536,0.7139543440728945,0.2651908943125246,0.2651908943125246,0.2651908943125246,0.22596899065498632,0.4260238842886209,173,False,9.190997837250478,0.29009163474945926,interior_core,-0.513879039648781,-0.2559790092862766,26.147099307991567,45,0.3115276782578461,9.498930936521344,0.05786310998306451,0.16643960850797335,0,66,88,3161,0,152,152,64,3161,218,0.3122429610882632,ccpfm,5.549765519828446,0.47532012756853403,1.7501055311000888,1.0,0.3122429610882632,4.1033842990145786e-13,1.46130840761316e-09,1.1539729172227453e-09,9.302496550844808e-10,1.2538818872087631e-09,1.016384976182394e-09,8.548814989239872e-10,0.0863509151058668,0.11761970341004725,0.10341258569048896,0.07985201451099981,0.0012487249914556742,ok,0.7967241409933195,8,False,
,,,,,0.3917749549873406,,,,,2.0,0.0,0.0,,,,,,,0.0,,,,circle,1008,0.13549465879248185,0.0,0.08,0.05443043541303204,0.060407949106521336,0.05815425182358291,0.04801062936668222,1.0,0.24968782423702546,0.24968782423702546,0.24968782423702546,0.15503733670049957,0.5904577801909309,256,False,140.41544578013577,0.0167201083330845,interior_core,-0.02940906770129162,-0.408504302511141,317.4335587462705,23,0.2905480524121287,159.26540984115366,0.03937543016532466,0.008038601977039409,,99,260,0,,359,359,99,,458,0.0,wls,,,,,,1.376676550535194e-13,5.906386491005833e-14,4.263256414560601e-14,9.281464485866309e-14,4.440892098500626e-14,5.306866057708248e-14,1.0302869668521453e-13,0.05112332107849044,0.06067730808685613,0.05774369535476171,0.049213485307368604,0.0032074080081656575,ok,0.39498236299550626,8,False,
,,,,,0.08320896000077482,,,,,2.0,0.0,0.0,,,,,,,0.0,,,,circle,1009,0.7237096435993982,0.0,0.2,1.227030092950017,1.1429660784145756,1.468273463138424,1.6934326546263274,1.0,4.337714270452896,2.082204763906117,4.337714270452896,4.337714270452896,0.10999999999999999,45,False,34.97573910841668,0.08374891026090184,near_boundary_interior,1.8893813258482854e-13,0.8899999999999999,48.154400720463556,23,0.32630531624311315,28.626340796660617,0.08159745955696313,0.054881095006206734,,40,19,0,,55,55,36,,95,0.0,wls,,,,,,1.2878587085651816e-14,8.881784197001252e-15,4.6629367034256575e-15,1.5654144647214707e-14,1.5626389071599078e-14,9.103828801926284e-15,1.2656542480726785e-14,1.3021660707346283,1.1786762120866907,1.7113815004173132,1.9342612037254132,0.0002850159944500774,ok,0.0834939759952249,9,False,
nan,nan,nan,0.0,nan,1.5691731800034177,4.240282168071113,0.8286168390250968,1.9267428932381943,0.4215987701767871,2.0,9.149163371358071e-11,9.153485405910984e-10,3.0029123863934206,0.4494984411331814,1.6740493499142837,0.31240188383045525,0.3192190400287312,0.06697368866377766,0.5892031455551134,4.240282168071113,0.6015495194198661,1.747854219431506,circle,1007,0.091260099560515,0.0,0.08,0.032728429548447936,0.03711102780495154,0.0350006432151424,0.02415088600756543,0.6927438115204032,0.08588701525493969,0.08588701525493969,0.08588701525493969,0.0605086757245884,0.39591775006814267,364,False,8.720679015172895,0.30410485467865755,interior_core,0.43284975112084567,-0.4214952294353311,27.165316750784946,45,0.30183050888593904,9.342275284010277,0.039464706153526,0.1577506253376364,0,99,250,6424,0,344,344,94,6424,443,0.3566313823163138,ccpfm,4.240282168071113,0.6015495194198661,1.747854219431506,1.0,0.3566313823163138,6.765699112065704e-13,7.848920624553557e-09,4.284474997007237e-09,4.466539138547887e-09,7.521237854746232e-09,6.423173104508351e-09,5.138101499824188e-09,0.029906853328424174,0.03697379050114353,0.03393855618817704,0.02407053223294841,0.003737945997272618,ok,1.5729111260006903,7,False,
,,,,,0.09556001600867603,,,,,2.0,0.0,0.0,,,,,,,0.0,,,,circle,1009,0.6104101195938659,0.0,0.16,0.5373555332194048,0.4950945522823672,0.6205365784865143,0.7783483315849826,1.0,3.611101532369978,1.423162503912276,3.611101532369978,3.611101532369978,0.08800000000000001,63,False,61.47397810941381,0.0459305677796348,near_boundary_interior,-0.9048086075988283,-0.11430390901045093,78.8551473585363,23,0.31031251209321264,42.90672461670439,0.0653021403104906,0.03288339919981928,,50,42,0,,86,86,44,,136,0.0,wls,,,,,,3.064215547965432e-14,1.1546319456101628e-14,7.993605777301127e-15,1.4099832412739488e-14,1.0574874309554616e-14,1.1324274851176597e-14,2.2648549702353193e-14,0.6225595736307773,0.4969201701337683,0.782890718931267,0.9809537562011583,0.0005139540007803589,ok,0.09607397000945639,9,False,
nan,nan,nan,0.0,nan,0.9789547179971123,4.988684828156757,0.756196585828182,1.8471956701801735,0.38022813688212925,2.0,3.985721475086024e-11,2.720682266346569e-10,2.959472691258824,0.38327109917352936,1.6394006292190284,0.2968056787932564,0.3070381754467044,0.05828201360900735,0.5804041509367361,4.988684828156757,0.5856407209881613,1.7271791978971671,circle,1008,0.20062140055601113,0.0,0.1,0.04981948298575119,0.056976070596968846,0.0542732719454221,0.04638463731174696,0.6816473202956483,0.13523667179706234,0.13523667179706234,0.13523667179706234,0.12337489873428886,0.3761486154478221,193,False,8.925316716119156,0.304836596661735,interior_core,-0.5901200565874766,-0.20396787824343954,26.394358872053022,45,0.2861320224997306,9.337520207398624,0.048524511071369125,0.16061350281638187,0,79,141,4358,0,223,223,82,4358,302,0.3370812299219826,ccpfm,4.988684828156757,0.5856407209881613,1.7271791978971671,1.0,0.3370812299219826,3.979039320256561e-13,3.9688967667927955e-09,2.9292084313681244e-09,2.577820623628213e-09,3.134051497055007e-09,3.025173223036859e-09,2.7263024893198207e-09,0.04516598322833225,0.05626386317482416,0.052560865609470944,0.04549417011263425,0.0017547419993206859,ok,0.980709459996433,8,False,
nan,nan,nan,0.0,nan,0.2552897860005032,4.4349533252325,0.7645774386387467,2.010470781430947,0.4001736111111111,2.0,1.22589438600329e-12,8.8009268535771e-12,2.8126027155945073,0.19663071271996352,1.515462762216438,0.18181818181818182,0.2898687073736079,0.04873049939384663,0.5603546031902524,4.4349533252325,0.6257639867134971,1.9525890325843465,circle,1009,0.6110109448438267,0.0,0.2,0.17705992410245136,0.1956970273610897,0.2118712405169371,0.22453048001044418,0.7122822658188469,0.4586954192676798,0.4586954192676798,0.4586954192676798,0.4471694532482251,0.5636658010284306,82,False,8.543669731883877,0.31636843776775314,interior_core,0.3758437672330542,0.225240703903092,26.155063592013324,53,0.32630531624311315,10.770365254933141,0.08159745955696313,0.16966923176229234,0,40,19,1471,0,55,55,36,1471,95,0.3528212100611829,ccpfm,4.4349533252325,0.6257639867134971,1.9525890325843465,1.0,0.3528212100611829,8.570921750106208e-14,9.903544651024276e-11,9.552458823947063e-11,4.0309533488880334e-11,9.17613762752012e-11,7.124600909236278e-11,4.7544301828850166e-11,0.1482270169208923,0.19977207934334673,0.19480846592581494,0.19213709094334705,0.00039600000309292227,ok,0.25568578600359615,9,False,
,,,,,0.16894810099620372,,,,,2.0,0.0,0.0,,,,,,,0.0,,,,circle,1009,0.34992932264860405,0.0,0.12,0.14274496171776008,0.1517506549758052,0.1583797489048044,0.17341145619150128,1.0,0.8454923464315536,0.3956168649695281,0.8454923464315536,0.8454923464315536,0.06599999999999995,98,False,96.84812574597626,0.029860166082857516,near_boundary_interior,0.9171213305540572,-0.17676064130570146,145.79071183120766,23,0.2947287727257255,71.9421608184528,0.05785015364321054,0.017214076587572184,,66,92,0,,154,154,62,,220,0.0,wls,,,,,,4.04121180963557e-14,1.687538997430238e-14,1.4210854715202004e-14,3.6637359812630166e-14,2.0317081350640365e-14,1.687538997430238e-14,3.7636560534792807e-14,0.15158872983621685,0.15629208446062096,0.18118318675290856,0.21281930931049037,0.0009718049986986443,ok,0.16991990599490236,9,False,
nan,nan,nan,0.0,nan,0.4433395559899509,3.5585314132055843,0.6359794834097146,1.8921712088372231,0.359472049689441,2.0,2.244315844279754e-12,1.4619300642586e-11,2.8744754684032254,0.27838344665720943,1.599098657443964,0.24960505529225907,0.33439302967953843,0.04668377797166803,0.5561971407541597,3.5585314132055843,0.5110630429523458,1.7859590369872749,circle,1009,0.21357238644032955,0.0,0.16,0.16953070677595042,0.22192199014985914,0.19577355815222458,0.145252071241314,0.6992099100363874,0.4030718136052628,0.4030718136052628,0.4030718136052628,0.28632728954412967,0.32519328766935246,79,False,9.642938574775165,0.2913686962117331,interior_core,0.5680148300877843,-0.36945378146405095,27.00653153719219,46,0.31031251209321264,9.714368249844952,0.0653021403104906,0.16362427415688138,0,50,42,1921,0,86,86,44,1921,136,0.323269130661114,ccpfm,3.5585314132055843,0.5110630429523458,1.7859590369872749,1.0,0.323269130661114,1.687538997430238e-13,2.5268942493994473e-10,2.0089618857355163e-10,1.8922385880415504e-10,1.596140164483728e-10,9.701373038240035e-11,1.0589751298084593e-10,0.14181880128294483,0.22047442400783968,0.17834216675338316,0.12556536120232958,0.0006170520064188167,ok,0.4439566079963697,9,False,
,,,,,0.3290692510054214,,,,,2.0,0.0,0.0,,,,,,,0.0,,,,circle,1009,0.2553553644012996,0.0,0.1,0.09542746918535065,0.10271008590873977,0.10393278428169665,0.10776413222403368,1.0,0.34784229842391323,0.34784229842391323,0.34784229842391323,0.3276431324252712,0.47747578521433565,148,False,96.87824279843106,0.025870125814325528,interior_core,-0.019849691116932883,-0.5223264789588947,194.69592555630112,23,0.31211746740200763,101.20192233047543,0.04859519341971738,0.013405918731559514,,79,149,0,,223,223,74,,302,0.0,wls,,,,,,6.23945339839338e-14,3.863576125695545e-14,3.3084646133829665e-14,5.384581669432009e-14,1.9984014443252818e-14,2.4646951146678475e-14,4.707345624410664e-14,0.09337753972209513,0.10329186000478857,0.10866594648153982,0.11875116864690738,0.0024586689978605136,ok,0.3315279200032819,9,False,
nan,nan,nan,0.0,nan,0.7381224620039575,4.658618734781931,0.6238538172393726,1.854818944019376,0.3367768595041322,2.0,6.573047661717624e-12,4.93982747802734e-11,2.6148786294595743,0.3060102903222472,1.7003224109536323,0.27174603174603174,0.2803012022427461,0.04256376338893533,0.5705154475974468,4.658618734781931,0.4840185435518564,1.7732606330900698,circle,1009,0.17889274397823568,0.0,0.12,0.1124219419722207,0.134319951196178,0.12473546335145708,0.09765045572958528,0.7235289114800586,0.2745904149114349,0.2745904149114349,0.2745904149114349,0.21605413918876604,0.36114885880713876,159,False,8.288024943604471,0.32458365006692436,interior_core,-0.5677307296511964,0.29293807586848053,27.69336869695528,49,0.2947287727257255,9.48128350617241,0.05785015364321054,0.16945672890176872,0,66,92,3511,0,154,154,62,3511,220,0.3076046710338935,ccpfm,4.658618734781931,0.4840185435518564,1.7732606330900698,1.0,0.3076046710338935,3.055333763768431e-13,1.1304051028560025e-09,8.110614402312422e-10,6.771720961751271e-10,8.799840855999719e-10,8.405578455494833e-10,7.867733131661225e-10,0.09841542288071294,0.13344082036260163,0.11762892902677077,0.08913901500733624,0.0013597770011983812,ok,0.7394822390051559,9,False,
,,,,,0.3871317720040679,,,,,2.0,0.0,0.0,,,,,,,0.0,,,,circle,1009,0.16579701983390224,0.0,0.08,0.04975667722941064,0.05419545753359254,0.05320178981932063,0.04891797483383594,1.0,0.16204983424340103,0.16204983424340103,0.16204983424340103,0.1252104807251475,0.4245348329912793,303,False,144.58437284242703,0.016605576852972474,interior_core,-0.5565625939389448,-0.14802767989349702,304.57866554439676,23,0.29775046786219106,154.5004809810655,0.03937153490905913,0.00849180561560653,,99,256,0,,352,352,96,,451,0.0,wls,,,,,,1.1723955140041653e-13,6.927791673660977e-14,7.105427357601002e-14,1.1191048088221578e-13,4.1300296516055823e-14,6.306066779870889e-14,9.237055564881302e-14,0.04691728338295892,0.05399455083202044,0.05310675883347848,0.05066331353605083,0.0030187579977791756,ok,0.3901505300018471,9,False,
,,,,,0.08684204300516285,,,,,2.0,0.0,0.0,,,,,,,0.0,,,,ellipse,2000,0.9717544116768759,0.0,0.2,4.553119569520184,1.506421457162107,5.655302154446407,7.1856213128390625,1.0,34.058216052828165,2.3833833025659317,34.058216052828165,34.058216052828165,0.11000000000000004,38,False,40.40063511879841,0.07245988389447305,near_boundary_interior,0.9624128762162308,0.5117240034366201,47.50852044105791,23,0.2868307829991377,29.581886643378358,0.08279826313992898,0.05621434861305516,,38,12,0,,45,45,33,,83,0.0,wls,,,,,,1.6431300764452317e-14,5.773159728050814e-15,7.549516567451064e-15,1.429412144204889e-14,1.083855227790309e-14,2.886579864025407e-15,9.381384558082573e-15,6.163734970519122,1.5530023925512118,8.370988510994955,9.730245554423046,0.00038539699744433165,ok,0.08722744000260718,0,True,linf_large
nan,nan,nan,0.0,nan,0.2328792010084726,4.5178265131237305,0.7366408039565383,2.3829613143792057,0.4077766699900299,2.0,2.595390916071416e-12,1.2718811061949236e-11,2.2190116368948605,0.11791596075059085,0.777318638115215,0.05555555555555555,0.2766160336759458,0.04549360130693091,0.5598328320411491,4.5178265131237305,0.5464464659768022,2.203918599499165,ellipse,2000,0.6336793985609244,0.0,0.2,0.15241528397843265,0.18160228823852506,0.18931075072658932,0.19424073982354553,0.8093697019899265,0.37100460215719405,0.2982799625470004,0.37100460215719405,0.37100460215719405,0.30968834832338354,66,False,10.821242259793543,0.2581810211070238,near_boundary_interior,-0.2541406789455527,0.3051703769719018,28.105877705049487,50,0.2868307829991377,12.33204650754271,0.08279826313992898,0.17738341572667196,0,38,12,1201,0,45,45,33,1201,83,0.34970857618651124,ccpfm,4.5178265131237305,0.5464464659768022,2.203918599499165,1.0,0.34970857618651124,7.993605777301127e-14,2.2926105458509483e-10,1.9339907453286287e-10,1.562532880861056e-10,1.3581444302523948e-10,1.5865797564629247e-10,1.772404722988341e-10,0.1269811049667227,0.18357982808023637,0.1724534516610398,0.16822514181764175,0.0002711609995458275,ok,0.23315036200801842,0,False,
,,,,,0.09907166399352718,,,,,2.0,0.0,0.0,,,,,,,0.0,,,,ellipse,2000,0.9225903858941341,0.0,0.16,0.9411758884642677,0.43900940366175234,1.1148919644725994,1.513296937893391,1.0,6.990394316718012,1.0167066793253143,6.990394316718012,6.990394316718012,0.08800000000000001,60,False,59.15330333685776,0.048861513177698504,near_boundary_interior,-0.9818377232591295,-0.5220523778179051,80.77595884610007,23,0.27527440327534125,42.52329213670219,0.06574626142937477,0.03253360776484532,,48,27,0,,71,71,44,,119,0.0,wls,,,,,,3.730349362740526e-14,2.7533531010703882e-14,1.2434497875801753e-14,3.064215547965432e-14,2.3647750424515834e-14,8.881784197001252e-15,1.965094753586527e-14,1.2197292607205832,0.44341909761814535,1.5790931470688212,1.9756025747622745,0.0007100310031091794,ok,0.09978169499663636,0,False,
nan,nan,nan,0.0,nan,1.9034655199939152,4.43667064122993,0.8307288760755136,1.9270478387281993,0.41756134969325154,2.0,1.6152867932106574e-10,1.2408656496687493e-09,2.9870171442790605,0.44162616216324724,1.658233229002459,0.31497418244406195,0.3162089929306391,0.06832449483466793,0.5899787534433887,4.43667064122993,0.6049697599889898,1.7486431793642678,circle,1008,0.09172662696102796,0.0,0.08,0.039654834935943975,0.04511000552179669,0.042367789994480924,0.028779176396972368,0.6974931388458111,0.10035443946829442,0.10035443946829442,0.10035443946829442,0.07204091240430399,0.5445519640579365,354,False,9.441030331861699,0.29846519300345337,interior_core,-0.09614450853626304,0.44520198213476636,27.046208769311562,45,0.2905480524121287,9.41061587378764,0.03937543016532466,0.16105600531187944,0,99,260,6675,0,359,359,99,6675,458,0.3550561797752809,ccpfm,4.43667064122993,0.6049697599889898,1.7486431793642678,1.0,0.3550561797752809,6.199485369506874e-13,9.84275771998e-09,7.3842105763333166e-09,6.6444520996356005e-09,8.904519788188736e-09,5.67113556115828e-09,6.621985307320166e-09,0.036628233263023904,0.04560156003806655,0.04137152083050185,0.027302049707913365,0.003924390999600291,ok,1.9073899109935155,8,False,
nan,nan,nan,0.0,nan,1.089542742993217,4.8333857822839255,0.7983793826925903,1.8174261299807626,0.3944636678200692,2.0,4.967713046477584e-11,3.148666578282179e-10,3.10333247294978,0.39608889678042325,1.645303166240069,0.2996500437445319,0.32072141214686484,0.060855263223616465,0.583705851403287,4.8333857822839255,0.6005232109113691,1.7090592754022231,circle,1009,0.10698668236742406,0.0,0.1,0.05116603699376407,0.06030813551611115,0.05572639336262045,0.037400290691966674,0.670574886000492,0.13138571281761058,0.13138571281761058,0.13138571281761058,0.10362816339431934,0.40519097002827315,219,False,9.09687330829657,0.30246713102498257,interior_core,0.42553567885411875,0.41606465993579195,26.379998959377094,45,0.31211746740200763,9.383101965229791,0.04859519341971738,0.16197452607855733,0,79,149,4309,0,223,223,74,4309,302,0.34416337897424,ccpfm,4.8333857822839255,0.6005232109113691,1.7090592754022231,1.0,0.34416337897424,4.938272013532696e-13,4.016720733801549e-09,3.7530323293566425e-09,3.0626914337972266e-09,3.528780934125564e-09,2.57828935978921e-09,2.3611939070633525e-09,0.04622332014613899,0.059764720881130294,0.053791316928549306,0.03908589481055489,0.00202410900965333,ok,1.0915668520028703,9,False,
,,,,,0.17364704600186087,,,,,2.0,0.0,0.0,,,,,,,0.0,,,,ellipse,2000,0.28271668355681856,0.0,0.12,0.19370005697801995,0.23074997846732914,0.21873582789683552,0.19507332468139518,1.0,0.6149436970714808,0.566371877437992,0.6149436970714808,0.6149436970714808,0.06600000000000006,67,False,104.36251174559442,0.025943283471906775,near_boundary_interior,0.575557875178881,0.765189585430897,160.18528093648894,23,0.2468877081223122,73.95525979665952,0.05752248337873451,0.01655746092906774,,64,70,0,,131,131,61,,195,0.0,wls,,,,,,5.417888360170764e-14,2.3092638912203256e-14,2.5091040356528538e-14,4.04121180963557e-14,2.6423307986078726e-14,1.4876988529977098e-14,4.596323321948148e-14,0.1876126789790037,0.230255887679447,0.2288989722841233,0.22733187660601067,0.0007330290100071579,ok,0.17438007501186803,0,False,
nan,nan,nan,0.0,nan,0.33054764299595263,4.852407960247132,0.6425785761903694,2.193502072486896,0.38237671786580435,2.0,3.636581270491379e-12,1.61703860149502e-11,2.377060528371098,0.22492488212526549,1.4005784411613498,0.20772946859903382,0.3084183029199725,0.04701169523642192,0.5620751450298851,4.852407960247132,0.5476273656988058,1.937982943222372,ellipse,2000,0.3307709032381428,0.0,0.16,0.15213360675183582,0.20864988426482295,0.18021343063793926,0.14646629960505628,0.7387746715805557,0.35189738853106994,0.35189738853106994,0.35189738853106994,0.27494285651453165,0.6314052576204725,115,False,8.972132143641401,0.3094718239896243,interior_core,0.07302105202825218,0.11217886548190031,26.741559641746512,47,0.27527440327534125,9.892136597572089,0.06574626142937477,0.16162463753356077,0,48,27,1651,0,71,71,44,1651,119,0.33858267716535434,ccpfm,4.852407960247132,0.5476273656988058,1.937982943222372,1.0,0.33858267716535434,1.0658141036401503e-13,3.9718051070281035e-10,3.221056754654228e-10,2.7115909517760883e-10,1.7135725477457342e-10,1.436313290525959e-10,1.8535095680505265e-10,0.12414054764030732,0.20468649107266054,0.16071557382854854,0.12637310224252432,0.0013427170051727444,ok,0.3318903600011254,0,False,
,,,,,0.1889943639980629,,,,,2.0,0.0,0.0,,,,,,,0.0,,,,ellipse,2000,0.22981191638120357,0.0,0.1,0.09639806368350869,0.11083022448722173,0.10674015647814104,0.09574767653936729,1.0,0.3616164530050565,0.3616164530050565,0.3616164530050565,0.30073957761327796,0.6738369120837606,242,False,89.05941259528824,0.02843729996594147,interior_core,-0.05178532767712751,-0.05546301622656488,192.94219808980372,23,0.2572164526195495,99.96488190135254,0.048552045903792945,0.013162522658826895,,76,108,0,,180,180,72,,256,0.0,wls,,,,,,8.237854842718662e-14,2.9753977059954195e-14,2.0095036745715333e-14,5.084821452783217e-14,2.1316282072803006e-14,1.2878587085651816e-14,4.6407322429331543e-14,0.09204193344706442,0.1113622447933635,0.10976641064967871,0.10732817858865969,0.0012124829954700544,ok,0.19020684699353296,0,False,
nan,nan,nan,0.0,nan,0.6580252220010152,4.452049007738489,0.6352521210285829,2.0092132522567017,0.3628691983122363,2.0,7.073709673566242e-12,4.198229514395258e-11,2.4280657316583016,0.3444630266957397,1.550029392585076,0.2594644506001847,0.2815588255589402,0.052597160950976204,0.5713693824141859,4.452049007738489,0.5148243050270727,1.811990070294219,ellipse,2000,0.25542889920248724,0.0,0.12,0.08655484117641842,0.10505361648815119,0.09774207162650121,0.08285501460486665,0.716448411602963,0.21393819322176894,0.21393819322176894,0.21393819322176894,0.19737705729131982,0.39702599943855843,135,False,9.360989323423423,0.2927196190764619,interior_core,0.226499561951325,-0.22023096628331928,26.925351415243657,45,0.2468877081223122,9.589642257601342,0.05752248337873451,0.165369917072512,0,64,70,2742,0,131,131,61,2742,195,0.32202771699489424,ccpfm,4.452049007738489,0.5148243050270727,1.811990070294219,1.0,0.32202771699489424,3.765876499528531e-13,7.037730398451458e-10,5.006643988281212e-10,5.303739669670904e-10,5.997522478651263e-10,7.041682792419124e-10,7.519365130548294e-10,0.07624210228617663,0.10698571099456787,0.0930200397598923,0.07380650115831358,0.0007891299901530147,ok,0.6588143519911682,0,False,
,,,,,0.4667689860070823,,,,,2.0,0.0,0.0,,,,,,,0.0,,,,ellipse,2000,0.13773390280331385,0.0,0.08,0.05534347720584011,0.06375086976557824,0.059806988838413594,0.04520177705328071,1.0,0.22341931995322126,0.22341931995322126,0.22341931995322126,0.1530443484151624,0.37758585902676445,397,False,163.5892355518861,0.01557817574164088,interior_core,-0.516783017525989,0.0190263487640635,305.9621845113625,23,0.25686759701724327,162.57051289952133,0.0388899013534311,0.008501655054759624,,95,205,0,,303,303,98,,398,0.0,wls,,,,,,1.2789769243681803e-13,6.039613253960852e-14,4.263256414560601e-14,7.815970093361102e-14,3.907985046680551e-14,2.55351295663786e-14,8.526512829121202e-14,0.05304084660415441,0.06492484906565407,0.06078979364832517,0.05106843299972268,0.0033916919928742573,ok,0.47016067799995653,0,False,
,,,,,0.05187303200364113,,,,,2.0,0.0,0.0,,,,,,,0.0,,,,ellipse,2001,0.9710080444599075,0.0,0.2,11.470790209540384,3.688345248054794,14.377216649410622,18.940581598591926,1.0,98.98378162215515,9.357413085819704,98.98378162215515,98.98378162215515,0.11000000000000004,38,False,36.50401822475459,0.08190727307383337,near_boundary_interior,0.9624128762162308,0.5117240034366201,47.68426659295386,23,0.2960080502124649,29.735565137757437,0.08279826313992898,0.056229900937867866,,38,14,0,,45,45,31,,83,0.0,wls,,,,,,1.9539925233402755e-14,9.769962616701378e-15,1.0436096431476471e-14,2.398081733190338e-14,1.1879386363489175e-14,2.886579864025407e-15,7.993605777301127e-15,15.731080836247717,3.936849485294751,21.36443204901002,25.604164278728984,0.00027959000726696104,ok,0.05215262201090809,1,True,linf_large
nan,nan,nan,0.0,nan,0.20981804700568318,5.541095907772512,0.7447933016839761,2.3188835125014364,0.4101731601731602,2.0,2.819577904489279e-12,1.3268621002825885e-11,1.6458559370801984,0.1335518740960972,0.8650081939199934,0.06989247311827956,0.2298537560552374,0.04685008974420611,0.5595346200806214,5.541095907772512,0.5442279173683895,2.124723760064413,ellipse,2001,0.5289083706779563,0.0,0.2,0.12407823479089677,0.16082285756153775,0.15551671946554058,0.15120786665146577,0.7929140446915258,0.346558657215129,0.333831038825404,0.346558657215129,0.346558657215129,0.23144320423193282,80,False,13.700025463170794,0.20378073179098877,near_boundary_interior,-0.4031385062410357,0.30194535371198855,27.08608558176516,50,0.2960080502124649,11.287854273656466,0.08279826313992898,0.16027387550497937,0,38,14,1110,0,45,45,31,1110,83,0.35315315315315315,ccpfm,5.541095907772512,0.5442279173683895,2.124723760064413,1.0,0.35315315315315315,6.394884621840902e-14,2.6594859647843805e-10,1.8698864678867722e-10,1.3965140155391964e-10,1.502116209195492e-10,1.8496493225939048e-10,2.0411761170180398e-10,0.10743215877328546,0.15553873310770464,0.145903964252833,0.1413376579680436,0.0003078949957853183,ok,0.2101259420014685,1,False,
nan,nan,nan,0.0,nan,0.9561766459955834,5.018805922533569,0.6702493789541561,2.0297602628692557,0.3544813695871098,2.0,1.4976769824315284e-11,1.1301106700149399e-10,3.0122886720208166,0.35175644486269336,1.6334276535271943,0.2782089552238806,0.30543846809562253,0.053072859119615325,0.5773615850964989,5.018805922533569,0.5240489210150923,1.782512724587402,ellipse,2000,0.23001375971213245,0.0,0.1,0.06652157112380991,0.0764707738570051,0.07365835619104848,0.06610176680711662,0.7191152898296503,0.1752094154907592,0.17383132506902754,0.1752094154907592,0.1752094154907592,0.18211373763022584,191,False,10.409681519762753,0.2479147077151379,near_boundary_interior,0.4193370407703049,-0.35125915788749695,27.281199829899503,46,0.2572164526195495,9.44292270707492,0.048552045903792945,0.16366142647268403,0,76,108,3661,0,180,180,72,3661,256,0.3195848128926523,ccpfm,5.018805922533569,0.5240489210150923,1.782512724587402,1.0,0.3195848128926523,3.375077994860476e-13,1.7209353941893824e-09,1.6384942291836069e-09,1.3865300019233473e-09,1.5797940733364157e-09,1.3431824541498827e-09,1.434868224237107e-09,0.05803021375933597,0.0741726646725986,0.06920506811451672,0.06099981438403409,0.0014083600108278915,ok,0.9575850060064113,0,False,
,,,,,0.09591417798947077,,,,,2.0,0.0,0.0,,,,,,,0.0,,,,ellipse,2001,0.9359311383455361,0.0,0.16,1.3005870088280818,0.5524284535474793,1.53832019572597,2.097981928245358,1.0,10.74838177736791,1.339354877075409,10.74838177736791,10.74838177736791,0.08800000000000001,60,False,64.16689171689548,0.044971472725145525,near_boundary_interior,-0.9818377232591295,-0.5220523778179051,81.87035320348862,23,0.2769576910243007,45.313427661270794,0.06575695391227754,0.0322473810952602,,48,27,0,,72,72,45,,120,0.0,wls,,,,,,2.2648549702353193e-14,8.881784197001252e-15,9.103828801926284e-15,1.1324274851176597e-14,8.645861804268407e-15,6.8833827526759706e-15,1.3378187446733136e-14,1.7710199310580628,0.55982205741548,2.286376899596428,2.859368895688652,0.0006650660070590675,ok,0.09657924399652984,1,True,linf_large
nan,nan,nan,0.0,nan,1.9133015400002478,4.742838474332379,0.8190472072264909,1.9219253984110904,0.4170471841704718,2.0,1.5675660769431943e-10,1.1886310500516043e-09,2.9188304593629666,0.42411248565168536,1.6714859898793286,0.310790273556231,0.3138714005238193,0.06690264300227783,0.5914139013230909,4.742838474332379,0.6126872374472043,1.7535237604392908,circle,1009,0.10099500825336066,0.0,0.08,0.03557470569390248,0.04022518181494736,0.03803786990206152,0.02729731990652178,0.6990244123504232,0.10598267157798724,0.10598267157798724,0.10598267157798724,0.0777787879373737,0.3717890500705984,348,False,9.335168820890004,0.29049370137663066,interior_core,0.4657194190989529,0.42239337024391044,26.705695251541265,45,0.29775046786219106,9.355923628183653,0.03937153490905913,0.1618050092449546,0,99,256,6576,0,352,352,96,6576,451,0.35325425790754256,ccpfm,4.742838474332379,0.6126872374472043,1.7535237604392908,1.0,0.35325425790754256,7.815970093361102e-13,1.0036590225581676e-08,8.136377793732663e-09,6.684917508437138e-09,8.918169314142688e-09,5.261353575036765e-09,5.630807820011796e-09,0.0326721055318586,0.0402806744778193,0.0369823123581062,0.026231938610362823,0.005434309001429938,ok,1.9187358490016777,9,False,
,,,,,0.2585122939926805,,,,,2.0,0.0,0.0,,,,,,,0.0,,,,ellipse,2001,0.41297504947884844,0.0,0.12,0.15532673657744864,0.16959444976023963,0.17561065051930635,0.18538178566336183,1.0,0.5722338476753035,0.4042736723688498,0.5722338476753035,0.5722338476753035,0.06600000000000004,92,False,119.28554855476311,0.023041566211958513,near_boundary_interior,0.8586798528935888,-0.10033277096236393,139.40971489098138,23,0.27077182278618367,77.04012134753447,0.05750590804894778,0.018228061206144754,,64,71,0,,134,134,63,,198,0.0,wls,,,,,,4.618527782440651e-14,3.241851231905457e-14,1.7985612998927536e-14,3.730349362740526e-14,2.0872192862952943e-14,1.4654943925052066e-14,2.842170943040401e-14,0.15514810936508505,0.16862710184256463,0.1885934840091081,0.20881955578956574,0.0011612620000960305,ok,0.25967355599277653,1,False,
nan,nan,nan,0.0,nan,0.32819167799607385,4.500415004281158,0.6514904948783279,2.1092207075814926,0.3581244947453517,2.0,3.392286451742166e-12,1.572954850720023e-11,2.3139373756033024,0.23790403090791132,1.4412857490203121,0.21967963386727687,0.2739193158794558,0.045019822519818065,0.5607595504948971,4.500415004281158,0.5236208984495009,1.9354141898527613,ellipse,2001,0.5581786774401799,0.0,0.16,0.08424403233502593,0.09396705278270309,0.0996429269481443,0.10494606286958004,0.7281733871973683,0.2520541621633588,0.2082674544256698,0.2520541621633588,0.2520541621633588,0.26798680768550037,104,False,10.16613533698031,0.25155583579899043,near_boundary_interior,0.37002586919899416,-0.2820174711070078,26.312982879992386,47,0.2769576910243007,10.014258478206647,0.06575695391227754,0.16097556501339336,0,48,27,1674,0,72,72,45,1674,120,0.32198327359617684,ccpfm,4.500415004281158,0.5236208984495009,1.9354141898527613,1.0,0.32198327359617684,1.5920598173124745e-13,3.6700331662586905e-10,3.330975495430266e-10,2.8937074958435005e-10,1.693056805862625e-10,1.485811473855847e-10,2.1834400953935074e-10,0.07455338376756282,0.09372983649310838,0.09624800457839373,0.09772776507779711,0.0006003629969200119,ok,0.32879204099299386,1,False,
,,,,,0.25958532199729234,,,,,2.0,0.0,0.0,,,,,,,0.0,,,,ellipse,2001,0.25511043102391706,0.0,0.1,0.10322821865567823,0.11697420482775797,0.11404679556991862,0.10661292448658773,1.0,0.330493949937507,0.330493949937507,0.330493949937507,0.30453556779374014,0.47013041293411767,261,False,95.69968201227384,0.026086623303164812,interior_core,-0.552904040154572,-0.16561037591745084,205.8393944200181,23,0.27090913172579456,103.19388379385427,0.048219632379478766,0.01267468150369469,,76,117,0,,190,190,73,,266,0.0,wls,,,,,,7.105427357601002e-14,4.085620730620576e-14,2.930988785010413e-14,5.684341886080802e-14,4.0190073491430667e-14,1.0658141036401503e-14,3.8191672047105385e-14,0.09816574495334902,0.11667477598938006,0.11615127582228425,0.11530728416637887,0.0011749830009648576,ok,0.2607603049982572,1,False,
nan,nan,nan,0.0,nan,0.6280677530012326,5.079086662118616,0.6853920460129075,2.0159718934979565,0.3689839572192513,2.0,9.187810234845273e-12,4.617110296949793e-11,2.576898697119136,0.3185640694698983,1.6313244727365719,0.266900790166813,0.2883514494433255,0.051864265060077366,0.5714810828852248,5.079086662118616,0.5184228646563418,1.8207640163335137,ellipse,2001,0.27298925258943907,0.0,0.12,0.08329518297645724,0.10121093552491389,0.09417259120954216,0.08082609513222404,0.7250929155063025,0.21087119061280135,0.21087119061280135,0.21087119061280135,0.193590024035037,0.40518005610751184,162,False,8.478151624801374,0.3083582087303556,interior_core,-0.3271766660047031,0.14285142858011438,27.956557573099683,46,0.27077182278618367,9.545955326070342,0.05750590804894778,0.15496928146336214,0,64,71,2822,0,134,134,63,2822,198,0.32778171509567683,ccpfm,5.079086662118616,0.5184228646563418,1.8207640163335137,1.0,0.32778171509567683,2.3092638912203256e-13,1.15484777296615e-09,8.91851925644005e-10,9.621246022106789e-10,9.773163944792884e-10,8.446803256845214e-10,8.856857469652368e-10,0.07396573683340797,0.10211261576444415,0.08991057682751528,0.07377875091290641,0.001035756999044679,ok,0.6291035100002773,1,False,
,,,,,0.3285922650102293,,,,,2.0,0.0,0.0,,,,,,,0.0,,,,ellipse,2001,0.14177900683961636,0.0,0.08,0.05827414270144058,0.06725522414112138,0.06309273959481054,0.04802278405014929,1.0,0.24212720216040734,0.24212720216040734,0.24212720216040734,0.14321257004075547,0.6842974438586333,355,False,135.55006637341197,0.01816726649550343,interior_core,0.034397922995623276,0.03544175149816982,317.99543162602737,23,0.26026390545041655,155.89958116047586,0.03887146597045325,0.008411131890461464,,95,195,0,,291,291,96,,386,0.0,wls,,,,,,1.1368683772161603e-13,7.549516567451064e-14,4.440892098500626e-14,8.881784197001252e-14,5.3290705182007514e-14,2.786659791809143e-14,7.105427357601002e-14,0.05453295251370696,0.06756178017280418,0.06280672811833649,0.0518217604193033,0.0021657009929185733,ok,0.3307579660031479,1,False,
,,,,,0.04552340200461913,,,,,2.0,0.0,0.0,,,,,,,0.0,,,,ellipse,2002,0.9654374850173119,0.0,0.2,7.662665498193608,3.017878091098508,9.530106121029377,11.567198735044789,1.0,55.63761722866395,7.433181622246372,55.63761722866395,55.63761722866395,0.11000000000000004,38,False,37.14595172337216,0.0800292173038714,near_boundary_interior,0.9624128762162308,0.5117240034366201,47.775254542673316,23,0.29325795917656855,29.075700903480353,0.08279826313992898,0.05454546034636041,,38,11,0,,45,45,34,,83,0.0,wls,,,,,,1.5654144647214707e-14,7.993605777301127e-15,6.8833827526759706e-15,1.4876988529977098e-14,6.356026815979021e-15,4.884981308350689e-15,9.547918011776346e-15,10.422020982643604,2.9556727103359526,14.15418059412607,16.196623885881646,0.00029124499997124076,ok,0.04581464700459037,2,True,linf_large
nan,nan,nan,0.0,nan,0.22854457200446632,4.807950953547869,0.767843581242857,2.28870632923411,0.412573673870334,2.0,2.875283344749846e-12,1.421858330056622e-11,1.2737997743409109,0.11500995339721702,0.8000178479773431,0.05641025641025641,0.22563073174139503,0.04628327594287569,0.5553124214192876,4.807950953547869,0.5646725379773069,2.125128323578835,ellipse,2002,0.6755094382295785,0.0,0.2,0.1563796232622635,0.18871236328390106,0.1944903382781476,0.197461360219612,0.799092667104005,0.3820159345283769,0.33779394878035557,0.3820159345283769,0.3820159345283769,0.32714042281999384,69,False,10.723377489219214,0.2524908062520092,near_boundary_interior,0.4135762402590055,-0.18244207562593795,27.816230796764245,51,0.29325795917656855,11.82886827482954,0.08279826313992898,0.17456162724221155,0,38,11,1213,0,45,45,34,1213,83,0.3553173948887057,ccpfm,4.807950953547869,0.5646725379773069,2.125128323578835,1.0,0.3553173948887057,7.815970093361102e-14,2.859987802139585e-10,1.8129742151984374e-10,1.7319923273362292e-10,1.8770940357626387e-10,1.8520429634349966e-10,2.098456894361611e-10,0.13179638107916647,0.18419131396304633,0.1789930938110235,0.1772786857156331,0.0003001509903697297,ok,0.22884472299483605,2,False,
nan,nan,nan,0.0,nan,1.7162024030112661,6.439312706091269,0.6872965256000785,2.0336646114426538,0.3709741550695825,2.0,1.201045929377642e-10,8.544640668497456e-10,2.85523478218934,0.4038176480388085,1.6674718317677746,0.30246153846153845,0.31489894123025547,0.059032343244131896,0.58837847357972,6.439312706091269,0.5379149859931441,1.8011474450293012,ellipse,2000,0.13821813496828456,0.0,0.08,0.03947653356139065,0.045460761098301376,0.04266035893090232,0.03229908090717677,0.7213979830601674,0.09181587717132975,0.08917268001747819,0.09181587717132975,0.09181587717132975,0.04399999999999998,141,False,22.192324349320568,0.20055182359544813,near_boundary_interior,1.0648089663999387,0.3770712810540478,27.34519122859009,45,0.25686759701724327,9.469218277770393,0.0388899013534311,0.15539347137011789,0,95,205,5765,0,303,303,98,5765,398,0.3323503902862099,ccpfm,6.439312706091269,0.5379149859931441,1.8011474450293012,1.0,0.3323503902862099,5.826450433232822e-13,6.519250028702572e-09,4.854303181645037e-09,4.884845417052475e-09,6.463255264321788e-09,3.4670768478406444e-09,5.035023287192075e-09,0.03603601810954662,0.0452405857527814,0.041300662508940184,0.03150396451032047,0.0023985360021470115,ok,1.7186009390134132,0,False,
nan,nan,nan,0.0,nan,0.9169634280115133,5.321459420025825,0.6528406717211079,2.0378487079096086,0.36349693251533743,2.0,1.664113291610647e-11,1.1537722979442694e-10,2.5343838932596587,0.36173797150217996,1.6300422839290671,0.29085872576177285,0.29060396176687525,0.054818325841925516,0.5756681683631858,5.321459420025825,0.5146922208337315,1.780576451986265,ellipse,2001,0.22051255236924647,0.0,0.1,0.0493984311116947,0.057261595030458474,0.0545755109197582,0.047432621662363665,0.7234789936270127,0.1351673451783899,0.1351673451783899,0.1351673451783899,0.1180697015934962,0.2003052147799417,148,False,9.202069418427618,0.29937600323924085,interior_core,0.37580041202877584,-0.35911117380390256,26.750123338483718,46,0.27090913172579456,9.417276823232882,0.048219632379478766,0.15432742464716906,0,76,117,3761,0,190,190,73,3761,266,0.32863600106354696,ccpfm,5.321459420025825,0.5146922208337315,1.780576451986265,1.0,0.32863600106354696,3.979039320256561e-13,1.9762529390732197e-09,1.4803127612594835e-09,1.5070220626967057e-09,1.9733383815889738e-09,1.1310501424333097e-09,1.6337171615532498e-09,0.045708369965098,0.057689734780234925,0.05408287269379081,0.04773693742146578,0.0024071059888228774,ok,0.9193705340003362,1,False,
,,,,,0.08704699600639287,,,,,2.0,0.0,0.0,,,,,,,0.0,,,,ellipse,2002,0.7522295465693226,0.0,0.16,0.6767349354047717,0.5526477992576777,0.8035158919594219,1.0098614885370618,1.0,4.297087245643828,1.4589647017031036,4.297087245643828,4.297087245643828,0.08800000000000004,48,False,66.62130895393199,0.04277840007629733,near_boundary_interior,0.9818377232591271,0.5220523778179099,75.36840653832739,23,0.2743503407232711,44.07361767928662,0.06576764639518032,0.03472293701063025,,48,30,0,,73,73,43,,121,0.0,wls,,,,,,2.6201263381153694e-14,1.3322676295501878e-14,1.3988810110276972e-14,1.8207657603852567e-14,1.8235413179468196e-14,6.8833827526759706e-15,1.4210854715202004e-14,0.8075546039802682,0.5605928698074422,1.0396882900070423,1.2711608508651833,0.0006197180046001449,ok,0.08766671401099302,2,False,
,,,,,0.15496384000289254,,,,,2.0,0.0,0.0,,,,,,,0.0,,,,ellipse,2002,0.48478858720788115,0.0,0.12,0.174190816540138,0.17322885791537437,0.19655203441074776,0.23584268352851512,1.0,1.1892564933967746,0.5331120950276267,1.1892564933967746,1.1892564933967746,0.06600000000000007,64,False,103.37088366506151,0.028083808148665543,near_boundary_interior,1.0012625703020233,0.5323807521991999,129.3137677559072,23,0.26664573277994313,74.87308102253586,0.05746887743085297,0.020389356713919952,,64,74,0,,134,134,60,,198,0.0,wls,,,,,,6.039613253960852e-14,2.7977620220553945e-14,2.90878432451791e-14,5.1514348342607263e-14,1.5210055437364645e-14,1.3322676295501878e-14,2.275957200481571e-14,0.19544524649255793,0.1757405729107476,0.23757750010549225,0.2965889344698156,0.0008277320011984557,ok,0.155791572004091,2,False,
nan,nan,nan,0.0,nan,0.3406798020005226,4.506255512850248,0.7058397527854461,2.0414573842372974,0.36998394863563405,2.0,2.843800715746081e-12,1.470200038933975e-11,2.5130939655919624,0.2590829924187604,1.457553284369631,0.22125813449023862,0.2754926851673981,0.04824740562571661,0.5616019060095584,4.506255512850248,0.5599205333306344,1.8411400088671306,ellipse,2002,0.4686726324102651,0.0,0.16,0.10306821463498197,0.12325681366506919,0.12237723232887014,0.12140248318970354,0.7241094134882893,0.2449979694723268,0.2449979694723268,0.2449979694723268,0.23892733275323208,0.40390787515934023,81,False,9.286309049179371,0.29349790087577726,interior_core,0.24682637954261769,-0.19969927441171725,26.951749601349558,47,0.2743503407232711,9.757330750299055,0.06576764639518032,0.15903709360002677,0,48,30,1707,0,73,73,43,1707,121,0.3298183948447569,ccpfm,4.506255512850248,0.5599205333306344,1.8411400088671306,1.0,0.3298183948447569,1.8829382497642655e-13,3.0370950199198887e-10,2.8488744696630874e-10,2.493055761831897e-10,1.4392676807306604e-10,1.433386742633047e-10,1.4369760936716602e-10,0.09141231596238461,0.1240944637336113,0.11768902560901917,0.11300530084113981,0.0006145719962660223,ok,0.34129437399678864,2,False,
,,,,,0.2585470429912675,,,,,2.0,0.0,0.0,,,,,,,0.0,,,,ellipse,2002,0.32760222044299303,0.0,0.1,0.08175902164665061,0.08801509091838637,0.09044109004131021,0.09612184727876219,1.0,0.3416547299779221,0.2477180228426792,0.3416547299779221,0.3416547299779221,0.05499999999999991,76,False,163.07935375117262,0.01699317314142898,near_boundary_interior,1.0109749938234716,0.5375449393898448,193.26727035412708,23,0.25440240400045455,103.31864846598315,0.04808358724746785,0.013302420713088573,,76,115,0,,188,188,73,,264,0.0,wls,,,,,,8.79296635503124e-14,3.9968028886505635e-14,3.652633751016765e-14,8.704148513061227e-14,2.353672812205332e-14,1.3766765505351941e-14,4.884981308350689e-14,0.08116699670396677,0.08799187966081694,0.09618392944904378,0.10783408269522453,0.0013294719974510372,ok,0.25987651498871855,2,False,
nan,nan,nan,0.0,nan,0.7295313840004383,5.28794067900174,0.6662547203853492,1.8796786751936212,0.37212121212121213,2.0,8.052227287724811e-12,4.7732730635005636e-11,2.750636331091836,0.3329371232314758,1.5827525617669826,0.28067078552515445,0.3118222592504713,0.05315181856113392,0.5733071928303076,5.28794067900174,0.5178131603692343,1.762835307380105,ellipse,2002,0.24399353207365299,0.0,0.12,0.08755989944643122,0.10548003359448346,0.09880013602801456,0.08410375191902422,0.7181173426778841,0.2251682085886073,0.2251682085886073,0.2251682085886073,0.1872454933093909,0.35704474053843566,146,False,8.853202029778052,0.30046322206689274,interior_core,-0.3351836335928746,0.19822321248117875,25.754320372896718,46,0.26664573277994313,9.559739937699998,0.05746887743085297,0.1616901077203719,0,64,74,2783,0,134,134,60,2783,198,0.3348904060366511,ccpfm,5.28794067900174,0.5178131603692343,1.762835307380105,1.0,0.3348904060366511,1.6697754290362354e-13,8.557297093148009e-10,5.240889944246874e-10,6.66891875056308e-10,8.195172318536947e-10,5.505369493619128e-10,7.977738469833184e-10,0.07743875820014706,0.10632222832573573,0.0941322795751145,0.07646697874441358,0.0009097579895751551,ok,0.7304411419900134,2,False,
,,,,,0.39736941299634054,,,,,2.0,0.0,0.0,,,,,,,0.0,,,,ellipse,2002,0.1383888747519894,0.0,0.08,0.05407849686659849,0.06284799764268505,0.05854318773417531,0.043351070559977126,1.0,0.24152967153845473,0.1955327900714684,0.24152967153845473,0.24152967153845473,0.044000000000000004,120,False,246.42205714110568,0.011262355832047554,near_boundary_interior,-0.9307408253705127,-0.6537705821317134,303.9753201300083,23,0.24273271880314504,155.23871008529483,0.03908493938706946,0.008603165233648654,,95,194,0,,294,294,100,,389,0.0,wls,,,,,,1.2145839889399213e-13,5.684341886080802e-14,6.394884621840902e-14,1.0524914273446484e-13,6.0285110237146e-14,3.4638958368304884e-14,7.72715225139109e-14,0.05140471457812348,0.06384015432541543,0.05912948378976886,0.04870845017253984,0.0021535160049097613,ok,0.3995229290012503,2,False,
,,,,,0.04814780200831592,,,,,2.0,0.0,0.0,,,,,,,0.0,,,,ellipse,2003,0.9155761561732486,0.0,0.2,3.60753569037291,2.1276290815506913,4.485081626733621,5.429157173523598,1.0,25.40366169484087,4.545472594122707,25.40366169484087,25.40366169484087,0.11000000000000004,38,False,38.863627296320146,0.07530259445906398,near_boundary_interior,0.9624128762162308,0.5117240034366201,48.05858494427085,23,0.277297472107502,30.92955228337849,0.08279826313992898,0.0556445239787273,,38,13,0,,46,46,33,,84,0.0,wls,,,,,,1.84297022087776e-14,1.1546319456101628e-14,5.773159728050814e-15,2.0039525594484076e-14,1.6459056340067946e-14,7.993605777301127e-15,1.1185496973098452e-14,4.692424786588263,2.155935601427647,6.341004295258146,7.363214617490895,0.00029238300339784473,ok,0.048440185011713766,3,True,linf_large
nan,nan,nan,0.0,nan,1.5061338859959505,6.469771866895739,0.6947785100526561,1.8917163609262047,0.3762019230769231,2.0,6.343804648256679e-11,4.435935275727445e-10,2.729350155806052,0.3955506199465482,1.6527487742738962,0.2995169082125604,0.2836814957266584,0.05765308225635491,0.5800256838145667,6.469771866895739,0.551320270693037,1.7579906075393568,ellipse,2001,0.23388460715976067,0.0,0.08,0.03244069282414467,0.035374293861752816,0.03512316251678466,0.03433653102218994,0.709145561132167,0.09529718085578834,0.09529718085578834,0.09529718085578834,0.09355832365580719,0.18848130669034963,143,False,8.868543941936995,0.30733717623623197,interior_core,0.9033869028224635,0.4545264879738991,25.61516912107174,45,0.26026390545041655,9.479613263938248,0.03887146597045325,0.15864032310113324,0,95,195,5601,0,291,291,96,5601,386,0.33369041242635245,ccpfm,6.469771866895739,0.551320270693037,1.7579906075393568,1.0,0.33369041242635245,6.394884621840902e-13,6.883854375416831e-09,5.2719038023951725e-09,4.040606071953334e-09,5.75895509058455e-09,3.686889904486179e-09,3.6504523848179815e-09,0.030747442716973928,0.03578035281111956,0.035412465051726474,0.03465317129567798,0.004890011012321338,ok,1.5110238970082719,1,False,
,,,,,0.11950066999997944,,,,,2.0,0.0,0.0,,,,,,,0.0,,,,ellipse,2003,0.8925575613160626,0.0,0.16,0.7498658942517431,0.4000404194573833,0.8872054407495387,1.2206341015954145,1.0,4.3564699971248455,0.7068902207730489,4.3564699971248455,4.3564699971248455,0.08800000000000001,60,False,69.3746329930871,0.04098008719060967,near_boundary_interior,-0.9818377232591295,-0.5220523778179051,81.6150839244016,23,0.2676236250370729,45.36268379729461,0.06576764639518042,0.03162841355306431,,48,31,0,,75,75,44,,123,0.0,wls,,,,,,3.197442310920451e-14,1.021405182655144e-14,1.021405182655144e-14,2.4202861936828413e-14,1.491862189340054e-14,8.215650382226158e-15,2.1649348980190553e-14,0.9366981653413216,0.39750773284270713,1.1995589451311797,1.5301681457333887,0.000462322001112625,ok,0.11996299200109206,3,False,
nan,nan,nan,0.0,nan,0.2248982229939429,7.1726545928363015,0.7947368643695542,2.3213869005100265,0.39869989165763814,2.0,2.7068763897020176e-12,1.2939783266957804e-11,1.6875892979312686,0.14099058598589786,0.8765918025839542,0.0625,0.22747863672800162,0.04952611398904855,0.5645394089862971,7.1726545928363015,0.6112876673301706,2.127318475273096,ellipse,2003,0.6603077614623888,0.0,0.2,0.1319912488161012,0.15614952608947916,0.16409859132773466,0.16869137577415333,0.7829741592678605,0.3215544156331569,0.2861348275329567,0.3215544156331569,0.3215544156331569,0.23952842820922,58,False,13.075421530059412,0.2133005180189099,near_boundary_interior,-0.38866460883045606,0.30238151201712526,27.167813347210235,50,0.277297472107502,11.221688633507494,0.08279826313992898,0.16633451186667378,0,38,13,1115,0,46,46,33,1115,84,0.34080717488789236,ccpfm,7.1726545928363015,0.6112876673301706,2.127318475273096,1.0,0.34080717488789236,9.414691248821327e-14,3.223052935652504e-10,2.2500135088421302e-10,1.8313706107164762e-10,1.2877982014103395e-10,1.7292300924509618e-10,1.655187098492661e-10,0.11239495814157617,0.157758015779165,0.15188243706710045,0.1495044283990712,0.0003020650037797168,ok,0.22520028799772263,3,False,
nan,nan,nan,0.0,nan,0.9218160580057884,4.771973453413015,0.6620344334262882,2.0015835803809146,0.36426456071076013,2.0,1.557935030982449e-11,1.1823126681781091e-10,2.7736538393525656,0.35674008041615185,1.6597414755424404,0.2867564534231201,0.30027921373282407,0.05263411966819741,0.578705062711798,4.771973453413015,0.5203401014255649,1.7973991420112878,ellipse,2002,0.20654905100415563,0.0,0.1,0.051937869971021615,0.0607368826004043,0.05745320186075711,0.04848514971595412,0.740617828576088,0.13928083345192677,0.13928083345192677,0.13928083345192677,0.1276319486317563,0.269185240456409,183,False,9.20492191451771,0.29419561938102845,interior_core,0.3197576824122255,-0.3120583528945008,28.345430068082287,46,0.25440240400045455,9.413655572648718,0.04808358724746785,0.16059617373442997,0,76,115,3808,0,188,188,73,3808,264,0.3279936974789916,ccpfm,4.771973453413015,0.5203401014255649,1.7973991420112878,1.0,0.3279936974789916,5.346834086594754e-13,1.9147727847723672e-09,1.5222205718146142e-09,1.4986270002737001e-09,1.9918585669742583e-09,1.4319194718837025e-09,1.4908398959789793e-09,0.04698501431134412,0.06049156743649019,0.05567784302981084,0.047107099686069256,0.0021850839984836057,ok,0.924001142004272,2,False,
,,,,,0.16888743900926784,,,,,2.0,0.0,0.0,,,,,,,0.0,,,,ellipse,2003,0.398021697949,0.0,0.12,0.14744805338885408,0.1591902815804404,0.16650807399131598,0.17978507576440067,1.0,0.63990276660686,0.38162850650274294,0.63990276660686,0.63990276660686,0.06600000000000003,86,False,117.76269572244145,0.0229896312289774,near_boundary_interior,-0.04044032058646568,-0.7007250029650066,137.97750639328243,23,0.2603905715263849,76.00064027591739,0.05750776264197312,0.019157452788734618,,64,72,0,,132,132,60,,196,0.0,wls,,,,,,6.039613253960852e-14,3.952393967665557e-14,2.886579864025407e-14,4.973799150320701e-14,2.731148640577885e-14,1.2545520178264269e-14,3.2862601528904634e-14,0.15311707741338945,0.1591021159531053,0.18657983346036972,0.21496580053141479,0.0008309769909828901,ok,0.16971841600025073,3,False,
nan,nan,nan,0.0,nan,0.4073466029949486,4.96965427048786,0.739135714673019,2.0938091450463974,0.3863150392017106,2.0,3.3780374331104923e-12,1.5174161725065265e-11,2.460488450009236,0.25201334314450063,1.5500150358441187,0.22385321100917432,0.2686574407325072,0.045161347941722,0.5667819149753306,4.96965427048786,0.604281632434136,1.9317724981527944,ellipse,2003,0.3656411759126255,0.0,0.16,0.14644903831359296,0.18983940365184035,0.17327149371689843,0.15258008537659615,0.7429961786526853,0.35053528807028234,0.35053528807028234,0.35053528807028234,0.3213501496038005,0.32601447840233594,93,False,9.649379216324808,0.30714977691257556,interior_core,0.3023645478487875,-0.25900528929587036,27.752519669202286,51,0.2676236250370729,10.728294327068761,0.06576764639518042,0.16553416854078545,0,48,31,1948,0,75,75,44,1948,123,0.3408624229979466,ccpfm,4.96965427048786,0.604281632434136,1.9317724981527944,1.0,0.3408624229979466,1.3811174426336947e-13,2.6733415481317024e-10,2.1469204192214875e-10,1.952087935741531e-10,1.7058883472476083e-10,1.4660095359886327e-10,1.6912504730015598e-10,0.12625923154715277,0.1920583648575114,0.16169070914384404,0.13629117608784638,0.0007486469985451549,ok,0.4080952499934938,3,False,
,,,,,0.2422337700118078,,,,,2.0,0.0,0.0,,,,,,,0.0,,,,ellipse,2003,0.3238581761872664,0.0,0.1,0.09545882107324051,0.10332867778944411,0.10553909690988156,0.11065200542280505,1.0,0.39490479872967355,0.27563650366603276,0.39490479872967355,0.39490479872967355,0.05500000000000001,77,False,172.09258965062912,0.016727326177971586,near_boundary_interior,0.9233221902096416,0.6456457100866606,189.10856307860183,23,0.26836524808056694,103.2587835405473,0.048278535124867544,0.013684302428134301,,76,115,0,,189,189,74,,265,0.0,wls,,,,,,7.105427357601002e-14,2.6645352591003757e-14,3.1308289294429414e-14,5.950795411990839e-14,2.6201263381153694e-14,1.709743457922741e-14,5.995204332975845e-14,0.09591046194921171,0.10365466223871396,0.11356853345443832,0.12745392347390172,0.00202015700051561,ok,0.2442539270123234,3,False,
,,,,,0.3623926330037648,,,,,2.0,0.0,0.0,,,,,,,0.0,,,,ellipse,2003,0.1569335216830559,0.0,0.08,0.05076406557544717,0.05767808278081405,0.05497731751975082,0.045019255558948264,1.0,0.20864616197849017,0.20864616197849017,0.20864616197849017,0.19598189442357755,0.452065189206014,302,False,128.5308233950448,0.018298183088687033,interior_core,-0.5621002058104524,-0.14757460007433515,301.12038868601917,23,0.25524178680076004,155.53178479488247,0.03909757916940717,0.008443802328597934,,95,195,0,,289,289,94,,384,0.0,wls,,,,,,1.5010215292932116e-13,7.149836278586008e-14,7.061018436615996e-14,1.4432899320127035e-13,5.928590951498336e-14,3.1530333899354446e-14,7.105427357601002e-14,0.04816942667975793,0.05823284771147457,0.05552494897308867,0.04943674017534894,0.0022198789956746623,ok,0.36461251199943945,3,False,
nan,nan,nan,0.0,nan,0.6801440370036289,4.609016514360642,0.6420093820294618,1.9880552565491074,0.3601669648181276,2.0,6.5452365749507635e-12,4.4785077247117005e-11,2.876888047088795,0.3274006829441547,1.5758861440836243,0.25885558583106266,0.29125298351866996,0.049743195187921654,0.5731583130357351,4.609016514360642,0.5016735222788439,1.8149790682197524,ellipse,2003,0.3156900850226965,0.0,0.12,0.06338727102295576,0.0729651634623959,0.07158109022818576,0.06883253207648489,0.7289374378416756,0.15651039647560094,0.15651039647560094,0.15651039647560094,0.12952509279632318,0.25855792184735094,180,False,8.796159260849715,0.3043486415598669,interior_core,0.30741272563811595,-0.3348521862607676,27.58911582682459,46,0.2603905715263849,9.547923436704249,0.05750776264197312,0.15956391989573399,0,64,72,2778,0,132,132,60,2778,196,0.32001439884809213,ccpfm,4.609016514360642,0.5016735222788439,1.8149790682197524,1.0,0.32001439884809213,2.55351295663786e-13,7.920544220496595e-10,6.273286334845807e-10,6.375309169470711e-10,7.696158293990507e-10,4.5455506025859904e-10,6.691380782797296e-10,0.05696338975848041,0.07297613128026187,0.06941237355112953,0.0648779765439905,0.0009867150074569508,ok,0.6811307520110859,3,False,
,,,,,0.049446197008364834,,,,,2.0,0.0,0.0,,,,,,,0.0,,,,ellipse,2004,0.9450548137779207,0.0,0.2,2.711453499541742,1.3864268418156156,3.3730120611408814,3.991755324368908,1.0,15.199485478098628,2.2665540534479685,15.199485478098628,15.199485478098628,0.11000000000000004,38,False,39.48357466575141,0.07216639201983333,near_boundary_interior,0.9624128762162308,0.5117240034366201,48.11842194297686,23,0.28023996008164187,30.3451018237063,0.08279826313992898,0.053718874192023466,,38,11,0,,46,46,35,,84,0.0,wls,,,,,,1.6431300764452317e-14,6.217248937900877e-15,5.440092820663267e-15,1.021405182655144e-14,5.162537064506978e-15,2.6645352591003757e-15,6.050715484207103e-15,3.569363167338447,1.4164720822655774,4.823379852591184,5.472318293143049,0.00028806799673475325,ok,0.04973426500509959,4,True,linf_large
nan,nan,nan,0.0,nan,1.3469730369979516,5.999332675391216,0.7094015582440426,1.9278314652955604,0.38243512974051896,2.0,7.66952473751914e-11,5.664466626291499e-10,3.273752625579083,0.4116225158124843,1.6414148553345047,0.3006154842889537,0.3027242077229258,0.06054174386984949,0.5825893748689331,5.999332675391216,0.5508904671248054,1.7548552597593294,ellipse,2002,0.12431353066807414,0.0,0.08,0.04973258270240437,0.05826751785333752,0.05383847729411548,0.03778547101137564,0.7093059565821987,0.12331356016957973,0.12331356016957973,0.12331356016957973,0.11437556330822285,0.21183930434980588,224,False,8.563248636416171,0.30228026065002356,interior_core,0.4038638394001596,-0.3256140747790307,26.437372275535907,45,0.24273271880314504,9.411937735810364,0.03908493938706946,0.15576843173686927,0,95,194,5592,0,294,294,100,5592,389,0.3372675250357654,ccpfm,5.999332675391216,0.5508904671248054,1.7548552597593294,1.0,0.3372675250357654,6.465938895416912e-13,5.549068760046794e-09,4.567551670220382e-09,3.5419631672084506e-09,4.4607588733924786e-09,4.110405349422308e-09,4.0842245141448075e-09,0.045001495466655446,0.05818072886152593,0.051764030177951365,0.0362060627866447,0.002859968997654505,ok,1.349833005995606,2,False,
nan,nan,nan,0.0,nan,0.21220650100440253,5.183327675961952,0.7694963569385056,2.283887329985407,0.42263056092843326,2.0,3.665033554423047e-12,1.4878188642982346e-11,2.23584359017604,0.13216424330372556,0.860788403545846,0.08755760368663594,0.22516696266189526,0.04712506086004565,0.5648412840496619,5.183327675961952,0.5823150201304711,2.139142986587439,ellipse,2004,0.6123535457146937,0.0,0.2,0.1615247810759863,0.21937495327169398,0.20093467759433167,0.19141392673901916,0.8022531072473968,0.4002706337493115,0.3840327919707649,0.4002706337493115,0.4002706337493115,0.28417952869480745,64,False,12.696530217819786,0.2336777070190747,near_boundary_interior,-0.3512908042177686,0.2750605170125049,28.13727444238611,52,0.28023996008164187,12.849035070592475,0.08279826313992898,0.1746140740998516,0,38,11,1251,0,46,46,35,1251,84,0.3645083932853717,ccpfm,5.183327675961952,0.5823150201304711,2.139142986587439,1.0,0.3645083932853717,1.0258460747536446e-13,3.5724934122072227e-10,3.251909852508561e-10,2.6539792585822397e-10,1.8610007979091847e-10,2.1474910738561448e-10,2.4498325590371905e-10,0.1385639477955099,0.2254043987619625,0.18724532157671206,0.17352798934508606,0.00030061100551392883,ok,0.21250711200991645,4,False,
,,,,,0.10085063100268599,,,,,2.0,0.0,0.0,,,,,,,0.0,,,,ellipse,2004,0.8415400279029295,0.0,0.16,0.7228458611640906,0.4691965126703044,0.8560812930252184,1.142513393420084,1.0,4.907722352476229,1.3609424141328865,4.907722352476229,4.907722352476229,0.08800000000000005,49,False,67.26197611357149,0.04107842088551238,near_boundary_interior,0.8369150967716281,0.6659768798215457,82.26858161874199,23,0.2544620177432353,44.683126371867694,0.06576764639518037,0.031433112282165186,,48,30,0,,74,74,44,,122,0.0,wls,,,,,,3.552713678800501e-14,1.2434497875801753e-14,1.1324274851176597e-14,2.042810365310288e-14,1.199040866595169e-14,6.661338147750939e-15,1.7319479184152442e-14,0.8891864091064546,0.4724300967413971,1.1417128038374709,1.42831667824737,0.0010361070017097518,ok,0.10188673800439574,4,False,
,,,,,0.1477144880045671,,,,,2.0,0.0,0.0,,,,,,,0.0,,,,ellipse,2004,0.47523199958712786,0.0,0.12,0.17344023379502707,0.17619934012039187,0.19513477759489994,0.22533549231837394,1.0,0.9897837526561524,0.435370994178063,0.9897837526561524,0.9897837526561524,0.06600000000000007,64,False,103.78780753215223,0.027433151027866465,near_boundary_interior,1.0012625703020233,0.5323807521991999,141.80307570064133,23,0.26120796490562465,75.53566361391658,0.05750549210500458,0.018270053320765162,,64,72,0,,133,133,61,,197,0.0,wls,,,,,,8.171241461241152e-14,2.3092638912203256e-14,1.8984813721090177e-14,3.552713678800501e-14,2.9976021664879227e-14,1.687538997430238e-14,4.3520742565306136e-14,0.18149054859901353,0.17906372652967856,0.22088249842107419,0.2617830562537811,0.00089914099953603,ok,0.14861362900410313,4,False,
nan,nan,nan,0.0,nan,1.0223399099922972,4.466907761352347,0.6557850547049574,1.9978987259962753,0.37417049515058703,2.0,1.5905827002726802e-11,1.1203228653217182e-10,2.5865273742497905,0.36819221192711366,1.642620579695527,0.29104062326099056,0.29964547865016505,0.05524586659798865,0.5770916828526046,4.466907761352347,0.5278406483344906,1.7702032884921497,ellipse,2003,0.1879428225441476,0.0,0.1,0.06489861969392961,0.07698651666168482,0.07175179450351735,0.05730785091761574,0.7208002331101634,0.15757573159554283,0.15757573159554283,0.15757573159554283,0.142400226984012,0.36123568237593384,155,False,9.008150160193816,0.2967118189326252,interior_core,0.16930527303562237,-0.2938614956630958,26.149561442167712,46,0.26836524808056694,9.440787281699814,0.048278535124867544,0.15636797685812526,0,76,115,3756,0,189,189,74,3756,265,0.3343982960596379,ccpfm,4.466907761352347,0.5278406483344906,1.7702032884921497,1.0,0.3343982960596379,3.197442310920451e-13,1.4759122812790793e-09,1.1679546219056647e-09,1.1096994434467433e-09,1.3572975521292108e-09,1.3073038207522814e-09,1.3381500352238618e-09,0.05786560499617555,0.07638193257928154,0.0685192393333425,0.05407708801858642,0.0023559609981020913,ok,1.0246958709903993,3,False,
nan,nan,nan,0.0,nan,0.3468439970019972,4.957179339972458,0.7003742880559984,2.117892247903981,0.37626628075253254,2.0,2.7755991949263148e-12,1.3494319180809725e-11,2.612460902757166,0.24125031642955239,1.4325049160758063,0.220703125,0.2687673296348982,0.04605554258343887,0.5664815518783503,4.957179339972458,0.5581440958483079,1.9686880405350042,ellipse,2004,0.3558683169323332,0.0,0.16,0.13406855980201735,0.1754541173169775,0.15878016627847236,0.13780019066013968,0.7440597021172227,0.30656864066344847,0.30656864066344847,0.30656864066344847,0.29743963068954393,0.4416781795955772,112,False,9.02661824306789,0.31439166975240845,interior_core,0.2511207250052076,-0.15525187510828767,27.761442101734623,51,0.2544620177432353,10.404325319992417,0.06576764639518037,0.16829846720617309,0,48,30,1894,0,74,74,44,1894,122,0.3342133051742344,ccpfm,4.957179339972458,0.5581440958483079,1.9686880405350042,1.0,0.3342133051742344,1.9761969838327786e-13,3.926241554097487e-10,2.969944290498461e-10,2.464832782322901e-10,1.8863521855649878e-10,1.1111289666132507e-10,2.152238387509442e-10,0.11405216869627771,0.17487143898612006,0.14644265811127793,0.12335857298719767,0.0004729850043077022,ok,0.3473169820063049,4,False,
,,,,,0.26319763300125487,,,,,2.0,0.0,0.0,,,,,,,0.0,,,,ellipse,2004,0.20881372171359452,0.0,0.1,0.11345316661542469,0.13566252976708107,0.12566206152417017,0.10132644924401463,1.0,0.4673794977322502,0.4673794977322502,0.4673794977322502,0.3055375597962789,0.4685267799938985,233,False,87.95648930963742,0.027985490542725134,interior_core,-0.4633810700537035,-0.05644876057254228,186.12133766448272,23,0.28111855167048544,101.61210837954881,0.048363034451420976,0.01372085714327802,,76,107,0,,183,183,76,,259,0.0,wls,,,,,,6.572520305780927e-14,5.284661597215745e-14,3.774758283725532e-14,6.394884621840902e-14,3.885780586188048e-14,1.4432899320127035e-14,5.240252676230739e-14,0.10864878668956715,0.1368442200208461,0.1292555553534592,0.11774539340288613,0.0011929069878533483,ok,0.2643905399891082,4,False,
nan,nan,nan,0.0,nan,0.6593718210060615,4.171985603258076,0.6421645143771133,1.9482557007077745,0.35586969883220654,2.0,7.025442727570663e-12,4.4492746354528824e-11,2.557828621927739,0.3078467310036396,1.6006105842876734,0.2709270927092709,0.3070984692654866,0.050646457711616674,0.5688307542066778,4.171985603258076,0.5080182384466798,1.7907805471425597,ellipse,2004,0.3069936063958345,0.0,0.12,0.058828063269254556,0.06867899424303159,0.06618649428223863,0.061429379738379065,0.7171428986616418,0.14992562050581082,0.14108444671103879,0.14992562050581082,0.14992562050581082,0.06600000000000004,89,False,24.207142349070367,0.17035468498350223,near_boundary_interior,0.45552042773489565,-0.4662255004761402,26.231351410904512,45,0.26120796490562465,9.5296489395032,0.05750549210500458,0.16115016679247382,0,64,72,2738,0,133,133,61,2738,197,0.32140248356464574,ccpfm,4.171985603258076,0.5080182384466798,1.7907805471425597,1.0,0.32140248356464574,2.984279490192421e-13,7.956648673257405e-10,5.046540962894142e-10,5.446949558063352e-10,6.394391682817968e-10,6.695559662261985e-10,7.640466037628357e-10,0.05303296823888668,0.06899578408490525,0.06454360634047053,0.05885680663693211,0.0010606499999994412,ok,0.660432471006061,4,False,
,,,,,0.32774854499439243,,,,,2.0,0.0,0.0,,,,,,,0.0,,,,ellipse,2004,0.14232745271605912,0.0,0.08,0.06347525921844105,0.07268569941653238,0.0685962271887993,0.05325696008830154,1.0,0.20665531861979758,0.20665531861979758,0.20665531861979758,0.19600310214421124,0.5371681935812196,330,False,169.61404304475892,0.014143629237669304,interior_core,-0.01573776096243186,0.17462064070671682,306.84640800960676,23,0.25487841591768035,159.27760138018687,0.03907023803320452,0.008452152629146737,,95,203,0,,298,298,95,,393,0.0,wls,,,,,,1.1368683772161603e-13,4.3520742565306136e-14,3.907985046680551e-14,6.572520305780927e-14,4.3298697960381105e-14,3.5083047578154947e-14,8.704148513061227e-14,0.05906635525479561,0.07312282091591397,0.06783101508374248,0.05483771852296942,0.0028467160009313375,ok,0.33059526099532377,4,False,
,,,,,0.0644256000086898,,,,,2.0,0.0,0.0,,,,,,,0.0,,,,ellipse,2005,0.9233461886712793,0.0,0.2,2.533291709141334,1.3590251010690615,3.142623602170056,3.9310344050442305,1.0,15.790428633730935,2.566615475135479,15.790428633730935,15.790428633730935,0.11000000000000004,38,False,40.8710429442279,0.06822868174140236,near_boundary_interior,0.9624128762162308,0.5117240034366201,50.84469471911543,23,0.307824970998139,30.07007265410457,0.08286972514368396,0.0496449336966402,,38,15,0,,48,48,33,,86,0.0,wls,,,,,,1.3766765505351941e-14,1.1102230246251565e-14,7.105427357601002e-15,1.532107773982716e-14,1.2823075934420558e-14,3.774758283725532e-15,8.715250743307479e-15,3.1883477366376964,1.3456313433932714,4.267703985839835,5.066459570821348,0.0003084049967583269,ok,0.06473400500544813,5,True,linf_large
nan,nan,nan,0.0,nan,1.536232230006135,6.429264528844962,0.7375180830222351,1.8971030594407545,0.37772493063812923,2.0,6.356535415218134e-11,4.92648885626095e-10,2.818889281195318,0.38844169373139276,1.6472416989760208,0.3007593265103995,0.2944406668008828,0.0588807945792265,0.584455429907488,6.429264528844962,0.5424481133065,1.7538931638252986,ellipse,2003,0.16304235434067907,0.0,0.08,0.037518090764099746,0.042473297447369066,0.040631969982923746,0.033913686491711136,0.717788421497662,0.1061279678697774,0.1061279678697774,0.1061279678697774,0.08884052660435479,0.1663780796083223,153,False,8.969505949260908,0.30088364105376625,interior_core,0.29707702491188176,-0.44585933120805726,26.764563247665603,45,0.25524178680076004,9.388750372784589,0.03909757916940717,0.14950397881597238,0,95,195,5552,0,289,289,94,5552,384,0.3357348703170029,ccpfm,6.429264528844962,0.5424481133065,1.7538931638252986,1.0,0.3357348703170029,9.9298347322474e-13,7.847155814033613e-09,5.8980127448649e-09,4.640344997142165e-09,6.111365635774746e-09,2.741219251589655e-09,3.620879596155646e-09,0.035050675451273224,0.043210036455165024,0.040402950586125135,0.033845271897659755,0.002733353991061449,ok,1.5389655839971965,3,False,
nan,nan,nan,0.0,nan,0.26968902099179104,3.987781591063119,0.6829881511597681,2.2346075024620307,0.3883495145631068,2.0,3.0591779109911954e-12,1.1863868537758503e-11,1.9393623034342065,0.18687964193160134,1.2009099524293794,0.1581196581196581,0.21806879574015642,0.0503862828933079,0.5595578424437181,3.987781591063119,0.5577724959553588,2.0974608731437203,ellipse,2005,0.6141939123456571,0.0,0.2,0.11343513703538212,0.13652353904145056,0.14071965643609902,0.1435620715583977,0.7539256424942085,0.307688589414342,0.2386964231177296,0.307688589414342,0.307688589414342,0.34539065573867384,80,False,9.942748779236963,0.24797283088207966,near_boundary_interior,0.2851172405348159,-0.25291596354773743,26.070818651921506,48,0.307824970998139,9.99449672255915,0.08286972514368396,0.1670363049521416,0,38,15,1161,0,48,48,33,1161,86,0.34194659776055125,ccpfm,3.987781591063119,0.5577724959553588,2.0974608731437203,1.0,0.34194659776055125,7.66053886991358e-14,2.635291984631749e-10,2.20312879051221e-10,1.8585971650608712e-10,1.5339123027313661e-10,1.522200143710961e-10,1.8742818408412631e-10,0.09966733074581635,0.13748368031095967,0.13340786508139646,0.1315134710313968,0.00032249999640043825,ok,0.2700115209881915,5,False,
nan,nan,nan,0.0,nan,0.9251174249948235,4.423899459753425,0.64175121665124,2.0045536250016975,0.3581183611532625,2.0,1.2398048950326701e-11,9.951290335095805e-11,2.7794141206707126,0.3556668371902024,1.6360341360276949,0.28302994715208457,0.3171265491938322,0.052545644128937,0.5769424319889755,4.423899459753425,0.5112450471227885,1.778305730707376,ellipse,2004,0.14094593203042974,0.0,0.1,0.09496402885891095,0.1183241236550659,0.10518327511740971,0.06968063331530178,0.7145305377108757,0.20263601309009993,0.20263601309009993,0.20263601309009993,0.16044777873288085,0.388184616193233,189,False,9.209828470457735,0.309519538344618,interior_core,-0.3538114495453635,0.14465067573009105,26.745174862229,45,0.28111855167048544,9.431085437583999,0.048363034451420976,0.15892096897647603,0,76,107,3680,0,183,183,76,3680,259,0.3233695652173913,ccpfm,4.423899459753425,0.5112450471227885,1.778305730707376,1.0,0.3233695652173913,3.526068326209497e-13,2.0083543716964414e-09,1.631092150233826e-09,1.5763106722688214e-09,1.990014625308234e-09,1.1449206027691616e-09,1.555232054251121e-09,0.083623524028178,0.11903181496817206,0.09948390008034382,0.06231521930948734,0.0015319350059144199,ok,0.9266493600007379,4,False,
,,,,,0.07208232999255415,,,,,2.0,0.0,0.0,,,,,,,0.0,,,,ellipse,2005,0.8453581544228238,0.0,0.16,0.874427978620242,0.5744346602614673,1.038340807534651,1.3573043345142384,1.0,5.990276211102575,1.391913306944512,5.990276211102575,5.990276211102575,0.08800000000000004,48,False,60.19411957849538,0.04748395380372454,near_boundary_interior,0.9818377232591271,0.5220523778179099,75.0576130182573,23,0.26379773271215734,41.40427763770057,0.06574626142937413,0.035057925131606035,,48,26,0,,69,69,43,,117,0.0,wls,,,,,,3.6415315207705135e-14,1.7763568394002505e-14,1.7763568394002505e-14,3.8746783559417963e-14,1.0602629885170245e-14,5.440092820663267e-15,1.7763568394002505e-14,1.108848112093805,0.582547834711465,1.443911072958289,1.7720914749034447,0.00044725299812853336,ok,0.07252958299068268,5,False,
,,,,,0.15593582300061826,,,,,2.0,0.0,0.0,,,,,,,0.0,,,,ellipse,2005,0.3522571143740321,0.0,0.12,0.152243266969871,0.172607595911257,0.1717836704523719,0.17029891165790725,1.0,0.5267566744023799,0.45883043304983406,0.5267566744023799,0.5267566744023799,0.06600000000000007,64,False,118.79260764612721,0.023413721460726327,near_boundary_interior,1.0012625703020233,0.5323807521991999,145.82874191886773,23,0.25246521406662537,77.07184495097036,0.05751151584206733,0.01877094812043974,,64,70,0,,133,133,63,,197,0.0,wls,,,,,,5.684341886080802e-14,2.042810365310288e-14,1.3766765505351941e-14,2.9753977059954195e-14,2.930988785010413e-14,1.3766765505351941e-14,4.440892098500626e-14,0.15310214016103652,0.17540265545890438,0.18633247567673636,0.19776954122419527,0.001070483005605638,ok,0.1570063060062239,5,False,
nan,nan,nan,0.0,nan,0.33991037000669166,4.714291880077611,0.6684078259435997,2.131021819040459,0.3861066235864297,2.0,3.144616511630005e-12,1.52796656778649e-11,2.5007728826415376,0.22937062388121626,1.4243415528309358,0.19458128078817735,0.2690553204558274,0.04565142479847423,0.5606243831943144,4.714291880077611,0.5439830200572258,1.9524131384766041,ellipse,2005,0.35040622247061315,0.0,0.16,0.15608340700064635,0.2101506529590593,0.18534147446143834,0.15598234996990507,0.7480472858505143,0.36854728884262244,0.3553619836049462,0.36854728884262244,0.36854728884262244,0.3103469572115535,92,False,8.61173395810197,0.26604824444820174,near_boundary_interior,0.25269253913331685,-0.30664049360061896,26.52639973305507,47,0.26379773271215734,9.975933231821125,0.06574626142937413,0.1654164255075589,0,48,26,1644,0,69,69,43,1644,117,0.33880778588807786,ccpfm,4.714291880077611,0.5439830200572258,1.9524131384766041,1.0,0.33880778588807786,1.7541523789077473e-13,4.4077985705825995e-10,3.351303679011153e-10,2.831380685464069e-10,2.0934017019857976e-10,1.7229551119157804e-10,1.8041412808145196e-10,0.127705551154374,0.20498205588449275,0.1662946055270395,0.13772740923859117,0.0005170399963390082,ok,0.3404274100030307,5,False,
,,,,,0.2528638759977184,,,,,2.0,0.0,0.0,,,,,,,0.0,,,,ellipse,2005,0.3681426876167907,0.0,0.1,0.09297640580993162,0.09807531381154262,0.10286865166263644,0.11304032838115878,1.0,0.38382445883765215,0.2715959409716181,0.38382445883765215,0.38382445883765215,0.05500000000000001,77,False,165.97539027607428,0.01754313454763251,near_boundary_interior,0.9233221902096416,0.6456457100866606,193.08935501724804,23,0.2676717610961783,101.74792286583411,0.048387840287325165,0.013474190637971653,,76,109,0,,182,182,73,,258,0.0,wls,,,,,,6.794564910705958e-14,4.085620730620576e-14,3.064215547965432e-14,6.927791673660977e-14,1.9984014443252818e-14,1.2212453270876722e-14,3.863576125695545e-14,0.09303997229483588,0.09792175107684375,0.11077550317113614,0.1275799854032924,0.0017621989973122254,ok,0.25462607499503065,5,False,
nan,nan,nan,0.0,nan,0.6033406859933166,4.646338555717088,0.6502562182700029,1.9892554427823645,0.36804308797127466,2.0,7.63514251822528e-12,4.7425117039104443e-11,2.56690823425455,0.32736566497452346,1.6114948564810379,0.253199268738574,0.3132344128477334,0.05283440832471423,0.5730236712732737,4.646338555717088,0.5107662648643782,1.7840255241859995,ellipse,2005,0.24480418137274249,0.0,0.12,0.08734575396651578,0.10692815402734186,0.09855657010938496,0.08145075322139901,0.7225057210497079,0.2039610038821109,0.2039610038821109,0.2039610038821109,0.1839800699418983,0.42431313664714027,138,False,9.199233659704008,0.30220309341080986,interior_core,0.12692969044246916,-0.24475568695678454,26.77981801244478,45,0.25246521406662537,9.741218636157724,0.05751151584206733,0.15638150647776253,0,64,70,2765,0,133,133,63,2765,197,0.32260397830018084,ccpfm,4.646338555717088,0.5107662648643782,1.7840255241859995,1.0,0.32260397830018084,3.019806626980426e-13,8.787024441403446e-10,6.305505007020429e-10,6.637987937097023e-10,8.527984984851855e-10,6.71888322756331e-10,7.885141428687348e-10,0.07616063891152662,0.1065720443577241,0.09269106481842831,0.07428550782881198,0.0010005759977502748,ok,0.6043412619910669,5,False,
,,,,,0.41806185599125456,,,,,2.0,0.0,0.0,,,,,,,0.0,,,,ellipse,2005,0.2067373269510652,0.0,0.08,0.06184511518085396,0.06854539078772298,0.06690020898965278,0.06153506462641909,1.0,0.2944701962335443,0.2944701962335443,0.2944701962335443,0.2852994387750648,0.3992279267282994,273,False,140.9866070201072,0.017803159698028963,interior_core,0.701703288665678,0.38220047637301247,305.58011469313254,23,0.2660186608462498,158.14919596894666,0.039069758298220625,0.008395352339601305,,95,199,0,,297,297,98,,392,0.0,wls,,,,,,1.1368683772161603e-13,9.50350909079134e-14,6.039613253960852e-14,1.2168044349891716e-13,6.039613253960852e-14,2.4868995751603507e-14,9.059419880941277e-14,0.059910168269751526,0.06970228199935656,0.06882803141336664,0.06701768451345816,0.003446050002821721,ok,0.4215079059940763,5,False,
,,,,,0.08924405499419663,,,,,2.0,0.0,0.0,,,,,,,0.0,,,,ellipse,2006,0.9032181622358082,0.0,0.2,3.124173480478945,1.8894574187262223,3.8769482741091,4.786659647491506,1.0,22.70235798015376,3.2536867893654016,22.70235798015376,22.70235798015376,0.11000000000000004,38,False,41.33021123132832,0.06926857962436937,near_boundary_interior,0.9624128762162308,0.5117240034366201,52.529949210578394,23,0.2919270132743945,30.474884926906228,0.08286972514368396,0.049644381946933595,,38,14,0,,48,48,34,,86,0.0,wls,,,,,,1.865174681370263e-14,9.325873406851315e-15,7.993605777301127e-15,1.532107773982716e-14,9.936496070395151e-15,1.2434497875801753e-14,1.0658141036401503e-14,4.014939089811271,1.9268673765562319,5.374122577533261,6.26455443358344,0.00027134000265505165,ok,0.08951539499685168,6,True,linf_large
nan,nan,nan,0.0,nan,1.5912574800022412,7.745793505655131,0.7385269849820305,1.9898150961649794,0.38507109004739337,2.0,6.892394988078365e-11,5.815024156600895e-10,2.8614679167515185,0.4196164220700307,1.639188708040174,0.31056095267941086,0.33187732627230604,0.06291764598990054,0.5891407390020159,7.745793505655131,0.5774024641625473,1.760884217273718,ellipse,2004,0.13915144633758114,0.0,0.08,0.04065550641194165,0.04664085339784594,0.04393545435886964,0.03372801553537081,0.7100285459436757,0.08969570986571312,0.08969570986571312,0.08969570986571312,0.08168006742108669,0.48944915838507436,371,False,9.736739311168296,0.28900898963434446,interior_core,0.46200955431005053,0.08614335822438826,26.721273659967025,46,0.25487841591768035,9.360941646335856,0.03907023803320452,0.1586606375461572,0,95,203,5723,0,298,298,95,5723,393,0.343526122662939,ccpfm,7.745793505655131,0.5774024641625473,1.760884217273718,1.0,0.343526122662939,7.998046669399628e-13,7.927148715225485e-09,5.884186915494638e-09,4.45258052650388e-09,7.030813264918834e-09,3.851659879927638e-09,3.9679131091929776e-09,0.036769749939075114,0.04604849575087738,0.04222589072889079,0.032587940713075976,0.002594534002128057,ok,1.5938520140043693,4,False,
nan,nan,nan,0.0,nan,0.25397907399747055,7.0649479511836075,0.6985365446658012,2.432813238149532,0.3961456102783726,2.0,2.8472953161884362e-12,1.2786957985147657e-11,1.8845510418284355,0.1533193572588281,1.0031956296535822,0.10714285714285714,0.2428964385907416,0.04946916680337727,0.5686165984874826,7.0649479511836075,0.5537712108242001,2.2382239663944947,ellipse,2006,0.39875735037524046,0.0,0.2,0.18921591269726518,0.285224995601498,0.23480780140710386,0.19262519151438975,0.77017077656403,0.4776339549642288,0.45345160460784867,0.4776339549642288,0.4776339549642288,0.34329485924572234,75,False,10.734627417414158,0.268359160096412,near_boundary_interior,-0.2907154809793888,0.2503822104458796,26.518541387947746,49,0.2919270132743945,10.726000316674817,0.08286972514368396,0.16546723029620983,0,38,14,1158,0,48,48,34,1158,86,0.34024179620034545,ccpfm,7.0649479511836075,0.5537712108242001,2.2382239663944947,1.0,0.34024179620034545,9.392486788328824e-14,3.388569425055721e-10,2.41954900559449e-10,1.9590234989763644e-10,1.2853584863137257e-10,1.5207590742249977e-10,1.6628320942402297e-10,0.15558203207114524,0.2833441964479411,0.20825145600187642,0.167834042438379,0.0003090190002694726,ok,0.25428809299774,6,False,
,,,,,0.07913773298787419,,,,,2.0,0.0,0.0,,,,,,,0.0,,,,ellipse,2006,0.9765120810888412,0.0,0.16,6.650483401778437,1.6520505793593068,7.870150721878397,11.381104039934748,1.0,65.86811259455033,6.064783332452594,65.86811259455033,65.86811259455033,0.08800000000000004,48,False,62.15709521757294,0.047855727991563714,near_boundary_interior,0.9818377232591271,0.5220523778179099,77.88829849569612,23,0.26947653909483393,42.587589038236445,0.06574626142937477,0.03259824429677034,,48,28,0,,71,71,43,,119,0.0,wls,,,,,,3.352873534367973e-14,1.176836406102666e-14,7.771561172376096e-15,2.4313884239290928e-14,1.0769163338864018e-14,8.881784197001252e-15,2.398081733190338e-14,9.547728272296148,1.6968223513584533,12.360736739193372,15.824118281511772,0.00037910501123405993,ok,0.07951683799910825,6,True,linf_large
nan,nan,nan,0.0,nan,0.9256128820125014,4.543906516777482,0.658856172852468,1.9892874276055852,0.3726487036095577,2.0,1.2972099089347822e-11,1.0168412509067617e-10,2.7585372502354835,0.3604842236566772,1.6270400862380359,0.278436018957346,0.297185751643795,0.05417103432461213,0.574586917565685,4.543906516777482,0.5113736262818862,1.786456454886941,ellipse,2005,0.17922427291757018,0.0,0.1,0.0738075375117409,0.0887340722638454,0.08166030726002993,0.06261115236134912,0.7182931739041025,0.18410099774394978,0.18410099774394978,0.18410099774394978,0.13057553885249323,0.44448608228897807,186,False,9.449258836691444,0.29817883614063456,interior_core,-0.35633478765359294,0.07290009090998056,26.213109035348044,46,0.2676717610961783,9.502422419587795,0.048387840287325165,0.1572532915263818,0,76,109,3655,0,182,182,73,3655,258,0.32913816689466485,ccpfm,4.543906516777482,0.5113736262818862,1.786456454886941,1.0,0.32913816689466485,3.4283687000424834e-13,1.7228098947441595e-09,1.0027023655823086e-09,1.0289351592973617e-09,1.2569739693546467e-09,1.4455947550118253e-09,1.426312734587043e-09,0.06535939509170395,0.0891582543191811,0.07781837955949665,0.05681925871638701,0.0014575759996660054,ok,0.9270704580121674,5,False,
,,,,,0.1576704909966793,,,,,2.0,0.0,0.0,,,,,,,0.0,,,,ellipse,2006,0.36973921105300966,0.0,0.12,0.1485779261103947,0.16465531659624483,0.16775249885120955,0.17346053895992836,1.0,0.6367931407950347,0.5639847064509301,0.6367931407950347,0.6367931407950347,0.06600000000000007,64,False,107.4234130928799,0.026624435688933745,near_boundary_interior,1.0012625703020233,0.5323807521991999,137.91423964363398,23,0.272466039196343,73.83995541439381,0.05745222299310387,0.01844029556474702,,64,72,0,,131,131,59,,195,0.0,wls,,,,,,4.440892098500626e-14,2.708944180085382e-14,2.042810365310288e-14,4.0190073491430667e-14,3.064215547965432e-14,1.2434497875801753e-14,3.708144902248023e-14,0.154401244857257,0.16706196716813573,0.1883789862153755,0.21150196127200957,0.0007833330018911511,ok,0.15845382399857044,6,False,
nan,nan,nan,0.0,nan,0.39999135700054467,5.261009017891685,0.6630161399758534,2.12329715255134,0.3743801652892562,2.0,2.9586263994296758e-12,1.4322957596056785e-11,2.792800230226192,0.252217627319254,1.4713312433720425,0.21577726218097448,0.2829708677070868,0.0474207483586204,0.5607588522083438,5.261009017891685,0.5505652966184381,1.950989094907637,ellipse,2006,0.24549154224298056,0.0,0.16,0.17280391869897885,0.24329517675751924,0.20449534316986676,0.1482737335201625,0.7332645437562983,0.40290889616766334,0.40290889616766334,0.40290889616766334,0.3102481508990654,0.5205449534622784,109,False,8.857075337387158,0.29794202667063074,interior_core,-0.13748755638268464,0.13053405725293654,25.484803323869105,47,0.26947653909483393,9.878736671482848,0.06574626142937477,0.16259232111317395,0,48,28,1641,0,71,71,43,1641,119,0.3327239488117002,ccpfm,5.261009017891685,0.5505652966184381,1.950989094907637,1.0,0.3327239488117002,1.9806378759312793e-13,3.480593591120851e-10,2.9142421809069674e-10,2.608917526458754e-10,2.2971114940761872e-10,1.9729240463561837e-10,2.0152690627384118e-10,0.1422498969713551,0.2426463737921503,0.1841604073235152,0.1328931721179483,0.00043366300815250725,ok,0.4004250200086972,6,False,
,,,,,0.22490011400077492,,,,,2.0,0.0,0.0,,,,,,,0.0,,,,ellipse,2006,0.27040553529980316,0.0,0.1,0.09163178872297804,0.10426232800201772,0.10141408563747567,0.0947587172578131,1.0,0.2836951027756278,0.2616129137888986,0.2836951027756278,0.2836951027756278,0.05500000000000005,97,False,163.4937527247779,0.016534869609892425,near_boundary_interior,-0.8014535099237665,-0.7204859348095849,199.93709364033745,23,0.25984817827675477,100.96170955785357,0.04840648245377768,0.012889461130572193,,76,108,0,,184,184,76,,260,0.0,wls,,,,,,6.350475700855895e-14,3.9968028886505635e-14,2.9753977059954195e-14,6.52811138479592e-14,2.398081733190338e-14,1.865174681370263e-14,3.730349362740526e-14,0.0877270837950767,0.10665330450853977,0.10428250510108363,0.1008176157428226,0.0020176290126983076,ok,0.22691774301347323,6,False,
,,,,,0.3324460900039412,,,,,2.0,0.0,0.0,,,,,,,0.0,,,,ellipse,2006,0.10280257957493885,0.0,0.08,0.05304805692693264,0.06199687888517441,0.05740423849503402,0.03831096388707058,1.0,0.19844741433947988,0.19844741433947988,0.19844741433947988,0.10175681903587357,0.36678367545203033,251,False,139.5685714822381,0.017267916139629774,interior_core,0.5660456156014424,0.464049948085809,302.1428443750878,23,0.26381100312297867,158.53935202467878,0.0390491615122615,0.00842103452817088,,95,201,0,,295,295,94,,390,0.0,wls,,,,,,1.412203687323199e-13,7.283063041541027e-14,9.059419880941277e-14,1.2789769243681803e-13,5.3290705182007514e-14,1.8096635301390052e-14,9.059419880941277e-14,0.048894785854317446,0.06248156822007833,0.05621909418858067,0.039636622443854665,0.0026806090027093887,ok,0.3351266990066506,6,False,
nan,nan,nan,0.0,nan,0.7498857829923509,4.078893785792541,0.6609560279373214,1.9598474928562968,0.3635806253832005,2.0,6.125728396755292e-12,4.111660023198119e-11,2.5388565941340877,0.3437280567892061,1.6425639331042552,0.26334841628959277,0.2971960037179061,0.052031856088074355,0.5693118714861062,4.078893785792541,0.5138103367132811,1.7910880571303858,ellipse,2006,0.3225468231666091,0.0,0.12,0.05619650847782231,0.0645669537724965,0.06344889157265159,0.0612779689358019,0.7222282152146783,0.16724040166989718,0.14026077288466204,0.16724040166989718,0.16724040166989718,0.23501590325717955,103,False,8.810347511267988,0.270022802541964,near_boundary_interior,0.2998697057532531,-0.3647069286554697,26.149033507451332,46,0.272466039196343,9.5575400394649,0.05745222299310387,0.16339465839353087,0,64,72,2736,0,131,131,59,2736,195,0.3230994152046784,ccpfm,4.078893785792541,0.5138103367132811,1.7910880571303858,1.0,0.3230994152046784,4.3431924723336124e-13,7.025016124373451e-10,5.303046890503538e-10,5.796763763443735e-10,6.855876378761283e-10,4.5380987856447064e-10,6.0555783304439e-10,0.051089634668708285,0.06517962626110187,0.062332486981582905,0.05867112813723388,0.001060041002347134,ok,0.750945823994698,6,False,
,,,,,0.05270486499648541,,,,,2.0,0.0,0.0,,,,,,,0.0,,,,ellipse,2007,0.9280322892477906,0.0,0.2,30.11637574594149,16.412438267000322,37.40585032945698,45.53799125988228,1.0,238.84951111668607,32.991716023922805,238.84951111668607,238.84951111668607,0.11000000000000004,38,False,36.35323430307491,0.0818694746297577,near_boundary_interior,0.9624128762162308,0.5117240034366201,49.82584823680601,23,0.30892532837660946,30.249710000505182,0.08279826313992898,0.05263497241803175,,38,13,0,,47,47,34,,85,0.0,wls,,,,,,2.042810365310288e-14,9.325873406851315e-15,8.881784197001252e-15,9.71445146547012e-15,7.993605777301127e-15,3.9968028886505635e-15,8.18789480661053e-15,39.84959540057416,16.527775244611064,53.59008553016013,62.17338089997417,0.00027414799842517823,ok,0.05297901299491059,7,True,linf_large
nan,nan,nan,0.0,nan,1.4604218000022229,6.441632706263444,0.7066633087445539,1.9647029666607054,0.3849222177901875,2.0,7.78243788857047e-11,5.832962539368735e-10,2.8099638063521346,0.41466415616435726,1.6484008312159206,0.2993650793650794,0.29290026724571666,0.06161764569096391,0.5852038073151814,6.441632706263444,0.5463227421856293,1.7603029117995705,ellipse,2005,0.20045024806665662,0.0,0.08,0.03668540643176479,0.040820697940481834,0.039683996868279864,0.035942182410890776,0.7113018249507757,0.10252524655222617,0.09747380568730901,0.10252524655222617,0.10252524655222617,0.15567237456846225,177,False,8.456045620482996,0.2779168191286935,near_boundary_interior,0.3361012287153158,-0.43573769165289594,26.729472622707743,45,0.2660186608462498,9.472861907004228,0.039069758298220625,0.160950081285689,0,95,199,5657,0,297,297,98,5657,392,0.3372812444758706,ccpfm,6.441632706263444,0.5463227421856293,1.7603029117995705,1.0,0.3372812444758706,6.039613253960852e-13,6.523993789642191e-09,3.978499307777383e-09,3.3381475361693447e-09,5.727288865386981e-09,4.353160498737907e-09,4.387356478119386e-09,0.03391643043093181,0.040820586514270195,0.038965023910775276,0.03489479390072367,0.004331147996708751,ok,1.4647529479989316,5,False,
,,,,,0.08888078900054097,,,,,2.0,0.0,0.0,,,,,,,0.0,,,,ellipse,2007,0.9574834168802182,0.0,0.16,1.4122214503789343,0.47472615775215093,1.6657437876724244,2.3611678564202996,1.0,13.4886524266307,1.530697384875231,13.4886524266307,13.4886524266307,0.08800000000000004,48,False,72.95826826849513,0.03962621842098331,near_boundary_interior,0.9818377232591271,0.5220523778179099,76.7937865041999,23,0.2542698420562843,44.78103974926821,0.06576764639518032,0.03392001061518791,,48,29,0,,73,73,44,,121,0.0,wls,,,,,,2.842170943040401e-14,9.769962616701378e-15,9.658940314238862e-15,1.709743457922741e-14,1.678865380050354e-14,8.881784197001252e-15,1.9539925233402755e-14,1.9279047819103723,0.4945227074284778,2.4820860609566546,3.1717603732891027,0.0004285339964553714,ok,0.08930932299699634,7,True,linf_large
nan,nan,nan,0.0,nan,0.23358625599939842,7.201600691207462,0.7427016959316228,2.4038360714684996,0.4025157232704403,2.0,3.1575801001659798e-12,1.3340108945389697e-11,1.7168183720720356,0.15849467374004766,0.9816694655829665,0.09545454545454546,0.25903052719977476,0.049298505500373735,0.5681580985271147,7.201600691207462,0.5544272153047574,2.1015746213645174,ellipse,2007,0.5467120295179465,0.0,0.2,0.1397472429457466,0.1911313379079074,0.1735721621246974,0.1621855591514649,0.7729258641352312,0.3509569444792012,0.3509569444792012,0.3509569444792012,0.3324595780603018,0.42664053167414945,64,False,9.10090291901266,0.2918935750192291,interior_core,-0.16253444400032285,0.22369886154231627,27.40970506582647,50,0.30892532837660946,9.954153922392342,0.08279826313992898,0.16502367260499845,0,38,13,1174,0,47,47,34,1174,85,0.34497444633730834,ccpfm,7.201600691207462,0.5544272153047574,2.1015746213645174,1.0,0.34497444633730834,1.0036416142611415e-13,3.9105252369608934e-10,3.019038352647385e-10,2.2789475861983988e-10,1.5423783431001148e-10,1.9984769394909563e-10,2.2587081857650126e-10,0.12025190358590361,0.18659449559965638,0.16171581501779292,0.15112486574875283,0.00033467299363110214,ok,0.23392092899302952,7,False,
,,,,,0.19664781900064554,,,,,2.0,0.0,0.0,,,,,,,0.0,,,,ellipse,2007,0.47257524177778076,0.0,0.12,0.1498449661607197,0.15664638925531493,0.16880241779647578,0.1864040521648105,1.0,0.5622145502593539,0.4125844787784174,0.5622145502593539,0.5622145502593539,0.066,81,False,110.97763039552783,0.024830210159249574,near_boundary_interior,-0.8955570760759451,-0.6537898351999187,134.8411965281463,23,0.25201589559356374,73.35420753731964,0.057703288014363474,0.018952326516883177,,64,67,0,,132,132,65,,196,0.0,wls,,,,,,3.552713678800501e-14,2.375877272697835e-14,1.532107773982716e-14,2.842170943040401e-14,1.887379141862766e-14,1.0658141036401503e-14,2.4868995751603507e-14,0.1584663869165121,0.16108437975646706,0.19309820027536562,0.22130191307327804,0.0009146820084424689,ok,0.197562501009088,7,False,
nan,nan,nan,0.0,nan,0.3757670060003875,5.1589941556463055,0.682532382169999,2.1786663029697575,0.36765772298767224,2.0,3.0001695572323683e-12,1.5010899317125786e-11,2.4943606917526626,0.24370798506204183,1.4944615311786649,0.2,0.2644107103100526,0.04543300521415348,0.5637446275036926,5.1589941556463055,0.54159370985824,1.9739147001600423,ellipse,2007,0.4669488000371581,0.0,0.16,0.12389784626433897,0.1474719425139788,0.14614001767600845,0.14466278342456282,0.749548752198473,0.32743640518017597,0.29350698967888034,0.32743640518017597,0.32743640518017597,0.2921696743657191,77,False,10.104970955255476,0.268663005765412,near_boundary_interior,-0.3078829309122643,0.2938863314634944,27.432526952704883,51,0.2542698420562843,10.813414723758262,0.06576764639518032,0.16354052371604708,0,48,29,1874,0,73,73,44,1874,121,0.3233724653148346,ccpfm,5.1589941556463055,0.54159370985824,1.9739147001600423,1.0,0.3233724653148346,1.5987211554602254e-13,4.222822092003753e-10,3.418050287251617e-10,2.852304781253423e-10,1.3549789068534324e-10,1.393654081027762e-10,1.572554170214957e-10,0.10457113854166752,0.14660275096552802,0.13463038620374498,0.12611964501604464,0.0005155050021130592,ok,0.37628251100250054,7,False,
nan,nan,nan,0.0,nan,0.9897556570067536,4.616825289861125,0.6502546990004399,2.0238338641285467,0.3592814371257485,2.0,1.217080602966547e-11,1.0106052845988992e-10,2.77514474950356,0.35369063639337994,1.6367854740388557,0.2733644859813084,0.29515276112331085,0.05363298649368066,0.5770012440139712,4.616825289861125,0.5142442026027485,1.799695899173153,ellipse,2006,0.21076211796877367,0.0,0.1,0.056227978725977415,0.06654216413415459,0.062230685761004836,0.05133504757489431,0.7225599136072309,0.13883810338457525,0.13883810338457525,0.13883810338457525,0.1285933778844282,0.28612214551503906,179,False,8.844742480826808,0.29618009495084074,interior_core,0.2853653993793298,-0.31627173804731423,26.87233179146458,46,0.25984817827675477,9.423401580943137,0.04840648245377768,0.1499210686822536,0,76,108,3716,0,184,184,76,3716,260,0.31969860064585576,ccpfm,4.616825289861125,0.5142442026027485,1.799695899173153,1.0,0.31969860064585576,4.742872761198669e-13,2.420135647440702e-09,1.365380697393448e-09,1.464169230303014e-09,2.0077139950558376e-09,1.724253850809987e-09,1.679912209340273e-09,0.05061331740132999,0.06612330007449044,0.06016481229919977,0.05050229877513932,0.0023924189881654456,ok,0.992148075994919,6,False,
,,,,,0.3121076679963153,,,,,2.0,0.0,0.0,,,,,,,0.0,,,,ellipse,2007,0.2585215771346204,0.0,0.1,0.08632803415909478,0.09709624786845354,0.09544029248300868,0.09112321362820129,1.0,0.29537247767091035,0.29537247767091035,0.29537247767091035,0.26224606125297506,0.398330664626703,182,False,108.79759258589384,0.021458271900571823,interior_core,0.6331760818088338,0.4171168233411835,203.20746806393444,23,0.2612252724713919,103.56376624791507,0.04835523922316057,0.013234863273111307,,76,115,0,,187,187,72,,263,0.0,wls,,,,,,7.815970093361102e-14,3.952393967665557e-14,3.3306690738754696e-14,6.927791673660977e-14,3.774758283725532e-14,2.2870594307278225e-14,5.240252676230739e-14,0.08485348936341093,0.09782443569620501,0.10062983883684314,0.10495527020885677,0.0011351819994160905,ok,0.3132428499957314,7,False,
nan,nan,nan,0.0,nan,0.6697232779988553,4.830142042456842,0.6529501718355467,1.9505248654009117,0.3711151736745887,2.0,8.471320433328655e-12,5.049737605787154e-11,2.7161519884806404,0.3142924341163476,1.623085552476254,0.26306141154903756,0.30538224563450284,0.05136709913420716,0.5701120867143171,4.830142042456842,0.5097648555925709,1.7913293744606729,ellipse,2007,0.309545525487702,0.0,0.12,0.07364151748966702,0.08808221512324158,0.08295818352098816,0.07414172786342155,0.7207801908738547,0.171362502355639,0.16260948095601258,0.171362502355639,0.171362502355639,0.1858365625895196,121,False,10.5539260651966,0.27294359537944046,near_boundary_interior,0.35556021893748696,-0.3943344490384747,26.336391384938295,45,0.25201589559356374,9.591890833898868,0.057703288014363474,0.15464954714640303,0,64,67,2732,0,132,132,65,2732,196,0.3279648609077599,ccpfm,4.830142042456842,0.5097648555925709,1.7913293744606729,1.0,0.3279648609077599,4.689582056016661e-13,1.0377165793329368e-09,8.303557841315978e-10,6.928861651100959e-10,1.000024341113459e-09,5.473208553041786e-10,8.661814598909245e-10,0.06527283462862919,0.08807381879718343,0.0795377943481497,0.06965271875809959,0.0008290100086014718,ok,0.6705522880074568,7,False,
,,,,,0.3142586250032764,,,,,2.0,0.0,0.0,,,,,,,0.0,,,,ellipse,2007,0.10628769882623736,0.0,0.08,0.06096783401607844,0.07071073977403369,0.06604315934616664,0.04586513687392888,1.0,0.28464632303881054,0.28464632303881054,0.28464632303881054,0.11048239242086527,0.5482271212050988,366,False,139.81057409224977,0.016285199655145667,interior_core,-0.4316768143695543,-0.13995606448666995,319.7251899566463,23,0.25492371262675495,157.25762484040695,0.038948568837105325,0.008098965477262248,,95,201,0,,291,291,90,,386,0.0,wls,,,,,,1.1013412404281553e-13,4.8405723873656825e-14,4.75175454539567e-14,7.72715225139109e-14,4.796163466380676e-14,3.064215547965432e-14,6.972200594645983e-14,0.05640122203322569,0.07198254835501036,0.06495845272438444,0.04551249255567697,0.0022456790029536933,ok,0.3165043040062301,7,False,
,,,,,0.07681041400064714,,,,,2.0,0.0,0.0,,,,,,,0.0,,,,ellipse,2008,0.9767776618776298,0.0,0.2,49.63134268056573,16.016321576260804,61.670754379429276,75.2705384994107,1.0,419.9056515255488,42.70865059100123,419.9056515255488,419.9056515255488,0.11000000000000004,38,False,38.08783096910484,0.07875036242802354,near_boundary_interior,0.9624128762162308,0.5117240034366201,50.10049675297819,23,0.29995510170500117,29.916533472094127,0.08279826313992898,0.051079397646829276,,38,12,0,,46,46,34,,84,0.0,wls,,,,,,2.0872192862952943e-14,9.325873406851315e-15,6.217248937900877e-15,1.8207657603852567e-14,6.966649479522857e-15,3.6637359812630166e-15,9.992007221626409e-15,67.92691593520556,16.301536406000512,91.79153322603302,106.32810696432813,0.0003881570009980351,ok,0.07719857100164518,8,True,linf_large
nan,nan,nan,0.0,nan,1.4274809790076688,7.154583239521337,0.705556395459457,1.9810579278577005,0.3666265543521861,2.0,7.501166354728639e-11,6.174510195274416e-10,2.675692274270228,0.4069707801321131,1.6455508728817316,0.30140485312899107,0.2875964467678269,0.06039236122398813,0.587891774800638,7.154583239521337,0.5557090654163767,1.7848739798470625,ellipse,2006,0.17459374756668483,0.0,0.08,0.040312128837485396,0.0451882942180636,0.043622465969242345,0.03794037931523499,0.7268966182465608,0.11446057232274437,0.09505315316111078,0.11446057232274437,0.11446057232274437,0.05531278195913462,142,False,23.39244802166541,0.19267825057517776,near_boundary_interior,1.0472932733881988,0.46438115433576815,26.47964859370803,46,0.26381100312297867,9.369574900696264,0.0390491615122615,0.15320463732188855,0,95,201,5625,0,295,295,94,5625,390,0.3303111111111111,ccpfm,7.154583239521337,0.5557090654163767,1.7848739798470625,1.0,0.3303111111111111,7.336353746723034e-13,6.68689725813465e-09,5.024737514958133e-09,3.99669497497257e-09,5.493655308441703e-09,3.61239749224751e-09,3.506801959929362e-09,0.03726590497290525,0.0456574368332985,0.04284823800919586,0.036115459569162525,0.0030924819875508547,ok,1.4305734609952196,6,False,
,,,,,0.07969822399900295,,,,,2.0,0.0,0.0,,,,,,,0.0,,,,ellipse,2008,0.8736557606853425,0.0,0.16,0.9109888189886528,0.5312642526218913,1.0716567683090639,1.436982289738068,1.0,5.726569588792581,1.4478121486963071,5.726569588792581,5.726569588792581,0.08800000000000001,60,False,63.9602769150889,0.04347335334242792,near_boundary_interior,-0.9818377232591295,-0.5220523778179051,82.3408876502519,23,0.2641988997547824,45.146180905441234,0.06576764639518032,0.030633014771993716,,48,28,0,,73,73,45,,121,0.0,wls,,,,,,2.930988785010413e-14,1.1546319456101628e-14,9.325873406851315e-15,1.9317880628477724e-14,8.43769498715119e-15,7.993605777301127e-15,2.2648549702353193e-14,1.1948052142138588,0.5429976539120034,1.5382551024225943,1.9118286698523155,0.00043924999772571027,ok,0.08013747399672866,8,False,
nan,nan,nan,0.0,nan,0.23099208300118335,4.8564875003914905,0.7989734943467773,2.3074289575369704,0.40388349514563104,2.0,3.431525896768761e-12,1.491308099129495e-11,1.8334572918614316,0.12970821134453134,0.9245451322002138,0.09009009009009009,0.23263160944097258,0.0458633909438302,0.5585433184852958,4.8564875003914905,0.5723434626949506,2.1950685015689357,ellipse,2008,0.6863332820171758,0.0,0.2,0.15355796030362384,0.18212113080571682,0.19080755710844674,0.19521401945778982,0.7830626673548574,0.42393306454316876,0.2744400530104293,0.42393306454316876,0.42393306454316876,0.37489582159986723,78,False,9.617776897255329,0.289576416862401,near_boundary_interior,-0.32514248672196516,0.1815233931914168,28.268645892665226,50,0.29995510170500117,10.884821847150167,0.08279826313992898,0.17049491233048045,0,38,12,1252,0,46,46,34,1252,84,0.34824281150159747,ccpfm,4.8564875003914905,0.5723434626949506,2.1950685015689357,1.0,0.34824281150159747,9.592326932761353e-14,3.3220270978517874e-10,1.9075252488676142e-10,1.8181633976155354e-10,2.129405540785001e-10,2.0621104823703718e-10,2.353138794930487e-10,0.13276740777139232,0.18403282722523892,0.1794122956120509,0.1777528460609395,0.0005024559941375628,ok,0.2314945389953209,8,False,
nan,nan,nan,0.0,nan,0.9373925510008121,4.872725718085897,0.6897178817943124,1.9216087346125084,0.3702213279678068,2.0,1.4339945897390294e-11,1.173056755828708e-10,2.656479377194058,0.36236054309420185,1.6310731973474384,0.2866026003391747,0.29569820997856294,0.05439804557665415,0.5764641111579785,4.872725718085897,0.5302777896468563,1.7715854348570506,ellipse,2007,0.13219645581936673,0.0,0.1,0.06763529902633622,0.08229727621928358,0.0747744667665321,0.05105192213823372,0.7168353999653296,0.1709629014031338,0.1709629014031338,0.1709629014031338,0.11723826856909059,0.5104184818217499,186,False,8.751241333915647,0.3029485346231063,interior_core,0.12380510751906629,-0.14894991834328308,25.616701816856995,46,0.2612252724713919,9.420431757791135,0.04835523922316057,0.1628055899374009,0,76,115,3757,0,187,187,72,3757,263,0.33084908171413363,ccpfm,4.872725718085897,0.5302777896468563,1.7715854348570506,1.0,0.33084908171413363,5.151434834260726e-13,1.5319723267737118e-09,9.889742358382136e-10,1.1356675599927257e-09,1.3914115276625338e-09,1.0509393355562224e-09,1.4630894273892636e-09,0.06035203014019192,0.08229879355636903,0.0715729560687059,0.04986609154098496,0.0014947800082154572,ok,0.9388873310090275,7,False,
,,,,,0.19578308599011507,,,,,2.0,0.0,0.0,,,,,,,0.0,,,,ellipse,2008,0.44153239438575753,0.0,0.12,0.16386712821605634,0.17411843390171902,0.18512069984563873,0.20257453761606348,1.0,0.8988828252859298,0.3860361120942776,0.8988828252859298,0.8988828252859298,0.06600000000000007,64,False,104.61118465212753,0.027267085943258315,near_boundary_interior,1.0012625703020233,0.5323807521991999,146.20769404006177,23,0.26056255547106916,75.68341638772594,0.05743243195588484,0.017443783309489386,,64,68,0,,131,131,63,,195,0.0,wls,,,,,,6.52811138479592e-14,2.842170943040401e-14,4.618527782440651e-14,8.526512829121202e-14,1.8318679906315083e-14,1.942890293094024e-14,4.196643033083092e-14,0.17236813458439657,0.1712887063055905,0.21029969336622145,0.24554743094612,0.0010576549975667149,ok,0.19684074098768178,8,False,
nan,nan,nan,0.0,nan,0.4708367559942417,5.374241855986234,0.6668178672062186,2.071945739174289,0.36661341853035145,2.0,3.652189661806915e-12,1.599067890192851e-11,2.251210690526117,0.20943130796067816,1.4009681922071524,0.2159090909090909,0.30080610187467016,0.04716169741408141,0.5596531412603601,5.374241855986234,0.5484402603348955,1.8794949868997637,ellipse,2008,0.6270918723173063,0.0,0.16,0.07729833306872497,0.07744455314141861,0.09093117290294565,0.10330085378363302,0.7238198181129532,0.20896150853486234,0.16258412297897765,0.20896150853486234,0.20896150853486234,0.31889478197766097,112,False,9.441213407630336,0.2990912009614394,near_boundary_interior,-0.24961123533649815,0.2982851704280854,26.29466860177993,47,0.2641988997547824,10.072279411980986,0.06576764639518032,0.15940352039286634,0,48,28,1692,0,73,73,45,1692,121,0.32742316784869974,ccpfm,5.374241855986234,0.5484402603348955,1.8794949868997637,1.0,0.32742316784869974,1.8118839761882555e-13,4.163274169854958e-10,3.942259851896779e-10,3.1870150962731714e-10,2.2708787628111793e-10,1.889834955193237e-10,2.651406871834183e-10,0.07083210519809334,0.07886566041898038,0.09119297935772033,0.09808448233017532,0.0005205440102145076,ok,0.4713573000044562,8,False,
,,,,,0.2693745249998756,,,,,2.0,0.0,0.0,,,,,,,0.0,,,,ellipse,2008,0.2774424853873661,0.0,0.1,0.1001941792269823,0.11307267554036284,0.1108586008506079,0.10565185343047588,1.0,0.4743267223775983,0.28477028135394056,0.4743267223775983,0.4743267223775983,0.05500000000000001,77,False,160.8743246250291,0.017612291598198732,near_boundary_interior,0.9233221902096416,0.6456457100866606,202.28162001049293,23,0.26151819990155656,102.33624388131868,0.04840034325337533,0.013118052172149161,,76,112,0,,189,189,77,,265,0.0,wls,,,,,,8.171241461241152e-14,4.085620730620576e-14,5.062616992290714e-14,6.572520305780927e-14,2.5757174171303632e-14,1.3100631690576847e-14,3.1530333899354446e-14,0.09885950631270185,0.11374758197066692,0.11706052626363786,0.12171849242466234,0.0019539030035957694,ok,0.27132842800347134,8,False,
nan,nan,nan,0.0,nan,0.7270810390036786,4.97026014369922,0.6830063996761586,2.0102068240963766,0.3771771771771772,2.0,8.158689002168984e-12,5.140214007817941e-11,2.469565646065876,0.3109983528005118,1.6160033876271722,0.25981308411214954,0.2860835581785323,0.052447055294333,0.5722495459659895,4.97026014369922,0.5291269188704495,1.819309689078096,ellipse,2008,0.4384685890292041,0.0,0.12,0.050662512246297114,0.053979351836699704,0.05723344166138748,0.062411941463973754,0.7241505897893254,0.14975198179092597,0.13063038449577324,0.14975198179092597,0.14975198179092597,0.1781366682379169,180,False,11.647634993146756,0.2282523174130708,near_boundary_interior,0.3585211040224774,-0.4014761689592728,27.141708607214632,46,0.26056255547106916,9.469179903805488,0.05743243195588484,0.15951151104063632,0,64,68,2735,0,131,131,63,2735,195,0.33126142595978064,ccpfm,4.97026014369922,0.5291269188704495,1.819309689078096,1.0,0.33126142595978064,3.3928415632544784e-13,9.250049615161515e-10,7.900509135794209e-10,7.232303644855165e-10,8.489269287537127e-10,6.960823029089624e-10,8.210232493865988e-10,0.04670124167759797,0.053859823322392565,0.05697837844739148,0.06016330769268038,0.0010198800009675324,ok,0.7281009190046461,8,False,
,,,,,0.4603928479918977,,,,,2.0,0.0,0.0,,,,,,,0.0,,,,ellipse,2008,0.14106042505357572,0.0,0.08,0.055171483485073405,0.06325891695770686,0.05975293935705054,0.04642973307518507,1.0,0.24184675057776384,0.24184675057776384,0.24184675057776384,0.18513889152707458,0.43775289145347807,373,False,158.08464834645528,0.015927987792599806,interior_core,-0.04726401812349288,-0.3107204222354405,314.32272146544466,23,0.25005886519538706,154.163081280539,0.03886852175790247,0.008400086568180346,,95,198,0,,292,292,94,,387,0.0,wls,,,,,,1.2789769243681803e-13,7.016609515630989e-14,4.263256414560601e-14,7.638334409421077e-14,4.618527782440651e-14,3.552713678800501e-14,8.526512829121202e-14,0.05213854208884284,0.06382554181617237,0.06002372447724384,0.05109845648517479,0.002957972013973631,ok,0.46335082000587136,8,False,
,,,,,0.05863434899947606,,,,,2.0,0.0,0.0,,,,,,,0.0,,,,ellipse,2009,0.9694527029596102,0.0,0.2,3.306461476672543,1.2302869688707392,4.136240201880334,5.033166133013118,1.0,22.36674410505865,1.83002205457366,22.36674410505865,22.36674410505865,0.11000000000000004,38,False,41.32508689929373,0.06773781734383856,near_boundary_interior,0.9624128762162308,0.5117240034366201,53.028223845933724,23,0.3044350878392095,29.738519568604744,0.08279826313992898,0.05044456962266015,,38,11,0,,46,46,35,,84,0.0,wls,,,,,,1.199040866595169e-14,5.329070518200751e-15,3.885780586188048e-15,1.021405182655144e-14,4.65599780952175e-15,5.995204332975845e-15,7.549516567451064e-15,4.337601398745762,1.2300422289582609,5.861521569653671,6.684307790627397,0.0003034859983017668,ok,0.05893783499777783,9,True,linf_large
nan,nan,nan,0.0,nan,0.23841808699944522,6.645813203969821,0.7244327222844025,2.3780643228024303,0.39112050739957716,2.0,3.183906263637404e-12,1.4111523164692745e-11,1.55235760067435,0.11610175207090952,0.7609183743931965,0.03664921465968586,0.25071382918033325,0.04795168133138196,0.5653520764557367,6.645813203969821,0.5797131720569066,2.185155391479969,ellipse,2009,0.661729758267635,0.0,0.2,0.16359106545248234,0.20255736589093148,0.20464534257146194,0.20573794580207605,0.7902678782150608,0.40915812741823365,0.3431979913819997,0.40915812741823365,0.40915812741823365,0.3424427930854999,82,False,9.469062534157736,0.2636773646676007,near_boundary_interior,-0.23803517257064277,0.2766346028530836,27.20278785003512,50,0.3044350878392095,10.437786190961695,0.08279826313992898,0.17549696070294066,0,38,11,1137,0,46,46,35,1137,84,0.33157431838170626,ccpfm,6.645813203969821,0.5797131720569066,2.185155391479969,1.0,0.33157431838170626,6.561418075534675e-14,3.2844615915905706e-10,2.598459225566785e-10,1.9217333280252547e-10,1.592350713092161e-10,2.41466180384009e-10,2.1377959125157275e-10,0.13701715239685466,0.21047651080053895,0.1851550938772097,0.17644803578979926,0.00032930599991232157,ok,0.23874739299935754,9,False,
,,,,,0.0942378329928033,,,,,2.0,0.0,0.0,,,,,,,0.0,,,,ellipse,2009,0.826546941036438,0.0,0.16,0.7458873133280658,0.48525012709799487,0.8884499392057588,1.2485213274909073,1.0,4.60770158690675,1.3752271777174663,4.60770158690675,4.60770158690675,0.08800000000000004,48,False,61.79381077213029,0.0458603603680645,near_boundary_interior,0.9818377232591271,0.5220523778179099,86.79652511719156,23,0.28345199531445964,44.43846799496866,0.06574626142937477,0.030728711344468865,,48,32,0,,71,71,39,,119,0.0,wls,,,,,,3.108624468950438e-14,1.199040866595169e-14,9.880984919163893e-15,1.9095836023552692e-14,1.0880185641326534e-14,6.661338147750939e-15,1.9872992140790302e-14,0.9531195025311171,0.4912899551627396,1.2339332368687945,1.6043232562010392,0.0006381260027410462,ok,0.09487595899554435,9,False,
nan,nan,nan,0.0,nan,1.7237282860005507,6.68546926095194,0.7238307988372605,1.9910042172413693,0.37509819324430477,2.0,6.287950715666568e-11,5.196636752437672e-10,2.7919717249228864,0.40895781905349504,1.660359159977602,0.2962962962962963,0.3314139981499491,0.06025489647754341,0.5861203866544191,6.68546926095194,0.5592385713012639,1.7765435102424105,ellipse,2007,0.0850905585438796,0.0,0.08,0.05001285340376478,0.058688962839374026,0.05417622095333485,0.03366376960513327,0.7163324558276233,0.12238293610973061,0.12238293610973061,0.12238293610973061,0.11523983813033686,0.5211759152949836,378,False,9.938657795127185,0.2769787805447787,interior_core,0.07798883104466298,-0.16108538221208252,26.46840193042438,46,0.25492371262675495,9.423676344363306,0.038948568837105325,0.16124283299432632,0,95,201,5597,0,291,291,90,5597,386,0.33214221904591745,ccpfm,6.68546926095194,0.5592385713012639,1.7765435102424105,1.0,0.33214221904591745,6.643574579356937e-13,5.413559822642355e-09,4.118005936248892e-09,3.792337111008237e-09,5.135248559717809e-09,3.0043614263064455e-09,4.038465561961857e-09,0.04515174987758679,0.058295263377843166,0.05200220321677859,0.033971359730487434,0.0028257249941816553,ok,1.7265540109947324,7,False,
nan,nan,nan,0.0,nan,0.987274326995248,5.220010163910585,0.6623828984316,2.037672917464219,0.3655,2.0,1.841889141207531e-11,1.2057532350328228e-10,2.817802844834073,0.3522171389517426,1.659111122406588,0.2746201463140124,0.3036254399664891,0.054143631661621,0.5804774646813571,5.220010163910585,0.5135443109565863,1.8026764160525675,ellipse,2008,0.1786780789510876,0.0,0.1,0.07102273966348085,0.08545413722300925,0.07858222511942226,0.06010093152163425,0.7323542158325657,0.19678050261027885,0.19678050261027885,0.19678050261027885,0.14589690329931837,0.3575767934905467,173,False,9.242819493544346,0.29218048626843085,interior_core,-0.33469700287459564,0.19596863319631241,26.21603865353676,46,0.26151819990155656,9.556382726007227,0.04840034325337533,0.15917172753166794,0,76,112,3777,0,189,189,77,3777,265,0.3227429176595181,ccpfm,5.220010163910585,0.5135443109565863,1.8026764160525675,1.0,0.3227429176595181,3.126388037344441e-13,2.0368222664046698e-09,1.5005561238012888e-09,1.5805451392125747e-09,2.0585095988900903e-09,1.078710454294196e-09,1.6096889376981949e-09,0.06373058481948453,0.08619804794254364,0.07546402036907335,0.05630956683729762,0.0016465869994135574,ok,0.9889209139946615,8,False,
,,,,,0.18789945900789462,,,,,2.0,0.0,0.0,,,,,,,0.0,,,,ellipse,2009,0.5083188461704186,0.0,0.12,0.19436366177118442,0.19245216581375896,0.2204260149699105,0.2637669380897638,1.0,1.0034784776307515,0.49022058849557476,1.0034784776307515,1.0034784776307515,0.06600000000000002,65,False,109.71395188451329,0.025663834387134214,near_boundary_interior,0.8955570760759359,0.6537898351999256,138.81632495934477,23,0.24938158696913906,72.36604255582535,0.049337185746829805,0.019231270458036766,,64,67,0,,127,127,60,,191,0.0,wls,,,,,,4.796163466380676e-14,1.7985612998927536e-14,1.554312234475219e-14,3.197442310920451e-14,2.5091040356528538e-14,1.0658141036401503e-14,3.7969627442180354e-14,0.2000221154845284,0.1936845741603286,0.24529734032145542,0.29235454675505745,0.0006590470002265647,ok,0.18855850600812119,9,False,
nan,nan,nan,0.0,nan,0.35939670700463466,5.106300071316069,0.6694283500795299,2.113172988727961,0.3761980830670926,2.0,3.560124417489874e-12,1.5905134485224553e-11,2.548051670195217,0.20776061996025552,1.3501052843215025,0.20238095238095238,0.30554571475058034,0.04673563443461763,0.5626268011973445,5.106300071316069,0.553904992611745,1.944181408090233,ellipse,2009,0.41838694535302284,0.0,0.16,0.07610925259281068,0.09066840708539892,0.09065613482198648,0.09063908303241915,0.7459677190498026,0.19695518414207847,0.17310957655170792,0.19695518414207847,0.19695518414207847,0.08800000000000001,67,False,25.158334507050835,0.16672135010801534,near_boundary_interior,0.49331470870215377,-0.4138998579578028,26.57707947819061,47,0.28345199531445964,9.867967771912605,0.06574626142937477,0.16672135010801534,0,48,32,1672,0,71,71,39,1672,119,0.33253588516746413,ccpfm,5.106300071316069,0.553904992611745,1.944181408090233,1.0,0.33253588516746413,1.758593271006248e-13,4.666658171004201e-10,3.652624869232568e-10,3.0821123431223896e-10,2.1522517101857375e-10,2.0182722160200228e-10,2.0349455454038434e-10,0.06910210847839522,0.0914647758522581,0.08946138250530762,0.08778343092425522,0.0005363659875001758,ok,0.35993307299213484,9,False,
,,,,,0.29035923098854255,,,,,2.0,0.0,0.0,,,,,,,0.0,,,,ellipse,2009,0.27215864193623135,0.0,0.1,0.09236391148759038,0.1021844211409744,0.10189642690160829,0.1011380404375923,1.0,0.39027455440133463,0.2657635136545111,0.39027455440133463,0.39027455440133463,0.055000000000000014,96,False,151.07708152894244,0.01834758130638838,near_boundary_interior,-0.9233221902096491,-0.6456457100866541,199.30566311019098,23,0.2657911743432584,105.96913547746416,0.048202857954186065,0.013116112607524577,,76,119,0,,192,192,73,,268,0.0,wls,,,,,,7.016609515630989e-14,3.4638958368304884e-14,2.3092638912203256e-14,4.529709940470639e-14,2.1760371282653068e-14,1.5987211554602254e-14,3.863576125695545e-14,0.09344052168428371,0.1025162452017534,0.1103956693751959,0.12215547300572782,0.0013375690032262355,ok,0.2916967999917688,9,False,
nan,nan,nan,0.0,nan,0.7092891640058951,4.531167101830497,0.6638439419741737,1.980957423320295,0.34929078014184395,2.0,5.807174185967767e-12,3.881709665313403e-11,2.7838212700537333,0.3128925091123633,1.5998797267664167,0.25775193798449614,0.2973917420816951,0.04796546039823691,0.569684254189276,4.531167101830497,0.5212842289639785,1.8179381565239057,ellipse,2009,0.32997933585351535,0.0,0.12,0.06775751720812545,0.0783190718321547,0.07684316793755996,0.0740863221425527,0.716404532494346,0.17050413100794642,0.17050413100794642,0.17050413100794642,0.16752439551881382,0.32356208005359705,135,False,8.68493850046295,0.2726498804630883,interior_core,-0.4027393522118303,0.19025561571660965,26.038966850969672,46,0.24938158696913906,9.517604927600898,0.049337185746829805,0.1629572138890704,0,64,67,2724,0,127,127,60,2724,191,0.3146108663729809,ccpfm,4.531167101830497,0.5212842289639785,1.8179381565239057,1.0,0.3146108663729809,2.8421709430404007e-13,7.078839736607279e-10,4.5332049225521587e-10,5.200817554396053e-10,6.536636787402017e-10,4.660676289347521e-10,5.949569725771653e-10,0.059376458663728884,0.07637290370144519,0.07281638509140816,0.06862746364395558,0.0014127009926596656,ok,0.7107018649985548,9,False,
,,,,,0.36212363600498065,,,,,2.0,0.0,0.0,,,,,,,0.0,,,,ellipse,2009,0.11942756967438223,0.0,0.08,0.058034430617861635,0.06695299608337195,0.06278787933459112,0.045685462373674206,1.0,0.19811928298268078,0.19811928298268078,0.19811928298268078,0.15967993878805486,0.3498896938913978,228,False,123.81251116043089,0.017498920007658313,interior_core,0.447348689225804,0.4862140443139171,326.2731452454919,23,0.25690081524762093,154.79232752781263,0.03908095820522403,0.008088740697477427,,95,196,0,,289,289,93,,384,0.0,wls,,,,,,1.474376176702208e-13,5.3290705182007514e-14,5.995204332975845e-14,9.947598300641403e-14,6.217248937900877e-14,2.9753977059954195e-14,9.059419880941277e-14,0.05171078133267623,0.06410241444347041,0.05960707221915025,0.048795211135909206,0.0025134610041277483,ok,0.3646370970091084,9,False,
,,,,,0.041404292001971044,,,,,2.0,0.0,0.0,,,,,,,0.0,,,,star,3000,0.970492418572657,0.0,0.2,1.0908382319588645,1.1637919112595272,1.5164383239118273,1.532786765889553,1.0,8.26343939345165,1.1637919112595272,8.26343939345165,8.26343939345165,0.10999999999999999,66,False,40.698082188423285,0.07359219532430403,near_boundary_interior,0.30413942001062766,-0.8248744727342502,50.985371888684604,23,0.11000000000000003,38.070441856549635,0.05720000000000002,0.046769513963896586,,48,1,0,,36,36,35,,84,0.0,wls,,,,,,1.7541523789077473e-14,5.773159728050814e-15,4.884981308350689e-15,7.854827899222983e-15,3.774758283725532e-15,2.220446049250313e-15,6.716849298982197e-15,1.2878509116425365,1.1637919112595272,1.9672247621399361,1.985408384901072,0.00032378800096921623,ok,0.04172808000294026,0,False,
nan,nan,nan,0.0,nan,1.6403393689979566,6.222367625350794,0.7208975326822455,1.974646399796111,0.3825265643447462,2.0,6.230813087704234e-11,4.739825159128504e-10,2.9147098050543163,0.392150524436468,1.6848648934834733,0.2959481361426256,0.2955968012849783,0.057783895090155406,0.5858299213405502,6.222367625350794,0.5446230993775791,1.7943746397445546,ellipse,2008,0.10740252516949278,0.0,0.08,0.056430257522460524,0.06595772128011941,0.06111624235289207,0.04143794498539885,0.730262248936917,0.13183257344407218,0.13183257344407218,0.13183257344407218,0.10578618004242857,0.21919422203769226,168,False,8.340695684775117,0.3171564462879752,interior_core,0.31772637362504935,-0.3722532863039245,26.9567645125426,46,0.25005886519538706,9.368208296370872,0.03886852175790247,0.15565052973949914,0,95,198,5626,0,292,292,94,5626,387,0.33505154639175255,ccpfm,6.222367625350794,0.5446230993775791,1.7943746397445546,1.0,0.33505154639175255,7.371880883511039e-13,5.450729645417596e-09,4.874120662634596e-09,3.867416609182328e-09,4.453376334367931e-09,2.602892124059508e-09,3.91186816273148e-09,0.051137520935808395,0.0661183170846358,0.05887131369860626,0.03946985292524903,0.0026832660078071058,ok,1.6430226350057637,8,False,
,,,,,0.07281670399243012,,,,,2.0,0.0,0.0,,,,,,,0.0,,,,star,3000,0.939279415095076,0.0,0.16,0.531343559500393,0.35553444217833996,0.6841865380428773,0.75315301815394,1.0,5.037501004618829,0.583307911312236,5.037501004618829,5.037501004618829,0.08800000000000005,66,False,57.91886709775175,0.05213873111618271,near_boundary_interior,0.32811991510654137,0.8286748229899237,91.55953934963998,23,0.08800000000000005,54.792414589816076,0.04576000000000004,0.02667433877143664,,60,8,0,,56,56,48,,116,0.0,wls,,,,,,3.730349362740526e-14,1.3322676295501878e-14,9.325873406851315e-15,1.9290125052862095e-14,1.2365108936762681e-14,9.325873406851315e-15,2.842170943040401e-14,0.6680528110601904,0.3546930024624858,0.961492225382625,1.028385787719665,0.00035631599894259125,ok,0.07317301999137271,0,False,
nan,nan,nan,0.0,nan,0.2487144309998257,4.158221820918823,0.4787273460440744,2.173490294470253,0.31511254019292606,2.0,3.4070524179696804e-12,1.1161652386125287e-11,1.8008574282804084,0.11595596969791637,0.8073313746144755,0.07462686567164178,0.2073598195735114,0.03443565727943923,0.5210454811670131,4.158221820918823,0.40512637414426833,2.1083055122676146,star,3000,0.9123882720603814,0.0,0.2,0.09600366740289999,0.17648878897391718,0.13346033923326237,0.13079856775824683,0.8501178010793373,0.2898992362582259,0.17648878897391718,0.2898992362582259,0.2898992362582259,0.2755262038848085,82,False,10.63865604468196,0.2921825003810206,near_boundary_interior,-0.4217246589064314,-0.32453592159419853,28.708601740807147,50,0.11000000000000003,15.269227176806115,0.05720000000000002,0.16950727234290236,0,48,1,1000,0,36,36,35,1000,84,0.299,ccpfm,4.158221820918823,0.40512637414426833,2.1083055122676146,1.0,0.299,5.551115123125783e-14,2.284554767584268e-10,1.9837065323713432e-10,1.9945822771205712e-10,6.686251552423528e-11,8.706768639399343e-11,7.745934449410186e-11,0.08633665153413503,0.17648878897391718,0.131881413634733,0.13038286136377186,0.00041979299567174166,ok,0.24913422399549745,0,False,
,,,,,0.17382894399634097,,,,,2.0,0.0,0.0,,,,,,,0.0,,,,star,3000,0.79983334428128,0.0,0.12,0.1530521781075196,0.13633820039753955,0.18306073537638878,0.204785542768833,1.0,0.9536376866356638,0.3133806023986272,0.9536376866356638,0.9536376866356638,0.066,81,False,117.23191508496663,0.024528924949694005,near_boundary_interior,0.8791552635756316,0.09795156282756037,152.70854930577428,23,0.17808240523373722,86.09642605325713,0.043890827050049055,0.017718141181011303,,80,27,0,,103,103,76,,183,0.0,wls,,,,,,4.707345624410664e-14,1.4876988529977098e-14,1.1324274851176597e-14,4.3520742565306136e-14,1.6708856520608606e-14,1.5987211554602254e-14,3.197442310920451e-14,0.18402517983664612,0.13695905704046105,0.24529245130939922,0.27364219044361826,0.0008993410010589287,ok,0.1747282849973999,0,False,
nan,nan,nan,0.0,nan,0.32471780499326997,5.216728767637764,0.49223211080050117,2.130457990441837,0.29107648725212465,2.0,4.578032397617449e-12,2.0385283243020065e-11,2.7122068711901166,0.2504651656607943,1.2928260108078402,0.2,0.2706921282241659,0.037465771896625866,0.5284667789162094,5.216728767637764,0.4561839958131448,2.0489047428526694,star,3000,0.8497619824977068,0.0,0.16,0.0704513354148011,0.0741510724871158,0.09071692771297186,0.0949835234776851,0.8246866617796946,0.23338591157735622,0.13944056135680183,0.23338591157735622,0.23338591157735622,0.08799999999999998,76,False,13.919091478211735,0.31662416885505246,near_boundary_interior,-0.5447280326474833,-0.1485706795091492,29.4548367766093,57,0.08800000000000005,12.827425950332973,0.04576000000000004,0.17433632235164614,0,60,8,1587,0,56,56,48,1587,116,0.2810333963453056,ccpfm,5.216728767637764,0.4561839958131448,2.0489047428526694,1.0,0.2810333963453056,1.7186252421197423e-13,4.878295545296396e-10,4.898534911035313e-10,2.985908464925302e-10,2.4940133985795754e-10,4.0254166666642277e-10,2.3609425525705774e-10,0.06852482022425699,0.07279877495588419,0.09862406205102987,0.10229636493463512,0.0005965220043435693,ok,0.32531432699761353,0,False,
nan,nan,nan,0.0,nan,1.0951500369992573,5.583843934585721,0.6739953110268183,1.9828691562494516,0.3624432104997476,2.0,1.9315965493760245e-11,1.331217915976523e-10,3.077549562700432,0.350793807855907,1.6599287856854437,0.28028245518739814,0.3050239941208207,0.054555262998401105,0.5798027356233117,5.583843934585721,0.5334871379957394,1.8044719468486512,ellipse,2009,0.13738389050640096,0.0,0.1,0.07034892231030176,0.08472864062598019,0.07760935742486054,0.05473013356811688,0.7232055634922263,0.18741371202359247,0.18741371202359247,0.18741371202359247,0.14828713026595475,0.5019111875992169,235,False,9.563753612716717,0.29646881781642975,interior_core,0.007474484551084043,-0.21795688033197638,26.51895513953716,46,0.2657911743432584,9.454076977214573,0.048202857954186065,0.16671222389322898,0,76,119,3822,0,192,192,73,3822,268,0.3228676085818943,ccpfm,5.583843934585721,0.5334871379957394,1.8044719468486512,1.0,0.3228676085818943,5.080380560684716e-13,2.173809576788699e-09,2.0469119732524632e-09,1.6924914802984858e-09,1.6520713685963528e-09,1.4027430328411583e-09,1.735559251869745e-09,0.06274133110623273,0.08478512128474205,0.07412599073843087,0.052282386882843465,0.0018384110007900745,ok,1.0969884480000474,9,False,
,,,,,0.27771216101245955,,,,,2.0,0.0,0.0,,,,,,,0.0,,,,star,3000,0.9657022103053018,0.0,0.1,0.38747535902982067,0.11910167216065795,0.44978557397170443,0.618415191407228,1.0,4.272759906023918,0.30301815557191564,4.272759906023918,4.272759906023918,0.05500000000000005,96,False,156.57555944804807,0.018489795964278095,near_boundary_interior,0.9025779187977131,0.09090308216614809,214.67661405039905,23,0.1614515267699077,115.08679112095183,0.037260844920742185,0.012518444531257254,,95,55,0,,146,146,91,,241,0.0,wls,,,,,,6.88338275267597e-14,3.2862601528904634e-14,2.3203661214665772e-14,4.907185768843192e-14,1.9539925233402755e-14,1.354472090042691e-14,5.417888360170764e-14,0.5361964519233027,0.12003360347826018,0.6888997533703697,0.8675888998389981,0.001404532988090068,ok,0.2791166940005496,0,False,
nan,nan,nan,0.0,nan,0.5906900279951515,4.905749527370856,0.5280135718533641,1.896171811116078,0.30903790087463556,2.0,1.1546201494905262e-11,4.221019477355477e-11,2.3531476396331836,0.2910059783658153,1.4635571256106144,0.22841726618705036,0.2762628010503042,0.04121738238828529,0.5330274584072198,4.905749527370856,0.4733271830334346,1.7906097779627836,star,3000,0.7783947349429282,0.0,0.12,0.05456180688134187,0.051140027520849285,0.06525960371597109,0.07201927004301444,0.7581718601557486,0.1907160078184833,0.12051569312119115,0.1907160078184833,0.1907160078184833,0.066,99,False,15.822159177147464,0.27219111061602275,near_boundary_interior,-0.6052276252050963,0.18229539949497314,33.32840739307484,53,0.17808240523373722,9.88226847921593,0.043890827050049055,0.15512266653008255,0,80,27,2614,0,103,103,76,2614,183,0.29188982402448355,ccpfm,4.905749527370856,0.4733271830334346,1.7906097779627836,1.0,0.29188982402448355,3.1441516057384433e-13,1.364409252246901e-09,1.3933501019636196e-09,8.771481319058694e-10,8.604477130802479e-10,1.076726485749191e-09,7.563740744842562e-10,0.053306415693441626,0.05043040815118864,0.07105365356832696,0.07706293820527035,0.0008688750094734132,ok,0.5915589030046249,0,False,
,,,,,0.30035749200033024,,,,,2.0,0.0,0.0,,,,,,,0.0,,,,star,3000,0.8966702878354597,0.0,0.08,0.10046518784638847,0.0466378138684489,0.11262444536508553,0.16917017226483186,1.0,1.2630102591059031,0.10901204344088661,1.2630102591059031,1.2630102591059031,0.04400000000000007,131,False,267.5734111161141,0.011137996074686725,near_boundary_interior,0.32534790656364776,0.8942381701283242,333.0444525235451,23,0.1555756464338486,170.2753096278209,0.029826002731608233,0.007835558630945578,,119,109,0,,226,226,117,,345,0.0,wls,,,,,,1.1901590823981678e-13,5.3734794391857577e-14,5.3734794391857577e-14,5.684341886080802e-14,3.552713678800501e-14,4.3076653355456074e-14,1.2168044349891716e-13,0.14126564496289457,0.04684526774072378,0.1745387593455785,0.23832778765616638,0.001572244000271894,ok,0.30192973600060213,0,False,
,,,,,0.034620744991116226,,,,,2.0,0.0,0.0,,,,,,,0.0,,,,star,3001,0.9992696577146373,0.0,0.2,1.0550363941566854,0.1861745533632621,1.47989445264361,1.5147168611938373,1.0,7.824080016722547,0.1861745533632621,7.824080016722547,7.824080016722547,0.10999999999999999,66,False,40.288146209620564,0.07436751308163346,near_boundary_interior,0.30413942001062766,-0.8248744727342502,47.26583730022333,23,0.11000000000000003,37.35486371736522,0.05720000000000002,0.05057652893334257,,48,1,0,,35,35,34,,83,0.0,wls,,,,,,1.354472090042691e-14,7.771561172376096e-15,6.217248937900877e-15,1.1352030426792226e-14,6.8035854727810374e-15,5.329070518200751e-15,9.929557176491244e-15,1.239854431325711,0.1861745533632621,1.909306814399061,1.9369182385683328,0.0002642510080477223,ok,0.03488499599916395,1,False,
nan,nan,nan,0.0,nan,0.7598771659977501,6.356797642348,0.5829495606545039,2.0082792895743418,0.31316725978647686,2.0,1.2156997630796695e-11,5.159621457429045e-11,2.547062772892731,0.32354529908615687,1.536021170860261,0.25925925925925924,0.2500870871694789,0.042001116135335984,0.5506884520858855,6.356797642348,0.5187455175065239,1.8425614897781468,star,3000,0.644405141403251,0.0,0.1,0.05491254348474808,0.05434880504189724,0.0637430724662745,0.07159216665330867,0.7616588472837982,0.20042901390120854,0.13863032238035178,0.20042901390120854,0.20042901390120854,0.05500000000000003,118,False,15.965034342433183,0.27438183758780166,near_boundary_interior,-0.6196603863066787,0.18169060603766468,34.56791711673272,58,0.1614515267699077,10.055491314930725,0.037260844920742185,0.15476447422635478,0,95,55,3890,0,146,146,91,3890,241,0.2982005141388175,ccpfm,6.356797642348,0.5187455175065239,1.8425614897781468,1.0,0.2982005141388175,4.2810199829546036e-13,2.4826434241731477e-09,2.501194806825424e-09,1.7844783428699884e-09,1.0077769729832653e-09,9.03685681841182e-10,5.243427914081167e-10,0.052856564404143234,0.05384871672219007,0.06790957689370877,0.07514287610377367,0.0021124320046510547,ok,0.7619895980024012,0,False,
nan,nan,nan,0.0,nan,0.17762302899791393,4.7289358698230055,0.4696309438597706,2.1532866594502913,0.31567328918322296,2.0,3.3683611455614937e-12,1.054801132620746e-11,2.2023193250364583,0.12208881257880932,0.8918126877814958,0.08108108108108109,0.22787359299256843,0.03469614835961454,0.5196486077033142,4.7289358698230055,0.4036775698073508,2.1091733882993835,star,3001,0.9999636194555767,0.0,0.2,0.08028562550721276,0.003162001332754835,0.1126162589965604,0.1153061744532538,0.8348571191308913,0.23702034257294352,0.003162001332754835,0.23702034257294352,0.23702034257294352,0.11000000000000006,60,False,15.472562453620329,0.3195824418676282,near_boundary_interior,-0.5470711752408862,-0.18358034994141717,28.93106667403725,50,0.11000000000000003,14.800506190037057,0.05720000000000002,0.1670270574847252,0,48,1,980,0,35,35,34,980,83,0.2979591836734694,ccpfm,4.7289358698230055,0.4036775698073508,2.1091733882993835,1.0,0.2979591836734694,8.79296635503124e-14,1.9703527698311518e-10,1.7015322484326134e-10,1.8206858243274837e-10,6.961162896113038e-11,6.533218410709196e-11,7.622949493857334e-11,0.07683075420969676,0.003162001332754835,0.118315085111356,0.1200411791500943,0.00038472800224553794,ok,0.17800775700015947,1,False,
,,,,,0.060742570989532396,,,,,2.0,0.0,0.0,,,,,,,0.0,,,,star,3001,0.9096399961720948,0.0,0.16,0.5350738407401114,0.47413941172588975,0.6876054942167966,0.7286887523139781,1.0,4.718476131843216,0.8759334096072312,4.718476131843216,4.718476131843216,0.08800000000000005,66,False,57.31046095018852,0.05274891432390215,near_boundary_interior,0.32811991510654137,0.8286748229899237,89.11669425510175,23,0.08800000000000005,55.36599723098336,0.04576000000000004,0.02700172264143952,,60,7,0,,57,57,50,,117,0.0,wls,,,,,,1.7763568394002505e-14,1.0658141036401503e-14,8.659739592076221e-15,2.1316282072803006e-14,7.105427357601002e-15,5.995204332975845e-15,1.6014967130217883e-14,0.6642435596685602,0.45413661631669966,0.9516622785500182,1.0017884188160555,0.0004102509992662817,ok,0.06115282198879868,1,False,
nan,nan,nan,0.0,nan,1.6028590710047865,6.235485955728062,0.7074475414972179,1.9824399866529114,0.37272727272727274,2.0,5.556795908828738e-11,3.8361002455702275e-10,2.8987373199935487,0.39922536294105115,1.6373091589195292,0.2953795379537954,0.28160836555345614,0.05822194567188146,0.5770909373729859,6.235485955728062,0.5367577842494995,1.7746237850095778,ellipse,2009,0.08947183498755963,0.0,0.08,0.06311942932589208,0.07404768780608921,0.06828937701273156,0.04300770175924982,0.7284324538416181,0.15435549663467582,0.15435549663467582,0.15435549663467582,0.11522811376533787,0.556016875908756,257,False,9.652420055061887,0.2954454517582154,interior_core,0.043235049325099154,-0.14015021186213067,27.117747992928404,46,0.25690081524762093,9.416746081578404,0.03908095820522403,0.1565990105365444,0,95,196,5560,0,289,289,93,5560,384,0.33057553956834534,ccpfm,6.235485955728062,0.5367577842494995,1.7746237850095778,1.0,0.33057553956834534,6.052935930256353e-13,4.869789016481718e-09,4.310630075110566e-09,3.7156837606744375e-09,4.6455743696327545e-09,2.801578080635636e-09,4.362474714803e-09,0.057676532739652446,0.07545002673516749,0.0664838001623891,0.04168973623142278,0.0030904489976819605,ok,1.6059495200024685,9,False,
,,,,,0.12790969300840516,,,,,2.0,0.0,0.0,,,,,,,0.0,,,,star,3001,0.9870765607502967,0.0,0.12,7.804133920637344,1.7196528388916974,9.343741711694603,11.804289601207664,1.0,103.58609487831382,4.32100927414959,103.58609487831382,103.58609487831382,0.06600000000000006,80,False,86.15162436313457,0.03619410792552305,near_boundary_interior,0.9339999999999999,-8.095834594526952e-16,145.87507849262516,23,0.1778730190655341,88.44096361900924,0.04389082705004873,0.017954636036386896,,80,27,0,,100,100,73,,180,0.0,wls,,,,,,5.728750807065808e-14,1.7763568394002505e-14,1.176836406102666e-14,3.1530333899354446e-14,1.6542323066914832e-14,1.4432899320127035e-14,2.942091015256665e-14,10.631723877585888,1.7484056835032282,14.263954384973818,16.660799107584687,0.0006829069898230955,ok,0.12859259999822825,1,True,linf_large
nan,nan,nan,0.0,nan,0.32147343701217324,4.438394414199869,0.51570272447259,2.1031228538255826,0.2951977401129944,2.0,4.762138600122867e-12,2.0436323981219614e-11,2.5184147225083473,0.2897177815106039,1.3768903873241882,0.19021739130434784,0.24728977599736973,0.03833837186237676,0.5306479365077446,4.438394414199869,0.4836455673269944,2.0282106619201623,star,3001,0.6933951299683726,0.0,0.16,0.08879952178675088,0.14494537704866076,0.11411329505463673,0.1055831448240511,0.8202673877138229,0.23693558418926758,0.2078212017682697,0.23693558418926758,0.23693558418926758,0.08799999999999998,76,False,13.843320435111298,0.31770433015940003,near_boundary_interior,-0.5447280326474833,-0.1485706795091492,28.738954330857826,55,0.08800000000000005,12.000689669157492,0.04576000000000004,0.178589250344166,0,60,7,1600,0,57,57,50,1600,117,0.283125,ccpfm,4.438394414199869,0.4836455673269944,2.0282106619201623,1.0,0.283125,2.5224267119483557e-13,6.292186771617025e-10,6.319270662302756e-10,3.865636699629249e-10,2.726067913072505e-10,4.3056147536191247e-10,2.475601945661765e-10,0.07940329132149947,0.14375840219428712,0.11376115890546845,0.10890417120516441,0.0005091229977551848,ok,0.3219825600099284,1,False,
,,,,,0.17134955199435353,,,,,2.0,0.0,0.0,,,,,,,0.0,,,,star,3001,0.9136056330702644,0.0,0.1,0.17565585775553538,0.08696929816456991,0.20342399649396609,0.26775663844283915,1.0,1.59445220740493,0.1639304979747237,1.59445220740493,1.59445220740493,0.054999999999999986,114,False,181.86626820962198,0.016034216500159817,near_boundary_interior,-0.7277305686804637,0.5869891044016182,214.4847692343221,23,0.16520614123253136,115.98035842594031,0.037260844920742206,0.011620109915064215,,95,55,0,,147,147,92,,242,0.0,wls,,,,,,8.659739592076221e-14,3.3084646133829665e-14,1.865174681370263e-14,4.973799150320701e-14,2.4244495300251856e-14,2.1094237467877974e-14,6.483702463810914e-14,0.23792834871855295,0.08771582085644063,0.3052777879398943,0.37988015845424256,0.0009724010014906526,ok,0.17232195299584419,1,False,
,,,,,0.25139882900111843,,,,,2.0,0.0,0.0,,,,,,,0.0,,,,star,3001,0.9949043582269509,0.0,0.08,0.9166952267603735,0.09451739223062817,1.0301005109805013,1.6353438168025098,1.0,16.552972565731903,0.49961741738571885,16.552972565731903,16.552972565731903,0.04400000000000007,144,False,260.2403895058247,0.011427967446391055,near_boundary_interior,-0.7565095719141108,0.5803991501298414,328.05396548781806,23,0.15242049129334798,173.139133321246,0.029826002731608615,0.0075508774582295855,,119,110,0,,227,227,117,,346,0.0,wls,,,,,,1.006972283335017e-13,3.9968028886505635e-14,3.197442310920451e-14,7.904787935331115e-14,4.8405723873656825e-14,2.4646951146678475e-14,6.483702463810914e-14,1.3295383990616503,0.0952074621716945,1.6414437540558546,2.2845028709636743,0.001493964999099262,ok,0.2528927940002177,1,True,linf_large
nan,nan,nan,0.0,nan,0.5600543530017603,5.372214561633483,0.5298221942684341,1.8816920743247274,0.31576655052264807,2.0,9.304822537470336e-12,3.8579415226893124e-11,2.552364091936621,0.27276514550181263,1.4702632142542011,0.22021660649819494,0.29563375470681313,0.037234939626391184,0.5230036265480705,5.372214561633483,0.47884272428992236,1.798080748318361,star,3001,0.7074265139918692,0.0,0.12,0.06719669639091048,0.07045185299344095,0.08045333170097009,0.08604552950244818,0.7616471946282221,0.2184959377191259,0.19816459349331333,0.2184959377191259,0.2184959377191259,0.17994163866996798,160,False,10.64481035653334,0.2833001692114527,near_boundary_interior,-0.49112965464281944,-0.2205965018873756,30.99559308360421,57,0.1778730190655341,10.2437202315237,0.04389082705004873,0.17216925397773897,0,80,27,2850,0,100,100,73,2850,180,0.29719298245614034,ccpfm,5.372214561633483,0.47884272428992236,1.798080748318361,1.0,0.29719298245614034,4.583000645652646e-13,1.7139087926665297e-09,1.7224762727252596e-09,1.1714706982246526e-09,8.705378640172512e-10,1.3553762556739457e-09,9.583556170866814e-10,0.06463358622079964,0.07359359133877826,0.08671505545158104,0.09109062427667294,0.0009762029949342832,ok,0.5610305559966946,1,False,
,,,,,0.03404087899252772,,,,,2.0,0.0,0.0,,,,,,,0.0,,,,star,3002,0.9596400977860412,0.0,0.2,0.9416170810772557,0.8086754290532847,1.3552895093574953,1.4099801174018753,1.0,6.5915094945708,0.8507373469657663,6.5915094945708,6.5915094945708,0.10999999999999999,66,False,37.70353687835106,0.07924147929818787,near_boundary_interior,0.30413942001062766,-0.8248744727342502,46.64434207777533,23,0.11000000000000003,37.73048910289651,0.05720000000000002,0.05002943940234281,,48,2,0,,34,34,32,,82,0.0,wls,,,,,,1.354472090042691e-14,1.0658141036401503e-14,4.884981308350689e-15,9.96425164601078e-15,5.732393726365359e-15,4.884981308350689e-15,7.904267518288322e-15,1.1074234674027137,0.8000265743056156,1.7198128520333462,1.7614236724651358,0.00023026400594972074,ok,0.034271142998477444,2,False,
nan,nan,nan,0.0,nan,0.17958915000781417,4.8099959708308635,0.4543322428365487,2.1774476109771115,0.30344827586206896,2.0,3.1567873315374584e-12,1.1727651812829324e-11,0.5890628365114275,0.06021552954915689,0.3040625622441727,0.0,0.20562951206298685,0.03277022813594274,0.5141275086735213,4.8099959708308635,0.3994646468995189,2.12909363657495,star,3002,0.9252773040060671,0.0,0.2,0.08541640009649219,0.09981421539792544,0.12294164295046436,0.12559191603312458,0.8564616887886989,0.2964810840266324,0.1520021566979031,0.2964810840266324,0.2964810840266324,0.11000000000000006,60,False,15.959129603204433,0.31617420543142893,near_boundary_interior,-0.5470711752408862,-0.18358034994141717,28.695670271413363,47,0.11000000000000003,15.23578593797529,0.05720000000000002,0.1677728225470477,0,48,2,920,0,34,34,32,920,82,0.28695652173913044,ccpfm,4.8099959708308635,0.3994646468995189,2.12909363657495,1.0,0.28695652173913044,6.905587213168474e-14,2.1601298527684776e-10,1.6258372426136702e-10,1.6091350474312094e-10,1.1841466696083103e-10,1.0183387466611293e-10,1.2658518677710617e-10,0.08126871940996436,0.10879261662139987,0.12620916227949358,0.12721855247580477,0.00026378499751444906,ok,0.17985293500532862,2,False,
,,,,,0.06458397599635646,,,,,2.0,0.0,0.0,,,,,,,0.0,,,,star,3002,0.9477196595676805,0.0,0.16,0.5284983163634714,0.34403503683578235,0.683940194132137,0.747510077187498,1.0,4.865709095768224,0.5341316365166526,4.865709095768224,4.865709095768224,0.08800000000000005,66,False,57.428694988288875,0.052721313858675664,near_boundary_interior,0.32811991510654137,0.8286748229899237,84.39161324742359,23,0.08800000000000005,53.99441442985065,0.04576000000000004,0.029589678500105677,,60,8,0,,57,57,49,,117,0.0,wls,,,,,,3.374384105470085e-14,8.43769498715119e-15,7.549516567451064e-15,1.454392162258955e-14,1.2378986724570495e-14,6.106226635438361e-15,1.5432100042289676e-14,0.6587318299800619,0.33953391138979827,0.9437656190224116,1.0086085158307574,0.0003967680095229298,ok,0.06498074400587939,2,False,
nan,nan,nan,0.0,nan,1.2762227269995492,5.429740275284445,0.6244840924140471,2.00041274751898,0.3579669473027752,2.0,3.6848246676157714e-11,1.8230094457853367e-10,2.783153837841767,0.3635500768532373,1.5303406185123993,0.27241379310344827,0.2944722372431403,0.049019386589713304,0.5672224191475521,5.429740275284445,0.5230527458408581,1.8068681919443852,star,3000,0.4713652682010376,0.0,0.08,0.02030084156727585,0.021315811102057634,0.02275784349753851,0.024784755145594632,0.7319797546257287,0.07417786265326731,0.06757643211122488,0.07417786265326731,0.07417786265326731,0.04400000000000004,152,False,16.721456979873782,0.26484055792246375,near_boundary_interior,-0.603226368170765,-0.1479045430654605,29.660918337390658,49,0.1555756464338486,9.516493085915823,0.029826002731608233,0.16681187437489522,0,119,109,4947,0,226,226,117,4947,345,0.3278754800889428,ccpfm,5.429740275284445,0.5230527458408581,1.8068681919443852,1.0,0.3278754800889428,6.536993168992922e-13,6.662375540145149e-09,6.364163196437289e-09,6.067035762669093e-09,4.044127699387445e-09,5.71122416026526e-09,5.252491108720392e-09,0.019430363138138843,0.021508131926858753,0.024006908945593965,0.026120625422875913,0.0029492909961845726,ok,1.2791720179957338,0,False,
,,,,,0.10484796699893195,,,,,2.0,0.0,0.0,,,,,,,0.0,,,,star,3002,0.7841410395147057,0.0,0.12,0.1749722965218559,0.15099412611239027,0.211793259479855,0.24726296914463505,1.0,1.1756836473411663,0.3105312201236392,1.1756836473411663,1.1756836473411663,0.06599999999999998,113,False,111.34731606249306,0.02569968350103631,near_boundary_interior,0.3648313892474991,-0.8058576447194922,147.89834366379358,23,0.17083626096867432,87.79985983819795,0.04389082705004867,0.018086983270333357,,80,30,0,,99,99,69,,179,0.0,wls,,,,,,4.707345624410664e-14,2.042810365310288e-14,1.1546319456101628e-14,4.8627768478581856e-14,1.6653345369377348e-14,1.5987211554602254e-14,6.394884621840902e-14,0.20505955572974316,0.15023968821262873,0.2757331170120015,0.31507274321032364,0.000862465996760875,ok,0.10571043299569283,2,False,
nan,nan,nan,0.0,nan,0.8038136629911605,6.491439770471584,0.5909835973748035,2.008345879568782,0.3218390804597701,2.0,1.1650361231296813e-11,5.476458938971729e-11,2.5382481969926824,0.29946300561308914,1.5292472225778342,0.2484472049689441,0.3056387389622455,0.04522238558593011,0.5519570735955956,6.491439770471584,0.5078263002121128,1.839109966687174,star,3001,0.5547609297139509,0.0,0.1,0.042697395789619154,0.04799087139607104,0.04944711211109758,0.05071688205798739,0.7636331069030337,0.18124991366283727,0.10729667154163536,0.18124991366283727,0.18124991366283727,0.05500000000000003,121,False,16.304162755081506,0.259561741222162,near_boundary_interior,-0.6196603863066784,-0.1816906060376642,33.97506645140418,54,0.16520614123253136,9.605833041159052,0.037260844920742206,0.14500005133866506,0,95,55,3489,0,147,147,92,3489,242,0.3015190599025509,ccpfm,6.491439770471584,0.5078263002121128,1.839109966687174,1.0,0.3015190599025509,4.1033842990145786e-13,1.1880749717363415e-09,9.941349965458812e-10,9.79444969573251e-10,4.62850591187447e-10,1.232665192141269e-09,8.306084708920025e-10,0.0418101338079505,0.04838670487795069,0.0536451634750779,0.05655577253581935,0.0017765880038496107,ok,0.8055902509950101,1,False,
,,,,,0.15982316399458796,,,,,2.0,0.0,0.0,,,,,,,0.0,,,,star,3002,0.9368596734203808,0.0,0.1,0.21167974868875622,0.08885732763925035,0.24589709559008144,0.33118438708667536,1.0,1.930764624302129,0.22191894620781044,1.930764624302129,1.930764624302129,0.054999999999999986,114,False,153.39851313104163,0.019501115330724125,near_boundary_interior,-0.7277305686804637,0.5869891044016182,213.9404618091414,23,0.16546602685395662,115.09497482875285,0.037260844920742164,0.011642609519380237,,95,54,0,,144,144,90,,239,0.0,wls,,,,,,7.460698725481052e-14,3.108624468950438e-14,2.4424906541753444e-14,4.707345624410664e-14,2.398081733190338e-14,1.7985612998927536e-14,5.5067062021407764e-14,0.2871159934106771,0.08883692856935883,0.3698921284913102,0.46279271691022605,0.0009896370029309765,ok,0.16081280099751893,2,False,
nan,nan,nan,0.0,nan,0.3589507099968614,4.670508606119178,0.5169720331265338,2.0607630018006873,0.29964912280701755,2.0,4.15382311880208e-12,1.9957546489424063e-11,2.9184317568611906,0.25359997151168856,1.4423571053542146,0.2074468085106383,0.29707383997825154,0.03781538991939014,0.5340049396828379,4.670508606119178,0.4869216604209588,1.9999241890497002,star,3002,0.7831148372538033,0.0,0.16,0.07566948659188018,0.10032878915395414,0.09792538925315439,0.0972897331752854,0.8090071740714031,0.2505198550236664,0.16144756967163615,0.2505198550236664,0.2505198550236664,0.08799999999999998,76,False,14.010918011729744,0.31579456623620616,near_boundary_interior,-0.5447280326474833,-0.1485706795091492,28.525569257049806,56,0.08800000000000005,11.930377176885028,0.04576000000000004,0.17936445805110807,0,60,8,1613,0,57,57,49,1613,117,0.2889026658400496,ccpfm,4.670508606119178,0.4869216604209588,1.9999241890497002,1.0,0.2889026658400496,1.5376588891058418e-13,4.5226467015879734e-10,4.323049695997838e-10,2.694564571470437e-10,2.8829360253224134e-10,4.759792560093956e-10,2.934104625929024e-10,0.07225959915486549,0.100439670073311,0.10352638543178805,0.1040216414685798,0.0004297800041968003,ok,0.3593804900010582,2,False,
,,,,,0.23476630199002102,,,,,2.0,0.0,0.0,,,,,,,0.0,,,,star,3002,0.7456349087626247,0.0,0.08,0.06686347237350586,0.047866883814842484,0.07527244820056486,0.1067135392027857,1.0,0.8251628994781621,0.13977457450816605,0.8251628994781621,0.8251628994781621,0.044000000000000004,170,False,255.27551535822792,0.011467533781350701,near_boundary_interior,0.32534790656365015,-0.8942381701283225,316.1691489135904,23,0.1583785645949327,167.21422413279282,0.02982277133526383,0.007920924063780171,,119,109,0,,220,220,111,,339,0.0,wls,,,,,,1.2789769243681803e-13,7.993605777301127e-14,4.440892098500626e-14,9.592326932761353e-14,6.750155989720952e-14,6.616929226765933e-14,1.2256862191861728e-13,0.08645357214377,0.049100592681501215,0.10731772339955015,0.14303581080814037,0.001504945001215674,ok,0.2362712469912367,2,False,
nan,nan,nan,0.0,nan,0.5796173660055501,5.393573124884711,0.5262965182309041,1.8854811728899545,0.31535087719298244,2.0,9.623499913624656e-12,3.8223716310118184e-11,2.4871358048067806,0.28760155445249386,1.4929300495185989,0.23440453686200377,0.28453908919613885,0.037143758010516115,0.5271504351259754,5.393573124884711,0.473059909883821,1.806287498428415,star,3002,0.7410744769417961,0.0,0.12,0.06701585765117787,0.06333893129981785,0.08111859540580485,0.09206640897671153,0.7598572950614427,0.21202209964931562,0.16235455533054305,0.21202209964931562,0.21202209964931562,0.2337511997051229,138,False,8.662890055103523,0.3193230773468452,near_boundary_interior,-0.42400320874128733,-0.2323220657115447,32.39479574586822,58,0.17083626096867432,10.597263037356266,0.04389082705004867,0.16316635291935272,0,80,30,2809,0,99,99,69,2809,179,0.30010679957280173,ccpfm,5.393573124884711,0.473059909883821,1.806287498428415,1.0,0.30010679957280173,4.1389114358025836e-13,1.5721117740952195e-09,1.568331020607161e-09,1.0417910978333111e-09,8.073606783121079e-10,1.5761421057192138e-09,1.1338063821142441e-09,0.0639969835642504,0.06362278123596929,0.08605347697521168,0.09415367797712612,0.0011197720014024526,ok,0.5807371380069526,2,False,
,,,,,0.050665258007938974,,,,,2.0,0.0,0.0,,,,,,,0.0,,,,star,3003,0.9108289629640592,0.0,0.2,0.8731697586721547,0.9691381788870507,1.1992373405158716,1.2316935527806663,1.0,5.092052758166389,1.3828914085665562,5.092052758166389,5.092052758166389,0.11000000000000003,52,False,39.50167688813096,0.07341976622786275,near_boundary_interior,0.3374840457948018,0.7479494562408507,50.30045075316569,23,0.11000000000000003,37.73032755088185,0.05720000000000003,0.0473566343110758,,48,3,0,,37,37,34,,85,0.0,wls,,,,,,1.509903313490213e-14,5.329070518200751e-15,5.329070518200751e-15,8.881784197001252e-15,1.2434497875801753e-14,3.9968028886505635e-15,7.105427357601002e-15,1.0259960861266488,0.9878702399189919,1.555085618078433,1.5954818054408897,0.0003624579985626042,ok,0.05102771600650158,3,False,
nan,nan,nan,0.0,nan,1.2475691550062038,5.196059307317704,0.6290183180223514,2.05804237043273,0.3542050337630448,2.0,3.4846084351336515e-11,1.8176497523384193e-10,2.3919956135791574,0.34979519203510223,1.5206923150426357,0.2754041570438799,0.26671092815777936,0.04882663678854056,0.5696764380807163,5.196059307317704,0.5142453364400559,1.7999623824566857,star,3001,0.26305285999165606,0.0,0.08,0.02864782052572672,0.035521972383517994,0.032191871082735336,0.02627886100225421,0.7321930847644467,0.09230289669886049,0.09078693383340264,0.09230289669886049,0.09230289669886049,0.04400000000000004,152,False,16.40963423620879,0.2635690667869866,near_boundary_interior,-0.603226368170765,-0.1479045430654605,29.416038594401265,50,0.15242049129334798,9.469995454535866,0.029826002731608615,0.16716900076747912,0,119,110,4990,0,227,227,117,4990,346,0.32685370741482966,ccpfm,5.196059307317704,0.5142453364400559,1.7999623824566857,1.0,0.32685370741482966,8.171241461241152e-13,6.871274216280199e-09,5.331480590342608e-09,5.325873075889831e-09,3.604860243644481e-09,6.64306076814114e-09,6.053326284671812e-09,0.025478282503499646,0.03635576650976273,0.031455404153017494,0.02601969057332141,0.003145673996186815,ok,1.2507148290023906,1,False,
,,,,,0.06154060301196296,,,,,2.0,0.0,0.0,,,,,,,0.0,,,,star,3003,0.9505781036131271,0.0,0.16,0.5505526100406593,0.3402507097465827,0.7076253660798523,0.7780723017998319,1.0,4.992021864188439,0.691797627267454,4.992021864188439,4.992021864188439,0.08800000000000005,66,False,59.10366347029403,0.05085935701933006,near_boundary_interior,0.32811991510654137,0.8286748229899237,82.43391093437525,23,0.08800000000000005,55.617008178775244,0.04576000000000004,0.028962724927782544,,60,8,0,,57,57,49,,117,0.0,wls,,,,,,4.618527782440651e-14,1.021405182655144e-14,8.881784197001252e-15,2.4868995751603507e-14,1.1546319456101628e-14,6.8833827526759706e-15,1.5987211554602254e-14,0.6947853440295797,0.3452920698101641,0.9954195174015233,1.0645034099769095,0.0005380259972298518,ok,0.06207862900919281,3,False,
nan,nan,nan,0.0,nan,0.19801050800015219,6.32147438807076,0.4595337237425273,2.19312053965904,0.30784708249496984,2.0,3.35562133635392e-12,1.2119567217492324e-11,2.892890060356095,0.12040888490968193,1.0468703653152598,0.11578947368421053,0.2538297383943804,0.033914088349217095,0.5241032474917856,6.32147438807076,0.3905505529860634,2.0901106961279434,star,3003,0.8631579896190746,0.0,0.2,0.09982927174278405,0.13725960160453515,0.13710849369372513,0.13708458338189092,0.8514420761448719,0.29759358586229046,0.18847301103538025,0.29759358586229046,0.29759358586229046,0.24130504026750652,84,False,11.338280276537406,0.27774036016694065,near_boundary_interior,-0.4624727497323765,-0.3741893883469894,32.386178187990936,51,0.11000000000000003,14.727547292794501,0.05720000000000003,0.1593633439679053,0,48,3,1089,0,37,37,34,1089,85,0.2910927456382002,ccpfm,6.32147438807076,0.3905505529860634,2.0901106961279434,1.0,0.2910927456382002,9.237055564881302e-14,2.1471624478408557e-10,1.584188336067882e-10,1.7278978248214116e-10,1.021112083776643e-10,9.8738572873458e-11,1.2256240466967938e-10,0.08965247854792165,0.13122542318661826,0.1358848068722053,0.1362882814284238,0.00047601100231986493,ok,0.19848651900247205,3,False,
,,,,,0.12374447300680913,,,,,2.0,0.0,0.0,,,,,,,0.0,,,,star,3003,0.8642855206698086,0.0,0.12,0.17431589857343124,0.12770038169297876,0.2088558223927337,0.24328400993095928,1.0,1.6743306783265959,0.39757652895975226,1.6743306783265959,1.6743306783265959,0.06599999999999998,88,False,97.04858826086318,0.031368670300533474,near_boundary_interior,0.3325788237646691,0.8585999531986871,141.42706449578108,23,0.17854767204574729,86.68954282057113,0.043890827050048924,0.01895539964903124,,80,28,0,,102,102,74,,182,0.0,wls,,,,,,6.88338275267597e-14,2.531308496145357e-14,2.1760371282653068e-14,2.6978419498391304e-14,1.6209256159527285e-14,1.9317880628477724e-14,5.3512749786932545e-14,0.21973777826402263,0.1282342157494979,0.29352178323389877,0.3354581659836313,0.0006823379953857511,ok,0.12442681100219488,3,False,
nan,nan,nan,0.0,nan,0.8359816830052296,6.525354813476357,0.5926212384903895,1.9836915894486964,0.31614509246088196,2.0,1.1036414837573005e-11,4.8351370990655085e-11,2.7968354256043106,0.31224151141532713,1.543092603413568,0.25073170731707317,0.27124826917445105,0.0421727860917793,0.5441260089707035,6.525354813476357,0.517920707286964,1.8572332310831845,star,3002,0.5780564464292056,0.0,0.1,0.05613194671922869,0.060911291372142365,0.06520549440168856,0.06898402008549326,0.7754166916941552,0.18092870918460036,0.18092870918460036,0.18092870918460036,0.17960552477751074,0.20118305674523007,182,False,10.002678871064386,0.31181099764022174,interior_core,-0.4437876719566859,0.2029261870043663,34.956199632319446,58,0.16546602685395662,9.811051593780643,0.037260844920742164,0.1502528473941944,0,95,54,3837,0,144,144,90,3837,239,0.2986708365910868,ccpfm,6.525354813476357,0.517920707286964,1.8572332310831845,1.0,0.2986708365910868,6.110667527536862e-13,1.4603505071875134e-09,1.373575697627416e-09,8.386269456650552e-10,1.1610665762162853e-09,1.5108405637676015e-09,1.0436895792054202e-09,0.05399578569211094,0.06242416429591093,0.06956288245025649,0.07351411844561148,0.0019630669994512573,ok,0.8379447500046808,2,False,
nan,nan,nan,0.0,nan,0.3143018709961325,4.907913969289995,0.5003673835430744,2.080490168009833,0.29445234708392604,2.0,4.779815432343071e-12,1.958553052767411e-11,4.032291483906749,0.25753431061031157,1.4494652400348595,0.21105527638190955,0.35563087261693854,0.03766365444838951,0.5305226349592763,4.907913969289995,0.481063629710145,1.9988589257358311,star,3003,0.9034973267894414,0.0,0.16,0.06834548578475776,0.0590228284545999,0.08784446484555371,0.0941673821246096,0.8143715179843747,0.2248518653254742,0.09675942467956654,0.2248518653254742,0.2248518653254742,0.08799999999999998,76,False,13.678298976653457,0.30029054700415564,near_boundary_interior,-0.5447280326474833,-0.1485706795091492,28.48913270126922,57,0.08800000000000005,12.18615748077102,0.04576000000000004,0.17824620695044313,0,60,8,1605,0,57,57,49,1605,117,0.2841121495327103,ccpfm,4.907913969289995,0.481063629710145,1.9988589257358311,1.0,0.2841121495327103,1.2789769243681803e-13,5.73949554549813e-10,5.798500568587883e-10,3.421471994613512e-10,2.7179913875130524e-10,5.624261056880187e-10,3.409938997833706e-10,0.0681614123085268,0.05883815685332757,0.09765490986331371,0.10260723721822577,0.0004385430074762553,ok,0.31474041400360875,3,False,
,,,,,0.1573172210046323,,,,,2.0,0.0,0.0,,,,,,,0.0,,,,star,3003,0.9721510963475447,0.0,0.1,0.3567286464970365,0.09675652672878472,0.41538750332894525,0.587057654287585,1.0,4.470729413162297,0.21357333038548498,4.470729413162297,4.470729413162297,0.05499999999999997,124,False,162.1422477023654,0.018103102970611216,near_boundary_interior,-0.7831409257838239,-0.5107232906777002,213.47177403433605,23,0.15645897400082395,114.7596003908202,0.03726084492074215,0.012160718683141822,,95,55,0,,143,143,88,,238,0.0,wls,,,,,,7.105427357601002e-14,3.019806626980426e-14,2.2426505097428162e-14,7.105427357601002e-14,3.197442310920451e-14,2.4868995751603507e-14,4.973799150320701e-14,0.4879882550698637,0.0979469792973782,0.6295494216590004,0.798776729777943,0.00133211599313654,ok,0.15864933699776884,3,False,
,,,,,0.30628151999553666,,,,,2.0,0.0,0.0,,,,,,,0.0,,,,star,3003,0.9502065485834819,0.0,0.08,0.16182784702687023,0.051318409303639734,0.1815158821550775,0.28815473548321974,1.0,2.944869503304375,0.15645066288145082,2.944869503304375,2.944869503304375,0.044000000000000004,157,False,272.2093255686294,0.010820073566715752,near_boundary_interior,-0.7565095719141083,-0.5803991501298438,332.86815232531796,23,0.16158374397620362,174.90193658023324,0.029826570309323744,0.007732912348187373,,119,117,0,,231,231,114,,350,0.0,wls,,,,,,1.580957587066223e-13,6.261657858885883e-14,3.26405569239796e-14,8.992806499463768e-14,5.10702591327572e-14,5.1514348342607263e-14,1.0169642905566434e-13,0.2347249815592258,0.052083195916905724,0.2889264795022148,0.4078845166914359,0.0016686570015735924,ok,0.30795017699711025,3,False,
nan,nan,nan,0.0,nan,0.7075577330106171,4.892771809282765,0.5314484801026796,1.989431201205338,0.305973773676542,2.0,1.272677102592823e-11,4.1665180744569587e-11,2.2804300349470097,0.28406054538186243,1.4788403572789783,0.2320754716981132,0.26024138958395665,0.040576230551034265,0.5292716485974336,4.892771809282765,0.4934304287095329,1.8055663524870107,star,3003,0.5852300202180938,0.0,0.12,0.06193052191561045,0.07931411847946644,0.0742017807426057,0.07112396928208606,0.7653098261604723,0.19351558074881758,0.19351558074881758,0.19351558074881758,0.1812930057491024,0.27031634774301144,166,False,8.48919824798207,0.2962266741722165,interior_core,-0.3880917218206826,-0.24667745301514368,33.04451932033703,53,0.17854767204574729,9.849655230467253,0.043890827050048924,0.15410011543984373,0,80,28,2589,0,102,102,74,2589,182,0.2908458864426419,ccpfm,4.892771809282765,0.4934304287095329,1.8055663524870107,1.0,0.2908458864426419,3.232969447708456e-13,1.6975998384793911e-09,1.725734888324837e-09,1.1188538984185925e-09,8.918756289055807e-10,1.1937220101287949e-09,8.70775451744521e-10,0.05915038267723934,0.07861560866429629,0.07901202032510697,0.07916149626936986,0.0012213759910082445,ok,0.7087791090016253,3,False,
,,,,,0.042169638007180765,,,,,2.0,0.0,0.0,,,,,,,0.0,,,,star,3004,0.9832007620405351,0.0,0.2,0.990322909423558,0.4288332119164996,1.3788993451012308,1.504120003696301,1.0,6.715200091149434,0.7587447505535353,6.715200091149434,6.715200091149434,0.10999999999999999,66,False,38.98395438317931,0.0768067911121343,near_boundary_interior,0.30413942001062766,-0.8248744727342502,53.09685682877971,23,0.11000000000000003,37.41735995954153,0.05720000000000003,0.0461232474227938,,48,4,0,,37,37,33,,85,0.0,wls,,,,,,1.5210055437364645e-14,1.2878587085651816e-14,4.440892098500626e-15,1.0436096431476471e-14,2.5174307083375425e-14,9.325873406851315e-15,1.4363510381087963e-14,1.1683695740102806,0.43088604974916633,1.7708788032545508,1.869125407807881,0.00023217899433802813,ok,0.04240181700151879,4,False,
nan,nan,nan,0.0,nan,1.2647049420047551,6.085725263136918,0.6287879430588948,2.029516328656818,0.353643216080402,2.0,4.182322543844208e-11,1.9797594512519007e-10,2.626002287301595,0.3403750689758093,1.5642933998107211,0.26874625074985004,0.29294897619462834,0.04804232504821928,0.5682312990248325,6.085725263136918,0.5115123490331823,1.8331872634096886,star,3002,0.3679431549389077,0.0,0.08,0.0254090987041217,0.028673770435457234,0.028604632666174475,0.028487025544628886,0.7418680225971275,0.0849328185874903,0.06976000142468541,0.0849328185874903,0.0849328185874903,0.04400000000000004,149,False,15.599938903317735,0.27472059710017915,near_boundary_interior,-0.6032263681707651,0.1479045430654605,31.127824531113845,49,0.1583785645949327,9.559257554626091,0.02982277133526383,0.16403043170768145,0,119,109,4851,0,220,220,111,4851,339,0.32446918161203875,ccpfm,6.085725263136918,0.5115123490331823,1.8331872634096886,1.0,0.32446918161203875,7.407408020299044e-13,8.431254361340734e-09,7.757913644823589e-09,6.650927253382122e-09,3.739707654659696e-09,8.228240755414618e-09,7.265347434781688e-09,0.023279291552549566,0.029090463718977617,0.028897366642287772,0.028706484827208216,0.0020153240038780496,ok,1.2667202660086332,2,False,
,,,,,0.08103300299262628,,,,,2.0,0.0,0.0,,,,,,,0.0,,,,star,3004,0.929784333835923,0.0,0.16,0.4202529776811902,0.322132404386723,0.5342941944035786,0.5735600885074763,1.0,4.263695857839604,0.5976796750538059,4.263695857839604,4.263695857839604,0.08800000000000005,66,False,58.02670514563391,0.05190898172417272,near_boundary_interior,0.32811991510654137,0.8286748229899237,89.68911330145649,23,0.1361035058379143,55.8008911658761,0.051833636384901856,0.026994280819478248,,60,8,0,,60,60,52,,120,0.0,wls,,,,,,3.907985046680551e-14,1.2434497875801753e-14,8.43769498715119e-15,1.9539925233402755e-14,8.881784197001252e-15,7.993605777301127e-15,2.531308496145357e-14,0.5323405672179038,0.31756198813704495,0.7528432499609459,0.799033221248186,0.00037722999695688486,ok,0.08141023298958316,4,False,
nan,nan,nan,0.0,nan,0.8247769000008702,6.286558576449029,0.5840728535160574,2.018296152476053,0.3200554208520956,2.0,1.0245859716206951e-11,5.111501153173076e-11,2.8063254373935034,0.28761680635861175,1.491023841630188,0.24770642201834864,0.2631545230665051,0.041332895659480076,0.5492974258447216,6.286558576449029,0.5216344058898403,1.8640932058932773,star,3003,0.6401346356114312,0.0,0.1,0.053494888596920004,0.05215795375367627,0.06229134787278505,0.07143710300239685,0.7760792226296336,0.1829142368927965,0.13733261507334282,0.1829142368927965,0.1829142368927965,0.05500000000000003,118,False,16.81120614878223,0.2597042073507403,near_boundary_interior,-0.6196603863066787,0.18169060603766468,36.07477462187446,57,0.15645897400082395,10.052663437865755,0.03726084492074215,0.15265804935086716,0,95,55,3868,0,143,143,88,3868,238,0.3017063081695967,ccpfm,6.286558576449029,0.5216344058898403,1.8640932058932773,1.0,0.3017063081695967,3.943512183468556e-13,1.471224697624507e-09,1.5079123505401526e-09,9.906933051695432e-10,9.196132744193619e-10,1.469385280117308e-09,1.0588789844945268e-09,0.05175788930514751,0.05193063700891731,0.06677240474503063,0.07456310008969316,0.0013519430067390203,ok,0.8261288430076092,3,False,
nan,nan,nan,0.0,nan,0.2558080059970962,5.664938265744823,0.5021745819222276,2.111551017000789,0.31588613406795224,2.0,3.15249215621094e-12,1.116946976705608e-11,2.349780834088737,0.09151072637224186,0.9968983311878766,0.1,0.23466056289974946,0.033199947093501374,0.5259737636184717,5.664938265744823,0.4364664333313966,2.0782175725170533,star,3004,0.8920413982410682,0.0,0.2,0.09675215202935554,0.10620771255329398,0.13471512958138931,0.13997088114914633,0.8453518105638886,0.28889118739798936,0.13683008210466402,0.28889118739798936,0.28889118739798936,0.11000000000000006,60,False,15.032430830004882,0.33563241345522876,near_boundary_interior,-0.5470711752408862,-0.18358034994141717,32.1375276707939,53,0.11000000000000003,14.536157670722005,0.05720000000000003,0.1629870442105893,0,48,4,1189,0,37,37,33,1189,85,0.2977291841883936,ccpfm,5.664938265744823,0.4364664333313966,2.0782175725170533,1.0,0.2977291841883936,7.72715225139109e-14,1.8059109763157721e-10,1.602611376938512e-10,1.6603998731490321e-10,4.669389874756291e-11,1.3092993356167426e-10,1.3172340995737386e-10,0.09202686878808518,0.1062747216222875,0.13948363162808097,0.14298580384994297,0.000371955000446178,ok,0.25617996099754237,4,False,
,,,,,0.10828291400684975,,,,,2.0,0.0,0.0,,,,,,,0.0,,,,star,3004,0.92732310421286,0.0,0.12,0.2509610954104719,0.12736011950251033,0.30277715244634357,0.37982904906871656,1.0,2.760842804705783,0.2945271454222709,2.760842804705783,2.760842804705783,0.06600000000000006,80,False,96.00198123775124,0.031811403122536906,near_boundary_interior,0.9339999999999999,-8.095834594526952e-16,156.54684368354793,23,0.17850222657722886,87.2207466515743,0.04389082705004873,0.017113390630861154,,80,30,0,,100,100,70,,180,0.0,wls,,,,,,6.039613253960852e-14,1.6431300764452317e-14,8.215650382226158e-15,3.1530333899354446e-14,1.6653345369377348e-14,1.3433698597964394e-14,3.4638958368304884e-14,0.32197492087116275,0.1290746464664682,0.4319746860708214,0.5093469910411224,0.0006719410012010485,ok,0.1089548550080508,4,False,
nan,nan,nan,0.0,nan,0.3371252790093422,3.9897861295010904,0.5052182778678613,1.9890574271219088,0.30726643598615916,2.0,5.484165205293934e-12,2.418714732314256e-11,3.0652556234946466,0.2709447112964801,1.5019552593964922,0.24651162790697675,0.32198098505782025,0.03916071628215664,0.5311996034983386,3.9897861295010904,0.47030962005849414,1.9387307668432483,star,3004,0.9755704563561427,0.0,0.16,0.06614097257267447,0.029904383836466725,0.08408920230089305,0.0924649008460031,0.7967978447366466,0.22843803961056414,0.06190664967950572,0.22843803961056414,0.22843803961056414,0.08800000000000001,74,False,17.451640039098763,0.2704014103500758,near_boundary_interior,-0.6253106680311513,0.23715149736382163,28.097138326408416,55,0.1361035058379143,11.269888807956391,0.051833636384901856,0.18128723563469124,0,60,8,1660,0,60,60,52,1660,120,0.2993975903614458,ccpfm,3.9897861295010904,0.47030962005849414,1.9387307668432483,1.0,0.2993975903614458,1.5987211554602254e-13,6.686398101862778e-10,6.518332540395022e-10,3.9736480772489813e-10,3.653492794755686e-10,6.700225929634485e-10,4.445228629634812e-10,0.0663095392766934,0.02979001838782876,0.09377584975981124,0.10005143276624738,0.00039501900027971715,ok,0.3375202980096219,4,False,
,,,,,0.1418767869909061,,,,,2.0,0.0,0.0,,,,,,,0.0,,,,star,3004,0.9446173083464607,0.0,0.1,0.23308127528651665,0.09204746002577605,0.2711644266862974,0.36569965120108583,1.0,2.302676401063051,0.19779278332472805,2.302676401063051,2.302676401063051,0.055000000000000035,115,False,171.76401221929194,0.017053693909683428,near_boundary_interior,-0.7831409257838237,0.510723290677701,213.1660065330842,23,0.16016985841218004,116.31565490758523,0.03726084492074215,0.01231273028643444,,95,52,0,,143,143,91,,238,0.0,wls,,,,,,1.1723955140041653e-13,3.3084646133829665e-14,2.930988785010413e-14,8.08242361927114e-14,3.019806626980426e-14,1.9761969838327786e-14,7.105427357601002e-14,0.32076106832427187,0.09167298335406966,0.41381107630419944,0.5140900327047084,0.0008920190011849627,ok,0.14276880599209107,4,False,
nan,nan,nan,0.0,nan,0.48899419100780506,5.302933232581351,0.5406238993838859,1.8808242871070733,0.3145869947275923,2.0,9.833469108433412e-12,4.1546927947678557e-11,2.618630595567381,0.28617026382565247,1.552101394841328,0.23117338003502627,0.2987253765144038,0.037697960854596445,0.5262062439795154,5.302933232581351,0.4878506610651764,1.7975917085108084,star,3004,0.7487750745986171,0.0,0.12,0.0648477661046897,0.06118644978345941,0.0782369152938642,0.08819357434553611,0.7482274076435395,0.1932806172130596,0.16757442538599365,0.1932806172130596,0.1932806172130596,0.06599999999999999,90,False,26.084011728796483,0.19608981916886792,near_boundary_interior,0.07288032225929839,0.767427065547308,32.39444187379842,58,0.17850222657722886,9.877759919400855,0.04389082705004873,0.16274286227524137,0,80,30,2847,0,100,100,70,2847,180,0.29785739374780473,ccpfm,5.302933232581351,0.4878506610651764,1.7975917085108084,1.0,0.29785739374780473,3.312905505481467e-13,1.7171264410364984e-09,1.7254232487218246e-09,1.1366336760687545e-09,1.009929223583228e-09,1.568979612898147e-09,1.1497166552132398e-09,0.06325359884851005,0.06194925866354686,0.08486360810806254,0.09297095388522396,0.0008147829939844087,ok,0.48980897400178947,4,False,
,,,,,0.25339047799934633,,,,,2.0,0.0,0.0,,,,,,,0.0,,,,star,3004,0.3436882566660018,0.0,0.08,0.04348996067332046,0.05096217471096433,0.04882227758681884,0.04538903710252965,1.0,0.197176990592498,0.14783091523981196,0.197176990592498,0.197176990592498,0.04400000000000002,130,False,284.5632109659656,0.010125852315091399,near_boundary_interior,0.381192328749914,0.8232048424058057,329.7526228002859,23,0.1567682305774671,179.70109841625214,0.029826002731608615,0.007967325765129553,,119,110,0,,227,227,117,,346,0.0,wls,,,,,,1.8207657603852567e-13,5.3290705182007514e-14,4.107825191113079e-14,7.815970093361102e-14,4.6407322429331543e-14,3.4638958368304884e-14,8.260059303211165e-14,0.04363178012414132,0.050948318934892496,0.053867652873852194,0.05647485800795771,0.0019334009994054213,ok,0.25532387899875175,4,False,
,,,,,0.04070190599304624,,,,,2.0,0.0,0.0,,,,,,,0.0,,,,star,3005,0.993614864602663,0.0,0.2,0.9076562360055238,0.4532026746104778,1.267071849447726,1.2957699716556341,1.0,5.117510663132201,0.4532026746104778,5.117510663132201,5.117510663132201,0.10999999999999999,66,False,38.12029554680164,0.07817992458627168,near_boundary_interior,0.30413942001062766,-0.8248744727342502,49.41304043244987,23,0.11000000000000003,36.71365807507718,0.05720000000000003,0.04849719966142473,,48,1,0,,36,36,35,,84,0.0,wls,,,,,,1.509903313490213e-14,7.993605777301127e-15,5.773159728050814e-15,9.2148511043888e-15,5.6066262743570405e-15,3.219646771412954e-15,7.0915495697931874e-15,1.03907439828132,0.4532026746104778,1.5872123609382807,1.6079033212716638,0.00027500900614541024,ok,0.04097691499919165,5,False,
nan,nan,nan,0.0,nan,0.16748865199042484,7.0846830288624405,0.5018075803053732,2.1776556304863814,0.29846153846153844,2.0,2.96460078708094e-12,1.2008941870481316e-11,1.6378012841058733,0.09435137844715043,0.5031075613812325,0.038461538461538464,0.2857770688841379,0.03299550487071553,0.5244742550789173,7.0846830288624405,0.43005389458524257,2.1139253146224197,star,3005,0.9996589795841012,0.0,0.2,0.08953530801523424,0.01033167020728068,0.12498968642247527,0.12820877282107165,0.8607930026589943,0.24969780578682765,0.01033167020728068,0.24969780578682765,0.24969780578682765,0.2619027039797627,74,False,11.084835440324074,0.27880427575055206,near_boundary_interior,-0.4494795693311517,-0.3489215837737764,31.158789206871877,50,0.11000000000000003,14.805360914397628,0.05720000000000003,0.1618908920903055,0,48,1,1053,0,36,36,35,1053,84,0.2792022792022792,ccpfm,7.0846830288624405,0.43005389458524257,2.1139253146224197,1.0,0.2792022792022792,7.638334409421077e-14,2.3007373783912044e-10,1.4360890254749847e-10,1.5802692487909553e-10,1.0604128686253489e-10,1.2923639935991105e-10,1.4435219686248502e-10,0.08445429862804328,0.01033167020728068,0.1290060720758045,0.1308243812311674,0.00026516400976106524,ok,0.1677538160001859,5,False,
,,,,,0.0914627509919228,,,,,2.0,0.0,0.0,,,,,,,0.0,,,,star,3005,0.9280121381409361,0.0,0.16,0.4124453742305588,0.3204009804443969,0.5329737673413136,0.57374627068677,1.0,3.2539998645806683,0.7519743959744414,3.2539998645806683,3.2539998645806683,0.08800000000000005,66,False,58.73633359334932,0.051847237865653366,near_boundary_interior,0.32811991510654137,0.8286748229899237,87.10131728983326,23,0.08800000000000005,55.567886833564884,0.04576000000000004,0.028102513791226625,,60,7,0,,58,58,51,,118,0.0,wls,,,,,,2.930988785010413e-14,1.199040866595169e-14,1.0880185641326534e-14,1.532107773982716e-14,6.328271240363392e-15,1.2434497875801753e-14,2.4202861936828413e-14,0.5062421895080552,0.33573694988235053,0.7220800440832952,0.7599295778397303,0.00032164900039788336,ok,0.09178439999232069,5,False,
nan,nan,nan,0.0,nan,1.2746338959987042,5.002541388153653,0.6295761497919766,1.9493631984769477,0.35494880546075086,2.0,3.039794804760021e-11,1.6325889478838632e-10,2.3936223983026386,0.33840641260733084,1.5620038865115111,0.27037444933920707,0.26955121010522015,0.050178919467403556,0.5681426596683825,5.002541388153653,0.5238164906587404,1.7832725532312839,star,3003,0.3569866845091471,0.0,0.08,0.02062197772595572,0.02350033815048882,0.02313085508755288,0.022507114347050376,0.7254261169308005,0.07250191718522969,0.0627688545306414,0.07250191718522969,0.07250191718522969,0.04400000000000004,152,False,16.30906009607275,0.26626199594423766,near_boundary_interior,-0.603226368170765,-0.1479045430654605,28.033681931931607,49,0.16158374397620362,9.574321789886696,0.029826570309323744,0.1718153808617041,0,119,117,5039,0,231,231,114,5039,350,0.32446914070252036,ccpfm,5.002541388153653,0.5238164906587404,1.7832725532312839,1.0,0.32446914070252036,6.288303211476887e-13,5.4082072153960326e-09,4.669406195034753e-09,4.699749922565388e-09,3.790958214011653e-09,4.327934011172374e-09,4.725430713392598e-09,0.01885859043208133,0.023239381820245385,0.023213320140534694,0.023186542167373345,0.0018116419960279018,ok,1.2764455379947321,3,False,
,,,,,0.2056997289910214,,,,,2.0,0.0,0.0,,,,,,,0.0,,,,star,3005,0.8820652514258045,0.0,0.12,0.1700400624802898,0.11223550913646248,0.2033169601975355,0.24389294823625016,1.0,1.3476722586192391,0.26231225557308174,1.3476722586192391,1.3476722586192391,0.06600000000000002,97,False,95.59772469421033,0.031201882505462356,near_boundary_interior,-0.7688260329959119,0.4375100194519778,153.90737530569655,23,0.1715103309493246,89.03745277936552,0.04389082705004909,0.016796224035827666,,80,30,0,,104,104,74,,184,0.0,wls,,,,,,5.639932965095795e-14,2.6201263381153694e-14,1.2434497875801753e-14,3.154421168716226e-14,2.2648549702353193e-14,1.7763568394002505e-14,3.197442310920451e-14,0.2124522497966317,0.1136563471984949,0.2825879092905916,0.3270978735228896,0.0006868380005471408,ok,0.20638656699156854,5,False,
nan,nan,nan,0.0,nan,0.8471821040002396,6.395020693300676,0.5880695970579289,2.0002496335356525,0.31773399014778325,2.0,1.113489855875116e-11,4.922894479290931e-11,2.622361424169744,0.2924486731528765,1.5357675728647007,0.2540322580645161,0.25416233666519095,0.0414673913546463,0.5461209685374881,6.395020693300676,0.5113832031368786,1.8462533363593814,star,3004,0.536042694323978,0.0,0.1,0.052166996804542204,0.05962827397915786,0.06069056282217753,0.06165733328585152,0.7591774782976083,0.18445099392279135,0.16170854958290826,0.18445099392279135,0.18445099392279135,0.05500000000000003,121,False,15.598325170273664,0.27985491064168283,near_boundary_interior,-0.6196603863066784,-0.1816906060376642,34.520592362823926,57,0.16016985841218004,9.716613084837759,0.03726084492074215,0.15804277950483572,0,95,52,3834,0,143,143,91,3834,238,0.30125195618153366,ccpfm,6.395020693300676,0.5113832031368786,1.8462533363593814,1.0,0.30125195618153366,5.062616992290714e-13,1.5897407834586375e-09,1.6229284582891523e-09,1.0275771344936402e-09,1.006679184456516e-09,9.622700414269048e-10,5.639853029038022e-10,0.05075517617405473,0.06005604901515867,0.06547881321857274,0.06838474004002808,0.0012650580029003322,ok,0.84844716200314,4,False,
nan,nan,nan,0.0,nan,0.30412673400132917,5.90057365028118,0.5257789441086651,2.156332600485829,0.3018867924528302,2.0,4.1163357444862214e-12,1.985829268789033e-11,2.9959579900662705,0.2705987352321328,1.4032718127932782,0.2,0.264492246769546,0.039107734780022926,0.5333387723404621,5.90057365028118,0.5003993914987599,2.0838674764095546,star,3005,0.9144230457883703,0.0,0.16,0.06971102680302887,0.059044255965228484,0.09008259251241414,0.09626128864996801,0.8198123455057136,0.2316878504798262,0.07779016565613325,0.2316878504798262,0.2316878504798262,0.08800000000000001,74,False,17.5726751996626,0.2738843120850117,near_boundary_interior,-0.6253106680311513,0.23715149736382163,28.690668143703768,57,0.08800000000000005,11.981947258368132,0.04576000000000004,0.17747651217298482,0,60,7,1636,0,58,58,51,1636,118,0.289119804400978,ccpfm,5.90057365028118,0.5003993914987599,2.0838674764095546,1.0,0.289119804400978,1.6076029396572267e-13,5.266334035525233e-10,5.31112709367676e-10,3.1750668760821554e-10,3.722366859193471e-10,4.098341666036731e-10,2.5694824046240683e-10,0.06890190111825263,0.05830939772486357,0.0982784304193182,0.10255575167936155,0.0006095549906603992,ok,0.30473628899198957,5,False,
,,,,,0.17130088500562124,,,,,2.0,0.0,0.0,,,,,,,0.0,,,,star,3005,0.9222537013934121,0.0,0.1,0.16344197911752525,0.07525355012215566,0.189707873715132,0.25613518012912445,1.0,1.8201183348081047,0.2328671565496253,1.8201183348081047,1.8201183348081047,0.05499999999999997,124,False,153.78926783025133,0.01945389587374417,near_boundary_interior,-0.7831409257838239,-0.5107232906777002,213.62715605308156,23,0.16850605049165682,117.28521198078096,0.03726084492074218,0.012048307941289598,,95,55,0,,145,145,90,,240,0.0,wls,,,,,,9.769962616701378e-14,3.530509218307998e-14,2.1316282072803006e-14,5.595524044110789e-14,3.885780586188048e-14,1.4765966227514582e-14,5.5289106626332796e-14,0.22261241881810698,0.07630943402618481,0.2863986775505442,0.3585966044986231,0.0010871559934457764,ok,0.17238804099906702,5,False,
,,,,,0.2514936749939807,,,,,2.0,0.0,0.0,,,,,,,0.0,,,,star,3005,0.8192586338040789,0.0,0.08,0.12105642790976084,0.0741275497094455,0.1361002382843708,0.19707697693637588,1.0,1.6108364878544772,0.3738580127533943,1.6108364878544772,1.6108364878544772,0.044000000000000004,157,False,256.49085622082384,0.011434510881038284,near_boundary_interior,-0.7565095719141083,-0.5803991501298438,334.93155177855544,23,0.15286277374848173,170.6579113926261,0.029824127092130902,0.00786296303413515,,119,109,0,,224,224,115,,343,0.0,wls,,,,,,1.4166445794216997e-13,4.951594689828198e-14,2.986499936241671e-14,1.0746958878371515e-13,4.163336342344337e-14,3.9745984281580604e-14,8.881784197001252e-14,0.16217581249058216,0.07659038204403737,0.20068232932392513,0.26997322820709263,0.001680215005762875,ok,0.25317388999974355,5,False,
nan,nan,nan,0.0,nan,0.6312006640073378,4.93962114984291,0.5547982707345002,1.9441619822645613,0.32268988872762455,2.0,1.1697500607033007e-11,4.0812777914005476e-11,2.139941842559887,0.2783947717725745,1.4769643694792398,0.2182468694096601,0.29502020574525584,0.041340168174140775,0.5331810066581081,4.93962114984291,0.49402534103560763,1.8178736538985363,star,3005,0.7315937149333311,0.0,0.12,0.0556804985660498,0.05544438726154645,0.06657719096077566,0.07273370807898463,0.7650198284262326,0.20053649275788965,0.15631221227309655,0.20053649275788965,0.20053649275788965,0.066,99,False,16.31171415340025,0.2653427882843662,near_boundary_interior,-0.6052276252050963,0.18229539949497314,33.344783092003894,54,0.1715103309493246,9.933817100038372,0.04389082705004909,0.15339889570285428,0,80,30,2626,0,104,104,74,2626,184,0.30045696877380046,ccpfm,4.93962114984291,0.49402534103560763,1.8178736538985363,1.0,0.30045696877380046,5.071498776487715e-13,1.7392260964754769e-09,1.7563559495670233e-09,1.1810534772394021e-09,8.419122499853104e-10,1.0477201328740193e-09,7.423590631105981e-10,0.05453293427137406,0.05674466076081596,0.07253558339805902,0.0780322207860544,0.000927032990148291,ok,0.632127696997486,5,False,
,,,,,0.04264815700298641,,,,,2.0,0.0,0.0,,,,,,,0.0,,,,star,3006,0.9112287331016362,0.0,0.2,0.8460143940280096,0.9393059580596507,1.202202169739841,1.2414062391850527,1.0,4.896168047766141,1.3863404026577124,4.896168047766141,4.896168047766141,0.11000000000000003,52,False,38.03346414129884,0.07616292692457477,near_boundary_interior,0.3374840457948018,0.7479494562408507,48.502262077070284,23,0.11000000000000003,36.32395808005297,0.05720000000000002,0.048905480452984235,,48,3,0,,35,35,32,,83,0.0,wls,,,,,,1.765254609153999e-14,6.8833827526759706e-15,2.4424906541753444e-15,7.077671781985373e-15,1.7541523789077473e-14,5.329070518200751e-15,8.590350653037149e-15,0.9808173254511668,0.945032579468382,1.5104040892624913,1.5528900297244161,0.00023605499882251024,ok,0.04288421200180892,6,False,
nan,nan,nan,0.0,nan,1.2358703010104364,5.593493963671782,0.6324908767864079,2.050521880067285,0.35389915440025055,2.0,3.5735260237035327e-11,1.8048908276451172e-10,2.4251826332539457,0.3517749680862375,1.5326584005042168,0.27392550143266475,0.2942337483609363,0.04921925242348377,0.5656774533354264,5.593493963671782,0.504174435546451,1.832352587443815,star,3004,0.3414470268324,0.0,0.08,0.023960791402963214,0.028125507366155315,0.026898631108511793,0.02492541707530759,0.742501718792854,0.09386257834769696,0.09386257834769696,0.09386257834769696,0.07546849380502241,0.16065950188669892,230,False,8.615211998402145,0.27309564109239176,interior_core,-0.49339523405730107,-0.19805689715916736,30.686172896390094,49,0.1567682305774671,9.458284157038163,0.029826002731608615,0.16456209282456347,0,119,110,4938,0,227,227,117,4938,346,0.32563791008505466,ccpfm,5.593493963671782,0.504174435546451,1.832352587443815,1.0,0.32563791008505466,9.379164112033322e-13,6.682979947214562e-09,5.584269047176349e-09,5.642888822876557e-09,3.876440612948784e-09,6.4528009602327074e-09,5.924825741132622e-09,0.021891740799933185,0.02819051173751143,0.02702747150952637,0.02588640080466306,0.0025776909897103906,ok,1.2384479920001468,4,False,
,,,,,0.07036721300391946,,,,,2.0,0.0,0.0,,,,,,,0.0,,,,star,3006,0.9165371782301732,0.0,0.16,0.4680119052911134,0.4237167049543514,0.6046400002725112,0.6353620522143835,1.0,4.274413622397121,0.8971990172284507,4.274413622397121,4.274413622397121,0.08800000000000005,66,False,60.49638768581962,0.04942366793270569,near_boundary_interior,0.32811991510654137,0.8286748229899237,92.76585180842606,23,0.08800000000000005,53.83621488986976,0.04576000000000004,0.02611069887204262,,60,6,0,,57,57,51,,117,0.0,wls,,,,,,3.3306690738754696e-14,1.0658141036401503e-14,9.325873406851315e-15,1.865174681370263e-14,9.769962616701378e-15,9.880984919163893e-15,2.7922109069322687e-14,0.5789077310671666,0.42504129433816634,0.8294015687446,0.8646288587902135,0.0003733949997695163,ok,0.07074060800368898,6,False,
nan,nan,nan,0.0,nan,0.21465539500059094,5.046994114644873,0.4524950988698001,2.1913466825077275,0.30242825607064017,2.0,3.376188217885101e-12,1.154839963966556e-11,2.411183515131743,0.1495426776043178,0.9195757041110124,0.0945945945945946,0.21654657040647543,0.03191650339599306,0.5206119646778199,5.046994114644873,0.4033214664719712,2.1577084479366175,star,3006,0.9885658071279498,0.0,0.2,0.07784640114290527,0.03101947281693328,0.11062118212298443,0.1189772156247372,0.8485394234232129,0.2240413017518954,0.04301669944750877,0.2240413017518954,0.2240413017518954,0.11000000000000006,60,False,16.38424702050149,0.3113040247787376,near_boundary_interior,-0.5470711752408862,-0.18358034994141717,28.905330995127137,49,0.11000000000000003,16.080961510879956,0.05720000000000002,0.1682450839049298,0,48,3,980,0,35,35,32,980,83,0.286734693877551,ccpfm,5.046994114644873,0.4033214664719712,2.1577084479366175,1.0,0.286734693877551,8.79296635503124e-14,2.018274436466072e-10,1.7503598570556278e-10,1.777080704812306e-10,9.566614167511034e-11,8.581180210853745e-11,1.1074741124161847e-10,0.0762131282698641,0.03019989032111461,0.11736397554084678,0.12239338425366825,0.0002379770012339577,ok,0.2148933720018249,6,False,
nan,nan,nan,0.0,nan,0.8896763219963759,6.918016623157859,0.6012212361419839,1.9964773857821292,0.3274833274833275,2.0,1.0630725466587165e-11,4.495327575791231e-11,2.957676508186126,0.28466594072258966,1.5546325592207597,0.2335907335907336,0.25636718241464573,0.04150432355035754,0.5476896442635777,6.918016623157859,0.5146794656692223,1.8573720553595587,star,3005,0.6131765029097521,0.0,0.1,0.04518153485120472,0.04640245121733164,0.0524424199589805,0.057734332510431766,0.7691671668509696,0.20703583315508473,0.1331022255501197,0.20703583315508473,0.20703583315508473,0.05500000000000003,121,False,16.19296063415534,0.274409864577442,near_boundary_interior,-0.6196603863066784,-0.1816906060376642,34.941959940676476,57,0.16850605049165682,9.689239577734114,0.03726084492074218,0.15290277248928924,0,95,55,3885,0,145,145,90,3885,240,0.30244530244530243,ccpfm,6.918016623157859,0.5146794656692223,1.8573720553595587,1.0,0.30244530244530243,3.232969447708456e-13,1.0904548375378909e-09,9.682299406676975e-10,8.194493972268901e-10,1.0186145260604462e-09,8.119048766630499e-10,4.977424861163371e-10,0.04465785360005609,0.046714524675987024,0.057453893548285534,0.06312370203688092,0.001983528010896407,ok,0.8916598500072723,5,False,
,,,,,0.1096433789934963,,,,,2.0,0.0,0.0,,,,,,,0.0,,,,star,3006,0.7599672917869598,0.0,0.12,0.13296377954329022,0.12897984156879033,0.1598747901754255,0.17542549826719187,1.0,0.9217134543352751,0.2928215912691975,0.9217134543352751,0.9217134543352751,0.066,81,False,119.61657709831393,0.023694923668093323,near_boundary_interior,0.8791552635756316,0.09795156282756037,145.49960480976583,23,0.17443048593112517,89.47104553237058,0.043890827050048924,0.01772306519351124,,80,27,0,,102,102,75,,182,0.0,wls,,,,,,6.039613253960852e-14,2.7533531010703882e-14,1.3877787807814457e-14,3.197442310920451e-14,1.2989609388114332e-14,2.4646951146678475e-14,5.617728504603292e-14,0.1532947676877433,0.12885445610295596,0.20476840135367688,0.22593734537182467,0.0006677510100416839,ok,0.11031113000353798,6,False,
nan,nan,nan,0.0,nan,0.289182268010336,5.196156853641527,0.4990413467848552,2.1585399241874588,0.30021141649048627,2.0,4.454686619581594e-12,1.9898228072763907e-11,2.5084571296821103,0.2645207710826478,1.4774542837582134,0.19672131147540983,0.24404101525740174,0.03804453190312373,0.5292745963652404,5.196156853641527,0.4559467108633164,2.0356094981594226,star,3006,0.9313614575884165,0.0,0.16,0.07010730596134271,0.05755982416501032,0.09057393843262171,0.09594265622864862,0.8284501783894274,0.22667314853748988,0.09656321004301538,0.22667314853748988,0.22667314853748988,0.08800000000000001,74,False,18.371344962252536,0.2651863010252633,near_boundary_interior,-0.6253106680311513,0.23715149736382163,28.988098186907887,56,0.08800000000000005,11.913507642008659,0.04576000000000004,0.17707181052664936,0,60,6,1602,0,57,57,51,1602,117,0.2883895131086142,ccpfm,5.196156853641527,0.4559467108633164,2.0356094981594226,1.0,0.2883895131086142,1.318944953254686e-13,4.374651751959391e-10,4.2273218259225587e-10,2.5293095395895193e-10,2.585534009114099e-10,4.626142802166555e-10,2.8203697710615927e-10,0.07058645434684759,0.057449485645423196,0.10112926952879467,0.10508107994229894,0.0004197329981252551,ok,0.28960200100846123,6,False,
,,,,,0.2160532629932277,,,,,2.0,0.0,0.0,,,,,,,0.0,,,,star,3006,0.9335306889451257,0.0,0.1,0.20304749134709782,0.08758193438643813,0.2354788829383318,0.31566375455521045,1.0,2.5542624370533544,0.18940419204622094,2.5542624370533544,2.5542624370533544,0.055000000000000035,115,False,172.29136756251125,0.017053046833242894,near_boundary_interior,-0.7831409257838237,0.510723290677701,210.15542251761124,23,0.160408528205326,117.34077702681569,0.03726084492074218,0.012383035243541748,,95,53,0,,145,145,92,,240,0.0,wls,,,,,,7.904787935331115e-14,2.842170943040401e-14,2.1316282072803006e-14,7.815970093361102e-14,1.9095836023552692e-14,2.6645352591003757e-14,5.3290705182007514e-14,0.27908320857076085,0.08637739444379278,0.35905032740575604,0.4459668182860227,0.0013348829961614683,ok,0.21738814598938916,6,False,
,,,,,0.3239784140023403,,,,,2.0,0.0,0.0,,,,,,,0.0,,,,star,3006,0.6695648783697862,0.0,0.08,0.05021435537343303,0.041262146281668154,0.056327816177430615,0.07435865470125286,1.0,0.4288227809320708,0.10417124855568105,0.4288227809320708,0.4288227809320708,0.044000000000000004,145,False,256.0654519032318,0.011107674382481406,near_boundary_interior,-0.7949005148315749,0.5068897584480837,342.3960646149356,23,0.1538511729797993,171.4810159910273,0.029826002731608615,0.007521319411614749,,119,111,0,,227,227,116,,346,0.0,wls,,,,,,1.1013412404281553e-13,5.861977570020827e-14,3.375077994860476e-14,8.637535131583718e-14,3.8191672047105385e-14,5.1514348342607263e-14,8.526512829121202e-14,0.06251718450975699,0.04202524219820309,0.07718351129017648,0.09983893940266064,0.0017594789969734848,ok,0.32573789299931377,6,False,
nan,nan,nan,0.0,nan,0.6954236650053645,4.95135803865436,0.5431679358035839,1.9253919825451344,0.3158660844250364,2.0,1.100131444276009e-11,3.875562552506445e-11,2.554725980454704,0.2710605645628932,1.4063329622041518,0.24060150375939848,0.31506303063649327,0.041611416817077654,0.5300847475724015,4.95135803865436,0.48769368344478814,1.798767506653179,star,3006,0.6716229760826242,0.0,0.12,0.05662378920179932,0.06424488924376467,0.06808407860147969,0.07023015348326324,0.7608597847542576,0.19097842594161318,0.1473764303554458,0.19097842594161318,0.19097842594161318,0.06599999999999999,90,False,26.656514427382337,0.18222062996382452,near_boundary_interior,0.07288032225929839,0.767427065547308,33.27068539483103,53,0.17443048593112517,9.837135087744283,0.043890827050048924,0.1534141921645928,0,80,27,2593,0,102,102,75,2593,182,0.30042421905129196,ccpfm,4.95135803865436,0.48769368344478814,1.798767506653179,1.0,0.30042421905129196,3.730349362740526e-13,1.4773331447059945e-09,1.5025669597434899e-09,9.510539022983266e-10,8.32933971794958e-10,1.1407355060555346e-09,7.92291232620812e-10,0.05477088714031197,0.06154987027484271,0.07316196873261623,0.07691434871664687,0.0012430679926183075,ok,0.6966667329979828,6,False,
,,,,,0.03898735699476674,,,,,2.0,0.0,0.0,,,,,,,0.0,,,,star,3007,0.9781060527854586,0.0,0.2,1.102411061549282,0.6201108473932758,1.5320637369499648,1.6278740921530945,1.0,7.952714577203859,0.7851031155881005,7.952714577203859,7.952714577203859,0.10999999999999999,66,False,39.066970881516276,0.07700605751243275,near_boundary_interior,0.30413942001062766,-0.8248744727342502,49.02021254218097,23,0.11000000000000003,37.92596864621479,0.05720000000000003,0.05201829447362929,,48,3,0,,37,37,34,,85,0.0,wls,,,,,,1.4210854715202004e-14,1.2434497875801753e-14,1.0658141036401503e-14,9.769962616701378e-15,9.992007221626409e-15,3.3306690738754696e-15,8.881784197001252e-15,1.2965393457960617,0.6156568428385855,1.965143646436282,2.041835343273351,0.00022827700013294816,ok,0.03921563399489969,7,False,
nan,nan,nan,0.0,nan,1.267416504007997,5.701877212489222,0.6455135583140461,2.0199633787206577,0.36473200126863303,2.0,5.0931266148968035e-11,1.8514865766643447e-10,2.568240623457778,0.3583993693059762,1.5427878996556796,0.268630849220104,0.2749004182461956,0.049900263470250505,0.5688692653354184,5.701877212489222,0.52651349808801,1.8030324625705902,star,3005,0.3432946322668799,0.0,0.08,0.02440968873405906,0.028491186403828958,0.027443106578604822,0.02572369025246114,0.7280534839172537,0.07934073673031872,0.07000654373134274,0.07934073673031872,0.07934073673031872,0.04400000000000002,124,False,17.72658194648669,0.2490856407102682,near_boundary_interior,0.5399221604437827,0.24200684562526484,29.864327316070504,49,0.15286277374848173,9.588022559476371,0.029824127092130902,0.16472304696821824,0,119,109,4884,0,224,224,115,4884,343,0.33067158067158064,ccpfm,5.701877212489222,0.52651349808801,1.8030324625705902,1.0,0.33067158067158064,8.597567102697212e-13,1.056627407791666e-08,1.0395706517840608e-08,9.121674082734899e-09,3.5369409623342563e-09,5.917996537263548e-09,5.470884190117431e-09,0.022213932390361846,0.029111199031316516,0.02748833890257762,0.025856294777108355,0.0017313069984083995,ok,1.2691478110064054,5,False,
,,,,,0.06434220999653917,,,,,2.0,0.0,0.0,,,,,,,0.0,,,,star,3007,0.919126876369885,0.0,0.16,0.3946777954356305,0.3019881623877016,0.5071186327707038,0.5533560974952535,1.0,3.2979743313221612,0.445164313678613,3.2979743313221612,3.2979743313221612,0.08800000000000005,66,False,58.42864926404542,0.05239780478042215,near_boundary_interior,0.32811991510654137,0.8286748229899237,83.39605449868088,23,0.08800000000000005,55.568514191251246,0.04576000000000004,0.028757620321928454,,60,8,0,,57,57,49,,117,0.0,wls,,,,,,2.7755575615628914e-14,1.0436096431476471e-14,7.549516567451064e-15,1.4210854715202004e-14,1.2035511476327088e-14,6.661338147750939e-15,1.1546319456101628e-14,0.491239084515908,0.31110372268424896,0.7037986287989015,0.7485996294321439,0.0005027339939260855,ok,0.06484494399046525,7,False,
nan,nan,nan,0.0,nan,0.1904432250012178,5.215979978070886,0.5025379555113358,2.141298091084514,0.30952380952380953,2.0,2.8671787166700824e-12,1.2070488192487658e-11,3.277639132384118,0.12220416426329665,1.1201896386188093,0.1111111111111111,0.2367366047236225,0.031997528437213235,0.5337345487244237,5.215979978070886,0.44209784129202506,2.072157108642421,star,3007,0.9651870906877911,0.0,0.2,0.09365151866318426,0.06642762364992147,0.13015117559916042,0.13737409757226254,0.8593044919127808,0.2722938111007478,0.1050376363726275,0.2722938111007478,0.2722938111007478,0.11000000000000006,60,False,15.037750408803342,0.33467137059892393,near_boundary_interior,-0.5470711752408862,-0.18358034994141717,34.23499835999105,55,0.11000000000000003,15.319255353450718,0.05720000000000003,0.15747015209411086,0,48,3,1191,0,37,37,34,1191,85,0.29303106633081444,ccpfm,5.215979978070886,0.44209784129202506,2.072157108642421,1.0,0.29303106633081444,1.3322676295501878e-13,1.7985346545401626e-10,1.593367660035483e-10,1.660449555629384e-10,5.982059292364283e-11,1.3733081338784814e-10,1.358260171002712e-10,0.09023475543194812,0.06385540492425576,0.13676735449624888,0.14140720343726926,0.0004069780115969479,ok,0.19085020301281475,7,False,
nan,nan,nan,0.0,nan,0.8722919330029981,6.539089171563431,0.5915550857423708,2.064899196508914,0.3172,2.0,9.04935501533366e-12,5.308885124984735e-11,2.4349260875487397,0.3198153790719832,1.5239980610562314,0.24074074074074073,0.28384632546628574,0.045342210280484865,0.5552617001586765,6.539089171563431,0.514925429308599,1.8881060579461795,star,3006,0.5284529843410687,0.0,0.1,0.043605274235888496,0.050096552343517994,0.05057004742665789,0.05100408835589402,0.7560184895371325,0.18258399760606442,0.11684124559652015,0.18258399760606442,0.18258399760606442,0.05500000000000003,121,False,15.916160318348622,0.2639710042747644,near_boundary_interior,-0.6196603863066784,-0.1816906060376642,33.692412121998544,53,0.160408528205326,9.702379680047416,0.03726084492074218,0.15425811228821837,0,95,53,3418,0,145,145,92,3418,240,0.296664716208309,ccpfm,6.539089171563431,0.514925429308599,1.8881060579461795,1.0,0.296664716208309,3.8902214782865485e-13,1.2068599453129991e-09,8.423057806794532e-10,1.0265921446261927e-09,5.309457318247723e-10,1.1453868964395042e-09,1.2373887470218392e-09,0.042760507985400556,0.050269038606555676,0.05501289192861547,0.05756857059874712,0.0018028810009127483,ok,0.8740948140039109,6,False,
,,,,,0.12526848500419874,,,,,2.0,0.0,0.0,,,,,,,0.0,,,,star,3007,0.8214663812908466,0.0,0.12,0.16829684148944196,0.1297972324965935,0.20172869919217745,0.24243769182485153,1.0,1.2539869487360125,0.3473556438261501,1.2539869487360125,1.2539869487360125,0.066,81,False,111.33769732239864,0.02619099934248055,near_boundary_interior,0.8791552635756316,0.09795156282756037,151.62052597122494,23,0.17755837559067242,89.56856440524204,0.043890827050049055,0.017954834806110848,,80,32,0,,103,103,71,,183,0.0,wls,,,,,,4.440892098500626e-14,2.2426505097428162e-14,2.886579864025407e-14,3.6193270602780103e-14,1.837419105754634e-14,1.2878587085651816e-14,3.064215547965432e-14,0.20387238123416174,0.1291586912235858,0.271747356484601,0.31561207005586056,0.0006261289963731542,ok,0.1258946140005719,7,False,
nan,nan,nan,0.0,nan,0.3412374370091129,5.40271425156423,0.5032738385045749,2.102703873226532,0.29985955056179775,2.0,5.110533524144145e-12,1.932038368114108e-11,2.9342517598008144,0.26273151758475466,1.3241366374504737,0.17989417989417988,0.28612468178697303,0.038057035615140955,0.5320567060346999,5.40271425156423,0.4773967706174422,2.0378812663309165,star,3007,0.8246266134631769,0.0,0.16,0.07455490640747825,0.08400462366373516,0.0957950577431824,0.0990100263615912,0.8067601062399002,0.22319965207339132,0.1446412902083425,0.22319965207339132,0.22319965207339132,0.08800000000000001,74,False,18.219609434938317,0.2656957306309045,near_boundary_interior,-0.6253106680311513,0.23715149736382163,29.455090723141456,54,0.08800000000000005,12.357170113380965,0.04576000000000004,0.17513974124459303,0,60,8,1613,0,57,57,49,1613,117,0.28580285182889026,ccpfm,5.40271425156423,0.4773967706174422,2.0378812663309165,1.0,0.28580285182889026,1.3322676295501878e-13,7.208200702990553e-10,7.217778597023994e-10,4.5755105260170126e-10,2.8864069467893216e-10,3.5758207506120243e-10,2.135500665190193e-10,0.07112170146732472,0.08419873470173748,0.10189611850586984,0.10450127093173642,0.0003686580021167174,ok,0.3416060950112296,7,False,
,,,,,0.19889050400524866,,,,,2.0,0.0,0.0,,,,,,,0.0,,,,star,3007,0.8306976182370294,0.0,0.1,0.12479531271855603,0.0855536181912649,0.14503921463555217,0.1844896128248888,1.0,1.066305839003232,0.172197189113316,1.066305839003232,1.066305839003232,0.055000000000000035,115,False,159.72472498238972,0.018204787844417886,near_boundary_interior,-0.7831409257838237,0.510723290677701,204.63444648019615,23,0.1634830470001376,112.73040043490258,0.037260844920742144,0.01296080599276538,,95,54,0,,142,142,88,,237,0.0,wls,,,,,,1.0480505352461478e-13,5.3290705182007514e-14,2.886579864025407e-14,7.72715225139109e-14,2.4868995751603507e-14,3.197442310920451e-14,9.547918011776346e-14,0.16173244577959234,0.08678683783563994,0.20894267716206044,0.25656326594988393,0.0009649129933677614,ok,0.19985541699861642,7,False,
,,,,,0.27020532700407784,,,,,2.0,0.0,0.0,,,,,,,0.0,,,,star,3007,0.9363457265925887,0.0,0.08,0.13925747789787496,0.05103956066255799,0.15647921648621593,0.2389075342336148,1.0,1.8587618513698159,0.22417215341616414,1.8587618513698159,1.8587618513698159,0.04400000000000007,144,False,251.3318763210176,0.011697833554594405,near_boundary_interior,-0.7565095719141108,0.5803991501298414,364.1998152080757,23,0.15372325109528304,171.89177044375606,0.029826002731608996,0.007472525455688685,,119,109,0,,228,228,119,,347,0.0,wls,,,,,,1.1191048088221578e-13,5.950795411990839e-14,3.7414515929867775e-14,6.661338147750939e-14,4.39648317751562e-14,6.394884621840902e-14,1.1368683772161603e-13,0.19714500841347934,0.05268519317736632,0.2432109361431563,0.33285120496006726,0.0015729979932075366,ok,0.2717783249972854,7,False,
nan,nan,nan,0.0,nan,0.5571214290102944,5.444801603168696,0.5449168284389836,1.9265554098133573,0.3123644251626898,2.0,9.92255236309525e-12,4.256151180981594e-11,2.6709240014674265,0.2912035380431793,1.4967895585055229,0.23063973063973064,0.29266784562836307,0.03902121161572153,0.5305372422804986,5.444801603168696,0.4883682097007158,1.7967855547763156,star,3007,0.6699094462144316,0.0,0.12,0.06313028053211885,0.06620392387922126,0.07567099452772866,0.08212493672116548,0.763447874739629,0.21349143691296213,0.15150163069627243,0.21349143691296213,0.21349143691296213,0.066,99,False,16.746723193714555,0.27275458388760876,near_boundary_interior,-0.6052276252050963,0.18229539949497314,32.78400712018066,58,0.17755837559067242,10.27233897552195,0.043890827050049055,0.16679691560639656,0,80,32,2899,0,103,103,71,2899,183,0.29561917902725077,ccpfm,5.444801603168696,0.4883682097007158,1.7967855547763156,1.0,0.29561917902725077,4.547473508864641e-13,1.752314293668178e-09,1.7654062656191627e-09,1.2192336029670514e-09,9.346487472861043e-10,1.5360509530992772e-09,1.0792667870518358e-09,0.06120650441903489,0.06421808072402037,0.08158390888872757,0.08830121631442238,0.0007011119887465611,ok,0.5578225409990409,7,False,
,,,,,0.05628104499191977,,,,,2.0,0.0,0.0,,,,,,,0.0,,,,star,3008,0.9747697942170637,0.0,0.2,0.982711585394467,0.5852455550835965,1.36936681502674,1.45629593915103,1.0,7.703540524886898,0.7131404627612637,7.703540524886898,7.703540524886898,0.10999999999999999,66,False,39.01660098987817,0.07694175163279046,near_boundary_interior,0.30413942001062766,-0.8248744727342502,46.804255524505415,23,0.11000000000000003,38.77940673139706,0.05720000000000003,0.05076198088555046,,48,3,0,,36,36,33,,84,0.0,wls,,,,,,1.7763568394002505e-14,7.105427357601002e-15,3.552713678800501e-15,1.1018963519404679e-14,9.735268147181841e-15,5.773159728050814e-15,1.2989609388114332e-14,1.1601576657515231,0.5935953499292848,1.7721701071298772,1.8422981503792526,0.0002213970001321286,ok,0.0565024419920519,8,False,
nan,nan,nan,0.0,nan,1.243604248011252,5.932049283606431,0.6406811071562606,2.039933787465701,0.3505801191596112,2.0,3.527781886059067e-11,1.7676601257214018e-10,2.5419469782184425,0.34815187807706444,1.5539310234417965,0.27319587628865977,0.2871823024508976,0.04887794235218637,0.5665567290524434,5.932049283606431,0.5208113687612691,1.82958711947167,star,3006,0.38030738777961925,0.0,0.08,0.02190759435726556,0.024652653514565574,0.024574784215962434,0.02444946562782262,0.7373720746742489,0.07558810403828686,0.07558810403828686,0.07558810403828686,0.07447082086333134,0.16242516159873743,215,False,8.881585945276262,0.30157947881103087,interior_core,-0.44961109342032224,0.14300364738106353,28.77441453127906,49,0.1538511729797993,9.440431612546051,0.029826002731608615,0.17319898524185084,0,119,111,4935,0,227,227,116,4935,346,0.3232016210739615,ccpfm,5.932049283606431,0.5208113687612691,1.82958711947167,1.0,0.3232016210739615,6.750155989720952e-13,6.173431543743391e-09,5.761137567006358e-09,5.773037159428895e-09,3.589487374000555e-09,4.6480117532610166e-09,4.48207959635738e-09,0.019975479044181472,0.02494994324552475,0.024661661020461353,0.024382613730507943,0.0018645800009835511,ok,1.2454688280122355,6,False,
nan,nan,nan,0.0,nan,0.22522183299588505,6.309768411414975,0.511964466670567,2.1227156948192323,0.30466321243523314,2.0,3.1074175350920274e-12,1.1852196099464072e-11,2.159302180575496,0.08769016381155131,0.6680399871619327,0.07142857142857142,0.24714333309231074,0.03384176140714924,0.5179939429448888,6.309768411414975,0.42099818732035804,2.0640118857520564,star,3008,0.864521429839441,0.0,0.2,0.09225353166017002,0.12731217995320185,0.1285513742811389,0.12874886623752826,0.8423782865981335,0.2370567148726842,0.17340909080302896,0.2370567148726842,0.2370567148726842,0.11000000000000006,60,False,15.604265730265084,0.33376770961320984,near_boundary_interior,-0.5470711752408862,-0.18358034994141717,31.734151192916464,50,0.11000000000000003,14.904757187043833,0.05720000000000003,0.16015571083531324,0,48,3,1049,0,36,36,33,1049,84,0.2859866539561487,ccpfm,6.309768411414975,0.42099818732035804,2.0640118857520564,1.0,0.2859866539561487,9.414691248821327e-14,1.968243346084364e-10,1.4956880178829124e-10,1.6181408990512125e-10,8.925488820255012e-11,1.3202350324093004e-10,1.499853574671306e-10,0.08475469389456144,0.1250118673068814,0.1294649334248798,0.12986218599764254,0.00037558400072157383,ok,0.22559741699660663,8,False,
,,,,,0.05710865500441287,,,,,2.0,0.0,0.0,,,,,,,0.0,,,,star,3008,0.8651643273319664,0.0,0.16,0.3710631421074493,0.39168595512498894,0.47541769753646024,0.49398345275069333,1.0,2.5978799954061054,0.6914578411222712,2.5978799954061054,2.5978799954061054,0.08800000000000005,66,False,62.03830383771208,0.04812352500784339,near_boundary_interior,0.32811991510654137,0.8286748229899237,81.55191355390184,23,0.08800000000000005,56.471973342390356,0.04576000000000004,0.02911798456826166,,60,7,0,,58,58,51,,118,0.0,wls,,,,,,2.353672812205332e-14,1.2434497875801753e-14,1.0658141036401503e-14,2.2148949341271873e-14,1.7319479184152442e-14,7.993605777301127e-15,1.8540724511240114e-14,0.4404838171771876,0.38868778242040847,0.6282853952460254,0.6543597357391646,0.0009009359928313643,ok,0.05800959099724423,8,False,
nan,nan,nan,0.0,nan,0.8097734420007328,6.475142564780776,0.5972764570039027,2.0312222201411725,0.31758034026465026,2.0,1.141274748317489e-11,5.2218313871835386e-11,2.469593664065754,0.28766341210559165,1.5369590029775764,0.24233983286908078,0.2692823723682054,0.03936472810131836,0.5436042680748483,6.475142564780776,0.5168268073582455,1.86861796147785,star,3007,0.596854941978385,0.0,0.1,0.060840549181109226,0.06436242064938466,0.07070991112562575,0.07623943792875854,0.7727728622637938,0.20944623775385351,0.20944623775385351,0.20944623775385351,0.19285143413865174,0.2011052106163868,197,False,9.21311804008829,0.33445399896556316,interior_core,-0.46254142360183365,-0.22697309480653152,34.32597893063916,63,0.1634830470001376,10.017062551715279,0.037260844920742144,0.16392890213084227,0,95,54,4251,0,142,142,88,4251,237,0.2985179957657022,ccpfm,6.475142564780776,0.5168268073582455,1.86861796147785,1.0,0.2985179957657022,6.092903959142859e-13,2.083397010466115e-09,2.136197441160448e-09,1.4137517823087364e-09,1.1050482751073787e-09,1.865177567950127e-09,1.3679679611300344e-09,0.05743243216499669,0.0626015164150637,0.07419714748416319,0.08048979878591686,0.0015481290029129013,ok,0.8113215710036457,7,False,
,,,,,0.16978736101009417,,,,,2.0,0.0,0.0,,,,,,,0.0,,,,star,3008,0.8654729358533602,0.0,0.12,0.18497608699806103,0.1256069379524629,0.22321292485599906,0.27381053416097223,1.0,1.823465717459021,0.2737735311692125,1.823465717459021,1.823465717459021,0.06599999999999998,88,False,100.54223666815813,0.029794474481020603,near_boundary_interior,0.3325788237646691,0.8585999531986871,142.362972907336,23,0.17521396828433808,83.6898668868599,0.043890827050047904,0.018468616595833574,,80,29,0,,96,96,67,,176,0.0,wls,,,,,,4.796163466380676e-14,2.1316282072803006e-14,1.2434497875801753e-14,3.341771304121721e-14,1.8318679906315083e-14,1.2656542480726785e-14,3.708144902248023e-14,0.23278228407035106,0.1276568501047047,0.31518870261773496,0.367817773725318,0.0008808559941826388,ok,0.1706682170042768,8,False,
nan,nan,nan,0.0,nan,0.3205628089926904,6.385580508593624,0.5215507686273555,2.004730874455574,0.29763560500695413,2.0,4.970208272725429e-12,2.0767277980555296e-11,2.7795490115549577,0.27022557672881914,1.367092891410877,0.20812182741116753,0.2779375329439467,0.03856998287078433,0.5338288464630361,6.385580508593624,0.4936395376427572,1.956447888224914,star,3008,0.9642719911014951,0.0,0.16,0.06297670389189966,0.034219378047426925,0.08068772175182123,0.08851053871820383,0.8126553414137196,0.20804888512733666,0.06384148401025105,0.20804888512733666,0.20804888512733666,0.08799999999999998,76,False,14.245366872796122,0.3126772644265528,near_boundary_interior,-0.5447280326474833,-0.1485706795091492,28.30272487676976,56,0.08800000000000005,12.012879623789786,0.04576000000000004,0.18189897230429292,0,60,7,1635,0,58,58,51,1635,118,0.2868501529051988,ccpfm,6.385580508593624,0.4936395376427572,1.956447888224914,1.0,0.2868501529051988,1.2789769243681803e-13,5.4333315624433e-10,5.133875546903255e-10,3.398969716794653e-10,2.806510995823075e-10,5.724141161067564e-10,3.624976985250328e-10,0.06471360716670305,0.033844983447865185,0.09230444495574475,0.09763357186047955,0.000403564001317136,ok,0.32096637299400754,8,False,
,,,,,0.1886996969988104,,,,,2.0,0.0,0.0,,,,,,,0.0,,,,star,3008,0.9048875745727788,0.0,0.1,0.17307203712351257,0.08659299280095449,0.20039520070143926,0.27215376134890634,1.0,2.003421585770411,0.2328532804793746,2.003421585770411,2.003421585770411,0.05500000000000001,125,False,167.17714787176493,0.01720002890760407,near_boundary_interior,-0.7277305686804616,-0.5869891044016194,216.4365427699319,23,0.1621905684019837,116.454811496137,0.03726084492074218,0.01151729411330117,,95,57,0,,145,145,88,,240,0.0,wls,,,,,,8.926193117986259e-14,3.6415315207705135e-14,2.4424906541753444e-14,5.062616992290714e-14,2.6256774532384952e-14,1.9761969838327786e-14,4.440892098500626e-14,0.23634112639257857,0.08767753241585999,0.30406114092380043,0.38387278600531755,0.0009155680018011481,ok,0.18961526500061154,8,False,
nan,nan,nan,0.0,nan,0.5544623379973928,5.374803248803359,0.5321579049811993,1.8935538594474572,0.3169154228855721,2.0,9.767808090144214e-12,3.7858207947871096e-11,2.4473627152894393,0.2748292574137805,1.4558057853466582,0.20815450643776823,0.29142640692016547,0.03857376006908638,0.521989075287735,5.374803248803359,0.47561554977916043,1.8026598123357258,star,3008,0.7067216133768833,0.0,0.12,0.05537039496841127,0.055515065793247394,0.06681613830149043,0.07406442008144362,0.7676047632689429,0.18792255984670897,0.15703890769441076,0.18792255984670897,0.18792255984670897,0.066,99,False,16.572197470728305,0.26386497156399746,near_boundary_interior,-0.6052276252050963,0.18229539949497314,34.15375316727846,54,0.17521396828433808,9.933104759197926,0.043890827050047904,0.15161248181641113,0,80,29,2476,0,96,96,67,2476,176,0.2964458804523425,ccpfm,5.374803248803359,0.47561554977916043,1.8026598123357258,1.0,0.2964458804523425,3.3217872896784684e-13,1.3812406773894281e-09,1.4017407234945267e-09,8.972729226286447e-10,8.731916543991414e-10,1.348434364167872e-09,9.871858885901474e-10,0.0545475776283591,0.05653004889352481,0.07385776925544177,0.0802052759283926,0.0007659660041099414,ok,0.5552283040015027,8,False,
,,,,,0.3256985180050833,,,,,2.0,0.0,0.0,,,,,,,0.0,,,,star,3008,0.9352798694718932,0.0,0.08,0.1307221040215232,0.047554933301498514,0.14692920775583304,0.22985132225289828,1.0,1.7316396553798215,0.17090577566068987,1.7316396553798215,1.7316396553798215,0.044000000000000004,157,False,275.46246754311875,0.010617077331648413,near_boundary_interior,-0.7565095719141083,-0.5803991501298438,343.19998531996214,23,0.160609328848906,172.5154820853626,0.029826002731608233,0.007526001723156702,,119,113,0,,226,226,113,,345,0.0,wls,,,,,,1.0835776720341528e-13,5.639932965095795e-14,3.8191672047105385e-14,8.881784197001252e-14,4.6629367034256575e-14,3.3306690738754696e-14,9.059419880941277e-14,0.18110498370469244,0.047303860836807946,0.22376168795619772,0.3128912442749805,0.002279537991853431,ok,0.32797805599693675,8,False,
,,,,,0.05194617999950424,,,,,2.0,0.0,0.0,,,,,,,0.0,,,,star,3009,0.9642296538781595,0.0,0.2,0.8489813296257303,0.7434227241625043,1.1652274755063514,1.198047793249772,1.0,4.757144667323505,0.7791776285034331,4.757144667323505,4.757144667323505,0.11000000000000003,52,False,38.35225643897325,0.07686105999199673,near_boundary_interior,0.3374840457948018,0.7479494562408507,48.92318043960031,23,0.11000000000000003,36.44718063930341,0.05720000000000003,0.04960264329193769,,48,2,0,,37,37,35,,85,0.0,wls,,,,,,1.84297022087776e-14,5.773159728050814e-15,4.218847493575595e-15,1.2545520178264269e-14,4.145989107584569e-15,4.884981308350689e-15,1.2045919817182948e-14,0.9944362158604675,0.7418142520551635,1.5072508348633815,1.5395380676512869,0.00023440399672836065,ok,0.0521805839962326,9,False,
nan,nan,nan,0.0,nan,1.170948685001349,5.415167276875977,0.6211745534413703,2.0155750364786273,0.35687732342007433,2.0,3.53262627483808e-11,1.7092531901149708e-10,2.2899215650721754,0.35287960079256403,1.554699129750664,0.26881720430107525,0.26202764131801703,0.04858192353322742,0.5684917442971756,5.415167276875977,0.518366438229767,1.8009305677997463,star,3007,0.317813088151637,0.0,0.08,0.023882029204565742,0.028654810189921293,0.02683547967723463,0.023869884548886895,0.732172331623402,0.07726789550390306,0.07433441400829602,0.07726789550390306,0.07726789550390306,0.04400000000000004,149,False,16.731828476916377,0.26091207246466197,near_boundary_interior,-0.6032263681707651,0.1479045430654605,29.119007121620697,50,0.15372325109528304,9.478621909830213,0.029826002731608996,0.1719188428357011,0,119,109,4995,0,228,228,119,4995,347,0.3257257257257257,ccpfm,5.415167276875977,0.518366438229767,1.8009305677997463,1.0,0.3257257257257257,8.455458555545192e-13,6.6315681834794304e-09,6.005886454829579e-09,5.889569720807231e-09,3.3877860516895453e-09,3.90624066426426e-09,4.262343367145149e-09,0.021742887811432972,0.029273506953284827,0.02682344403051431,0.024364025916367337,0.0033125509944511577,ok,1.1742612359958002,7,False,
,,,,,0.069234096998116,,,,,2.0,0.0,0.0,,,,,,,0.0,,,,star,3009,0.952796228929427,0.0,0.16,0.6920722975340363,0.39109313093669745,0.885320168325324,0.9925082369750255,1.0,6.5921602747248444,0.778096877422199,6.5921602747248444,6.5921602747248444,0.08800000000000005,66,False,58.50228638886785,0.05254045969901003,near_boundary_interior,0.32811991510654137,0.8286748229899237,90.38721722018994,23,0.08800000000000006,55.976403111037676,0.04576000000000004,0.027391537465876692,,60,9,0,,59,59,50,,119,0.0,wls,,,,,,4.3076653355456074e-14,1.1546319456101628e-14,6.217248937900877e-15,1.8096635301390052e-14,9.63812363252714e-15,8.43769498715119e-15,3.375077994860476e-14,0.8735782497458555,0.38855133479873466,1.2406500213498994,1.3375708339754568,0.0004009709955425933,ok,0.0696350679936586,9,False,
nan,nan,nan,0.0,nan,0.1801052399969194,4.034817260025057,0.45985811856305847,2.1504403439206032,0.32063492063492066,2.0,2.819702804579549e-12,1.0705269003872779e-11,1.8614960700545509,0.1422952499970711,1.0401908476491435,0.12222222222222222,0.2232070309249608,0.03432505904175575,0.5275050605688126,4.034817260025057,0.4191403511128575,2.0875286972672966,star,3009,0.9053399962592007,0.0,0.2,0.10998572084767325,0.15667355048608808,0.15095547967065265,0.15039310341739823,0.83050026365397,0.31322281047447975,0.20593049143176978,0.31322281047447975,0.31322281047447975,0.2512432296558448,84,False,11.04658250417955,0.2897070022528918,near_boundary_interior,-0.45945202255163625,-0.36277583431109345,26.740847381694003,51,0.11000000000000003,14.461557873616417,0.05720000000000003,0.17583060856345817,0,48,2,1035,0,37,37,35,1035,85,0.3033816425120773,ccpfm,4.034817260025057,0.4191403511128575,2.0875286972672966,1.0,0.3033816425120773,7.72715225139109e-14,1.7070256319584587e-10,1.715735331586643e-10,1.5959947252675022e-10,8.161070430556805e-11,1.016304818080016e-10,6.999645307814717e-11,0.09458477030870072,0.15895638715540913,0.14336060145375257,0.14241783894931154,0.0002983169979415834,ok,0.180403556994861,9,False,
,,,,,0.11261695700522978,,,,,2.0,0.0,0.0,,,,,,,0.0,,,,star,3009,0.8044761657691094,0.0,0.12,0.1906616556770463,0.1662561166841249,0.2291613164852197,0.25926021228663126,1.0,1.6420964793865478,0.4230240497878046,1.6420964793865478,1.6420964793865478,0.066,81,False,117.77700612456165,0.024936240863891596,near_boundary_interior,0.8791552635756316,0.09795156282756037,149.6369092226936,23,0.17944498437235068,88.71164307201462,0.043890827050048924,0.017752396349073486,,80,28,0,,102,102,74,,182,0.0,wls,,,,,,6.52811138479592e-14,2.3092638912203256e-14,1.3322676295501878e-14,3.730349362740526e-14,1.4765966227514582e-14,2.142730437526552e-14,4.196643033083092e-14,0.2259389240263415,0.16847436016993128,0.30180516252638506,0.3388387810066672,0.0008255599968833849,ok,0.11344251700211316,9,False,
nan,nan,nan,0.0,nan,0.7874922569899354,6.714082074750683,0.5802389355137809,2.0623826239847203,0.31816590829541475,2.0,1.0967417946039504e-11,4.9478720100828384e-11,2.4624626207546596,0.27708952206120396,1.5196270867752166,0.2619961612284069,0.27804618721267294,0.04098545645556702,0.5466880473032263,6.714082074750683,0.5126678879504405,1.8485672469033803,star,3008,0.5319368448513051,0.0,0.1,0.05501965783621472,0.06106710460822601,0.06370570057336476,0.06633428383692792,0.7729663823910593,0.17353268599681043,0.15355688050855348,0.17353268599681043,0.17353268599681043,0.05500000000000003,118,False,15.834401810024408,0.279883874439903,near_boundary_interior,-0.6196603863066787,0.18169060603766468,34.85031647756051,58,0.1621905684019837,9.918440475344418,0.03726084492074218,0.15125557290060823,0,95,57,3899,0,145,145,88,3899,240,0.3031546550397538,ccpfm,6.714082074750683,0.5126678879504405,1.8485672469033803,1.0,0.3031546550397538,6.057376822354854e-13,1.8796511014329553e-09,1.9074031243349054e-09,1.2980545527341292e-09,8.242471150055053e-10,1.33608191177359e-09,9.596590189175913e-10,0.05219933002862366,0.0614053362205983,0.0671562672405868,0.07063186734690365,0.001889171006041579,ok,0.789381427995977,8,False,
nan,nan,nan,0.0,nan,0.30350534500030335,5.072623686597019,0.5329884534450142,2.028274101445396,0.3083916083916084,2.0,4.376415462664651e-12,2.2839414880622955e-11,2.9649682279312786,0.291813245317273,1.4384946988522618,0.1951219512195122,0.269349975795529,0.039193205370118306,0.5344621155866738,5.072623686597019,0.4906321239932905,1.950902350925769,star,3009,0.9248004469718173,0.0,0.16,0.06640349276968972,0.047362970009051555,0.08494539025145696,0.09382046441714235,0.794949223889652,0.22356393435239857,0.09992501667546116,0.22356393435239857,0.22356393435239857,0.08799999999999998,76,False,13.945517720846105,0.316166036011234,near_boundary_interior,-0.5447280326474833,-0.1485706795091492,28.605737981679155,57,0.08800000000000006,11.447021544048141,0.04576000000000004,0.17896487239177028,0,60,9,1635,0,59,59,50,1635,119,0.2941896024464832,ccpfm,5.072623686597019,0.4906321239932905,1.950902350925769,1.0,0.2941896024464832,1.3589129821411916e-13,4.997080527147091e-10,5.010097892110821e-10,3.214122301642419e-10,3.8498743082371334e-10,4.456477409320314e-10,2.720610403628143e-10,0.0662064749505488,0.047934197237546355,0.09402599547870626,0.10009327613148325,0.0004383060004329309,ok,0.3039436510007363,9,False,
,,,,,0.21702891599852592,,,,,2.0,0.0,0.0,,,,,,,0.0,,,,star,3009,0.99487419055221,0.0,0.1,0.8095166600292516,0.0946288313974639,0.9421156057892741,1.3397902252459752,1.0,11.419962862103656,0.27229180286648313,11.419962862103656,11.419962862103656,0.05499999999999997,124,False,169.6521361185044,0.017014456416603003,near_boundary_interior,-0.7831409257838239,-0.5107232906777002,219.40544980440387,23,0.16448919376671303,114.87104632810954,0.03726084492074218,0.012562973607812474,,95,57,0,,145,145,88,,240,0.0,wls,,,,,,8.881784197001252e-14,2.708944180085382e-14,3.064215547965432e-14,7.815970093361102e-14,3.5638159090467525e-14,1.7763568394002505e-14,5.5788706987414116e-14,1.140143006637465,0.09548993982501353,1.4668339307084126,1.881315163201218,0.0008000660018296912,ok,0.2178289820003556,9,True,linf_large
,,,,,0.2983387970016338,,,,,2.0,0.0,0.0,,,,,,,0.0,,,,star,3009,0.7883713179142164,0.0,0.08,0.07265444792177993,0.04768370553391359,0.08138876035646436,0.11670018099341128,1.0,1.1119545775622617,0.1310907202403647,1.1119545775622617,1.1119545775622617,0.044000000000000004,157,False,276.8048868977651,0.01072627093489015,near_boundary_interior,-0.7565095719141083,-0.5803991501298438,357.7244374191885,23,0.15542357168461246,175.55896066744228,0.029826570309324785,0.007506182615219825,,119,115,0,,232,232,117,,351,0.0,wls,,,,,,1.234568003383174e-13,4.618527782440651e-14,4.8405723873656825e-14,8.881784197001252e-14,3.9968028886505635e-14,4.263256414560601e-14,9.14823772291129e-14,0.09642250872591644,0.0479778341202808,0.11860090215862465,0.16009177445806355,0.0016491669957758859,ok,0.2999879639974097,9,False,
nan,nan,nan,0.0,nan,0.5663392760034185,4.952231056219699,0.5393764328519313,1.9275286766896986,0.31322393822393824,2.0,1.2419419659348563e-11,4.133296387565932e-11,2.3672634571398117,0.25973199733391483,1.4976345933404636,0.2403846153846154,0.2915538042408315,0.0404219315071048,0.5307473056228288,4.952231056219699,0.47865839792198217,1.8060460728872008,star,3009,0.8354413510917015,0.0,0.12,0.05459394389526837,0.04367362545073054,0.06561791363204919,0.07565164468687645,0.7705715651477283,0.17691477505848885,0.12856199488467002,0.17691477505848885,0.17691477505848885,0.066,99,False,15.697243421338337,0.27202717269198917,near_boundary_interior,-0.6052276252050963,0.18229539949497314,34.038130312313186,53,0.17944498437235068,9.795336896025074,0.043890827050048924,0.15232590314669384,0,80,28,2592,0,102,102,74,2592,182,0.2986111111111111,ccpfm,4.952231056219699,0.47865839792198217,1.8060460728872008,1.0,0.2986111111111111,3.2862601528904634e-13,1.568233320980994e-09,1.583812636596349e-09,1.0525411653361516e-09,8.32386326532486e-10,1.1906270414030473e-09,8.53733084227315e-10,0.05394317486609265,0.04405830837066519,0.07205632552163625,0.080138719750614,0.0007393429987132549,ok,0.5670786190021317,9,False,
,,,,,0.06427900199196301,,,,,2.0,0.0,0.0,,,,,,,0.0,,,,annulus,4000,1.0,0.0,0.2,0.6352892980722931,nan,0.8684401503281136,0.8684401503281136,1.0,2.4146878404562004,nan,2.4146878404562004,2.4146878404562004,0.10999999999999999,57,False,45.10149690679135,0.057238759732236445,near_boundary_interior,0.5231288745403727,0.7200251249936511,49.25813489042546,23,0.11000000000000004,36.40583949069638,0.05720000000000003,0.051354549251069304,,54,0,0,,49,49,49,,103,0.0,wls,,,,,,1.454392162258955e-14,9.325873406851315e-15,9.658940314238862e-15,1.199040866595169e-14,8.737802148495177e-15,5.329070518200751e-15,9.395262345890387e-15,0.6499247415759165,nan,0.9422879611035084,0.9422879611035084,0.0003492679970804602,ok,0.06462826998904347,0,False,
nan,nan,nan,0.0,nan,1.2174419919901993,5.922764194590189,0.5993082062359658,2.0381922048996794,0.3510506798516687,2.0,3.983238738847206e-11,1.8880323283103363e-10,2.2849842189139418,0.34585562370299894,1.5041642210761688,0.2675974403723095,0.28489135571050817,0.04786962634803725,0.5687168386031529,5.922764194590189,0.5149519526756414,1.8081031033099557,star,3008,0.4780410471167251,0.0,0.08,0.02191190116329467,0.02263732422807507,0.024628568385167027,0.027544813640767815,0.7423440099330088,0.08005230891216725,0.06293813578129426,0.08005230891216725,0.08005230891216725,0.11763109965193877,213,False,10.475276247414937,0.28588235841692755,near_boundary_interior,-0.48477535089947027,0.11301383813764099,29.28740538353647,49,0.160609328848906,9.599300975814746,0.029826002731608233,0.1719144840537137,0,119,113,4955,0,226,226,113,4955,345,0.32209889001009084,ccpfm,5.922764194590189,0.5149519526756414,1.8081031033099557,1.0,0.32209889001009084,1.021405182655144e-12,7.81763720425488e-09,6.267813379423615e-09,6.291503318323066e-09,3.310610452444962e-09,7.634664678235481e-09,6.804477870048231e-09,0.020489027108400004,0.022558727881207698,0.025314926163664084,0.027799186493945315,0.0018297630012966692,ok,1.219271754991496,8,False,
nan,nan,nan,0.0,nan,0.2764693420031108,7.556388043811021,0.27149897706412074,2.051996329207874,0.2495201535508637,2.0,2.468844573222384e-12,1.1231452645625778e-11,3.012784765616033,0.05334010845176485,1.8354693989250221,0.1592920353982301,0.21617646237991822,0.018928711860576486,0.4516794509796469,7.556388043811021,0.2457977661268381,2.0518077513934267,annulus,4000,1.0,0.0,0.2,0.19690101173616378,nan,0.2691635838204425,0.2691635838204425,0.9208347427513514,0.4643081944591941,nan,0.4643081944591941,0.4643081944591941,0.2201139193178348,87,False,15.587122418535555,0.33249973491242324,near_boundary_interior,-0.40258023071761934,0.39389892833591766,28.82447949948101,62,0.11000000000000004,13.817036998760873,0.05720000000000003,0.19329781744578792,0,54,0,1676,0,49,49,49,1676,103,0.24343675417661098,ccpfm,7.556388043811021,0.2457977661268381,2.0518077513934267,1.0,0.24343675417661098,1.021405182655144e-13,1.8245671640215733e-10,1.760026568931039e-10,1.1359824192425094e-10,9.87501191929141e-11,1.476434530189863e-10,9.279244039817058e-11,0.1691954106932405,nan,0.24530655377670607,0.24530655377670607,0.00041481399966869503,ok,0.2768841560027795,0,False,
nan,nan,nan,0.0,nan,0.7439196999912383,6.461946804703665,0.5972985029525036,1.9765656245478318,0.31872370266479666,2.0,1.3904953577448254e-11,5.510115649922468e-11,2.7484231272300783,0.29266426170094073,1.5585488560754297,0.25,0.2651015452022844,0.04079358968188905,0.5458866110785643,6.461946804703665,0.5133183923855195,1.8562695417909914,star,3009,0.6102013518497029,0.0,0.1,0.05316644045155712,0.054196870078537907,0.06187511107167104,0.06891299091492185,0.7759329651354213,0.21280444848093183,0.1544843517368113,0.21280444848093183,0.21280444848093183,0.05500000000000003,118,False,16.560752758023373,0.2634884271461721,near_boundary_interior,-0.6196603863066787,0.18169060603766468,35.00899133405542,58,0.16448919376671303,9.871775904674925,0.03726084492074218,0.1584028317546917,0,95,57,3868,0,145,145,88,3868,240,0.30067218200620477,ccpfm,6.461946804703665,0.5133183923855195,1.8562695417909914,1.0,0.30067218200620477,3.3217872896784684e-13,1.9883801272158053e-09,2.0444179682499453e-09,1.274798933081911e-09,1.1346824105307185e-09,1.4965519934406757e-09,1.0275176265395203e-09,0.051243589437453996,0.054517754288821545,0.06592667347917126,0.07236293742000623,0.001340681003057398,ok,0.7452603809942957,9,False,
,,,,,0.07678027699876111,,,,,2.0,0.0,0.0,,,,,,,0.0,,,,annulus,4000,1.0,0.0,0.16,0.39287608673621083,nan,0.49803210064580455,0.49803210064580455,1.0,1.8254585491187085,nan,1.8254585491187085,1.8254585491187085,0.10526578876554565,116,False,50.87538219123771,0.05255541000254771,near_boundary_interior,0.42552750699568925,0.16145079361448375,83.41816569936253,23,0.16658386351644563,53.034862270429294,0.05473821015808374,0.03225308686796371,,68,0,0,,77,77,77,,145,0.0,wls,,,,,,2.4868995751603507e-14,1.1546319456101628e-14,7.882583474838611e-15,1.7763568394002505e-14,1.1546319456101628e-14,6.772360450213455e-15,2.1094237467877974e-14,0.4439461008766332,nan,0.6092126105118926,0.6092126105118926,0.00047934000031091273,ok,0.07725961699907202,0,False,
,,,,,0.13355652200698387,,,,,2.0,0.0,0.0,,,,,,,0.0,,,,annulus,4000,0.7913985246521317,0.0,0.12,0.13614038941072007,0.13232035156475191,0.15995585326777115,0.17066863000458862,1.0,0.64303735019284,0.4073186928355632,0.64303735019284,0.64303735019284,0.06600000000000002,120,False,116.49320574459452,0.024201420251226513,near_boundary_interior,0.8670956117226822,-0.34713272110811383,147.3665861276149,23,0.18273874435666795,85.20721161739651,0.04948518887286821,0.01752056464665574,,89,32,0,,141,141,109,,230,0.0,wls,,,,,,4.618527782440651e-14,2.842170943040401e-14,2.4868995751603507e-14,4.973799150320701e-14,2.1538326677728037e-14,1.509903313490213e-14,3.2862601528904634e-14,0.14005742822279446,0.1332706429681161,0.17887947398567303,0.1902037796443791,0.001026159996399656,ok,0.13458268200338352,0,False,
nan,nan,nan,0.0,nan,0.3951252840051893,6.594600973747822,0.44915752350007665,1.4930321393260897,0.2444038373686615,2.0,2.03098649009803e-12,1.439730746097468e-11,2.9165680757471537,0.02631468579048327,0.44251215866308674,0.05581395348837209,0.28106558931425435,0.03035017198636024,0.5068839863345578,6.594600973747822,0.39259206588220963,1.4501519826977591,annulus,4000,1.0,0.0,0.16,0.15246125566685548,nan,0.19326856988840674,0.19326856988840674,0.7684272400155746,0.32562517516270184,nan,0.32562517516270184,0.32562517516270184,0.2548023793140673,132,False,9.46376811869037,0.2989584213530106,near_boundary_interior,0.4153767459499031,-0.4329140891703474,31.16491654790641,60,0.16658386351644563,11.057122191773253,0.05473821015808374,0.16539063323605022,0,68,0,2404,0,77,77,77,2404,145,0.22753743760399334,ccpfm,6.594600973747822,0.39259206588220963,1.4501519826977591,1.0,0.22753743760399334,2.1405099914773018e-13,2.370907914439613e-10,2.085078776303817e-10,1.7266876817245702e-10,1.690130257969713e-10,1.530031656926667e-10,1.32316824164036e-10,0.12774836647468518,nan,0.17530487524272612,0.17530487524272612,0.0006410979985957965,ok,0.3957663820037851,0,False,
,,,,,0.26293337300012354,,,,,2.0,0.0,0.0,,,,,,,0.0,,,,annulus,4000,0.5383356197048277,0.0,0.1,0.0833502017920785,0.09122087785038516,0.09563215136129516,0.09997256621891418,1.0,0.3258651681193794,0.2975282889003261,0.3258651681193794,0.3258651681193794,0.054999999999999966,143,False,158.60172243770455,0.01734666183854301,near_boundary_interior,0.8022892462817599,-0.49935648131946603,198.5969657880755,23,0.16967629363950176,109.62534509427633,0.04134677336616112,0.013178617996513648,,107,80,0,,195,195,115,,302,0.0,wls,,,,,,8.171241461241152e-14,3.219646771412954e-14,3.3306690738754696e-14,6.483702463810914e-14,2.7977620220553945e-14,2.930988785010413e-14,5.240252676230739e-14,0.08074777923937561,0.089723808534095,0.10048859007386435,0.1073423056881857,0.001384896007948555,ok,0.2643182690080721,0,False,
nan,nan,nan,0.0,nan,0.7410873519984307,4.343835332125272,0.6504205494129289,2.215302901870153,0.36772873428821984,2.0,5.577045769644684e-12,3.614686524727556e-11,1.7290644426292257,0.10416054195955211,0.8262936738530586,0.06097560975609756,0.22404560392096218,0.038777721368454976,0.545467619117647,4.343835332125272,0.5118903676729395,2.0699050478690975,annulus,4000,0.5801355137763485,0.0,0.12,0.11387313386504518,0.15702066545537924,0.13379331710817155,0.12222360655056802,0.7863905235728659,0.2630444106086546,0.2630444106086546,0.2630444106086546,0.2198238046121339,0.26547672355983465,178,False,8.326024770916474,0.34467699064738083,interior_core,-0.516899108609669,0.32215585283074294,21.352349705736675,61,0.18273874435666795,10.740221897749716,0.04948518887286821,0.20508078142637262,0,89,32,4159,0,141,141,109,4159,230,0.3132964654965136,ccpfm,4.343835332125272,0.5118903676729395,2.0699050478690975,1.0,0.3132964654965136,4.583000645652646e-13,7.95068011427702e-10,7.206941710080628e-10,6.423537257660428e-10,6.181641865055099e-10,7.066640606012697e-10,6.248281891885199e-10,0.0964128358867757,0.15784768852340758,0.12313718442308659,0.11090294392019696,0.001413444013451226,ok,0.7425007960118819,0,False,
,,,,,0.3433182260050671,,,,,2.0,0.0,0.0,,,,,,,0.0,,,,annulus,4000,0.2674564700995012,0.0,0.08,0.04697050529615688,0.056716489682839995,0.052273880195737754,0.043987063491362416,1.0,0.16232671057934828,0.14108812189707054,0.16232671057934828,0.16232671057934828,0.043999999999999984,138,False,261.3354970477716,0.010415138848451667,near_boundary_interior,0.8353999360338696,0.4648040449312589,317.45638813832835,23,0.16734240164635747,164.37457157561,0.038507163004557296,0.008255424592381901,,134,160,0,,305,305,145,,439,0.0,wls,,,,,,1.3145040611561853e-13,6.261657858885883e-14,4.929390229335695e-14,8.704148513061227e-14,5.728750807065808e-14,5.551115123125783e-14,1.1457501614131615e-13,0.043829060551894755,0.056737971912979294,0.05258289614551539,0.04757871893613805,0.002212684994447045,ok,0.34553091099951416,0,False,
,,,,,0.06244981200143229,,,,,2.0,0.0,0.0,,,,,,,0.0,,,,annulus,4001,1.0,0.0,0.2,0.5993187612019032,nan,0.8139922500832789,0.8139922500832789,1.0,1.6979564338794597,nan,1.6979564338794597,1.6979564338794597,0.10999999999999999,57,False,46.9964761352141,0.05405846960455213,near_boundary_interior,0.5231288745403727,0.7200251249936511,47.44828376173926,23,0.11000000000000004,37.886030272925275,0.05720000000000002,0.05405846960455213,,54,0,0,,49,49,49,,103,0.0,wls,,,,,,1.7763568394002505e-14,1.0436096431476471e-14,5.995204332975845e-15,1.454392162258955e-14,1.354472090042691e-14,1.0880185641326534e-14,1.559863349598345e-14,0.5918619075984551,nan,0.8581060459607646,0.8581060459607646,0.0004898329934803769,ok,0.06293964499491267,1,False,
nan,nan,nan,0.0,nan,1.3576178590010386,5.5023632069484405,0.6244462282509486,2.0418559959617357,0.3623232944068838,2.0,3.6578892692595844e-11,1.7781228178729238e-10,2.3320264946079847,0.37024014607365463,1.54201427979094,0.26082130965593786,0.2661290804171269,0.05061530761498288,0.5678849932262243,5.5023632069484405,0.5195368331834986,1.8118980538144418,star,3009,0.3205924597069188,0.0,0.08,0.025006439051998824,0.029406108812466254,0.028012642495925576,0.02561370589984359,0.7436008178397393,0.07561931989247374,0.07561931989247374,0.07561931989247374,0.07115476332581105,0.17368971554076557,209,False,8.631153968172336,0.3016721596183302,interior_core,0.016163126635631603,-0.4785331738929591,29.343919742615117,49,0.15542357168461246,9.560725605660163,0.029826570309324785,0.16834702739036222,0,119,115,5056,0,232,232,117,5056,351,0.32614715189873417,ccpfm,5.5023632069484405,0.5195368331834986,1.8118980538144418,1.0,0.32614715189873417,8.72191208145523e-13,6.577139721741787e-09,6.232470539657697e-09,5.512248435479705e-09,3.3994602688380837e-09,5.812615277989153e-09,5.523258295170308e-09,0.022432109009908045,0.029336417006836833,0.027591777076223553,0.025762079220462756,0.002929530994151719,ok,1.3605473899951903,9,False,
,,,,,0.0737557380052749,,,,,2.0,0.0,0.0,,,,,,,0.0,,,,annulus,4001,1.0,0.0,0.16,0.48399165247578346,nan,0.6137961297762637,0.6137961297762637,1.0,2.691935454362805,nan,2.691935454362805,2.691935454362805,0.088,89,False,57.12386983688269,0.0485399726638519,near_boundary_interior,0.48867403702078815,-0.7700270680578738,82.44615726808794,23,0.15003542173421439,51.202850284495966,0.06320793282237583,0.03138881357270169,,68,0,0,,76,76,76,,144,0.0,wls,,,,,,2.7200464103316335e-14,1.6431300764452317e-14,1.199040866595169e-14,2.1760371282653068e-14,1.915134717478395e-14,1.199040866595169e-14,1.6431300764452317e-14,0.5248227155998274,nan,0.7224155307076532,0.7224155307076532,0.0005811479932162911,ok,0.0743368859984912,1,False,
nan,nan,nan,0.0,nan,0.29364521100069396,6.1183779607851765,0.2823295944366313,2.037854050661319,0.2619647355163728,2.0,2.0134588440967605e-12,1.2223096825898136e-11,3.245719521559184,0.03045930355310114,0.7792922881841091,0.0851063829787234,0.20483095496231235,0.020561670523483535,0.44790310726238713,6.1183779607851765,0.2531505170000799,2.0173333582290183,annulus,4001,1.0,0.0,0.2,0.20087079557549836,nan,0.2728218795263688,0.2728218795263688,0.8948790502539556,0.48100454519443026,nan,0.48100454519443026,0.48100454519443026,0.31993034957944283,87,False,12.048575110855996,0.25737944895153947,near_boundary_interior,0.47783603527697877,-0.48396925934834356,29.65541501890914,63,0.11000000000000004,13.272367162617682,0.05720000000000002,0.19150674465349382,0,54,0,1682,0,49,49,49,1682,103,0.2520808561236623,ccpfm,6.1183779607851765,0.2531505170000799,2.0173333582290183,1.0,0.2520808561236623,1.4566126083082054e-13,2.107034546838804e-10,1.966495855043604e-10,1.1947531852740667e-10,1.2432055385147578e-10,2.0363399855227726e-10,1.346551758985015e-10,0.1741915837604803,nan,0.25255021359097046,0.25255021359097046,0.0004067379923071712,ok,0.29405194899300113,1,False,
,,,,,0.1787403079943033,,,,,2.0,0.0,0.0,,,,,,,0.0,,,,annulus,4001,0.7312607069166314,0.0,0.12,0.1518045067540682,0.15325061622818495,0.17812096324396784,0.19085156704122505,1.0,0.7052366750449883,0.38614900716555706,0.7052366750449883,0.7052366750449883,0.15070336333875153,168,False,82.37021446955065,0.03236220895431078,near_boundary_interior,-0.3465283669762236,0.7755941024117766,150.35670867605089,23,0.1792207977279583,83.61881270939057,0.049485188872874286,0.017707618228760318,,89,39,0,,144,144,105,,233,0.0,wls,,,,,,5.684341886080802e-14,2.6645352591003757e-14,1.6209256159527285e-14,3.907985046680551e-14,2.5646151868841116e-14,1.9317880628477724e-14,4.063416270128073e-14,0.15351208328295746,0.1543120110463044,0.19527168775076353,0.20844533233210844,0.0014859350048936903,ok,0.18022624299919698,1,False,
nan,nan,nan,0.0,nan,0.3968679850077024,6.232187105145923,0.44104445808979553,1.5731544955570358,0.23668341708542714,2.0,2.3780630242775658e-12,1.444468570887899e-11,3.403444320311713,0.024444210589303534,0.3267118731356238,0.022988505747126436,0.2962507528816612,0.03098946756138388,0.5034365257328663,6.232187105145923,0.3827767968912641,1.513068239090962,annulus,4001,1.0,0.0,0.16,0.13789251740113545,nan,0.17487469685266507,0.17487469685266507,0.7848231610263791,0.3272571685360056,nan,0.3272571685360056,0.3272571685360056,0.24468143499009729,124,False,9.95784936934515,0.28804189711149575,near_boundary_interior,0.3606554112139494,-0.46248599708467175,31.69186011109322,54,0.15003542173421439,10.607066433958606,0.06320793282237583,0.1612150871299633,0,68,0,2164,0,76,76,76,2164,144,0.21950092421441775,ccpfm,6.232187105145923,0.3827767968912641,1.513068239090962,1.0,0.21950092421441775,2.2737367544323206e-13,2.573852242448993e-10,9.315992421932151e-11,1.0680167861210066e-10,1.7326584611510043e-10,1.9024160025082892e-10,1.6748202824601321e-10,0.11486964618712307,nan,0.15811742507682372,0.15811742507682372,0.0006304749986156821,ok,0.39749846000631806,1,False,
nan,nan,nan,0.0,nan,1.0760550330014667,3.6991447641433988,0.6091367409134424,2.0639473155006867,0.3705533596837945,2.0,7.385959899242067e-12,5.3772872353860346e-11,2.750174378977119,0.29485254171504977,1.4440424001153702,0.21467181467181468,0.2914099979904261,0.04793272480819746,0.5587658503964945,3.6991447641433988,0.5019179510547134,1.892799209331881,annulus,4000,0.35114775268229365,0.0,0.1,0.05382870718876071,0.06984113101654163,0.06176055921615823,0.05214426167257937,0.7518809099629162,0.13455907173439968,0.1331232714281284,0.13455907173439968,0.13455907173439968,0.055000000000000014,154,False,16.335011281347764,0.2802655027040112,near_boundary_interior,-0.36489236674668685,-0.17572290481461336,26.282254073939402,46,0.16967629363950176,9.53702035883299,0.04134677336616112,0.16020279541925897,0,107,80,4331,0,195,195,115,4331,302,0.323943661971831,ccpfm,3.6991447641433988,0.5019179510547134,1.892799209331881,1.0,0.323943661971831,3.659295089164516e-13,1.2731682375033415e-09,8.159801723195415e-10,8.992735445190192e-10,1.1872760552478212e-09,9.247926868738432e-10,9.164988767906834e-10,0.0480663956103942,0.07021489491005495,0.05981742619202272,0.05135754933608968,0.001828217995353043,ok,1.0778832509968197,0,False,
,,,,,0.23141594299522694,,,,,2.0,0.0,0.0,,,,,,,0.0,,,,annulus,4001,0.5066824872820909,0.0,0.1,0.09275571783908923,0.10750689013692692,0.10639586429188636,0.10534658388368205,1.0,0.44302999711606184,0.44302999711606184,0.44302999711606184,0.3494163092120546,0.2932620036632614,285,False,104.61934230882221,0.023119919853831022,interior_core,0.5210337140727879,-0.37569984009441865,203.97748635839372,23,0.1745976380154976,109.6639896346488,0.04134677340172829,0.013050075850006889,,107,76,0,,194,194,118,,301,0.0,wls,,,,,,6.750155989720952e-14,2.5757174171303632e-14,2.3092638912203256e-14,4.3520742565306136e-14,3.275157922644212e-14,2.4424906541753444e-14,5.3734794391857577e-14,0.0889372154227979,0.10931601607390884,0.11078116057492522,0.11171463988757724,0.0014007610006956384,ok,0.23281670399592258,1,False,
,,,,,0.4077760340005625,,,,,2.0,0.0,0.0,,,,,,,0.0,,,,annulus,4001,0.2398928426608941,0.0,0.08,0.04987777837158472,0.06199043662247077,0.05555591497676922,0.04359990176457867,1.0,0.23762685061556899,0.23762685061556899,0.23762685061556899,0.20340060997272874,0.303730176155335,393,False,154.19909308504543,0.01602312215714874,interior_core,0.627231393133962,-0.30234198316883854,317.2297148092376,23,0.16376549608420965,165.6882343348561,0.03850677257911378,0.00839161983584726,,134,158,0,,309,309,151,,443,0.0,wls,,,,,,9.769962616701378e-14,4.8405723873656825e-14,4.529709940470639e-14,1.0302869668521453e-13,3.9745984281580604e-14,5.5289106626332796e-14,8.526512829121202e-14,0.04695379995008435,0.06299561322629521,0.05622032717765328,0.04812025581196643,0.0034542969951871783,ok,0.4112303309957497,1,False,
nan,nan,nan,0.0,nan,0.85355049399368,4.583127417181698,0.638851202918286,2.1893279170812763,0.3654292343387471,2.0,5.811517933551613e-12,3.645903769613806e-11,1.8996313032340082,0.11941027613170993,0.8712038023798553,0.07268170426065163,0.2190649648217514,0.037925933175208995,0.5453948111864624,4.583127417181698,0.5018073517254038,2.0373375443389676,annulus,4001,0.5143367082020459,0.0,0.12,0.10709073055449184,0.1453354300688178,0.12565571661037073,0.11291472676736275,0.7944255915422482,0.24494969057839988,0.23647348222188813,0.24494969057839988,0.24494969057839988,0.21660991196036594,170,False,10.3316190414941,0.3152950036039629,near_boundary_interior,0.5312901018755786,-0.5778446451681928,21.22274209144631,61,0.1792207977279583,10.660434993965044,0.049485188872874286,0.20713070020047677,0,89,39,4246,0,144,144,105,4246,233,0.3104097974564296,ccpfm,4.583127417181698,0.5018073517254038,2.0373375443389676,1.0,0.3104097974564296,3.765876499528531e-13,8.529621453590153e-10,7.763927278858773e-10,7.002518565002447e-10,6.644051975257526e-10,7.920046840581563e-10,6.891838211231516e-10,0.09141953535230002,0.14618163413138038,0.11628822031376904,0.10299843227302428,0.0017119390104198828,ok,0.8552624330040999,1,False,
,,,,,0.048563914009719156,,,,,2.0,0.0,0.0,,,,,,,0.0,,,,annulus,4002,1.0,0.0,0.2,0.6136939898346089,nan,0.8416025591983456,0.8416025591983456,1.0,2.128657644829438,nan,2.128657644829438,2.128657644829438,0.29898826558325947,94,False,30.317660466175848,0.07966275931520318,near_boundary_interior,0.5171292499854699,-0.47623339468384557,47.052459585645344,23,0.11000000000000003,36.305776986250144,0.05720000000000002,0.05303814799040839,,54,0,0,,47,47,47,,101,0.0,wls,,,,,,1.7985612998927536e-14,9.325873406851315e-15,9.103828801926284e-15,1.0436096431476471e-14,1.0658141036401503e-14,6.217248937900877e-15,1.865174681370263e-14,0.6213581185806688,nan,0.9108644136686976,0.9108644136686976,0.0003492419928079471,ok,0.0489131560025271,2,False,
nan,nan,nan,0.0,nan,1.646030283998698,4.061690357310172,0.6216493526573508,2.0822837559862224,0.36863966770508827,2.0,1.4810843523838102e-11,1.2299765262382423e-10,2.591502973622313,0.3461576063471539,1.5405825023653186,0.2571094663030775,0.33018260536106203,0.050548644774840314,0.5700223522572454,4.061690357310172,0.49750140796706216,1.8545627004452516,annulus,4000,0.2299661309774663,0.0,0.08,0.038211704446192145,0.047306271130835194,0.04252613523530949,0.03318192160288152,0.7435159691936714,0.09710247823447515,0.09710247823447515,0.09710247823447515,0.07796070237056063,0.25745174133964277,331,False,9.328617174439884,0.2941083926170594,interior_core,-0.5661890214696214,-0.21114267184705152,26.900209619740764,45,0.16734240164635747,9.408392324389398,0.038507163004557296,0.1561036943802778,0,134,160,6419,0,305,305,145,6419,439,0.32403801215142547,ccpfm,4.061690357310172,0.49750140796706216,1.8545627004452516,1.0,0.32403801215142547,8.171241461241152e-13,3.3379770059127623e-09,2.7458852969175496e-09,2.4612774041088414e-09,3.230247180852075e-09,2.022851219862787e-09,2.134688870114587e-09,0.03364162779443989,0.04697050794309988,0.04036076060509225,0.031496652842454974,0.0032417769980384037,ok,1.6492720609967364,0,False,
,,,,,0.06923274199652951,,,,,2.0,0.0,0.0,,,,,,,0.0,,,,annulus,4002,0.9968644510163903,0.0,0.16,0.49482916353273865,0.13898888079440214,0.6293405463133389,0.6495797764741909,1.0,2.654996627998794,0.16524590913110002,2.654996627998794,2.654996627998794,0.08800000000000002,70,False,63.285357561970514,0.04481587700141858,near_boundary_interior,0.7991916922000271,0.43935935078072164,80.27634525390502,23,0.19437569277000177,48.95253775082674,0.06320793282237706,0.03426473875150402,,68,3,0,,73,73,70,,141,0.0,wls,,,,,,2.6645352591003757e-14,1.2434497875801753e-14,1.3100631690576847e-14,2.4868995751603507e-14,1.8318679906315083e-14,8.548717289613705e-15,1.9539925233402755e-14,0.5502552789030482,0.13737781049493572,0.7647374242402587,0.7804347227942487,0.00043292999907862395,ok,0.06966567199560814,2,False,
nan,nan,nan,0.0,nan,0.3096112710045418,6.09246644057441,0.29852876182306587,2.0127463486175206,0.25106685633001424,2.0,2.0630372410401776e-12,1.0958588158836474e-11,2.45672920629387,0.018303605772674085,0.7540318877657165,0.07575757575757576,0.18823213620002469,0.021216076542852604,0.42932183474370833,6.09246644057441,0.26586475893020745,1.993889679872448,annulus,4002,1.0,0.0,0.2,0.18680135467786857,nan,0.2561740880026883,0.2561740880026883,0.9273020480832707,0.4385358065325494,nan,0.4385358065325494,0.4385358065325494,0.2995507591564095,91,False,11.925409232865507,0.23623663334246353,near_boundary_interior,-0.5344768112422034,-0.4623016529963613,28.54751008747503,59,0.11000000000000003,13.529329889673422,0.05720000000000002,0.18770779036402957,0,54,0,1472,0,47,47,47,1472,101,0.24320652173913043,ccpfm,6.09246644057441,0.26586475893020745,1.993889679872448,1.0,0.24320652173913043,1.2589929099249275e-13,1.5353318616462275e-10,1.4294676553561203e-10,8.368891690757607e-11,8.873546342158534e-11,1.5511070206031263e-10,9.379075294191352e-11,0.1589607016381169,nan,0.2330244700507125,0.2330244700507125,0.00035170000046491623,ok,0.3099629710050067,2,False,
nan,nan,nan,0.0,nan,1.0625260139931925,4.126611387941239,0.5904599200148997,2.0709621235788718,0.3715882933245643,2.0,1.1167580749038564e-11,5.1525909412356126e-11,2.686561838762176,0.30934387627938953,1.444314899085514,0.21445221445221446,0.3129143118328009,0.048273961510072766,0.5588521492138908,4.126611387941239,0.49402449329718,1.902115011102715,annulus,4001,0.37768785936107346,0.0,0.1,0.04928065819786311,0.06415241033322099,0.05652760114401337,0.04832310493652133,0.7595268405204474,0.1765010711921159,0.1765010711921159,0.1765010711921159,0.12493742436219446,0.22848669917565112,250,False,9.050197097406137,0.30027729759034205,interior_core,-0.5390822247154914,-0.1981753513445574,26.71142033873526,47,0.1745976380154976,9.58747876700252,0.04134677340172829,0.16358119444187202,0,107,76,4328,0,194,194,118,4328,301,0.32486136783733827,ccpfm,4.126611387941239,0.49402449329718,1.902115011102715,1.0,0.32486136783733827,2.9665159217984183e-13,1.8170176474541222e-09,1.7242012262386197e-09,1.5656169694011624e-09,1.053004794471235e-09,6.807541197417777e-10,8.116849414818716e-10,0.04401189142541796,0.06445894739883451,0.05482168952588528,0.047592405591424594,0.0017472640029154718,ok,1.064273277996108,1,False,
,,,,,0.12947417100076564,,,,,2.0,0.0,0.0,,,,,,,0.0,,,,annulus,4002,0.7383292232745559,0.0,0.12,0.13613663277052146,0.14822844432373777,0.1603354005676017,0.16539612807838738,1.0,0.5527480705909521,0.4235992035186953,0.5527480705909521,0.5527480705909521,0.06599999999999998,105,False,106.59318088064775,0.026544783962283474,near_boundary_interior,-0.9297707246942924,0.08878233615930065,146.93100704660915,23,0.1821658021779155,83.88987906068782,0.04948518885191898,0.01726465819485633,,89,32,0,,139,139,107,,228,0.0,wls,,,,,,4.973799150320701e-14,1.9317880628477724e-14,1.2656542480726785e-14,2.731148640577885e-14,2.1274648709379562e-14,1.6209256159527285e-14,4.529709940470639e-14,0.14224130600712342,0.14797838062910448,0.18217373166450868,0.19121615420789076,0.0008735900046303868,ok,0.13034776100539602,2,False,
,,,,,0.1913994200003799,,,,,2.0,0.0,0.0,,,,,,,0.0,,,,annulus,4002,0.5540883828942902,0.0,0.1,0.08329014219141684,0.08946165008043377,0.09591810732080693,0.10226948918923395,1.0,0.3048979180712952,0.2792362924455303,0.3048979180712952,0.3048979180712952,0.05499999999999996,116,False,137.69303854261946,0.020807148001073812,near_boundary_interior,0.13110507192156648,0.935861294033717,197.5097514718838,23,0.16944650095111394,107.74170118313222,0.041346773200505116,0.013079950262212717,,107,77,0,,190,190,113,,297,0.0,wls,,,,,,7.105427357601002e-14,3.108624468950438e-14,2.398081733190338e-14,5.240252676230739e-14,3.597122599785507e-14,3.397282455352979e-14,7.37188088351104e-14,0.08001546938018929,0.09119825035590329,0.10004039121167659,0.10564244542783247,0.0013289109920151532,ok,0.19272833099239506,2,False,
nan,nan,nan,0.0,nan,0.37369448100798763,6.563221530317252,0.4187758476162038,1.6229411320665823,0.22899946495452114,2.0,2.6441418499167924e-12,1.5297702892028764e-11,2.7435561317128974,0.02176737945691371,0.32372065435351033,0.021621621621621623,0.3050315687355014,0.028438735602169342,0.496350431605803,6.563221530317252,0.3566459525258273,1.5536253901100152,annulus,4002,0.8896324377799264,0.0,0.16,0.13876284754395665,0.23123943725216675,0.17648330518322494,0.17208287835558475,0.7968773164497682,0.3101060403073911,0.29384857140048526,0.3101060403073911,0.3101060403073911,0.242492904477368,120,False,10.193379634346366,0.272740503916274,near_boundary_interior,0.5765694604245227,-0.4959276408130208,32.9942355035966,55,0.19437569277000177,10.896207305237049,0.06320793282237706,0.15268324417748685,0,68,3,2054,0,73,73,70,2054,141,0.2103213242453749,ccpfm,6.563221530317252,0.3566459525258273,1.5536253901100152,1.0,0.2103213242453749,1.3677947663381929e-13,2.7747071307260285e-10,1.5902701377967787e-10,1.4528644953770709e-10,1.7877777036545695e-10,2.4887281124819083e-10,2.1079360479347997e-10,0.11322604144929607,0.22283526311569124,0.15736003744929414,0.15393285074610755,0.0005714639992220327,ok,0.37426594500720967,2,False,
,,,,,0.3478467980021378,,,,,2.0,0.0,0.0,,,,,,,0.0,,,,annulus,4002,0.3203969493711101,0.0,0.08,0.04701255820439341,0.054855395543340006,0.05243270808855715,0.04820246003035416,1.0,0.20142808845588012,0.20142808845588012,0.20142808845588012,0.13195546942683575,0.31796685597057917,401,False,149.00065633981444,0.01587736705284392,interior_core,0.4391238628967783,0.502343945288556,318.7965472475921,23,0.169594676013479,163.7743133797062,0.03852574073008591,0.008243209207410685,,134,159,0,,302,302,143,,436,0.0,wls,,,,,,1.4566126083082054e-13,5.595524044110789e-14,4.929390229335695e-14,1.0302869668521453e-13,4.973799150320701e-14,5.3290705182007514e-14,1.0658141036401503e-13,0.04416000586116908,0.05559648066256954,0.05306020157384087,0.05008958757500037,0.0022930709965294227,ok,0.3501398689986672,2,False,
nan,nan,nan,0.0,nan,0.7795774859987432,4.52537738351032,0.6499034130272265,2.160368808807976,0.3597775175644028,2.0,5.644262834891833e-12,3.3493828263094286e-11,1.9298651049431468,0.08730438439590538,0.8648124635615211,0.05994550408719346,0.21551652461224102,0.03711415947241173,0.5418057659124085,4.52537738351032,0.511113325889297,2.0194021489042884,annulus,4002,0.599418585970356,0.0,0.12,0.1069949203854887,0.14414098713549708,0.1260136457732388,0.11712606887991571,0.7689512906094006,0.23516705114949232,0.2185936115421525,0.23516705114949232,0.23516705114949232,0.23461845808282794,200,False,9.8886101501586,0.31917421299860294,near_boundary_interior,0.5831741033430862,-0.5003202340419446,21.999568769841666,61,0.1821658021779155,10.760916788316582,0.04948518885191898,0.20751306460654034,0,89,32,4150,0,139,139,107,4150,228,0.3067469879518072,ccpfm,4.52537738351032,0.511113325889297,2.0194021489042884,1.0,0.3067469879518072,4.1744385725905886e-13,8.576277465977e-10,6.660521023604815e-10,5.968026073333021e-10,7.484801667345664e-10,7.929612522161733e-10,6.806519792235122e-10,0.09076327249481665,0.14393379257858,0.11624389927659519,0.10657433717640183,0.001513299997895956,ok,0.7810907859966392,2,False,
,,,,,0.05042792200401891,,,,,2.0,0.0,0.0,,,,,,,0.0,,,,annulus,4003,1.0,0.0,0.2,0.6015666722647381,nan,0.814266610181023,0.814266610181023,1.0,3.062014004241928,nan,3.062014004241928,3.062014004241928,0.10999999999999999,57,False,41.96335421403544,0.06379077378308269,near_boundary_interior,0.5231288745403727,0.7200251249936511,46.9612920983364,23,0.11000000000000003,37.60667856815023,0.05720000000000002,0.05265190284485199,,54,0,0,,51,51,51,,105,0.0,wls,,,,,,2.1316282072803006e-14,9.325873406851315e-15,6.8833827526759706e-15,1.4099832412739488e-14,1.2878587085651816e-14,1.0103029524088925e-14,1.5987211554602254e-14,0.6578390461454714,nan,0.9439070047718569,0.9439070047718569,0.00036432499473448843,ok,0.0507922469987534,3,False,
nan,nan,nan,0.0,nan,0.31713454599957913,4.286362991925984,0.3227121890280829,2.037663383094667,0.26766467065868266,2.0,1.739670907330293e-12,1.0222340652872152e-11,2.3941452148756914,0.010100968066062109,0.1544533675894382,0.045454545454545456,0.17983076486329916,0.02283058385385209,0.45179242101103334,4.286362991925984,0.29421524409556926,2.002951642790034,annulus,4003,1.0,0.0,0.2,0.19532333931417722,nan,0.2643851142780729,0.2643851142780729,0.8997783648266713,0.45302964518840394,nan,0.45302964518840394,0.45302964518840394,0.11,75,False,12.23270535694051,0.38307725430363915,near_boundary_interior,0.286805298452875,0.35964247332398774,29.094057128816562,63,0.11000000000000003,12.697596276266927,0.05720000000000002,0.18852261309334412,0,54,0,1736,0,51,51,51,1736,105,0.25921658986175117,ccpfm,4.286362991925984,0.29421524409556926,2.002951642790034,1.0,0.25921658986175117,8.704148513061227e-14,1.949029826420201e-10,1.3430367928890519e-10,8.970413301057079e-11,1.0548845130742279e-10,1.954316708463466e-10,1.2354617329179973e-10,0.16987365415227676,nan,0.24374492973630504,0.24374492973630504,0.0004093120078323409,ok,0.3175438580074115,3,False,
nan,nan,nan,0.0,nan,1.6071474450000096,4.152736495294833,0.6120025279573938,2.083422882255139,0.3691275167785235,2.0,1.4210846258425058e-11,1.2605720241120867e-10,2.6808592157029176,0.34970208504350564,1.5456360255573438,0.2578125,0.3040307499889991,0.051490378825258365,0.5704677999450467,4.152736495294833,0.4979791862389803,1.8688307048143575,annulus,4001,0.2347799778469346,0.0,0.08,0.036757623832656405,0.045837484341325126,0.040942148809869766,0.03178686678974238,0.7438906813969139,0.09305161269891071,0.09305161269891071,0.09305161269891071,0.08193052222194241,0.27031187716014565,313,False,9.498245235094197,0.2867150776234862,interior_core,-0.5753860873311537,-0.22564320389906123,26.08599254215869,46,0.16376549608420965,9.467360828040563,0.03850677257911378,0.15883722883893928,0,134,158,6434,0,309,309,151,6434,443,0.3248368044762201,ccpfm,4.152736495294833,0.4979791862389803,1.8688307048143575,1.0,0.3248368044762201,8.526512829121202e-13,3.094443812301506e-09,2.0307688863852036e-09,2.1724901877462344e-09,2.95373081549144e-09,2.035329238481154e-09,2.154557421363279e-09,0.032968181082812666,0.04603423333491876,0.03947458840175338,0.03116622026130591,0.0033372720063198358,ok,1.6104847170063294,1,False,
,,,,,0.08093188000202645,,,,,2.0,0.0,0.0,,,,,,,0.0,,,,annulus,4003,0.9827499175721914,0.0,0.16,0.5791947376917089,0.41168871317362604,0.7348766496230746,0.7493968975210454,1.0,3.7423490050078874,0.5361281589976914,3.7423490050078874,3.7423490050078874,0.08800000000000001,81,False,61.66771813974426,0.04567193765040712,near_boundary_interior,-0.9048086075988283,-0.11430390901045093,76.26454701255362,23,0.21837275392708483,50.00538707687281,0.06320793282237583,0.03486433273074612,,68,3,0,,76,76,73,,144,0.0,wls,,,,,,4.618527782440651e-14,1.9539925233402755e-14,1.0880185641326534e-14,3.064215547965432e-14,7.93809462606987e-15,1.9539925233402755e-14,4.618527782440651e-14,0.6241473975283104,0.40856529372207134,0.8591353994841515,0.8726895871695498,0.0005453729972941801,ok,0.08147725299932063,3,False,
nan,nan,nan,0.0,nan,1.0185928029968636,4.901124551032281,0.6057518382975818,2.0963347118465103,0.3610305958132045,2.0,9.757861185732963e-12,5.774312814568017e-11,2.7330795324369284,0.2875707643518123,1.353058634921733,0.20131470829909615,0.2981008407528395,0.046550044628942744,0.5584704254437484,4.901124551032281,0.4983597017221013,1.9131279427010142,annulus,4002,0.3215621596797159,0.0,0.1,0.05693973045924619,0.0754378575317881,0.06557259998975744,0.05326118640704451,0.7481844070219408,0.14999161587348686,0.14999161587348686,0.14999161587348686,0.12106424885768075,0.3011876963583389,197,False,8.67820558205424,0.2971430163248209,interior_core,0.49094031702254054,-0.49732861825596447,25.809299429227433,49,0.16944650095111394,9.740907378567599,0.041346773200505116,0.15531967220263476,0,107,77,4322,0,190,190,113,4322,297,0.3160573808422027,ccpfm,4.901124551032281,0.4983597017221013,1.9131279427010142,1.0,0.3160573808422027,5.755396159656812e-13,1.6566197302836372e-09,1.1029159807662836e-09,1.0745679901447147e-09,1.5413244014439442e-09,1.175467723157908e-09,1.23881527258618e-09,0.04984926007812328,0.07557413768791309,0.06232469194341516,0.05137473818721797,0.0017282210028497502,ok,1.0203210239997134,2,False,
,,,,,0.14441165000607725,,,,,2.0,0.0,0.0,,,,,,,0.0,,,,annulus,4003,0.8144969488878964,0.0,0.12,0.17316637877702556,0.1545466495891355,0.20358151002303826,0.22311729499645455,1.0,0.9047343590104414,0.4473583368079795,0.9047343590104414,0.9047343590104414,0.14790168793298844,226,False,78.21247183983,0.03444029588150686,near_boundary_interior,-0.04865169327282182,0.8509694466388698,145.41829199750916,23,0.18065695625721379,83.08193697771492,0.04948518887286215,0.017630941934617495,,89,34,0,,140,140,106,,229,0.0,wls,,,,,,5.3734794391857577e-14,2.1316282072803006e-14,1.9539925233402755e-14,2.7755575615628914e-14,1.734723475976807e-14,1.7985612998927536e-14,4.973799150320701e-14,0.18121165749159468,0.15776840245771243,0.23176073317239554,0.2509140968164146,0.001016020993120037,ok,0.1454276709991973,3,False,
,,,,,0.19850050999957602,,,,,2.0,0.0,0.0,,,,,,,0.0,,,,annulus,4003,0.5564279803229917,0.0,0.1,0.08080530844219208,0.08764550641518809,0.09250599778521168,0.09701894957258965,1.0,0.26636148248444197,0.2515796096079759,0.26636148248444197,0.26636148248444197,0.05499999999999996,125,False,151.57225774170962,0.018086035745374693,near_boundary_interior,-0.9086220610980097,0.2596744253494237,196.94528637184806,23,0.1787374792775308,111.81447215130859,0.04134677355620429,0.012883612499209352,,107,79,0,,196,196,117,,303,0.0,wls,,,,,,8.215650382226158e-14,3.4638958368304884e-14,2.3092638912203256e-14,5.2791104820926193e-14,2.4868995751603507e-14,2.55351295663786e-14,5.5067062021407764e-14,0.07972033599954748,0.08959300882560017,0.09912025234994959,0.10506570659933141,0.0013051679998170584,ok,0.19980567799939308,3,False,
nan,nan,nan,0.0,nan,0.39840859100513626,6.37983421315631,0.4693538609471709,1.5812449222869953,0.2529495044832468,2.0,2.7054747331334283e-12,1.4928874549415373e-11,2.8574406944867254,0.01890803246127707,0.318059046498058,0.013157894736842105,0.3022418391288309,0.031326262247008095,0.501842826644425,6.37983421315631,0.3969295088157926,1.5252504669352023,annulus,4003,0.8984520652668241,0.0,0.16,0.15690994949778606,0.27060436397440324,0.19908581773205825,0.19411706383056923,0.7688016296407968,0.39464429095489084,0.31305854736894956,0.39464429095489084,0.39464429095489084,0.2822649441105104,107,False,10.059619018339642,0.28480983543169375,near_boundary_interior,0.47599848562910163,0.538963452679899,32.29707761532165,60,0.21837275392708483,10.55024938736327,0.06320793282237583,0.1628696687459588,0,68,3,2347,0,76,76,73,2347,144,0.22965487856838518,ccpfm,6.37983421315631,0.3969295088157926,1.5252504669352023,1.0,0.22965487856838518,2.0294876890147862e-13,3.0944402595878273e-10,2.977431634576533e-10,2.384545894074108e-10,2.06568068206181e-10,2.6704949362965635e-10,2.231339557567935e-10,0.12817197496136631,0.2691072394771412,0.1764280061844067,0.1715514949174698,0.0006124619976617396,ok,0.399021053002798,3,False,
,,,,,0.316502241010312,,,,,2.0,0.0,0.0,,,,,,,0.0,,,,annulus,4003,0.38249991886579665,0.0,0.08,0.04931048142163103,0.05518990579515718,0.054888484367689394,0.054412128638894226,1.0,0.19416092673739305,0.1871470016107175,0.19416092673739305,0.19416092673739305,0.09017558795346699,405,False,193.6765568753026,0.014249923379815845,near_boundary_interior,-0.3513874517442961,0.8392302881719481,340.8066454138121,23,0.17351318204647145,165.88043137774343,0.03850081468742715,0.007513962183458335,,134,159,0,,305,305,146,,439,0.0,wls,,,,,,1.2079226507921703e-13,6.128431095930864e-14,4.6407322429331543e-14,9.103828801926284e-14,4.085620730620576e-14,4.263256414560601e-14,8.970602038971265e-14,0.0475219640643164,0.05554148881085192,0.05701337125549767,0.05857425409062755,0.0024773170007392764,ok,0.31897955801105127,3,False,
nan,nan,nan,0.0,nan,0.7132700189977186,4.429781622400931,0.6419281280967876,2.203347587799774,0.3560804899387577,2.0,5.047063461605106e-12,3.407214992279787e-11,2.5977897215979167,0.10029404782067433,0.8784682811900956,0.0778688524590164,0.21877760469390423,0.03892339667482336,0.5444375324391766,4.429781622400931,0.51387792599426,2.0596092151950276,annulus,4003,0.5897584581375854,0.0,0.12,0.10677070640451876,0.1417073656825373,0.12552402948869804,0.11706151357232808,0.7788863321845773,0.23648886199513663,0.23648886199513663,0.23648886199513663,0.21879520965241972,0.27917106086515103,197,False,9.21316651949166,0.32082822210857165,interior_core,0.4257893873071331,-0.46317250677951416,22.212366676042464,60,0.18065695625721379,10.761201719899702,0.04948518887286215,0.20082393281434943,0,89,34,4161,0,140,140,106,4161,229,0.30713770728190337,ccpfm,4.429781622400931,0.51387792599426,2.0596092151950276,1.0,0.30713770728190337,4.227729277772596e-13,7.217608732901226e-10,6.378444439292252e-10,5.717595286114374e-10,5.990479223783041e-10,6.590996637356739e-10,5.807461178619633e-10,0.090396643262829,0.14272686094911696,0.11561282871599195,0.10544931405534118,0.0025535079912515357,ok,0.7158235269889701,3,False,
,,,,,0.06236719500157051,,,,,2.0,0.0,0.0,,,,,,,0.0,,,,annulus,4004,1.0,0.0,0.2,0.6437387292234464,nan,0.8973374975700326,0.8973374975700326,1.0,2.391657234074259,nan,2.391657234074259,2.391657234074259,0.11000000000000003,71,False,42.33440656907314,0.06293994707770399,near_boundary_interior,0.5231288745402516,-0.720025124993739,47.65188010926671,23,0.11000000000000004,36.14719793558255,0.05720000000000003,0.05312340244711594,,54,0,0,,46,46,46,,100,0.0,wls,,,,,,1.787459069646502e-14,1.5987211554602254e-14,1.2878587085651816e-14,1.2656542480726785e-14,1.3128387266192476e-14,7.327471962526033e-15,1.504352198367087e-14,0.6598958346830539,nan,0.9729633272413808,0.9729633272413808,0.0003397170075913891,ok,0.0627069120091619,4,False,
nan,nan,nan,0.0,nan,1.6151699409965659,4.11552815257567,0.6245231907787159,2.1070491676042944,0.36400106980476066,2.0,1.4355239219554505e-11,1.1629438823003534e-10,2.645043113178463,0.32663733856966193,1.5676146669776316,0.2545311268715524,0.3009034009917121,0.05000430451561533,0.5687741824419829,4.11552815257567,0.488840862382785,1.8671871243564473,annulus,4002,0.2164192799101972,0.0,0.08,0.03681316987812721,0.04612356767631732,0.04105741665115188,0.031021466285190907,0.7538221157786602,0.11074756656888857,0.11074756656888857,0.11074756656888857,0.09739124195014837,0.2735846057183936,435,False,9.595378915068782,0.2815853075280329,interior_core,-0.6064298073915015,0.14275660391461778,26.56851658200438,45,0.169594676013479,9.483303442380556,0.03852574073008591,0.1623973210723531,0,134,159,6277,0,302,302,143,6277,436,0.31973872869205033,ccpfm,4.11552815257567,0.488840862382785,1.8671871243564473,1.0,0.31973872869205033,9.965361869035405e-13,2.8961508746760956e-09,2.620613059889365e-09,2.3940192050986298e-09,2.821280098430634e-09,1.927929371703385e-09,1.947004335534075e-09,0.032863821682354015,0.04570313634828982,0.03948733631137933,0.031152447993825026,0.0034638970100786537,ok,1.6186338380066445,2,False,
nan,nan,nan,0.0,nan,0.26359966200834606,5.80646937801416,0.2841045013112667,2.064912223176974,0.2602739726027397,2.0,2.0580204207476527e-12,1.112497106520197e-11,3.1390887311033873,0.019314157697025533,0.5347844788506732,0.028169014084507043,0.18844644214866096,0.021103036558692514,0.43343993810395537,5.80646937801416,0.25170257462631174,2.037724048163706,annulus,4004,1.0,0.0,0.2,0.19319019533927126,nan,0.2692968413597406,0.2692968413597406,0.9226219967370524,0.4677615230198513,nan,0.4677615230198513,0.4677615230198513,0.11,75,False,13.022327487236234,0.362216664641602,near_boundary_interior,0.286805298452875,0.35964247332398774,29.14079144219255,59,0.11000000000000004,13.334952887556376,0.05720000000000003,0.18854518778430288,0,54,0,1458,0,46,46,46,1458,100,0.24897119341563786,ccpfm,5.80646937801416,0.25170257462631174,2.037724048163706,1.0,0.24897119341563786,6.794564910705958e-14,1.689854922659606e-10,1.669895333122895e-10,9.876754969440071e-11,9.526535116322066e-11,1.6983980888340966e-10,1.0396519756206146e-10,0.16289521231412388,nan,0.24017588751861713,0.24017588751861713,0.0003516769938869402,ok,0.263951339002233,4,False,
,,,,,0.09268151999276597,,,,,2.0,0.0,0.0,,,,,,,0.0,,,,annulus,4004,0.9909722955572005,0.0,0.16,0.4783770875338175,0.24269530679860585,0.6151747106340163,0.6309638869498497,1.0,2.5272267353360864,0.3070917960035474,2.5272267353360864,2.5272267353360864,0.088,72,False,63.6078112713533,0.04248191930697376,near_boundary_interior,0.48867403702092704,0.7700270680577855,76.32435138316495,23,0.13044641446592692,51.9613812221521,0.06320793282237415,0.034449225225867214,,68,3,0,,73,73,70,,141,0.0,wls,,,,,,2.1316282072803006e-14,1.4210854715202004e-14,8.43769498715119e-15,2.1316282072803006e-14,1.1379786002407855e-14,6.439293542825908e-15,1.8207657603852567e-14,0.5409290084106326,0.23824156871222646,0.7517758982947813,0.7661304808355164,0.0004402190097607672,ok,0.09312173900252674,4,False,
,,,,,0.17832292299135588,,,,,2.0,0.0,0.0,,,,,,,0.0,,,,annulus,4004,0.8102864069055637,0.0,0.12,0.13537382645383556,0.12061683552051618,0.1600664395524495,0.1765699241992234,1.0,0.4792664973898545,0.25835870927493243,0.4792664973898545,0.4792664973898545,0.06599999999999996,132,False,146.51589743420584,0.018030799738942498,near_boundary_interior,0.28394208956374833,-0.30402774110805775,153.83345433695695,23,0.17873820489491551,82.44794606787701,0.0494851888309758,0.017115118970281975,,89,32,0,,135,135,103,,224,0.0,wls,,,,,,3.730349362740526e-14,1.7763568394002505e-14,1.2878587085651816e-14,2.9753977059954195e-14,2.9753977059954195e-14,1.1102230246251565e-14,3.1530333899354446e-14,0.15091120989866133,0.11923952630071105,0.1943921064768688,0.21239369071069242,0.0009398190013598651,ok,0.17926274199271575,4,False,
nan,nan,nan,0.0,nan,0.9777334889949998,4.219919026730518,0.5957036726441781,2.0741238913434867,0.36522024983563445,2.0,8.815274898932302e-12,5.535616024586786e-11,2.6948429027579803,0.29211935357892954,1.45339998739272,0.21814254859611232,0.30324974326453846,0.04781830048678125,0.5578968658759588,4.219919026730518,0.49575005597515814,1.9055320741602284,annulus,4003,0.3634922499406244,0.0,0.1,0.05502167621639883,0.07148968041483235,0.06298886986928687,0.053394139306408905,0.755435840282619,0.13557461238571578,0.13557461238571578,0.13557461238571578,0.11629873858942824,0.2622019179791179,164,False,8.836181100407996,0.2973713043398839,interior_core,0.523670644087805,0.5200835569939661,26.28926865816163,49,0.1787374792775308,9.639939093576391,0.04134677355620429,0.16400182666181762,0,107,79,4431,0,196,196,117,4431,303,0.31911532385466035,ccpfm,4.219919026730518,0.49575005597515814,1.9055320741602284,1.0,0.31911532385466035,3.694822225952521e-13,1.4374244017290039e-09,8.91878570996596e-10,9.383889221226127e-10,1.269680582893784e-09,1.1964633728211993e-09,1.1548522138582484e-09,0.0488683336149292,0.07163187298743605,0.060760425794753305,0.05215359123375176,0.001751355011947453,ok,0.9794848440069472,3,False,
nan,nan,nan,0.0,nan,0.4238658809917979,5.488728547831568,0.4400862643796852,1.5428390679120998,0.2217810550198525,2.0,2.2677068556298252e-12,1.2733104571232699e-11,3.149155981158523,0.028795890309604156,0.33051658409542284,0.05389221556886228,0.3045724595272627,0.031162477706935157,0.5099588329155811,5.488728547831568,0.36205440126728583,1.4982945548662518,annulus,4004,0.9146840684683756,0.0,0.16,0.12027589603923612,0.18758409444351962,0.1546702203561402,0.1524114288789083,0.785423945867517,0.27494323793467235,0.24760533673570462,0.27494323793467235,0.27494323793467235,0.2504044530950803,126,False,9.757698148325312,0.269427155242277,near_boundary_interior,-0.42093899191662953,-0.4233374088755871,31.37402779245714,51,0.13044641446592692,10.671931156127306,0.06320793282237415,0.1436883942802637,0,68,3,1930,0,73,73,70,1930,141,0.20725388601036268,ccpfm,5.488728547831568,0.36205440126728583,1.4982945548662518,1.0,0.20725388601036268,2.0694557179012918e-13,1.436402108367929e-10,6.50992593165256e-11,5.9586113820842e-11,7.591503901199781e-11,1.2692735751329565e-10,1.1064777739877574e-10,0.10325835150636233,0.1910672589142189,0.14350707533363624,0.1411110199545247,0.0006016560073476285,ok,0.4244675369991455,4,False,
,,,,,0.22608979800133966,,,,,2.0,0.0,0.0,,,,,,,0.0,,,,annulus,4004,0.505262475221411,0.0,0.1,0.07494486446449962,0.08680147071728062,0.0861109386379794,0.08545051394337132,1.0,0.24672526421637758,0.23747326176952988,0.24672526421637758,0.24672526421637758,0.14584108758256517,275,False,101.99218374081772,0.025186770705518502,near_boundary_interior,0.029337021996125603,0.8555579741452316,204.7978523417499,23,0.16938032314347812,109.77114713574143,0.04134677329705589,0.012325383995249021,,107,75,0,,193,193,118,,300,0.0,wls,,,,,,7.105427357601002e-14,3.8191672047105385e-14,2.786659791809143e-14,6.59472476627343e-14,2.4868995751603507e-14,3.1308289294429414e-14,6.261657858885883e-14,0.0736067311776288,0.08942948374815403,0.09176974064141348,0.09322666110155947,0.0020494360069278628,ok,0.22813923400826752,4,False,
,,,,,0.3414652029896388,,,,,2.0,0.0,0.0,,,,,,,0.0,,,,annulus,4004,0.2905866012066355,0.0,0.08,0.05121116694821271,0.06160234260273599,0.05697176653550937,0.04897498521153709,1.0,0.21530431151614993,0.21530431151614993,0.21530431151614993,0.18479317922801683,0.23352037174726212,205,False,162.43808991039566,0.015362535637816643,interior_core,0.3542439316089891,-0.463455762992824,350.9762883014522,23,0.1636433256114962,168.16074123546466,0.03861442401112796,0.007326425047498259,,134,159,0,,310,310,151,,444,0.0,wls,,,,,,1.3145040611561853e-13,7.638334409421077e-14,3.2862601528904634e-14,8.881784197001252e-14,6.705747068735946e-14,4.707345624410664e-14,1.163513729807164e-13,0.04699945133213005,0.06161357955823507,0.056247526137182535,0.04997827503925319,0.0023281050089281052,ok,0.3437933079985669,4,False,
nan,nan,nan,0.0,nan,0.8106089430075372,5.023075606779241,0.6374504251493145,2.1342142326552187,0.36436170212765956,2.0,4.815720738848839e-12,3.263982808323472e-11,2.0388279185131344,0.07720704041798393,0.7843631633043037,0.06278026905829596,0.19119050181681374,0.03681288077371947,0.5429583729299972,5.023075606779241,0.4995900425513022,2.009659058979423,annulus,4004,0.5809831915461906,0.0,0.12,0.10882478334783374,0.14410117903915937,0.12867476721206994,0.12019110952348619,0.7678810489017625,0.273907358719207,0.273907358719207,0.273907358719207,0.22828573923088313,0.2905466251442963,156,False,9.090425778121132,0.33692524414253866,interior_core,0.5150963214657365,0.48787198284668937,23.156627348413295,60,0.17873820489491551,11.059401987048037,0.0494851888309758,0.19658128202860053,0,89,32,4053,0,135,135,103,4053,224,0.3145817912657291,ccpfm,5.023075606779241,0.4995900425513022,2.009659058979423,1.0,0.3145817912657291,4.5297099404706387e-13,7.385185796238147e-10,6.667324470299718e-10,5.990443696646253e-10,5.361275867699078e-10,6.844116384741028e-10,5.853593165738857e-10,0.09281670320585488,0.14852251304929354,0.11955927239958153,0.1090052402774172,0.0014577549882233143,ok,0.8120666979957605,4,False,
,,,,,0.06556520599406213,,,,,2.0,0.0,0.0,,,,,,,0.0,,,,annulus,4005,1.0,0.0,0.2,0.5690895656049092,nan,0.7699025098986951,0.7699025098986951,1.0,1.6496396762953212,nan,1.6496396762953212,1.6496396762953212,0.11237729643424488,99,False,38.71897699734281,0.06494252911979423,near_boundary_interior,0.4129064558353698,-0.20762007121289897,46.47208324493471,23,0.11000000000000003,37.454877413280066,0.05720000000000002,0.05415211215425563,,54,0,0,,49,49,49,,103,0.0,wls,,,,,,1.865174681370263e-14,7.993605777301127e-15,1.0880185641326534e-14,1.0658141036401503e-14,8.916478666520788e-15,7.327471962526033e-15,1.0880185641326534e-14,0.5827108895715005,nan,0.844838518865655,0.844838518865655,0.0005005590064683929,ok,0.06606576500053052,5,False,
nan,nan,nan,0.0,nan,1.6610074290074408,3.7929859056125395,0.6001340954071188,2.0750872126639086,0.36544421487603307,2.0,1.746036431757303e-11,1.0952308749522468e-10,2.5245375708163325,0.336791059644798,1.5450749604147183,0.2599459250675937,0.2870870233002841,0.04963450440798953,0.5661502702899145,3.7929859056125395,0.4912920861176517,1.8508192970261412,annulus,4003,0.2143098207168958,0.0,0.08,0.03779162571556055,0.04771150738595723,0.04206661540335661,0.031214573913443476,0.7523609179372197,0.11175647285675572,0.11175647285675572,0.11175647285675572,0.07794763305333041,0.2978785652860661,318,False,9.077756964924273,0.29769483782628614,interior_core,0.5063931975351125,-0.48637668581145554,26.998645845654032,46,0.17351318204647145,9.45777205315002,0.03850081468742715,0.15845507525585165,0,134,159,6461,0,305,305,146,6461,439,0.32316978795852036,ccpfm,3.7929859056125395,0.4912920861176517,1.8508192970261412,1.0,0.32316978795852036,8.15347789284715e-13,3.472444554120102e-09,3.2992775178541933e-09,2.988412350912739e-09,2.5586199825511358e-09,1.6751089404465347e-09,1.8622756670083618e-09,0.03358117879685176,0.04770186751378758,0.04028823832598673,0.0302114598637376,0.004803431002073921,ok,1.6658108600095147,3,False,
nan,nan,nan,0.0,nan,0.23707300500245765,5.817465893439387,0.3122016692819835,2.095496447540173,0.26276923076923075,2.0,1.6917439671360057e-12,1.0816614723788251e-11,2.8302557522429725,0.01397753028858314,0.4793873629995483,0.08450704225352113,0.18299673560561888,0.02157204026433885,0.4517263811827118,5.817465893439387,0.2799618325990637,2.0573730582153247,annulus,4005,1.0,0.0,0.2,0.19417565279279903,nan,0.26269383851290196,0.26269383851290196,0.9044019887442596,0.4605751317186554,nan,0.4605751317186554,0.4605751317186554,0.2207356414204442,96,False,15.026924031054088,0.34214711706565215,near_boundary_interior,-0.3812114411145553,0.42249824616172915,28.406812253036442,63,0.11000000000000003,12.981240516756506,0.05720000000000002,0.1924945730407549,0,54,0,1696,0,49,49,49,1696,103,0.2553066037735849,ccpfm,5.817465893439387,0.2799618325990637,2.0573730582153247,1.0,0.2553066037735849,1.2434497875801753e-13,1.9046009214207515e-10,1.4692624894507844e-10,9.386591504068065e-11,1.0605576833411234e-10,1.908281310747384e-10,1.202091759466839e-10,0.1649439272977383,nan,0.23914257606645722,0.23914257606645722,0.00039534299867227674,ok,0.23746834800112993,5,False,
,,,,,0.1019153610104695,,,,,2.0,0.0,0.0,,,,,,,0.0,,,,annulus,4005,0.9989849104725349,0.0,0.16,0.4890069283618647,0.06082485679234512,0.621184690764404,0.6565994431869502,1.0,3.1859851747179517,0.11549442308176783,3.1859851747179517,3.1859851747179517,0.08800000000000001,81,False,56.289876174331226,0.051054072288674125,near_boundary_interior,-0.9048086075988283,-0.11430390901045093,76.47768736986659,23,0.15577870721166992,50.128003882696724,0.06320793282237583,0.033211612913396846,,68,5,0,,76,76,71,,144,0.0,wls,,,,,,2.842170943040401e-14,1.687538997430238e-14,9.325873406851315e-15,1.5987211554602254e-14,8.659739592076221e-15,1.4210854715202004e-14,2.842170943040401e-14,0.5509444247611399,0.06186331970555176,0.7583719171708285,0.7844491201521411,0.0005419549997895956,ok,0.10245731601025909,5,False,
,,,,,0.13529984799970407,,,,,2.0,0.0,0.0,,,,,,,0.0,,,,annulus,4005,0.6921438085015994,0.0,0.12,0.12283460834229529,0.13776248676180552,0.14419057882075753,0.147354078162924,1.0,0.44612496089597803,0.33440022093113275,0.44612496089597803,0.44612496089597803,0.18789198897601905,206,False,70.92095539655955,0.0354699683120606,near_boundary_interior,0.05402382435278527,-0.8110857402048035,164.48349500088634,23,0.17833236572738229,83.80538654130679,0.04948518883097581,0.01551956539944363,,89,36,0,,142,142,106,,231,0.0,wls,,,,,,7.105427357601002e-14,2.842170943040401e-14,2.5757174171303632e-14,5.861977570020827e-14,1.4210854715202004e-14,1.63202784619898e-14,2.9753977059954195e-14,0.12225809648276872,0.13982975951700327,0.15593350736097866,0.1610367858673707,0.0009266530105378479,ok,0.13622650101024192,5,False,
nan,nan,nan,0.0,nan,1.0727792659890838,4.6635897905905015,0.6172595780414547,2.0970599629209943,0.3747553816046967,2.0,8.95612056739381e-12,5.5870424982103595e-11,2.2587646284476732,0.29620010808726255,1.3834788018857878,0.21829855537720708,0.29314997302330875,0.04763348802617358,0.5597007563397276,4.6635897905905015,0.4953162982897954,1.8865755513472073,annulus,4004,0.38630434176469736,0.0,0.1,0.05251074163374948,0.06773645385094018,0.06033434422715493,0.052351270350060014,0.7494680041786721,0.13945550583848454,0.13945550583848454,0.13945550583848454,0.10720403873907147,0.3028852114181901,237,False,8.968548059053205,0.2961201303390971,interior_core,0.41686775535453646,0.5022872105602169,26.025956645574247,47,0.16938032314347812,9.706535496250192,0.04134677329705589,0.16026269090138728,0,107,75,4312,0,193,193,118,4312,300,0.32954545454545453,ccpfm,4.6635897905905015,0.4953162982897954,1.8865755513472073,1.0,0.32954545454545453,4.3876013933186186e-13,1.6161472160547419e-09,1.004629268663848e-09,1.1261462873335404e-09,1.5326389046776967e-09,1.3129728415606223e-09,1.1912035802197352e-09,0.04651378578581882,0.06768282080285146,0.05799140906711253,0.05088099800576503,0.0025941479980247095,ok,1.0753734139871085,4,False,
nan,nan,nan,0.0,nan,0.4014815549890045,6.660841888533085,0.45750374407976996,1.5595084590377692,0.2412037037037037,2.0,2.3165115659029567e-12,1.4838447036489812e-11,3.8604256342545265,0.03050480797271474,0.48284527478419514,0.052132701421800945,0.30754767543439177,0.02954450012472853,0.5049542637430184,6.660841888533085,0.39889284090458427,1.516176484665401,annulus,4005,0.8278635880191413,0.0,0.16,0.16290003945824122,0.2638587324231092,0.20693165018205126,0.19911620840931338,0.7689997405906945,0.39094181308731213,0.3855474958187046,0.39094181308731213,0.39094181308731213,0.2894733059235016,130,False,9.556051237024374,0.29601109633333406,near_boundary_interior,0.47818723573601696,-0.42413559327689176,32.78573799508097,59,0.15577870721166992,11.113508860679463,0.06320793282237583,0.1614550526210643,0,68,5,2371,0,76,76,71,2371,144,0.22437789962041332,ccpfm,6.660841888533085,0.39889284090458427,1.516176484665401,1.0,0.22437789962041332,1.7763568394002505e-13,2.706852519906988e-10,2.4964019740281174e-10,2.0626034213933053e-10,1.7538720475940295e-10,1.870236188139529e-10,1.5799317409914693e-10,0.13560634533195112,0.26900246295714275,0.18666137539100638,0.17944421328531118,0.0010224940051557496,ok,0.40250404899416026,5,False,
,,,,,0.22183159299311228,,,,,2.0,0.0,0.0,,,,,,,0.0,,,,annulus,4005,0.47639577870923383,0.0,0.1,0.09026751292658422,0.10446494400720006,0.10376466117859942,0.10301099711806923,1.0,0.3893602271075881,0.33073238256244664,0.3893602271075881,0.3893602271075881,0.05500000000000005,128,False,138.7357275950966,0.020061119442319943,near_boundary_interior,-0.926380969848183,-0.1866633830294639,198.00091709547445,23,0.1703717573116421,110.42591359169141,0.04134677340172829,0.0129877319243043,,107,81,0,,194,194,113,,301,0.0,wls,,,,,,7.105427357601002e-14,2.930988785010413e-14,2.1316282072803006e-14,5.684341886080802e-14,2.708944180085382e-14,2.3092638912203256e-14,4.440892098500626e-14,0.08684593233378873,0.10381127740760694,0.10817623566705856,0.11119972138834311,0.001513483002781868,ok,0.22334507599589415,5,False,
,,,,,0.3498120599979302,,,,,2.0,0.0,0.0,,,,,,,0.0,,,,annulus,4005,0.28926744290560846,0.0,0.08,0.0452005416217874,0.054445751860533735,0.05044995280684807,0.043462147345588724,1.0,0.1964934132517038,0.1845447166137597,0.1964934132517038,0.1964934132517038,0.043999999999999984,138,False,245.6373143285755,0.01116012101566662,near_boundary_interior,0.8353999360338696,0.4648040449312589,325.9177891595922,23,0.16778606743302643,161.6250651811004,0.03837599532872048,0.007937711367225247,,134,157,0,,302,302,145,,436,0.0,wls,,,,,,1.438849039914203e-13,5.950795411990839e-14,4.707345624410664e-14,8.615330671091215e-14,4.721223412218478e-14,4.8183679268731794e-14,9.725553695716371e-14,0.04273684802271106,0.054705842706044144,0.05135021444165222,0.04745005050667653,0.0020923830015817657,ok,0.35190444299951196,5,False,
nan,nan,nan,0.0,nan,0.7982024750090204,4.924470784732964,0.6415224665361539,2.1717315360865097,0.36923076923076925,2.0,5.640835021303303e-12,3.50012704423774e-11,1.8244717500643826,0.10964185730522386,0.8862482558479059,0.07804232804232804,0.21336339083276837,0.03781824544035568,0.5446564898392988,4.924470784732964,0.4933307545032686,2.00110357707637,annulus,4005,0.5420860237958725,0.0,0.12,0.10164568027409376,0.13903276451770455,0.11931775312466768,0.10791113916973157,0.7750032598782086,0.2210028872202381,0.2210028872202381,0.2210028872202381,0.22083072562279327,0.27274933190161776,230,False,9.074510312386927,0.33059593729650627,interior_core,0.5137186414619573,0.5160509485908072,21.66837101336279,60,0.17833236572738229,10.836216784298468,0.04948518883097581,0.20727299581417394,0,89,36,4201,0,142,142,106,4201,231,0.31682932635086886,ccpfm,4.924470784732964,0.4933307545032686,2.00110357707637,1.0,0.31682932635086886,3.703704010149522e-13,8.425744546514125e-10,7.686593583855483e-10,6.945022335003159e-10,5.635074629140036e-10,6.92260027079783e-10,5.969962302287968e-10,0.08650651665305024,0.13901159660038476,0.11033432500065332,0.0987176324406905,0.0022955099993851036,ok,0.8004979850084055,5,False,
,,,,,0.06388589000562206,,,,,2.0,0.0,0.0,,,,,,,0.0,,,,annulus,4006,1.0,0.0,0.2,0.5672044813817475,nan,0.7745595715365032,0.7745595715365032,1.0,1.844868321679724,nan,1.844868321679724,1.844868321679724,0.09141089046127765,100,False,41.826202763493065,0.06206838137976401,near_boundary_interior,0.39276222988991916,-0.20045566280391774,50.47246696891224,23,0.11000000000000004,35.388090897585926,0.05720000000000002,0.048536021253142915,,54,0,0,,49,49,49,,103,0.0,wls,,,,,,2.042810365310288e-14,6.217248937900877e-15,6.217248937900877e-15,1.3322676295501878e-14,9.547918011776346e-15,7.327471962526033e-15,1.4210854715202004e-14,0.5943690750432168,nan,0.8617410417511097,0.8617410417511097,0.000491817991132848,ok,0.06437770799675491,6,False,
nan,nan,nan,0.0,nan,1.6377173349901568,4.093967553943223,0.6117996301479864,2.0871993609247954,0.3643574828133263,2.0,1.879557620654282e-11,1.2650071794023666e-10,2.4860659572971366,0.3568378311399348,1.5349217997737545,0.26539923954372624,0.3092384552251446,0.051691897694303185,0.5688022629252891,4.093967553943223,0.4966765080191917,1.826314243808244,annulus,4004,0.22551896549216272,0.0,0.08,0.03925161592226288,0.04933393944075949,0.0436669193796352,0.03306898952709877,0.7390105878089532,0.10833787066734357,0.10833787066734357,0.10833787066734357,0.0757992781945635,0.2960473919234158,235,False,9.189361941475674,0.29969669582632885,interior_core,-0.661865711927972,-0.2397640331443484,27.07453884305993,46,0.1636433256114962,9.437312357144648,0.03861442401112796,0.15397366321963218,0,134,159,6412,0,310,310,151,6412,444,0.3237679351216469,ccpfm,4.093967553943223,0.4966765080191917,1.826314243808244,1.0,0.3237679351216469,7.034373084024992e-13,4.333404746148517e-09,2.1236203906482842e-09,2.5830146910266194e-09,4.1427146157957395e-09,2.6568196531684407e-09,2.957435185635404e-09,0.035026802193509045,0.049444092512382506,0.04191902067023626,0.032144450862573004,0.0032098890078486875,ok,1.6409272239980055,4,False,
,,,,,0.076407989996369,,,,,2.0,0.0,0.0,,,,,,,0.0,,,,annulus,4006,0.97750433684601,0.0,0.16,0.4134644569948881,0.36501807794328167,0.52301166013592,0.5294664504041787,1.0,2.633403071947796,0.4735800572414978,2.633403071947796,2.633403071947796,0.088,72,False,69.68634475937402,0.04042545852236912,near_boundary_interior,0.48867403702092704,0.7700270680577855,78.6108503563573,23,0.18780345304320267,50.51610402887489,0.06320793282237802,0.033123010252789194,,68,2,0,,76,76,74,,144,0.0,wls,,,,,,2.4868995751603507e-14,1.3322676295501878e-14,1.1102230246251565e-14,2.275957200481571e-14,1.3905543383430086e-14,1.021405182655144e-14,3.6637359812630166e-14,0.4659252380278886,0.33518570860096464,0.6413434824659053,0.6476123739658537,0.0005780799983767793,ok,0.07698606999474578,6,False,
nan,nan,nan,0.0,nan,0.23330388400063384,6.351134059107696,0.3096158868920475,2.0408833574086156,0.262531328320802,2.0,2.354783035229957e-12,1.1529196372430234e-11,2.9073030181572297,0.01961193121085062,0.5490779002993055,0.06896551724137931,0.18812874238897634,0.020536132715607915,0.4479640223805629,6.351134059107696,0.2664548940484288,2.0218767516387826,annulus,4006,1.0,0.0,0.2,0.21027400973429677,nan,0.2871446757407452,0.2871446757407452,0.9015285750633121,0.4828792677131267,nan,0.4828792677131267,0.4828792677131267,0.29465242856613505,92,False,12.023410623294062,0.25325303923492914,near_boundary_interior,0.36869191164649306,0.5269761334702294,28.540356747414872,63,0.11000000000000004,13.115081370808342,0.05720000000000002,0.1951328163697118,0,54,0,1683,0,49,49,49,1683,103,0.25252525252525254,ccpfm,6.351134059107696,0.2664548940484288,2.0218767516387826,1.0,0.25252525252525254,1.0835776720341528e-13,1.8561019388130262e-10,1.4897294509097492e-10,9.780803250647452e-11,1.1550405076832249e-10,1.8648083077721367e-10,1.1675638234009966e-10,0.17836627333084745,nan,0.25860285241491016,0.25860285241491016,0.0004127830034121871,ok,0.23371666700404603,6,False,
nan,nan,nan,0.0,nan,0.9846203890047036,4.206256827903087,0.612485370832413,2.092831909838213,0.36884454457676213,2.0,1.1406854627526997e-11,5.749337479184431e-11,2.6929306097995256,0.26908276557661004,1.4008870692036888,0.20490506329113925,0.315332388910281,0.046825822493999136,0.5597277966055552,4.206256827903087,0.49053254008741987,1.9492566697408749,annulus,4005,0.39478101416267103,0.0,0.1,0.05289650187749389,0.06581437381509142,0.06080579177267691,0.05495070182511109,0.7715130461036077,0.16050015144713747,0.16050015144713747,0.16050015144713747,0.14108827901842436,0.25483256156044237,270,False,8.982772248297518,0.29805452932656334,interior_core,-0.5523965970426489,-0.24536527574702738,26.7897277792921,49,0.1703717573116421,9.581329663238114,0.04134677340172829,0.16131652353378273,0,107,81,4371,0,194,194,113,4371,301,0.3214367421642645,ccpfm,4.206256827903087,0.49053254008741987,1.9492566697408749,1.0,0.3214367421642645,3.801403636316536e-13,2.0366481834344086e-09,1.715898534371263e-09,1.613329914107453e-09,1.4921575086646044e-09,1.0453855558978375e-09,1.1089369422734308e-09,0.04749622343096414,0.06611354861233244,0.05916181127995379,0.05362704353282574,0.001769943002727814,ok,0.9863903320074314,5,False,
,,,,,0.19296453599235974,,,,,2.0,0.0,0.0,,,,,,,0.0,,,,annulus,4006,0.7019364217338213,0.0,0.12,0.128742536745065,0.1438676674377282,0.15156889336561677,0.15523519395134722,1.0,0.5036557133445547,0.3609648625330749,0.5036557133445547,0.5036557133445547,0.06600000000000004,106,False,111.11499141416742,0.024551231744067183,near_boundary_interior,-0.9297707246943322,-0.0887823361588841,148.86643889790852,23,0.18190248889310115,82.34583262574526,0.04948518885191898,0.017437767144282218,,89,34,0,,139,139,105,,228,0.0,wls,,,,,,5.417888360170764e-14,2.864375403532904e-14,1.5987211554602254e-14,3.907985046680551e-14,2.123301534595612e-14,2.5091040356528538e-14,4.3520742565306136e-14,0.13428454780390844,0.14603522279228637,0.17198321545988898,0.17958363844036804,0.0013718190020881593,ok,0.1943363549944479,6,False,
nan,nan,nan,0.0,nan,0.43185980299313087,6.115167708014431,0.4664394483795558,1.5843901938744873,0.24496124031007752,2.0,2.120661285465175e-12,1.5158477642914443e-11,3.1754679427440173,0.031106018716046686,0.37693799875138406,0.05909090909090909,0.3244518691873339,0.03129274431146053,0.5043027245566766,6.115167708014431,0.3879804500278081,1.5306293321423217,annulus,4006,0.9420993647007679,0.0,0.16,0.12912330145645004,0.18288289084440562,0.16333445623792456,0.1623281709108114,0.786131107013464,0.3004623447144442,0.2566930156516688,0.3004623447144442,0.3004623447144442,0.2386153290367362,135,False,9.557583117298588,0.27926253468946255,near_boundary_interior,0.45095601120709194,-0.37829440905029416,30.921124769528664,56,0.18780345304320267,10.524184938171297,0.06320793282237802,0.15299347089318643,0,68,2,2155,0,76,76,74,2155,144,0.2259860788863109,ccpfm,6.115167708014431,0.3879804500278081,1.5306293321423217,1.0,0.2259860788863109,1.5687451337953462e-13,2.522280162509105e-10,1.6608125985584365e-10,1.3805506737796236e-10,1.6422596615939256e-10,2.299669343841515e-10,1.8196111284396466e-10,0.10931500780604733,0.19633882982763295,0.1504714964333432,0.1490360532274459,0.0004914460005238652,ok,0.43235124899365474,6,False,
,,,,,0.23382471199147403,,,,,2.0,0.0,0.0,,,,,,,0.0,,,,annulus,4006,0.563647921685647,0.0,0.1,0.08482655138542992,0.09159709703718912,0.09720625865537307,0.10233472266095854,1.0,0.31073446173883806,0.25775047090336933,0.31073446173883806,0.31073446173883806,0.05499999999999997,124,False,168.8068088050631,0.016396018452494693,near_boundary_interior,-0.8560191619136646,0.4003200883554473,220.2345752476287,23,0.1600974994566508,114.85308166847369,0.041346773516573315,0.011990570377404768,,107,79,0,,199,199,120,,306,0.0,wls,,,,,,7.105427357601002e-14,3.730349362740526e-14,2.7533531010703882e-14,7.283063041541027e-14,3.352873534367973e-14,3.197442310920451e-14,6.750155989720952e-14,0.08303740277706916,0.09038449927127765,0.10296934069594424,0.11047454761825921,0.0012975630088476464,ok,0.23512227500032168,6,False,
,,,,,0.3603907659999095,,,,,2.0,0.0,0.0,,,,,,,0.0,,,,annulus,4006,0.2834708912876414,0.0,0.08,0.046959248881381796,0.056462558015094026,0.05232045033805687,0.044909647101336596,1.0,0.1851609297574084,0.1851609297574084,0.1851609297574084,0.15111627533872263,0.32040606128465304,269,False,144.97772732009312,0.016290879559812597,interior_core,0.43636528669663976,-0.5083180175897958,319.12584488462323,23,0.16522613610957287,167.9699763211822,0.03845300648315879,0.008225010755236668,,134,160,0,,307,307,147,,441,0.0,wls,,,,,,1.5987211554602254e-13,5.595524044110789e-14,6.838973831690964e-14,1.0302869668521453e-13,2.9531932455029164e-14,3.375077994860476e-14,7.194245199571014e-14,0.04409090906365062,0.056995322363718647,0.05284442298803468,0.04791950167203908,0.0022577729978365824,ok,0.3626485389977461,6,False,
nan,nan,nan,0.0,nan,0.768370527002844,4.4544047022270385,0.650663894484008,2.1821350128571715,0.36408904510837725,2.0,5.0454328215376876e-12,3.230620606574531e-11,2.1324326540464718,0.10466302755789363,0.8629812627230976,0.06784260515603799,0.2131632744003315,0.03706955890085244,0.5411725144851208,4.4544047022270385,0.5173637103831892,2.024763209646908,annulus,4006,0.5221338835618797,0.0,0.12,0.11381608315574457,0.1610435884900685,0.13399594420984168,0.11836241349751676,0.7691577626836487,0.25411473067320056,0.25411473067320056,0.25411473067320056,0.228538806545717,0.32548391226457096,221,False,8.448829885645331,0.33954218451083956,interior_core,0.5138975926554927,0.43963389053485236,21.98194481031338,60,0.18190248889310115,10.75933241093601,0.04948518885191898,0.203919216211631,0,89,34,4151,0,139,139,105,4151,228,0.3114912069380872,ccpfm,4.4544047022270385,0.5173637103831892,2.024763209646908,1.0,0.3114912069380872,3.4638958368304884e-13,8.167471143849525e-10,5.939218006290048e-10,5.342517539475011e-10,6.886126946437088e-10,7.342404462207242e-10,6.281242193040271e-10,0.09584553955984501,0.15971585454565165,0.1227529477558427,0.10810843484257293,0.0014337469910969958,ok,0.769804273993941,6,False,
,,,,,0.052848590989015065,,,,,2.0,0.0,0.0,,,,,,,0.0,,,,annulus,4007,1.0,0.0,0.2,0.6895419881632986,nan,0.9483231593764319,0.9483231593764319,1.0,3.211925083281452,nan,3.211925083281452,3.211925083281452,0.11000000000000003,71,False,39.56297278759093,0.06813674670991958,near_boundary_interior,0.5231288745402516,-0.720025124993739,46.97334060136155,23,0.11000000000000003,36.97501081290323,0.05720000000000002,0.05474102874155243,,54,0,0,,47,47,47,,101,0.0,wls,,,,,,1.554312234475219e-14,6.661338147750939e-15,5.440092820663267e-15,8.881784197001252e-15,6.50868248186498e-15,1.3100631690576847e-14,1.2212453270876722e-14,0.7135299610680023,nan,1.0459814238974596,1.0459814238974596,0.00033604400232434273,ok,0.05318463499133941,7,False,
nan,nan,nan,0.0,nan,1.5763701630057767,4.226911140962046,0.6160127029081441,2.112309551265595,0.366308055628444,2.0,1.516577141646991e-11,1.2210190157226728e-10,2.5397028532632917,0.33638414181520543,1.536420487695643,0.251792828685259,0.2933943525434262,0.04929093501418371,0.5682195728879275,4.226911140962046,0.4973738721004558,1.8548100386933475,annulus,4005,0.20510927607086668,0.0,0.08,0.03790455078924607,0.048285009846561235,0.04230663460812355,0.030690344806544687,0.7425261125433495,0.11569702939783189,0.11569702939783189,0.11569702939783189,0.07524229969829055,0.2908355263674459,419,False,8.87333579530233,0.3019844925541138,interior_core,0.4542080957703505,-0.5448718782840407,26.54060050619109,46,0.16778606743302643,9.481352952575907,0.03837599532872048,0.16264637111634284,0,134,157,6321,0,302,302,145,6321,436,0.32083531086853345,ccpfm,4.226911140962046,0.4973738721004558,1.8548100386933475,1.0,0.32083531086853345,7.034373084024992e-13,3.1069511408077233e-09,2.7115616418882382e-09,2.5153816807232943e-09,2.982758928737894e-09,2.1984862819124373e-09,2.119957542845441e-09,0.03377802112169584,0.04814785435688811,0.04058578740041833,0.030342454714122044,0.0035116460057906806,ok,1.5798818090115674,5,False,
,,,,,0.08484772600058932,,,,,2.0,0.0,0.0,,,,,,,0.0,,,,annulus,4007,0.9809284978770788,0.0,0.16,0.3747610203794995,0.348723129146754,0.47657333791390843,0.4806446542703843,1.0,2.0009685321464388,0.45911228968361073,2.0009685321464388,2.0009685321464388,0.08800000000000008,80,False,66.71167994971023,0.040516050821191904,near_boundary_interior,-0.9048086075987769,0.1143039090108568,80.8585963066401,23,0.2060742960690686,49.60940165882171,0.06320793282237706,0.03160247157216454,,68,2,0,,77,77,75,,145,0.0,wls,,,,,,2.9531932455029164e-14,1.9984014443252818e-14,6.217248937900877e-15,2.531308496145357e-14,9.992007221626409e-15,1.2656542480726785e-14,2.9531932455029164e-14,0.40506878569106497,0.3461617190753388,0.5558625515134573,0.5603814021892892,0.0007426009979099035,ok,0.08559032699849922,7,False,
nan,nan,nan,0.0,nan,0.24973992600280326,6.713057110671603,0.2997910787881911,2.0518495838829063,0.2524752475247525,2.0,1.9626036906750244e-12,1.079548266802521e-11,2.640528824988952,0.029626576347963507,1.3688652014263132,0.10526315789473684,0.19204463717879552,0.021913736756413983,0.4360497313038232,6.713057110671603,0.2797766944304164,2.0281514270443965,annulus,4007,1.0,0.0,0.2,0.19909152019040754,nan,0.2738094310035131,0.2738094310035131,0.9243133147516346,0.481484220236438,nan,0.481484220236438,0.481484220236438,0.11000000000000003,80,False,12.970107807382234,0.35588990416104566,near_boundary_interior,0.2868052984528805,-0.3596424733239834,30.264632245747926,60,0.11000000000000003,13.588756669519844,0.05720000000000002,0.17790606153354196,0,54,0,1490,0,47,47,47,1490,101,0.24496644295302014,ccpfm,6.713057110671603,0.2797766944304164,2.0281514270443965,1.0,0.24496644295302014,1.4077627952246985e-13,1.8432078086050296e-10,1.6143331116325044e-10,9.628742247969058e-11,1.059929921609637e-10,1.8508761190361156e-10,1.0420153628842854e-10,0.17081453111302697,nan,0.25040129528485633,0.25040129528485633,0.0003642209921963513,ok,0.2501041469949996,7,False,
,,,,,0.20488755400583614,,,,,2.0,0.0,0.0,,,,,,,0.0,,,,annulus,4007,0.8598265151158342,0.0,0.12,0.1498914724139551,0.11336304265271101,0.17611610422386334,0.20076073785730625,1.0,0.9890238062638479,0.33061293486210896,0.9890238062638479,0.9890238062638479,0.06599999999999998,117,False,110.88691373219685,0.024799572756638716,near_boundary_interior,0.541773136068204,-0.7608139113244041,150.91174186326754,23,0.1782472313756919,82.78464987527559,0.0494851888309758,0.01708882502304512,,89,33,0,,139,139,106,,228,0.0,wls,,,,,,4.796163466380676e-14,2.4868995751603507e-14,1.1546319456101628e-14,3.019806626980426e-14,1.865174681370263e-14,1.4654943925052066e-14,3.375077994860476e-14,0.1673462188192112,0.11889693728819135,0.21432652735003987,0.23629571913254796,0.001309579994995147,ok,0.20619713400083128,7,False,
nan,nan,nan,0.0,nan,1.107277068993426,3.856872728494813,0.586279522642969,2.139407031639829,0.35536119209588596,2.0,8.717034039040783e-12,5.7456106499272294e-11,2.551027677161041,0.285352279080889,1.3977848024815196,0.21940298507462686,0.2924347600817775,0.046793351691882576,0.5592737232923907,3.856872728494813,0.4841830294382023,1.9318087352327011,annulus,4006,0.3519544407373079,0.0,0.1,0.05154745571832155,0.06783305518545148,0.05907036454675691,0.04914028937345316,0.7672275355252534,0.13885028301156088,0.13885028301156088,0.13885028301156088,0.11423509172020008,0.3038105692623803,235,False,9.197651665244104,0.2861022231754339,interior_core,-0.6319560623717445,0.29213438716496853,26.207332471573917,49,0.1600974994566508,9.971150543106345,0.041346773516573315,0.16298261122013707,0,107,79,4427,0,199,199,120,4427,306,0.31420826744974023,ccpfm,3.856872728494813,0.4841830294382023,1.9318087352327011,1.0,0.31420826744974023,4.369837824924616e-13,1.4573959816743809e-09,9.76716929557142e-10,1.011373207404631e-09,1.378972491750119e-09,9.777068044058979e-10,1.0645067050063517e-09,0.045453707192138496,0.06655055611720834,0.056364217873315754,0.04850420438790032,0.001828388005378656,ok,1.1091054569988046,6,False,
nan,nan,nan,0.0,nan,0.43870961500215344,6.4063950393654805,0.46219324021252495,1.6253835747362813,0.24601132269686052,2.0,2.342973037805507e-12,1.3670748966411492e-11,0.7672491764885334,0.01624257147268255,0.269941381080311,0.0,0.31095540563117813,0.03350306754454055,0.5095353292676794,6.4063950393654805,0.39213211606641407,1.5210769513805504,annulus,4007,0.9335603099385492,0.0,0.16,0.13204461143518437,0.2293339608190915,0.16791752024126266,0.16521249903702348,0.7714629944865721,0.2983176107499539,0.22939551609055886,0.2983176107499539,0.2983176107499539,0.3165095541162126,118,False,9.487691989127669,0.3095232061064837,near_boundary_interior,0.46116078221869383,-0.47579797407946106,31.143596250727693,55,0.2060742960690686,10.202263852796476,0.06320793282237706,0.16244324726991108,0,68,2,2149,0,77,77,75,2149,145,0.2224290367612843,ccpfm,6.4063950393654805,0.39213211606641407,1.5210769513805504,1.0,0.2224290367612843,2.1360690993788012e-13,2.2401014376782769e-10,1.1657430576406114e-10,1.1041834113711957e-10,1.658726489495166e-10,1.0848522080664225e-10,1.24817489677298e-10,0.11260906242108026,0.22933273205834684,0.15452970698329613,0.15203197611992675,0.0006154139991849661,ok,0.4393250290013384,7,False,
,,,,,0.20002506599121261,,,,,2.0,0.0,0.0,,,,,,,0.0,,,,annulus,4007,0.5374863492488092,0.0,0.1,0.08675016676441188,0.09579973377913696,0.1000558683229527,0.1042112468097948,1.0,0.295979075852,0.2857305693030998,0.295979075852,0.295979075852,0.1651830872057156,246,False,92.92532963926976,0.02606009086369326,near_boundary_interior,-0.01503888992648908,0.8346901957352051,203.65030683028402,23,0.17041583186354892,106.9368079560987,0.04134677326351784,0.012605053560637302,,107,76,0,,188,188,112,,295,0.0,wls,,,,,,7.016609515630989e-14,4.04121180963557e-14,1.9539925233402755e-14,4.618527782440651e-14,2.9531932455029164e-14,3.6637359812630166e-14,6.794564910705958e-14,0.08281868461175584,0.09816946002441114,0.1037433843992386,0.10736100751376501,0.0013232769997557625,ok,0.20134834299096838,7,False,
,,,,,0.39176361900172196,,,,,2.0,0.0,0.0,,,,,,,0.0,,,,annulus,4007,0.3368638096397022,0.0,0.08,0.04233158091498645,0.04878869394650827,0.047066491095500484,0.04414916177436947,1.0,0.1412704356444281,0.1412704356444281,0.1412704356444281,0.12839370704466851,0.24457034409913556,442,False,163.93585397160183,0.015407562918177421,interior_core,0.5746991999674258,0.4904666786519685,335.7222978917522,23,0.16782563407438916,165.49468649142995,0.03860633152072018,0.007682788716445191,,134,163,0,,310,310,147,,444,0.0,wls,,,,,,1.2656542480726785e-13,7.105427357601002e-14,4.440892098500626e-14,9.614531393253856e-14,6.661338147750939e-14,6.350475700855895e-14,1.20570220474292e-13,0.04025196064244941,0.049574447874902845,0.04817233274298324,0.04656827408296162,0.003818519995547831,ok,0.3955821389972698,7,False,
nan,nan,nan,0.0,nan,0.8289050849998603,4.443685850809188,0.6430616929867363,2.1802461934221378,0.3570391872278665,2.0,5.188363627617321e-12,3.444277060266498e-11,2.4302100266078352,0.08949902368362181,0.8448362702109399,0.07093184979137691,0.20107744098328523,0.037857966999340534,0.5440846440622275,4.443685850809188,0.512187324840276,2.0379672687090298,annulus,4007,0.6022149552267533,0.0,0.12,0.1031717288114362,0.1314457553116366,0.12122239278649848,0.11564661268521395,0.7747281586259769,0.25363817543680545,0.25363817543680545,0.25363817543680545,0.21822384480425816,0.30305289083612563,220,False,8.428742820197698,0.33956258154791075,interior_core,0.49157725349620224,-0.49528598951564884,22.43451472693307,61,0.1782472313756919,11.249289956068537,0.0494851888309758,0.20254622417797705,0,89,33,4164,0,139,139,106,4164,228,0.3076368876080692,ccpfm,4.443685850809188,0.512187324840276,2.0379672687090298,1.0,0.3076368876080692,3.979039320256561e-13,7.758567122095883e-10,6.777223227061313e-10,6.233196181426592e-10,5.742072928249797e-10,6.678475550359053e-10,5.812603731669697e-10,0.08728373926768751,0.13244159117237894,0.11178753164169015,0.10452774672984433,0.002464065997628495,ok,0.8313691509974888,7,False,
nan,nan,nan,0.0,nan,1.4934084209962748,3.9220928910874777,0.6227704645081572,2.084776942847059,0.3665242925787507,2.0,1.4252585223140102e-11,1.195607799149549e-10,2.670583181511585,0.34667513514030224,1.5749250956819187,0.26778242677824265,0.28198448712996144,0.050682451537566994,0.5700583361955671,3.9220928910874777,0.501202988889802,1.8244439873441902,annulus,4006,0.22874924896035603,0.0,0.08,0.03580837097289096,0.04466885837766525,0.039896508990301595,0.030762998807845807,0.7363161325675901,0.12086327057201751,0.12086327057201751,0.12086327057201751,0.0850447342020968,0.29543998506810726,374,False,9.076809855016867,0.29459723275229766,interior_core,-0.616736730742017,-0.18928204698454743,26.401703398107035,45,0.16522613610957287,9.494019074353766,0.03845300648315879,0.15783768297610049,0,134,160,6375,0,307,307,147,6375,441,0.3258039215686275,ccpfm,3.9220928910874777,0.501202988889802,1.8244439873441902,1.0,0.3258039215686275,9.983125437429408e-13,3.1750344575698364e-09,2.0857084948033844e-09,2.078607508337882e-09,3.093999723091656e-09,1.9679582408116403e-09,2.0976855807930406e-09,0.03178614025368382,0.04446233025750822,0.0380967477512832,0.029653828398100636,0.0038098340010037646,ok,1.4972182549972786,6,False,
,,,,,0.05511257500620559,,,,,2.0,0.0,0.0,,,,,,,0.0,,,,annulus,4008,1.0,0.0,0.2,0.6116978167281774,nan,0.8294470601271301,0.8294470601271301,1.0,2.4961529716846407,nan,2.4961529716846407,2.4961529716846407,0.11000000000000003,71,False,46.52671155145923,0.05544291413658912,near_boundary_interior,0.5231288745402516,-0.720025124993739,47.61685308603487,23,0.11000000000000004,36.26337835914195,0.05720000000000003,0.053680688172355155,,54,0,0,,50,50,50,,104,0.0,wls,,,,,,1.5765166949677223e-14,9.325873406851315e-15,7.993605777301127e-15,1.9539925233402755e-14,1.1879386363489175e-14,5.995204332975845e-15,9.769962616701378e-15,0.6417492921365708,nan,0.9255439915164502,0.9255439915164502,0.00032614299561828375,ok,0.05543871800182387,8,False,
,,,,,0.07814166000753175,,,,,2.0,0.0,0.0,,,,,,,0.0,,,,annulus,4008,0.9992368348046973,0.0,0.16,0.6527161630089379,0.13633078179130342,0.8295113647284249,0.8411629025885214,1.0,3.240856324166591,0.13633078179130342,3.240856324166591,3.240856324166591,0.08800000000000001,81,False,62.22605214748504,0.044580261068513274,near_boundary_interior,-0.9048086075988283,-0.11430390901045093,74.9154594251668,23,0.19104528940795992,49.40056230396377,0.06320793282237415,0.03518783295265892,,68,1,0,,73,73,72,,141,0.0,wls,,,,,,2.842170943040401e-14,1.2878587085651816e-14,1.0880185641326534e-14,2.120525977034049e-14,1.6764367671839864e-14,7.66053886991358e-15,2.1316282072803006e-14,0.7116949533820257,0.13633078179130342,0.9891041237789866,0.9958196132829461,0.0006718039949191734,ok,0.07881346400245093,8,False,
nan,nan,nan,0.0,nan,0.25005861499812454,4.0021657195550375,0.2872610656290699,2.0364274212269686,0.25880172946263125,2.0,2.068310800407147e-12,1.0883105849408944e-11,3.3516943334551015,0.042783020768266886,1.9259078021975595,0.16071428571428573,0.18615251555917148,0.02065325543281127,0.45081178441513264,4.0021657195550375,0.25941323470678296,2.0331406206671883,annulus,4008,1.0,0.0,0.2,0.20690730392841108,nan,0.2805611696968244,0.2805611696968244,0.9105452682746998,0.48740271745384545,nan,0.48740271745384545,0.48740271745384545,0.24622082043400756,93,False,15.74145177076512,0.3275489550961623,near_boundary_interior,-0.40444734132690546,-0.4347142823466266,28.479535889849213,64,0.11000000000000004,13.095511334083772,0.05720000000000003,0.19475662164114887,0,54,0,1731,0,50,50,50,1731,104,0.25245522819179667,ccpfm,4.0021657195550375,0.25941323470678296,2.0331406206671883,1.0,0.25245522819179667,7.815970093361102e-14,1.667146420913923e-10,1.5277645815103824e-10,9.97769644683899e-11,9.295149372423595e-11,1.6820422832353188e-10,1.0718140264209808e-10,0.17247173141069586,nan,0.2487422684677268,0.2487422684677268,0.0004551379970507696,ok,0.2505137529951753,8,False,
nan,nan,nan,0.0,nan,0.9437743860034971,3.9901053149714802,0.5991037436917312,2.0862964053022948,0.36760752688172044,2.0,9.29917254310908e-12,5.2183080234418684e-11,2.4842389060989296,0.29197508139662004,1.412387863933925,0.21681068342498036,0.27983076716611316,0.047028238003885614,0.5577445300518232,3.9901053149714802,0.49419285917257955,1.9269019749716778,annulus,4007,0.35532915286371786,0.0,0.1,0.05837557627845622,0.0761082792272606,0.06732919591100793,0.0570173666307484,0.763850024010279,0.14839399257364738,0.14839399257364738,0.14839399257364738,0.11590604886868333,0.3204882861748093,202,False,9.090312094335735,0.28203290939106007,interior_core,0.4971472029475301,-0.46530937521027954,26.799813776273922,47,0.17041583186354892,9.63380704524499,0.04134677326351784,0.15862193662561053,0,107,76,4249,0,188,188,112,4249,295,0.3224288067780654,ccpfm,3.9901053149714802,0.49419285917257955,1.9269019749716778,1.0,0.3224288067780654,3.446132268436486e-13,1.5834142885751135e-09,6.541764907552761e-10,7.491709475004882e-10,9.740470652275235e-10,1.4333076947536938e-09,1.301440732959236e-09,0.05194626383432711,0.07720967186150295,0.06507083808843662,0.05533751034003062,0.002582064989837818,ok,0.9463564509933349,7,False,
,,,,,0.1453128589928383,,,,,2.0,0.0,0.0,,,,,,,0.0,,,,annulus,4008,0.6897637264372216,0.0,0.12,0.12017380970541319,0.13125757649902936,0.14148266133353013,0.14693241497798856,1.0,0.41460602660654233,0.2633139641815394,0.41460602660654233,0.41460602660654233,0.06599999999999998,90,False,105.00838893944085,0.02676674304846527,near_boundary_interior,0.9171213305540633,0.17676064130567,141.37192382441287,23,0.1886325040900505,82.45276420759194,0.04948518887286215,0.017781246657694913,,89,38,0,,140,140,102,,229,0.0,wls,,,,,,5.062616992290714e-14,2.6201263381153694e-14,1.9761969838327786e-14,4.929390229335695e-14,2.5091040356528538e-14,1.5765166949677223e-14,4.085620730620576e-14,0.12119963588083277,0.13149381594482487,0.15500833037340367,0.16290313042151708,0.001048671008902602,ok,0.1463615300017409,8,False,
nan,nan,nan,0.0,nan,0.47160804699524306,7.040908870800516,0.4275695235447086,1.61503444344521,0.22622779519331243,2.0,2.4893108407919584e-12,1.5470592537561737e-11,0.5391552569443404,0.02599473902594426,0.20048827849197848,0.0,0.29275394654766346,0.02794457854630361,0.49247939383738726,7.040908870800516,0.35563299539074894,1.5469461867321017,annulus,4008,0.9421886359136274,0.0,0.16,0.15346788286149365,0.27898727214840535,0.1950363115991605,0.19204719091924588,0.7946433206034027,0.371750866507801,0.27898727214840535,0.371750866507801,0.371750866507801,0.2459551493703632,124,False,9.769273413295064,0.2716587388925646,near_boundary_interior,0.5390158649691709,-0.5283040787608752,33.45860820843008,55,0.19104528940795992,10.628754841775764,0.06320793282237415,0.15658782181117023,0,68,1,2080,0,73,73,72,2080,141,0.20817307692307693,ccpfm,7.040908870800516,0.35563299539074894,1.5469461867321017,1.0,0.20817307692307693,1.7497114868092467e-13,3.5580427493187017e-10,2.43595810189845e-10,1.9830587172364744e-10,2.4995472358568804e-10,2.590265779645051e-10,2.2252777398534818e-10,0.12570628931381053,0.27898727214840535,0.17470491894650625,0.17281405137454658,0.0005449820018839091,ok,0.47215302899712697,8,False,
,,,,,0.23790717800147831,,,,,2.0,0.0,0.0,,,,,,,0.0,,,,annulus,4008,0.5171156464308694,0.0,0.1,0.08876038718520275,0.10322736733171413,0.10183193022234695,0.10057869052467919,1.0,0.3132941245133102,0.27611227012970185,0.3132941245133102,0.3132941245133102,0.05500000000000003,126,False,145.8312399725775,0.01858858820200541,near_boundary_interior,-0.9382829818577008,0.11247218724529282,198.24318566268045,23,0.1718784418966032,111.67839665882106,0.041346773597878056,0.013085836963149886,,107,76,0,,197,197,121,,304,0.0,wls,,,,,,6.750155989720952e-14,3.197442310920451e-14,2.3092638912203256e-14,4.973799150320701e-14,2.353672812205332e-14,3.2862601528904634e-14,5.1514348342607263e-14,0.08408902927333357,0.1051851540471542,0.10445831540834458,0.10399919137439137,0.0014960450062062591,ok,0.23940322300768457,8,False,
,,,,,0.41017829898919445,,,,,2.0,0.0,0.0,,,,,,,0.0,,,,annulus,4008,0.3078862775840842,0.0,0.08,0.04889332465341509,0.05762506707468634,0.05440842694460013,0.04878242179711559,1.0,0.1531322007863517,0.1531322007863517,0.1531322007863517,0.1306943999983382,0.3033161648971133,307,False,150.55710673087518,0.016362953445411155,interior_core,-0.6839100602507181,-0.13654316779501516,351.54883284440115,23,0.16735750594485416,166.98314128079437,0.03871059059965498,0.007495568166772126,,134,162,0,,310,310,148,,444,0.0,wls,,,,,,1.1723955140041653e-13,6.306066779870889e-14,3.907985046680551e-14,9.769962616701378e-14,5.10702591327572e-14,3.086420008457935e-14,9.237055564881302e-14,0.045095473457849894,0.05824241128707179,0.05396890282961686,0.048864557290829815,0.003283924001152627,ok,0.4134622229903471,8,False,
nan,nan,nan,0.0,nan,0.825695369989262,4.477646982043923,0.6546815358621154,2.172744772704791,0.3613372093023256,2.0,5.465513458480231e-12,3.3495005223956e-11,1.9292224970911371,0.09245141873434265,0.9005472913258843,0.076,0.21191246978821535,0.037903861927670424,0.540926816295644,4.477646982043923,0.5145178295337669,2.0455329090782834,annulus,4008,0.556228230324368,0.0,0.12,0.1126780533136828,0.14719309439375292,0.132657780391422,0.1237153135892922,0.7774796972788343,0.24999668591731627,0.24999668591731627,0.24999668591731627,0.24953321730946942,0.29942235105971643,223,False,8.727703635983076,0.3409967327796754,interior_core,0.5167891271602248,-0.4736821836046915,21.952763056440318,61,0.1886325040900505,10.559452463764515,0.04948518887286215,0.20323374102360506,0,89,38,4190,0,140,140,102,4190,229,0.31026252983293556,ccpfm,4.477646982043923,0.5145178295337669,2.0455329090782834,1.0,0.31026252983293556,3.6060043839825084e-13,8.098921533417069e-10,6.962685983324945e-10,6.454241585629461e-10,6.721023737554788e-10,7.67386598710118e-10,6.614317982212015e-10,0.09501917859272538,0.14804461900656501,0.12152482241442043,0.11002252864494087,0.0015743890107842162,ok,0.8272697590000462,8,False,
,,,,,0.07339196800603531,,,,,2.0,0.0,0.0,,,,,,,0.0,,,,annulus,4009,1.0,0.0,0.2,0.8127788744300547,nan,1.1254359392767639,1.1254359392767639,1.0,3.8102446331537925,nan,3.8102446331537925,3.8102446331537925,0.10999999999999999,57,False,39.08275529519558,0.07221967349553281,near_boundary_interior,0.5231288745403727,0.7200251249936511,46.22548206262218,23,0.11000000000000004,34.270348105835126,0.05720000000000003,0.055648122212404366,,54,0,0,,47,47,47,,101,0.0,wls,,,,,,1.9262369477246466e-14,9.325873406851315e-15,4.440892098500626e-15,1.0658141036401503e-14,1.0658141036401503e-14,6.217248937900877e-15,1.1962653090336062e-14,0.8121679587213225,nan,1.1905773327803684,1.1905773327803684,0.0004694359959103167,ok,0.07386140400194563,9,False,
nan,nan,nan,0.0,nan,1.5920214139914606,3.881642814616264,0.621074628903101,2.087149293195413,0.3671182907764461,2.0,1.3986839464408263e-11,1.2430776477013067e-10,2.623101305747566,0.3429930702851719,1.550934445881665,0.2598395108903324,0.3008770202383046,0.050822480069404846,0.5692885203927426,3.881642814616264,0.48909642370760464,1.8330472088176208,annulus,4007,0.21218266619293413,0.0,0.08,0.037875108852447714,0.04757951329006461,0.04211154969914529,0.03135015102495566,0.7406099779916744,0.1002798944924484,0.1002798944924484,0.1002798944924484,0.07111795141704717,0.3120099261186874,280,False,9.231844345684856,0.298128450278317,interior_core,-0.6597309226055487,0.19517072167108987,26.29154486934193,46,0.16782563407438916,9.418341980528638,0.03860633152072018,0.162107794700201,0,134,163,6455,0,310,310,147,6455,444,0.3236250968241673,ccpfm,3.881642814616264,0.48909642370760464,1.8330472088176208,1.0,0.3236250968241673,7.744915819785092e-13,2.7428903592863207e-09,1.919270076200519e-09,1.8592949402318482e-09,2.6838389288741382e-09,2.2588277914792343e-09,2.1663169036401086e-09,0.03383344651991611,0.047727987659851395,0.0404908485844169,0.03052155728958955,0.004806805998669006,ok,1.5968282199901296,7,False,
nan,nan,nan,0.0,nan,0.2650797620008234,7.6004448322166684,0.29962608126671586,2.066511550178288,0.25306416726748376,2.0,1.9469773016034253e-12,1.154700901811045e-11,3.253770941649376,0.022835798527237945,0.5944500289289693,0.056338028169014086,0.21731675482166982,0.021433774116147414,0.43523655280647555,7.6004448322166684,0.27877401069413876,2.0444829972632013,annulus,4009,1.0,0.0,0.2,0.19189524695370774,nan,0.26571287012046724,0.26571287012046724,0.9296297550718686,0.45226198605394713,nan,0.45226198605394713,0.45226198605394713,0.3278971251326107,82,False,11.250189375652509,0.2458934009972432,near_boundary_interior,-0.5192145621992612,0.4343868332155071,29.448046352890678,59,0.11000000000000004,13.181451656642919,0.05720000000000003,0.18514848774049739,0,54,0,1458,0,47,47,47,1458,101,0.24348422496570646,ccpfm,7.6004448322166684,0.27877401069413876,2.0444829972632013,1.0,0.24348422496570646,5.684341886080802e-14,1.7195311841078365e-10,1.37997613336438e-10,8.178169252914813e-11,1.0121214977232285e-10,1.691996542874108e-10,1.0430256658366943e-10,0.16082040415023255,nan,0.23575065449675434,0.23575065449675434,0.0005761709908256307,ok,0.265655932991649,9,False,
,,,,,0.08978633600054309,,,,,2.0,0.0,0.0,,,,,,,0.0,,,,annulus,4009,0.9998452601494034,0.0,0.16,0.46346465592296027,0.05558042189240753,0.5888827717579415,0.5940190598526303,1.0,2.281693858286779,0.05558042189240753,2.281693858286779,2.281693858286779,0.08800000000000001,81,False,63.48252081688729,0.042450272501015816,near_boundary_interior,-0.9048086075988283,-0.11430390901045093,80.96723360213575,23,0.14385151809955735,53.19111117893352,0.05455942385273814,0.03161410109878544,,68,1,0,,76,76,75,,144,0.0,wls,,,,,,2.7977620220553945e-14,1.1546319456101628e-14,7.105427357601002e-15,2.1316282072803006e-14,1.73749903353837e-14,7.66053886991358e-15,1.5987211554602254e-14,0.5165078805311423,0.05558042189240753,0.7109702067718826,0.7156655370624235,0.0004919970087939873,ok,0.09027833300933708,9,False,
nan,nan,nan,0.0,nan,1.1135129960021004,4.423331361012138,0.5874491577849021,2.103080996501536,0.3678996036988111,2.0,9.638220777041795e-12,5.120748915240859e-11,2.5568851882377,0.31759305033320834,1.4551930378570932,0.22633451957295372,0.3169518000826644,0.048971684577986625,0.5612101652016016,4.423331361012138,0.49028254420113876,1.92019175951913,annulus,4008,0.3985678660846837,0.0,0.1,0.05138766988250639,0.06669700557126483,0.058955416709096646,0.05112143263580181,0.7681433232259344,0.14585842169061947,0.14585842169061947,0.14585842169061947,0.1241269713241997,0.3089831177354695,293,False,8.740872897212492,0.30633712131040475,interior_core,0.4601510794044875,-0.46584040527999493,26.062290802093447,49,0.1718784418966032,9.741758357642416,0.041346773597878056,0.16186744179028006,0,107,76,4433,0,197,197,121,4433,304,0.32303180690277467,ccpfm,4.423331361012138,0.49028254420113876,1.92019175951913,1.0,0.32303180690277467,4.4231285301066237e-13,1.6351489051658064e-09,7.464053819461469e-10,9.507825637911083e-10,1.4935190861820047e-09,1.0265690519872805e-09,1.2005614280496957e-09,0.04632990936380013,0.06696904703458975,0.05755262401035438,0.050752612169814276,0.0015748320001875982,ok,1.115087828002288,8,False,
,,,,,0.21899625100195408,,,,,2.0,0.0,0.0,,,,,,,0.0,,,,annulus,4009,0.7650934977562092,0.0,0.12,0.1420694434194745,0.13206506074976354,0.1674032069444045,0.1855795237146046,1.0,0.5957511689686797,0.24767024563278506,0.5957511689686797,0.5957511689686797,0.06599999999999998,117,False,109.85014664526273,0.024905361121051024,near_boundary_interior,0.541773136068204,-0.7608139113244041,143.68727968314408,23,0.1853833965673417,82.53876918074961,0.04948518883097581,0.018019942205916586,,89,38,0,,137,137,99,,226,0.0,wls,,,,,,7.105427357601002e-14,2.1316282072803006e-14,1.5765166949677223e-14,4.085620730620576e-14,2.531308496145357e-14,2.0650148258027912e-14,4.3520742565306136e-14,0.15127424670991296,0.13428083913709066,0.19429379672711367,0.21288233154533318,0.001316314999712631,ok,0.2203125660016667,9,False,
,,,,,0.17676035499607679,,,,,2.0,0.0,0.0,,,,,,,0.0,,,,annulus,4009,0.5697729177379406,0.0,0.1,0.08157116596796367,0.08924331558328659,0.09373560425936167,0.09761644786103736,1.0,0.33865968095874516,0.22554845671222368,0.33865968095874516,0.33865968095874516,0.05499999999999996,110,False,164.86692751318878,0.017088374563552812,near_boundary_interior,0.8394270042683221,0.4340359017732494,207.07848293574418,23,0.16585118364965143,107.0197199650238,0.04134677336616112,0.012549377463915679,,107,74,0,,191,191,117,,298,0.0,wls,,,,,,7.149836278586008e-14,3.774758283725532e-14,3.863576125695545e-14,6.439293542825908e-14,2.378652830259398e-14,3.064215547965432e-14,5.551115123125783e-14,0.08131160445728147,0.08947370864259699,0.10156497808669435,0.10851915644648054,0.0012588430108735338,ok,0.17801919800695032,9,False,
nan,nan,nan,0.0,nan,0.43661793500359636,5.776054996368914,0.4234044677453137,1.5123023968756226,0.22914572864321608,2.0,2.2314997072392373e-12,1.417036692435497e-11,3.9609014474493915,0.025979590447779304,0.30616143887694686,0.05172413793103448,0.30354186842649666,0.028991964877668745,0.5005459669697898,5.776054996368914,0.35407258234359607,1.463440068295896,annulus,4009,0.9605055798148644,0.0,0.16,0.13775852202706623,0.2639310455045881,0.17503733941269736,0.17305565067404063,0.8013171940185029,0.37541430844042156,0.2639310455045881,0.37541430844042156,0.37541430844042156,0.289535643425544,114,False,10.279787799334017,0.2979284456330428,near_boundary_interior,0.43234557086151154,-0.5661270130033742,31.906455662173098,56,0.14385151809955735,10.947131094794706,0.05455942385273814,0.15525680375236678,0,68,1,2164,0,76,76,75,2164,144,0.21487985212569316,ccpfm,5.776054996368914,0.35407258234359607,1.463440068295896,1.0,0.21487985212569316,1.8829382497642655e-13,2.359448192379432e-10,1.785684933253151e-10,1.5677370512889865e-10,1.5597342861717323e-10,1.0701928232492719e-10,9.887379803785734e-11,0.11775277737743557,0.2639310455045881,0.16208603902404758,0.1602915506508163,0.0009029150096466765,ok,0.43752085001324303,9,False,
,,,,,0.3470750309934374,,,,,2.0,0.0,0.0,,,,,,,0.0,,,,annulus,4009,0.30755696290511364,0.0,0.08,0.050165858971307806,0.05952821509477635,0.05588442536105117,0.049644369559304076,1.0,0.2339689831507097,0.2339689831507097,0.2339689831507097,0.1908108642645262,0.1759302392622353,260,False,146.85506366265636,0.01625240741287437,interior_core,0.5024399040301717,0.6555703797528649,302.7704593257903,23,0.16322315124262995,164.92464329791693,0.03856515839412549,0.00847684094136991,,134,158,0,,305,305,147,,439,0.0,wls,,,,,,1.5010215292932116e-13,6.217248937900877e-14,4.263256414560601e-14,9.270362255620057e-14,4.973799150320701e-14,5.750955267558311e-14,1.1679546219056647e-13,0.046593479172606006,0.05942128958091137,0.055899443098728706,0.0518479917647612,0.0022621670068474486,ok,0.34933719800028484,9,False,
nan,nan,nan,0.0,nan,0.8311641750042327,4.670806378720254,0.6371769674438487,2.1933532401467537,0.3582133411695563,2.0,5.960086590928171e-12,3.253636228523018e-11,2.4915565755800504,0.08867290624799912,0.8243910459502007,0.04857142857142857,0.20864888955188773,0.03749765722938764,0.5387997164792,4.670806378720254,0.5175759353806219,2.0293245533076574,annulus,4009,0.5127047907304191,0.0,0.12,0.10831175892850996,0.14501449574797876,0.12762586632289397,0.11581942848928378,0.7693683184715729,0.2415284956190613,0.2415284956190613,0.2415284956190613,0.22646269237311567,0.30653967808935906,225,False,8.82382695827899,0.3443452700398319,interior_core,0.5285152859941284,0.45190346501263895,22.329165966413544,59,0.1853833965673417,10.602919019195308,0.04948518883097581,0.20567340749404944,0,89,38,4103,0,137,137,99,4103,226,0.30538630270533756,ccpfm,4.670806378720254,0.5175759353806219,2.0293245533076574,1.0,0.30538630270533756,2.646771690706373e-13,8.694529540775875e-10,7.894471742986298e-10,7.153939662885023e-10,5.444098505336115e-10,7.44296180243964e-10,6.420357578917901e-10,0.0912043302299013,0.14708810265001163,0.11714112602591316,0.10336721677816402,0.001689180004177615,ok,0.8328533550084103,9,False,
nan,nan,nan,0.0,nan,1.5507579679979244,3.872189300150003,0.6245721715297946,2.057170705873276,0.36898111199787176,2.0,1.4227050093573723e-11,1.2475961828496772e-10,2.489544655291507,0.3311667875033161,1.568915465041592,0.2632978723404255,0.27883845330443796,0.05137845100155619,0.568784207781211,3.872189300150003,0.5029457530545276,1.8495126027499433,annulus,4008,0.22407514212365692,0.0,0.08,0.03349434369903987,0.041797898747228425,0.0372724613252343,0.028509324931177037,0.7445167363335066,0.10511030938589139,0.10511030938589139,0.10511030938589139,0.06387881262041162,0.3176947043553734,332,False,9.282164664792123,0.29657449961245447,interior_core,0.4475356250659453,0.4935157947944553,26.099105706437484,46,0.16735750594485416,9.533115020071765,0.03871059059965498,0.15877185381319484,0,134,162,6391,0,310,310,148,6391,444,0.3254576748552652,ccpfm,3.872189300150003,0.5029457530545276,1.8495126027499433,1.0,0.3254576748552652,7.420730696594546e-13,3.084279498466458e-09,2.172754420826095e-09,2.2254553755374218e-09,2.9570110804399974e-09,1.8668622203676932e-09,1.983958552997933e-09,0.029865046199031058,0.04182146340327177,0.03574158674315809,0.027591283302323206,0.003373457002453506,ok,1.554131425000378,8,False,
nan,nan,nan,0.0,nan,0.894104882987449,3.702044181214227,0.5877030378231203,2.1130028974903636,0.36994609164420483,2.0,1.4930549852021358e-11,5.697996139064101e-11,2.597378566017335,0.311583107252114,1.476384054744048,0.21860816944024206,0.28941861528118235,0.046822479049163104,0.5596902720386191,3.702044181214227,0.4835556269017953,1.9120433872461529,annulus,4009,0.39765209180216815,0.0,0.1,0.04593759489094353,0.05946783269958894,0.05278811653882078,0.045925650659112645,0.7564943342130248,0.11329095710183945,0.11329095710183945,0.11329095710183945,0.09873522414411173,0.2805665895405259,217,False,8.541259462830736,0.2970940726896614,interior_core,-0.19886101577784837,-0.5943685148711935,26.21306999608808,48,0.16585118364965143,9.681751492616343,0.04134677336616112,0.1623993067024973,0,107,74,4290,0,191,191,117,4290,298,0.3233100233100233,ccpfm,3.702044181214227,0.4835556269017953,1.9120433872461529,1.0,0.3233100233100233,4.1744385725905886e-13,2.180577052257604e-09,9.627398878109261e-10,1.065782129217041e-09,1.4077237153742317e-09,1.9288937114225746e-09,1.852761499776534e-09,0.041292563543164115,0.05982690820012089,0.05157785705247307,0.045596467443372535,0.0015770530008012429,ok,0.8956819359882502,9,False,
nan,nan,nan,0.0,nan,1.237412217000383,4.038547589632331,0.60897155394355,2.0444178838010276,0.36554621848739494,2.0,1.270336613679035e-11,1.1186823333831534e-10,2.6058925079529813,0.34519613161261087,1.5707974175743655,0.26014040561622465,0.29646490102298023,0.05084533322412634,0.5700521349832295,4.038547589632331,0.4949011068747063,1.857399848082777,annulus,4009,0.19418237122348153,0.0,0.08,0.038692448575475484,0.049529868818631355,0.043103124291945114,0.030424964438198126,0.7419321373661213,0.1136428827506738,0.1136428827506738,0.1136428827506738,0.06622264373573927,0.29238654284650434,389,False,8.754042347141823,0.3076181900289309,interior_core,0.3975701093755656,-0.5045607758105074,26.70882190167401,46,0.16322315124262995,9.499655673636246,0.03856515839412549,0.15542626537762572,0,134,158,6372,0,305,305,147,6372,439,0.3231324544883867,ccpfm,4.038547589632331,0.4949011068747063,1.857399848082777,1.0,0.3231324544883867,6.821210263296962e-13,2.55976217999887e-09,1.6880470354863064e-09,1.8329622264445788e-09,2.468159010504678e-09,1.928675885665143e-09,1.906187208078336e-09,0.03401874158019807,0.049160136388868986,0.04081319409971588,0.02930046368482472,0.00247666600625962,ok,1.2398888830066426,9,False,
