added_edge_correction_rel_max,added_edge_correction_rel_median,added_edge_correction_rel_p90,added_edge_fraction,added_edge_negative_lambda_fraction,assembly_seconds,boundary_band_live,boundary_edge_correction_rel_max,boundary_edge_correction_rel_median,boundary_edge_correction_rel_p90,boundary_edge_fraction,boundary_edge_negative_lambda_fraction,cloud_seconds,condition_estimate,constraint_resid_inf,constraint_resid_l2,core_edge_correction_rel_max,core_edge_correction_rel_median,core_edge_correction_rel_p90,core_edge_fraction,core_edge_negative_lambda_fraction,correction_abs_max,correction_abs_median,correction_rel_l2,correction_rel_max,correction_rel_median,correction_rel_p90,domain,effective_weight_added_edge_median,effective_weight_added_edge_p90,effective_weight_boundary_edge_median,effective_weight_boundary_edge_p90,effective_weight_core_edge_median,effective_weight_core_edge_p90,effective_weight_median,effective_weight_original_boundary_edge_median,effective_weight_original_boundary_edge_p90,effective_weight_original_core_edge_median,effective_weight_original_core_edge_p90,effective_weight_original_edge_median,effective_weight_original_edge_p90,effective_weight_p90,h,l2,lambda_ratio_median,linf,max_local_cond,median_local_cond,method,n_added_edges,n_edges,n_points,negative_lambda_fraction,original_boundary_edge_correction_rel_max,original_boundary_edge_correction_rel_median,original_boundary_edge_correction_rel_p90,original_boundary_edge_fraction,original_boundary_edge_negative_lambda_fraction,original_core_edge_correction_rel_max,original_core_edge_correction_rel_median,original_core_edge_correction_rel_p90,original_core_edge_fraction,original_core_edge_negative_lambda_fraction,original_edge_correction_rel_max,original_edge_correction_rel_median,original_edge_correction_rel_p90,original_edge_fraction,original_edge_negative_lambda_fraction,problem,protected_interface_nodes,seed,solve_seconds,total_seconds,trial,unstable
,,,,,0.0275343969988171,,,,,,,0.05574871299904771,42.01830382513883,,,,,,,,,,,,,,circle,,,,,,,,,,,,,,,0.2,1.0530362087553204,,2.8509902855163674,21.447262877619043,9.351748413557956,wls_strong,,,94,,,,,,,,,,,,,,,,,smooth_variable,,8101,0.000486759003251791,0.0837698690011166,1,False
nan,nan,nan,0.0,nan,0.03791619300318416,0.0,3.7317496528811507,0.6374305441602597,2.1262760160968406,0.7162162162162162,0.37971698113207547,0.05056999599037226,128.12197498190753,4.0573220906603884e-11,1.9939674858464706e-10,2.944254921462482,0.28180059966168924,1.8333752861310462,0.28378378378378377,0.2619047619047619,0.881049622940549,0.14259550891191414,0.6107960298358283,3.7317496528811507,0.5228015754376034,2.0394637247863616,circle,nan,nan,3.3337838755088915,14.115252416119711,4.526516822640221,19.27885430755358,3.7394836276408583,3.3337838755088915,14.115252416119711,4.526516822640221,19.27885430755358,3.7394836276408583,17.328147571862004,17.328147571862004,0.2,0.28041165655038336,0.7833579366291663,0.520674711974453,24.82383817502041,9.912977839464897,ccpfm_flux,0,1184,97,0.34628378378378377,3.7317496528811507,0.6374305441602597,2.1262760160968406,0.7162162162162162,0.37971698113207547,2.944254921462482,0.28180059966168924,1.8333752861310462,0.28378378378378377,0.2619047619047619,3.7317496528811507,0.5228015754376034,2.0394637247863616,1.0,0.34628378378378377,smooth_variable,0,8100,0.00036561800516210496,0.08885180699871853,0,False
,,,,,0.03791341799660586,,,,,,,0.060474140002042986,38.76267587507142,,,,,,,,,,,,,,circle,,,,,,,,,,,,,,,0.2,1.1707934841086935,,3.90948544270187,21.67240636949032,9.424677205927896,wls_strong,,,97,,,,,,,,,,,,,,,,,smooth_variable,,8100,0.0007719420100329444,0.09915950000868179,0,False
,,,,,0.022646122000878677,,,,,,,0.03005277700140141,47.430494465129165,,,,,,,,,,,,,,circle,,,,,,,,,,,,,,,0.2,1.1333311663475574,,2.929040813756185,22.781505993855724,9.443401304406935,wls_strong,,,97,,,,,,,,,,,,,,,,,smooth_variable,,8102,0.0005246130021987483,0.053223512004478835,2,False
nan,nan,nan,0.0,nan,0.054480206992593594,0.0,4.126325400084624,0.6006322375205054,2.1785302741945705,0.745374449339207,0.36879432624113473,0.05699191700841766,125.9085215450018,3.034867669671204e-11,1.5358132676009449e-10,2.9775070111629804,0.2476117394328637,1.703007520586954,0.25462555066079295,0.23183391003460208,0.9757455353862452,0.1254171550403445,0.6031156944651237,4.126325400084624,0.4979111701550695,2.088816219369576,circle,nan,nan,3.2678813986796866,12.897190439671744,4.752168130190847,20.06794493865958,3.462954512319251,3.2678813986796866,12.897190439671744,4.752168130190847,20.06794493865958,3.462954512319251,16.090779060005694,16.090779060005694,0.2,0.2932568958413456,0.7823724236280376,0.5407302084992838,26.14575845788831,9.962982383724984,ccpfm_flux,0,1135,94,0.333920704845815,4.126325400084624,0.6006322375205054,2.1785302741945705,0.745374449339207,0.36879432624113473,2.9775070111629804,0.2476117394328637,1.703007520586954,0.25462555066079295,0.23183391003460208,4.126325400084624,0.4979111701550695,2.088816219369576,1.0,0.333920704845815,smooth_variable,0,8101,0.00040210400766227394,0.11187422800867353,1,False
,,,,,0.020708645999548025,,,,,,,0.0349187840038212,48.329755272485976,,,,,,,,,,,,,,circle,,,,,,,,,,,,,,,0.2,1.391099386630869,,4.43915106017247,22.914173872239314,9.379182072822907,wls_strong,,,95,,,,,,,,,,,,,,,,,smooth_variable,,8104,0.00026341799821238965,0.05589084800158162,4,False
nan,nan,nan,0.0,nan,0.05638539500068873,0.0,4.065517107663876,0.6487463308386707,2.106047692437119,0.7248945147679325,0.37718277066356226,0.03908757500175852,126.61629435726466,4.406981030102841e-11,1.9917853395622542e-10,2.8264376845620993,0.21409032895203686,1.7963005946778572,0.2751054852320675,0.2607361963190184,0.8088748609979937,0.13678024435280253,0.6091935119881811,4.065517107663876,0.5014041859765855,2.0294807679166276,circle,nan,nan,3.373279550157113,12.89719043967879,4.813584020117974,20.233945002357128,3.725607122477162,3.373279550157113,12.89719043967879,4.813584020117974,20.233945002357128,3.725607122477162,17.150094826446292,17.150094826446292,0.2,0.27221407334696307,0.818952480324291,0.5447656157537002,24.746443564809983,10.115239122193247,ccpfm_flux,0,1185,97,0.34514767932489454,4.065517107663876,0.6487463308386707,2.106047692437119,0.7248945147679325,0.37718277066356226,2.8264376845620993,0.21409032895203686,1.7963005946778572,0.2751054852320675,0.2607361963190184,4.065517107663876,0.5014041859765855,2.0294807679166276,1.0,0.34514767932489454,smooth_variable,0,8102,0.00042060899431817234,0.09589357899676543,2,False
nan,nan,nan,0.0,nan,0.034727790000033565,0.0,4.104552188246051,0.6180137631632586,2.170152315542253,0.717948717948718,0.3726190476190476,0.03389262799464632,127.12775602553303,4.643351675381879e-11,2.0304997529742282e-10,2.7736350245319827,0.22467993860759491,1.812071827919977,0.28205128205128205,0.2696969696969697,0.8261359786481809,0.13466317377757095,0.6043337859381391,4.104552188246051,0.49654553569941745,1.9875072715183209,circle,nan,nan,3.3375836852923264,12.902112878136956,4.742321753498264,20.44487250734365,3.761638767761459,3.3375836852923264,12.902112878136956,4.742321753498264,20.44487250734365,3.761638767761459,17.72485700976165,17.72485700976165,0.2,0.27457938209954447,0.7874060164027743,0.6366770765496441,25.961056703388174,10.121431966874868,ccpfm_flux,0,1170,97,0.3435897435897436,4.104552188246051,0.6180137631632586,2.170152315542253,0.717948717948718,0.3726190476190476,2.7736350245319827,0.22467993860759491,1.812071827919977,0.28205128205128205,0.2696969696969697,4.104552188246051,0.49654553569941745,1.9875072715183209,1.0,0.3435897435897436,smooth_variable,0,8103,0.0003003919991897419,0.06892080999386963,3,False
,,,,,0.03734205100045074,,,,,,,0.047903351005516015,61.783969195198274,,,,,,,,,,,,,,circle,,,,,,,,,,,,,,,0.2,1.554147023295931,,4.933207875886182,21.217790661290287,9.474436564134685,wls_strong,,,97,,,,,,,,,,,,,,,,,smooth_variable,,8103,0.0005951679922873154,0.08584056999825407,3,False
,,,,,0.023118861005059443,,,,,,,0.03214357400429435,47.62195030965567,,,,,,,,,,,,,,circle,,,,,,,,,,,,,,,0.2,1.0488524744154408,,3.026112330060948,21.270402101644628,9.314667080706622,wls_strong,,,97,,,,,,,,,,,,,,,,,smooth_variable,,8106,0.0003524769999785349,0.05561491200933233,6,False
nan,nan,nan,0.0,nan,0.03500039200298488,0.0,5.3608707404063916,0.6452486794989978,2.1225154165433824,0.738556338028169,0.3778307508939213,0.036915591001161374,124.72477098173071,4.42139684239673e-11,1.8977963473995392e-10,3.1614367447473053,0.21903262126937806,1.7452543797328155,0.261443661971831,0.23232323232323232,0.9086638947077379,0.13542684396647975,0.6055500495976348,5.3608707404063916,0.5299894235725688,2.0258340638600503,circle,nan,nan,3.3051811497922343,14.084685079043393,4.35791849041555,18.284752168693775,3.62543576957005,3.3051811497922343,14.084685079043393,4.35791849041555,18.284752168693775,3.62543576957005,17.10896880335799,17.10896880335799,0.2,0.29539493039879317,0.788791486384024,0.6482678563784754,26.392233660852284,10.1469479144157,ccpfm_flux,0,1136,95,0.3397887323943662,5.3608707404063916,0.6452486794989978,2.1225154165433824,0.738556338028169,0.3778307508939213,3.1614367447473053,0.21903262126937806,1.7452543797328155,0.261443661971831,0.23232323232323232,5.3608707404063916,0.5299894235725688,2.0258340638600503,1.0,0.3397887323943662,smooth_variable,0,8105,0.0003671649901662022,0.07228314799431246,5,False
nan,nan,nan,0.0,nan,0.055373227995005436,0.0,3.940662520223443,0.5917428202221162,2.1893733412233716,0.7383015597920277,0.37089201877934275,0.03257292401394807,124.37196540543349,3.256443725785374e-11,1.8196355517130556e-10,2.838212428933868,0.23615610906081994,1.7682219004638695,0.2616984402079723,0.24834437086092714,0.8614144096547972,0.13369505797016734,0.6049379181943633,3.940662520223443,0.4941757710028581,2.044151955133922,circle,nan,nan,3.30518114979109,12.89719043967862,4.6811190969607726,19.63925298789055,3.553673754791757,3.30518114979109,12.89719043967862,4.6811190969607726,19.63925298789055,3.553673754791757,16.990285204852352,16.990285204852352,0.2,0.2810686795957928,0.780359370662564,0.5778675562995289,27.102950070776945,10.353001241751453,ccpfm_flux,0,1154,95,0.33882149046793764,3.940662520223443,0.5917428202221162,2.1893733412233716,0.7383015597920277,0.37089201877934275,2.838212428933868,0.23615610906081994,1.7682219004638695,0.2616984402079723,0.24834437086092714,3.940662520223443,0.4941757710028581,2.044151955133922,1.0,0.33882149046793764,smooth_variable,0,8104,0.00029053199978079647,0.0882366840087343,4,False
,,,,,0.030514140002196655,,,,,,,0.05489559599664062,60.73321545078404,,,,,,,,,,,,,,circle,,,,,,,,,,,,,,,0.2,1.4034474242853232,,5.5658016661621215,21.46953251822062,9.416233812816799,wls_strong,,,95,,,,,,,,,,,,,,,,,smooth_variable,,8105,0.0002939589903689921,0.08570369498920627,5,False
nan,nan,nan,0.0,nan,0.03862009500153363,0.0,4.47250964611994,0.6421776319125607,2.125381120528742,0.7197563098346388,0.37726723095526,0.033678135005175136,123.79390194472265,4.366299270926188e-11,2.2923300369687258e-10,2.836167205938697,0.2621201189190884,1.691806454740003,0.28024369016536116,0.2608695652173913,0.8811858446200909,0.1425045821142567,0.6165184972690241,4.47250964611994,0.5145867027031719,2.006250690654028,circle,nan,nan,3.4647795706679285,15.315751723932339,4.753535515592279,20.429437626944043,3.861818969046058,3.4647795706679285,15.315751723932339,4.753535515592279,20.429437626944043,3.861818969046058,18.301665930204056,18.301665930204056,0.2,0.27866544182173614,0.8019928628742027,0.5455154708989973,25.651401760224584,9.988064715118334,ccpfm_flux,0,1149,97,0.34464751958224543,4.47250964611994,0.6421776319125607,2.125381120528742,0.7197563098346388,0.37726723095526,2.836167205938697,0.2621201189190884,1.691806454740003,0.28024369016536116,0.2608695652173913,4.47250964611994,0.5145867027031719,2.006250690654028,1.0,0.34464751958224543,smooth_variable,0,8106,0.0003305870050098747,0.07262881701171864,6,False
,,,,,0.025590530000044964,,,,,,,0.03209632099606097,46.13482270655972,,,,,,,,,,,,,,circle,,,,,,,,,,,,,,,0.2,1.7074851087030014,,9.448228937536115,21.457731136443513,9.54271988678472,wls_strong,,,95,,,,,,,,,,,,,,,,,smooth_variable,,8108,0.00027026199677493423,0.057957112992880866,8,False
,,,,,0.022642702009761706,,,,,,,0.05095407499175053,46.47034003103601,,,,,,,,,,,,,,circle,,,,,,,,,,,,,,,0.2,1.499988124593851,,5.676598449972345,21.9657050113975,9.69599515687418,wls_strong,,,92,,,,,,,,,,,,,,,,,smooth_variable,,8107,0.00025220199313480407,0.07384897899464704,7,False
nan,nan,nan,0.0,nan,0.035407701012445614,0.0,4.545392043936355,0.6263862313524896,2.1516421805515926,0.7570776255707763,0.36791314837153194,0.04659140299190767,125.93871701661098,3.8201287619332724e-11,1.9673844794184602e-10,2.811770123996783,0.21773426135829455,1.7419840270584377,0.24292237442922374,0.23684210526315788,0.818446062869299,0.13319709665403143,0.6032195778131334,4.545392043936355,0.5242237723369514,2.059026993984406,circle,nan,nan,3.1588174916249323,12.897190439676274,4.179118142980641,18.268232175769143,3.3643251786072668,3.1588174916249323,12.897190439676274,4.179118142980641,18.268232175769143,3.3643251786072668,14.794027766485302,14.794027766485302,0.2,0.2822934534333977,0.7988986210300647,0.5684678124960535,26.380761279756754,10.616331766405393,ccpfm_flux,0,1095,92,0.3360730593607306,4.545392043936355,0.6263862313524896,2.1516421805515926,0.7570776255707763,0.36791314837153194,2.811770123996783,0.21773426135829455,1.7419840270584377,0.24292237442922374,0.23684210526315788,4.545392043936355,0.5242237723369514,2.059026993984406,1.0,0.3360730593607306,smooth_variable,0,8107,0.0005137489933986217,0.0825128529977519,7,False
nan,nan,nan,0.0,nan,0.03177107099327259,0.0,4.5328370139777165,0.6064223812096093,2.189498919376563,0.7562949640287769,0.3626634958382878,0.036477171001024544,126.60666118150462,3.4001884641199354e-11,1.6433775013259013e-10,3.4496816754185446,0.18744342760386795,1.7226877383305073,0.24370503597122303,0.24354243542435425,0.9135360029412227,0.11963885524355386,0.6005501055345682,4.5328370139777165,0.5096312847563058,2.061465407721341,circle,nan,nan,3.2637902532132306,12.8971904396761,4.612141404204668,19.08742721662654,3.419739906710819,3.2637902532132306,12.8971904396761,4.612141404204668,19.08742721662654,3.419739906710819,16.07925115338653,16.07925115338653,0.2,0.27056832604290776,0.7950839980368409,0.5267645840929649,26.48687233363306,10.417251608218614,ccpfm_flux,0,1112,93,0.33363309352517984,4.5328370139777165,0.6064223812096093,2.189498919376563,0.7562949640287769,0.3626634958382878,3.4496816754185446,0.18744342760386795,1.7226877383305073,0.24370503597122303,0.24354243542435425,4.5328370139777165,0.5096312847563058,2.061465407721341,1.0,0.33363309352517984,smooth_variable,0,8109,0.000312635995214805,0.06856087798951194,9,False
nan,nan,nan,0.0,nan,0.056019630006630905,0.0,4.234165422261601,0.6031913466854015,2.1799955527634824,0.7368421052631579,0.38095238095238093,0.03153962199576199,127.46603819944188,3.1737314165614094e-11,1.6759950080138914e-10,2.981957514521011,0.20428837050560705,1.7263112987626041,0.2631578947368421,0.25666666666666665,0.9627856614573824,0.12679704082884663,0.6016682328833056,4.234165422261601,0.5006470798965836,2.0429951863258284,circle,nan,nan,3.30518114979109,12.897190439676251,4.802548718169149,20.42517833905623,3.570152861891442,3.30518114979109,12.897190439676251,4.802548718169149,20.42517833905623,3.570152861891442,17.054420442709343,17.054420442709343,0.2,0.34844064955456006,0.7935943822435056,0.7252505144167043,25.599402044805082,9.95753014823998,ccpfm_flux,0,1140,95,0.3482456140350877,4.234165422261601,0.6031913466854015,2.1799955527634824,0.7368421052631579,0.38095238095238093,2.981957514521011,0.20428837050560705,1.7263112987626041,0.2631578947368421,0.25666666666666665,4.234165422261601,0.5006470798965836,2.0429951863258284,1.0,0.3482456140350877,smooth_variable,0,8108,0.0004637660022126511,0.08802301800460555,8,False
,,,,,0.037332816995331086,,,,,,,0.052118398001766764,58.47406833585251,,,,,,,,,,,,,,circle,,,,,,,,,,,,,,,0.2,1.4794522093147664,,4.276031800215606,21.279978110133463,9.377193261445479,wls_strong,,,93,,,,,,,,,,,,,,,,,smooth_variable,,8109,0.00036585099587682635,0.08981706599297468,9,False
,,,,,0.04139180900529027,,,,,,,0.04741250700317323,57.407819320496706,,,,,,,,,,,,,,circle,,,,,,,,,,,,,,,0.16,0.5884201178962684,,2.0898934737844015,20.71435566545282,9.254221038073126,wls_strong,,,135,,,,,,,,,,,,,,,,,smooth_variable,,8100,0.0007247920002555475,0.08952910800871905,0,False
,,,,,0.03965053800493479,,,,,,,0.059154816990485415,49.820651113910166,,,,,,,,,,,,,,circle,,,,,,,,,,,,,,,0.16,0.42646700544808913,,1.307125744760293,21.133768581537414,9.230475890472622,wls_strong,,,136,,,,,,,,,,,,,,,,,smooth_variable,,8101,0.0004446910024853423,0.09925004599790554,1,False
nan,nan,nan,0.0,nan,0.057816700005787425,0.0,4.976608779347112,0.6674464891319811,2.1246004798069906,0.6343195266272189,0.37779850746268656,0.05631661099323537,202.53721482314617,1.0346980910957981e-10,5.869780059919063e-10,3.485435154987577,0.26334337831638055,1.8288391767634025,0.3656804733727811,0.2783171521035599,0.9512002410223894,0.1348871215410516,0.6263661933529286,4.976608779347112,0.5113043039656496,2.012070526926688,circle,nan,nan,4.859975517113807,20.760797407548438,6.269277908229595,28.094636327381902,5.5215349424302085,4.859975517113807,20.760797407548438,6.269277908229595,28.094636327381902,5.5215349424302085,24.94891960398424,24.94891960398424,0.16,0.26269818683530166,0.8175741593241663,0.5507619572278828,24.932775719077398,9.814891414663382,ccpfm_flux,0,1690,135,0.34142011834319524,4.976608779347112,0.6674464891319811,2.1246004798069906,0.6343195266272189,0.37779850746268656,3.485435154987577,0.26334337831638055,1.8288391767634025,0.3656804733727811,0.2783171521035599,4.976608779347112,0.5113043039656496,2.012070526926688,1.0,0.34142011834319524,smooth_variable,0,8100,0.0004423299978952855,0.11457564099691808,0,False
nan,nan,nan,0.0,nan,0.05066328700922895,0.0,5.218920320940551,0.7136084624614958,2.0469939428582,0.6352729454109178,0.3918791312559018,0.06792131200199947,200.26853492127321,1.1953105107272155e-10,6.98969707223879e-10,3.0444184706865083,0.29688032463831704,1.8485090397322232,0.36472705458908217,0.2894736842105263,0.9747079820669293,0.15047932482899257,0.6355888277922018,5.218920320940551,0.5799251908867791,1.9903399605268566,circle,nan,nan,5.106321576085749,19.498818450555728,6.561314500947599,27.990071681926054,5.726524358515637,5.106321576085749,19.498818450555728,6.561314500947599,27.990071681926054,5.726524358515637,26.135518604975356,26.135518604975356,0.16,0.23625866500361062,0.8005296549623662,0.4898089206647859,25.688274505519296,9.61728061813628,ccpfm_flux,0,1667,136,0.35452909418116374,5.218920320940551,0.7136084624614958,2.0469939428582,0.6352729454109178,0.3918791312559018,3.0444184706865083,0.29688032463831704,1.8485090397322232,0.36472705458908217,0.2894736842105263,5.218920320940551,0.5799251908867791,1.9903399605268566,1.0,0.35452909418116374,smooth_variable,0,8101,0.0004969750007148832,0.1190815740119433,1,False
,,,,,0.03932061399973463,,,,,,,0.05601581299561076,46.90879656126612,,,,,,,,,,,,,,circle,,,,,,,,,,,,,,,0.16,0.4880262054529617,,1.4149614931536965,21.06006638523991,9.296786168216016,wls_strong,,,135,,,,,,,,,,,,,,,,,smooth_variable,,8102,0.0005037259979872033,0.0958401529933326,2,False
,,,,,0.032973064997349866,,,,,,,0.050355301005765796,27.55658386947191,,,,,,,,,,,,,,circle,,,,,,,,,,,,,,,0.16,0.4180520573865032,,2.948103417781843,21.0905146745643,9.18076960718862,wls_strong,,,143,,,,,,,,,,,,,,,,,smooth_variable,,8104,0.000508619996253401,0.08383698599936906,4,False
nan,nan,nan,0.0,nan,0.04730115299753379,0.0,4.5531457018718555,0.6478777886823743,1.96156889838256,0.625821876867902,0.37822349570200575,0.04777875500440132,200.17226159541553,1.169345034213523e-10,6.009182081125495e-10,3.1246521178785356,0.26993875306174986,1.9005152392533349,0.37417812313209803,0.3003194888178914,0.9287062111496789,0.13984261309734272,0.6262463895813121,4.5531457018718555,0.5238863558402541,1.9387696881677727,circle,nan,nan,5.183941225979183,20.430409497804824,6.512529574752927,28.335873024942742,5.711913774388701,5.183941225979183,20.430409497804824,6.512529574752927,28.335873024942742,5.711913774388701,25.78052099016518,25.78052099016518,0.16,0.2455750973874908,0.7930912071705513,0.45100853593753343,25.533676975810295,9.540088581155093,ccpfm_flux,0,1673,136,0.34907352062163777,4.5531457018718555,0.6478777886823743,1.96156889838256,0.625821876867902,0.37822349570200575,3.1246521178785356,0.26993875306174986,1.9005152392533349,0.37417812313209803,0.3003194888178914,4.5531457018718555,0.5238863558402541,1.9387696881677727,1.0,0.34907352062163777,smooth_variable,0,8103,0.0007050900021567941,0.0957849980040919,3,False
,,,,,0.05501645199547056,,,,,,,0.0735897179984022,78.02580442318857,,,,,,,,,,,,,,circle,,,,,,,,,,,,,,,0.16,0.534809679223684,,1.6676208066780325,21.986423157725977,9.311077266802624,wls_strong,,,136,,,,,,,,,,,,,,,,,smooth_variable,,8103,0.000581366999540478,0.12918753699341323,3,False
nan,nan,nan,0.0,nan,0.07843982300255448,0.0,5.713281554507176,0.6889126978767921,2.036902055558074,0.632788868723533,0.372848948374761,0.06097837998822797,199.49865017284068,1.3254173496582422e-10,6.0317042542963e-10,3.0794480082437534,0.2588339334921334,1.8544956443146485,0.36721113127646704,0.2981878088962109,1.010005281248915,0.144248267047566,0.6236465037984921,5.713281554507176,0.5338225689779093,1.9744603828042402,circle,nan,nan,5.219090217851546,19.134531932982924,6.391691732356801,29.38899469957017,5.724975197824122,5.219090217851546,19.134531932982924,6.391691732356801,29.38899469957017,5.724975197824122,25.37587433431525,25.37587433431525,0.16,0.22186225977135773,0.8042069071464013,0.4523562785601394,26.486666970137815,9.555253780194038,ccpfm_flux,0,1653,135,0.3454325468844525,5.713281554507176,0.6889126978767921,2.036902055558074,0.632788868723533,0.372848948374761,3.0794480082437534,0.2588339334921334,1.8544956443146485,0.36721113127646704,0.2981878088962109,5.713281554507176,0.5338225689779093,1.9744603828042402,1.0,0.3454325468844525,smooth_variable,0,8102,0.0006524420023197308,0.14007064499310218,2,False
nan,nan,nan,0.0,nan,0.05431386899726931,0.0,4.928178902608745,0.7048005884791466,1.9451710378664124,0.5981941309255079,0.3877358490566038,0.05732703799731098,201.76447653648523,1.357733348493484e-10,7.749160488295763e-10,3.020362753150969,0.30269314143489423,1.8493257836942003,0.4018058690744921,0.30758426966292135,0.9470419946907627,0.1547156081692399,0.6322733409763944,4.928178902608745,0.5653559362811735,1.9149450903220422,circle,nan,nan,5.589797943785771,22.14254099567901,7.110225795012935,30.78323278181924,6.259498942521366,5.589797943785771,22.14254099567901,7.110225795012935,30.78323278181924,6.259498942521366,29.5865654858467,29.5865654858467,0.16,0.22450359299149267,0.7675290509088242,0.440059879291394,24.436432346121272,9.476440784812745,ccpfm_flux,0,1772,143,0.35553047404063204,4.928178902608745,0.7048005884791466,1.9451710378664124,0.5981941309255079,0.3877358490566038,3.020362753150969,0.30269314143489423,1.8493257836942003,0.4018058690744921,0.30758426966292135,4.928178902608745,0.5653559362811735,1.9149450903220422,1.0,0.35553047404063204,smooth_variable,0,8104,0.000557022009161301,0.11219792900374159,4,False
,,,,,0.03544759200303815,,,,,,,0.0672438720066566,50.67464689817322,,,,,,,,,,,,,,circle,,,,,,,,,,,,,,,0.16,0.5093594169237461,,3.027833964794757,22.20764961162724,9.251549556639706,wls_strong,,,138,,,,,,,,,,,,,,,,,smooth_variable,,8106,0.0004539660003501922,0.10314543001004495,6,False
,,,,,0.0468806879944168,,,,,,,0.07858764899719972,38.987470845988064,,,,,,,,,,,,,,circle,,,,,,,,,,,,,,,0.16,0.5214126302489046,,2.0511881120864928,20.77671304347672,9.380309598907122,wls_strong,,,139,,,,,,,,,,,,,,,,,smooth_variable,,8105,0.00045451401092577726,0.1259228510025423,5,False
nan,nan,nan,0.0,nan,0.06454934700741433,0.0,5.630253496023062,0.6243923177545248,2.0153716226561307,0.613662456946039,0.38353601496725914,0.05162277299677953,201.89843183086117,1.139325521946899e-10,6.217199050651559e-10,3.0990425562248376,0.2733443135961925,1.8834010315363368,0.38633754305396095,0.29271916790490343,0.8745837687875894,0.1395771936117141,0.6240160302047315,5.630253496023062,0.527881918581332,1.981411698506509,circle,nan,nan,5.133036195604172,19.134531932985475,6.930152972085777,29.824875131742107,5.826801305402315,5.133036195604172,19.134531932985475,6.930152972085777,29.824875131742107,5.826801305402315,27.089005307672533,27.089005307672533,0.16,0.24909935669550726,0.8071297389960146,0.5107170942419199,24.826192521809077,9.600745802624285,ccpfm_flux,0,1742,139,0.3484500574052813,5.630253496023062,0.6243923177545248,2.0153716226561307,0.613662456946039,0.38353601496725914,3.0990425562248376,0.2733443135961925,1.8834010315363368,0.38633754305396095,0.29271916790490343,5.630253496023062,0.527881918581332,1.981411698506509,1.0,0.3484500574052813,smooth_variable,0,8105,0.0007882270001573488,0.1169603470043512,5,False
,,,,,0.038481923009385355,,,,,,,0.045578280987683684,55.97713025980991,,,,,,,,,,,,,,circle,,,,,,,,,,,,,,,0.16,0.538317228209425,,2.2166634997055246,21.483376713951657,9.204836072975858,wls_strong,,,134,,,,,,,,,,,,,,,,,smooth_variable,,8107,0.0004117560019949451,0.08447195999906398,7,False
nan,nan,nan,0.0,nan,0.059481591000803746,0.0,4.453900330109801,0.6897400343214792,2.0242537520250483,0.6254355400696864,0.38440111420612816,0.05776781200256664,205.06090671621894,1.1948009769058299e-10,6.573494889842604e-10,3.324884986970291,0.2709797872718337,1.8296776502112497,0.37456445993031356,0.3023255813953488,0.9104897683893242,0.14981030497649858,0.6299272345371405,4.453900330109801,0.5606830002931127,1.9481836031250368,circle,nan,nan,5.345161691090351,21.107266191884097,6.739926038451029,29.247533044864145,5.803583420974752,5.345161691090351,21.107266191884097,6.739926038451029,29.247533044864145,5.803583420974752,26.908077183064478,26.908077183064478,0.16,0.23937353658625735,0.7900653798771897,0.5181600070341817,26.38464308247542,9.612642935903335,ccpfm_flux,0,1722,138,0.35365853658536583,4.453900330109801,0.6897400343214792,2.0242537520250483,0.6254355400696864,0.38440111420612816,3.324884986970291,0.2709797872718337,1.8296776502112497,0.37456445993031356,0.3023255813953488,4.453900330109801,0.5606830002931127,1.9481836031250368,1.0,0.35365853658536583,smooth_variable,0,8106,0.0006085999921197072,0.1178580029954901,6,False
nan,nan,nan,0.0,nan,0.07474964699940756,0.0,5.341675409314138,0.6885863578690171,2.0277419498813996,0.6394721055788842,0.38461538461538464,0.04553922500053886,189.74310257986207,1.3166318729718185e-10,6.838083159727722e-10,3.20960366369569,0.29492118679843005,1.8932439046832013,0.36052789442111577,0.2878535773710483,0.8401804486934144,0.14886101133809354,0.6299689998980833,5.341675409314138,0.5500607527795187,1.9846927882991832,circle,nan,nan,4.8867114231935,19.134531932981865,6.2838654173604835,27.895672732138266,5.507978708044142,4.8867114231935,19.134531932981865,6.2838654173604835,27.895672732138266,5.507978708044142,23.722614466200422,23.722614466200422,0.16,0.24734892786697324,0.8020649712507122,0.5166437966422811,26.26890914772789,9.63528044189198,ccpfm_flux,0,1667,134,0.34973005398920215,5.341675409314138,0.6885863578690171,2.0277419498813996,0.6394721055788842,0.38461538461538464,3.20960366369569,0.29492118679843005,1.8932439046832013,0.36052789442111577,0.2878535773710483,5.341675409314138,0.5500607527795187,1.9846927882991832,1.0,0.34973005398920215,smooth_variable,0,8107,0.0004586349969031289,0.12074750699684955,7,False
,,,,,0.0581845030101249,,,,,,,0.06680048099951819,43.39806408878069,,,,,,,,,,,,,,circle,,,,,,,,,,,,,,,0.16,0.4658693536991147,,1.4941775840813836,20.298957445342808,9.126917221546044,wls_strong,,,135,,,,,,,,,,,,,,,,,smooth_variable,,8108,0.0005677899898728356,0.12555277399951592,8,False
,,,,,0.033680317996186204,,,,,,,0.06546885499847122,60.51401958866166,,,,,,,,,,,,,,circle,,,,,,,,,,,,,,,0.16,0.5277705657726304,,2.029742826711366,21.1175282961109,9.189947856899623,wls_strong,,,139,,,,,,,,,,,,,,,,,smooth_variable,,8109,0.0004345720080891624,0.09958374500274658,9,False
nan,nan,nan,0.0,nan,0.08174670599692035,0.0,5.374654302248128,0.6698692595983402,2.0192401368900006,0.6343061346039309,0.3727699530516432,0.06612417999713216,202.06460471489308,1.2725168835325817e-10,7.033797395867349e-10,3.342769122859997,0.27530369814493594,1.8896455346869823,0.3656938653960691,0.28175895765472314,0.9159769449730493,0.139126994083367,0.630880924083863,5.374654302248128,0.5520259905045083,1.9581221023903475,circle,nan,nan,4.859975517115408,19.134531932985073,6.621162644240524,27.72750625050442,5.5355994532315105,4.859975517115408,19.134531932985073,6.621162644240524,27.72750625050442,5.5355994532315105,24.9468477767911,24.9468477767911,0.16,0.2708377166775676,0.7952606312979976,0.5974320733053905,25.289113094610705,9.612255425830755,ccpfm_flux,0,1679,135,0.33948779035139964,5.374654302248128,0.6698692595983402,2.0192401368900006,0.6343061346039309,0.3727699530516432,3.342769122859997,0.27530369814493594,1.8896455346869823,0.3656938653960691,0.28175895765472314,5.374654302248128,0.5520259905045083,1.9581221023903475,1.0,0.33948779035139964,smooth_variable,0,8108,0.0006885460024932399,0.14855943199654575,8,False
,,,,,0.054085143987322226,,,,,,,0.08071325400669593,71.66723857161429,,,,,,,,,,,,,,circle,,,,,,,,,,,,,,,0.125,0.2865127250979307,,1.0502644577951898,21.510148840869288,9.210522076584718,wls_strong,,,205,,,,,,,,,,,,,,,,,smooth_variable,,8100,0.000815878011053428,0.1356142760050716,0,False
nan,nan,nan,0.0,nan,0.07675546300015412,0.0,5.688485563571831,0.708005716048068,2.088853091577986,0.6166375799883653,0.36698113207547167,0.08264732900715899,203.3623378122366,1.3124841317935232e-10,7.555547569947141e-10,3.211090998732468,0.30010129221099424,1.9022358445722858,0.3833624200116347,0.2943854324734446,0.9369662267642596,0.1541887902399221,0.6335203215444937,5.688485563571831,0.5868614182360151,1.9949718042420146,circle,nan,nan,5.404107406093034,20.94805314233472,6.60498945625845,29.645669191453536,5.962506263593354,5.404107406093034,20.94805314233472,6.60498945625845,29.645669191453536,5.962506263593354,26.984791602162385,26.984791602162385,0.16,0.23654986148268295,0.7780768388572634,0.4729007963231212,24.54220754372224,9.521517022643186,ccpfm_flux,0,1719,139,0.3391506689936009,5.688485563571831,0.708005716048068,2.088853091577986,0.6166375799883653,0.36698113207547167,3.211090998732468,0.30010129221099424,1.9022358445722858,0.3833624200116347,0.2943854324734446,5.688485563571831,0.5868614182360151,1.9949718042420146,1.0,0.3391506689936009,smooth_variable,0,8109,0.0007723409944446757,0.16017513300175779,9,False
,,,,,0.053663886996218935,,,,,,,0.11050705400703009,73.99002187528251,,,,,,,,,,,,,,circle,,,,,,,,,,,,,,,0.125,0.3140773822960531,,1.6507343914397574,21.09123743257287,9.130340698172969,wls_strong,,,207,,,,,,,,,,,,,,,,,smooth_variable,,8101,0.0008180260047083721,0.1649889670079574,1,False
nan,nan,nan,0.0,nan,0.1268803540006047,0.0,4.588496953462978,0.809131430799864,2.0044239163102366,0.5152084115659031,0.41909620991253643,0.08398988499538973,326.5282068273088,2.9802500918496566e-10,2.109242114222417e-09,3.1038042630024623,0.3907863590296151,1.8728428740615382,0.48479158843409687,0.3222308288148722,0.9277281863479632,0.17278259128417722,0.6451824397241683,4.588496953462978,0.6169039271493216,1.9300180330789292,circle,nan,nan,8.35446579613437,30.80411779447449,10.111471555425938,44.33317614233746,9.275087221669684,8.35446579613437,30.80411779447449,10.111471555425938,44.33317614233746,9.275087221669684,41.174483778020075,41.174483778020075,0.125,0.20176104095991032,0.7586383131817643,0.4623286230753342,24.893892907643558,9.421504950876592,ccpfm_flux,0,2663,205,0.37213668794592564,4.588496953462978,0.809131430799864,2.0044239163102366,0.5152084115659031,0.41909620991253643,3.1038042630024623,0.3907863590296151,1.8728428740615382,0.48479158843409687,0.3222308288148722,4.588496953462978,0.6169039271493216,1.9300180330789292,1.0,0.37213668794592564,smooth_variable,0,8100,0.0013424899952951819,0.21221272899128962,0,False
,,,,,0.06133982600294985,,,,,,,0.10236822400474921,46.033089805695845,,,,,,,,,,,,,,circle,,,,,,,,,,,,,,,0.125,0.20393649691650365,,1.0187798680765534,20.7866127573178,9.404400253113742,wls_strong,,,207,,,,,,,,,,,,,,,,,smooth_variable,,8102,0.0009273389878217131,0.16463538899552077,2,False
nan,nan,nan,0.0,nan,0.11149790699710138,0.0,4.402195561136702,0.84732643963424,1.9243870481362497,0.5074682598954443,0.42678440029433407,0.10163225200085435,346.19841744822634,2.859317574377407e-10,2.259147421788611e-09,3.1972955518273576,0.37624618800907594,1.876753465979505,0.49253174010455564,0.32221379833206976,0.9299910617299204,0.17823164385314091,0.6440854332841869,4.402195561136702,0.6665600031253677,1.9043611466035055,circle,nan,nan,8.556457172998396,32.786949386196746,10.213989252438012,45.593745843555865,9.53157003384036,8.556457172998396,32.786949386196746,10.213989252438012,45.593745843555865,9.53157003384036,42.10110338547936,42.10110338547936,0.125,0.1856671800487994,0.7340053266858539,0.35747063717748906,26.114719431022753,9.40340688924502,ccpfm_flux,0,2678,207,0.37528005974607914,4.402195561136702,0.84732643963424,1.9243870481362497,0.5074682598954443,0.42678440029433407,3.1972955518273576,0.37624618800907594,1.876753465979505,0.49253174010455564,0.32221379833206976,4.402195561136702,0.6665600031253677,1.9043611466035055,1.0,0.37528005974607914,smooth_variable,0,8101,0.0013911720016039908,0.21452133099955972,1,False
nan,nan,nan,0.0,nan,0.10412718499719631,0.0,4.678974841345499,0.7909926793534833,1.97532384286723,0.5329457364341085,0.41963636363636364,0.10936804600351024,326.733109248724,2.6832260718867573e-10,2.020713676219007e-09,3.4493600949321466,0.398446704148942,1.8678376024078893,0.46705426356589147,0.3244813278008299,0.8589017148400647,0.1754287436443136,0.6475645030415863,4.678974841345499,0.6083192575671763,1.926609079096973,circle,nan,nan,8.581346071638178,35.10492994257613,9.501996040099119,42.02159162259194,9.18497902434805,8.581346071638178,35.10492994257613,9.501996040099119,42.02159162259194,9.18497902434805,40.08667031103008,40.08667031103008,0.125,0.1767787552085473,0.7594079071891563,0.41990526138385365,26.33076069912928,9.52529698932981,ccpfm_flux,0,2580,201,0.3751937984496124,4.678974841345499,0.7909926793534833,1.97532384286723,0.5329457364341085,0.41963636363636364,3.4493600949321466,0.398446704148942,1.8678376024078893,0.46705426356589147,0.3244813278008299,4.678974841345499,0.6083192575671763,1.926609079096973,1.0,0.3751937984496124,smooth_variable,0,8103,0.0010424610081827268,0.21453769200888928,3,False
,,,,,0.08559872000478208,,,,,,,0.15667508899059612,86.31183179284483,,,,,,,,,,,,,,circle,,,,,,,,,,,,,,,0.125,0.24467748232696662,,1.256441982071319,20.612408699454985,9.207665870697294,wls_strong,,,201,,,,,,,,,,,,,,,,,smooth_variable,,8103,0.0010830770042957738,0.24335688599967398,3,False
,,,,,0.07669004799390677,,,,,,,0.08942012900661211,65.43637579334025,,,,,,,,,,,,,,circle,,,,,,,,,,,,,,,0.125,0.2940646417937972,,1.7360133530505808,21.863711090848216,9.186698729492816,wls_strong,,,205,,,,,,,,,,,,,,,,,smooth_variable,,8104,0.001239960009115748,0.16735013700963464,4,False
nan,nan,nan,0.0,nan,0.15207965299487114,0.0,4.587100730473875,0.8160592260782265,1.9954355518867395,0.5208799403430275,0.42233357193987114,0.14150731300469488,325.6757406066356,2.9948100249699294e-10,2.1926140096369523e-09,4.272813265140499,0.3545076824665104,1.902525736742098,0.4791200596569724,0.3159533073929961,0.9767801919624443,0.17832145367053887,0.6420951997051745,4.587100730473875,0.6580864435710663,1.9416632356386034,circle,nan,nan,8.719893697168054,36.8886776838707,9.993963741752337,46.34777242540672,9.347636449034699,8.719893697168054,36.8886776838707,9.993963741752337,46.34777242540672,9.347636449034699,43.48657955152804,43.48657955152804,0.125,0.20310067857396402,0.7528036434862899,0.4329391311179751,25.103802046010788,9.50775592442968,ccpfm_flux,0,2682,207,0.3713646532438479,4.587100730473875,0.8160592260782265,1.9954355518867395,0.5208799403430275,0.42233357193987114,4.272813265140499,0.3545076824665104,1.902525736742098,0.4791200596569724,0.3159533073929961,4.587100730473875,0.6580864435710663,1.9416632356386034,1.0,0.3713646532438479,smooth_variable,0,8102,0.0015819510008441284,0.29516891700041015,2,False
,,,,,0.0662847969942959,,,,,,,0.0975491819990566,53.650220986453185,,,,,,,,,,,,,,circle,,,,,,,,,,,,,,,0.125,0.213262090437847,,0.7213402716763684,21.441505056275822,9.228062834376061,wls_strong,,,207,,,,,,,,,,,,,,,,,smooth_variable,,8105,0.0007965370023157448,0.16463051599566825,5,False
,,,,,0.05620718099817168,,,,,,,0.09333104400138836,90.08263198955117,,,,,,,,,,,,,,circle,,,,,,,,,,,,,,,0.125,0.303234454714282,,1.174258868142573,21.02548168402075,9.172690654053786,wls_strong,,,208,,,,,,,,,,,,,,,,,smooth_variable,,8106,0.0007813029951648787,0.15031952799472492,6,False
nan,nan,nan,0.0,nan,0.08554413099773228,0.0,3.94291730804192,0.8506140966265628,1.9843919729098425,0.5140364188163885,0.42435424354243545,0.1240629940002691,324.5273968503541,3.106355051657461e-10,2.2700145728414134e-09,3.8025154296506827,0.37207434234894726,1.9063818588169008,0.48596358118361155,0.3200624512099922,0.959380894584762,0.18162849471289882,0.6446422336336854,3.94291730804192,0.6510865726265955,1.9440257154320408,circle,nan,nan,8.83550754950168,34.12281008316555,10.200967207546004,46.15622997988232,9.596198730530855,8.83550754950168,34.12281008316555,10.200967207546004,46.15622997988232,9.596198730530855,42.296331564577144,42.296331564577144,0.125,0.18606567193590476,0.7560281414119039,0.49852135211742965,25.656693194746843,9.475380165849565,ccpfm_flux,0,2636,205,0.37367223065250377,3.94291730804192,0.8506140966265628,1.9843919729098425,0.5140364188163885,0.42435424354243545,3.8025154296506827,0.37207434234894726,1.9063818588169008,0.48596358118361155,0.3200624512099922,3.94291730804192,0.6510865726265955,1.9440257154320408,1.0,0.37367223065250377,smooth_variable,0,8104,0.0008772330038482323,0.21048435800184961,4,False
nan,nan,nan,0.0,nan,0.1147658170084469,0.0,5.776692139762335,0.8221416092912148,2.0310525443013665,0.5117069486404834,0.4177121771217712,0.1302312359912321,314.1086129577985,3.1912181751303503e-10,2.3513186857129907e-09,3.5540061249584656,0.3665002615640332,1.8740943283124007,0.4882930513595166,0.32405259087393656,0.9486944109487632,0.1748980500945474,0.647167242285749,5.776692139762335,0.6508584073118566,1.961000475819674,circle,nan,nan,8.520129434490714,34.341626245534144,10.410005779995892,46.27354873376548,9.594214186092008,8.520129434490714,34.341626245534144,10.410005779995892,46.27354873376548,9.594214186092008,44.03970590218518,44.03970590218518,0.125,0.1815422237197835,0.7495955544378512,0.3769533356064368,25.42634550317538,9.507118958974715,ccpfm_flux,0,2648,207,0.37197885196374625,5.776692139762335,0.8221416092912148,2.0310525443013665,0.5117069486404834,0.4177121771217712,3.5540061249584656,0.3665002615640332,1.8740943283124007,0.4882930513595166,0.32405259087393656,5.776692139762335,0.6508584073118566,1.961000475819674,1.0,0.37197885196374625,smooth_variable,0,8105,0.0009419989946763963,0.2459390519943554,5,False
,,,,,0.07234757600235753,,,,,,,0.10126839199801907,68.9749432246812,,,,,,,,,,,,,,circle,,,,,,,,,,,,,,,0.125,0.2753405728725005,,1.0892497519322448,19.9676976340767,9.241376099180385,wls_strong,,,207,,,,,,,,,,,,,,,,,smooth_variable,,8107,0.001120066997827962,0.17473603499820456,7,False
nan,nan,nan,0.0,nan,0.11413484798686113,0.0,4.686534137438996,0.8591996679852923,1.9713040585552708,0.5083923908989183,0.4203961848862803,0.10645006800768897,318.0472579098115,3.086423183001896e-10,2.3344517747632986e-09,2.9868643955538206,0.3801899669838822,1.8832566330123,0.4916076091010817,0.3277693474962064,0.9047262780117991,0.18333080654875,0.6432892789147935,4.686534137438996,0.6764705776184554,1.9333299969345399,circle,nan,nan,8.594656751025195,32.61734038770489,10.531860880519407,44.833925432794594,9.597688547552684,8.594656751025195,32.61734038770489,10.531860880519407,44.833925432794594,9.597688547552684,42.031944984626755,42.031944984626755,0.125,0.18290655071387235,0.7567943184664865,0.35836316586059014,25.113163295991015,9.452053028286398,ccpfm_flux,0,2681,208,0.37486012681835135,4.686534137438996,0.8591996679852923,1.9713040585552708,0.5083923908989183,0.4203961848862803,2.9868643955538206,0.3801899669838822,1.8832566330123,0.4916076091010817,0.3277693474962064,4.686534137438996,0.6764705776184554,1.9333299969345399,1.0,0.37486012681835135,smooth_variable,0,8106,0.0008508200116921216,0.22143573600624222,6,False
nan,nan,nan,0.0,nan,0.10214318000362255,0.0,4.5331442676084395,0.8702465530282748,1.9795032883935026,0.5153443113772455,0.4422657952069717,0.1181920410017483,307.3077144797083,3.9906041578857687e-10,2.4992987382221593e-09,3.345499625207401,0.37568539051729133,1.8975933630119346,0.4846556886227545,0.32123552123552124,0.9955819605386842,0.1858342413775259,0.6479813911101144,4.5331442676084395,0.6849694040128933,1.9462701138006686,circle,nan,nan,8.534016517570683,30.98372011920744,10.133970976355668,46.51962727716665,9.435297893432217,8.534016517570683,30.98372011920744,10.133970976355668,46.51962727716665,9.435297893432217,41.07119589425599,41.07119589425599,0.125,0.18044531381398488,0.7496635424435368,0.461812277519533,26.323659639712147,9.465744661612774,ccpfm_flux,0,2672,207,0.38360778443113774,4.5331442676084395,0.8702465530282748,1.9795032883935026,0.5153443113772455,0.4422657952069717,3.345499625207401,0.37568539051729133,1.8975933630119346,0.4846556886227545,0.32123552123552124,4.5331442676084395,0.6849694040128933,1.9462701138006686,1.0,0.38360778443113774,smooth_variable,0,8107,0.0009718789951875806,0.22130710000055842,7,False
,,,,,0.06738411699188873,,,,,,,0.11489508100203238,68.63321306136876,,,,,,,,,,,,,,circle,,,,,,,,,,,,,,,0.125,0.28085025387855667,,1.4618122738990769,20.667475544388765,9.224636372116029,wls_strong,,,203,,,,,,,,,,,,,,,,,smooth_variable,,8108,0.0008722740021767095,0.18315147199609783,8,False
,,,,,0.05580081799416803,,,,,,,0.09181481999985408,54.943606416051495,,,,,,,,,,,,,,circle,,,,,,,,,,,,,,,0.125,0.2505476292159395,,0.9183090782490769,21.739986272786787,9.276823579458911,wls_strong,,,207,,,,,,,,,,,,,,,,,smooth_variable,,8109,0.0008478430099785328,0.14846348100400064,9,False
nan,nan,nan,0.0,nan,0.09117794399207924,0.0,4.699409714569618,0.8352289819683539,1.9456739273703572,0.5137372977041776,0.4175824175824176,0.08834143800777383,309.7771132028378,2.9216348177568685e-10,2.18489045774821e-09,3.3082232243652334,0.34982434601855195,1.9209760854166846,0.48626270229582236,0.3204334365325077,0.9360470133765293,0.17497070119786853,0.6439410161803373,4.699409714569618,0.6417564759736717,1.9293835930553882,circle,nan,nan,8.7642992122648,36.138634790351695,10.343834239229238,44.909280647285186,9.56177812568018,8.7642992122648,36.138634790351695,10.343834239229238,44.909280647285186,9.56177812568018,43.140442637621284,43.140442637621284,0.125,0.19253002848276698,0.7591728491560665,0.39085390911878504,25.751114308375044,9.488979762013205,ccpfm_flux,0,2657,207,0.37034249153180276,4.699409714569618,0.8352289819683539,1.9456739273703572,0.5137372977041776,0.4175824175824176,3.3082232243652334,0.34982434601855195,1.9209760854166846,0.48626270229582236,0.3204334365325077,4.699409714569618,0.6417564759736717,1.9293835930553882,1.0,0.37034249153180276,smooth_variable,0,8109,0.0014533370122080669,0.18097271901206113,9,False
nan,nan,nan,0.0,nan,0.13867991299775895,0.0,4.454105780423085,0.8588560631900166,1.9548412175078305,0.5335595776772247,0.4332155477031802,0.10638775199186057,316.40309392833854,2.9252096534967964e-10,2.2172071006202377e-09,3.5905492459189468,0.3720004403601558,1.9280369445914178,0.46644042232277527,0.3055780113177041,1.0792149662723614,0.1793236084064119,0.6434715559835015,4.454105780423085,0.6803673862384271,1.9410679433801392,circle,nan,nan,8.106629910949312,32.46117695748802,10.08080346507639,43.918634608446304,9.16282969544632,8.106629910949312,32.46117695748802,10.08080346507639,43.918634608446304,9.16282969544632,39.67424573956977,39.67424573956977,0.125,0.17632320638267593,0.7593697618905084,0.34860481086287287,24.178763210619568,9.46600683131727,ccpfm_flux,0,2652,203,0.37368024132730016,4.454105780423085,0.8588560631900166,1.9548412175078305,0.5335595776772247,0.4332155477031802,3.5905492459189468,0.3720004403601558,1.9280369445914178,0.46644042232277527,0.3055780113177041,4.454105780423085,0.6803673862384271,1.9410679433801392,1.0,0.37368024132730016,smooth_variable,0,8108,0.0013697450049221516,0.24643740999454167,8,False
,,,,,0.08959470300760586,,,,,,,0.20078980700054672,73.58685038688704,,,,,,,,,,,,,,circle,,,,,,,,,,,,,,,0.1,0.12447362978898384,,0.6973477916263071,21.723432112265947,9.170104604328667,wls_strong,,,296,,,,,,,,,,,,,,,,,smooth_variable,,8100,0.0014827389968559146,0.2918672490050085,0,False
nan,nan,nan,0.0,nan,0.1593715909984894,0.0,3.747546072073071,0.9121194584350041,1.9896909917106005,0.43168418354268134,0.45902612826603323,0.14922546099114697,466.07549325126257,6.956241138666996e-16,4.2735755994596495e-15,3.5927046781554584,0.4279088970186349,1.8305074020732275,0.5683158164573187,0.33964817320703655,1.008085364329598,0.18785340067109518,0.6535984924074865,3.747546072073071,0.6534808381651511,1.899717256476626,circle,nan,nan,13.050537406741514,47.28083116246645,14.915535793009989,64.62334155248202,14.146913381964437,13.050537406741514,47.28083116246645,14.915535793009989,64.62334155248202,14.146913381964437,60.55360040363399,60.55360040363399,0.1,0.13531603259101957,0.7363624671532527,0.32314052395664516,25.099390013199258,9.367405186857056,ccpfm_flux,0,3901,296,0.39118174826967445,3.747546072073071,0.9121194584350041,1.9896909917106005,0.43168418354268134,0.45902612826603323,3.5927046781554584,0.4279088970186349,1.8305074020732275,0.5683158164573187,0.33964817320703655,3.747546072073071,0.6534808381651511,1.899717256476626,1.0,0.39118174826967445,smooth_variable,0,8100,0.001925200005644001,0.3105222519952804,0,False
,,,,,0.15103762000217102,,,,,,,0.226644355992903,92.81980699811675,,,,,,,,,,,,,,circle,,,,,,,,,,,,,,,0.1,0.12077706519531992,,0.5337590360390083,21.66658449646059,9.271822089510996,wls_strong,,,301,,,,,,,,,,,,,,,,,smooth_variable,,8101,0.001442291002604179,0.3791242669976782,1,False
,,,,,0.08642537699779496,,,,,,,0.13185578100092243,76.06870070641654,,,,,,,,,,,,,,circle,,,,,,,,,,,,,,,0.1,0.11544965791724908,,0.6147999015683864,20.713614997850637,9.144958336532188,wls_strong,,,299,,,,,,,,,,,,,,,,,smooth_variable,,8102,0.0014847989950794727,0.21976595699379686,2,False
nan,nan,nan,0.0,nan,0.205182332007098,0.0,4.04904205021025,0.866731287694523,2.025299574072174,0.4425616745576875,0.44313063063063063,0.22903204399335664,517.6711305775731,7.112366251504909e-16,4.63822399176731e-15,3.3630784996765364,0.44726019309224657,1.851416845221653,0.5574383254423125,0.3446580241394725,0.9042599528179796,0.1926947531094192,0.652108254673511,4.04904205021025,0.648706021421578,1.919009357294491,circle,nan,nan,13.467344641338975,49.52852040991674,15.195267370640977,68.27294077458976,14.589514321626055,13.467344641338975,49.52852040991674,15.195267370640977,68.27294077458976,14.589514321626055,64.07671782528215,64.07671782528215,0.1,0.1324407576750421,0.7593678933443964,0.3192327486697576,25.828671898057355,9.405713402473715,ccpfm_flux,0,4013,301,0.38823822576625966,4.04904205021025,0.866731287694523,2.025299574072174,0.4425616745576875,0.44313063063063063,3.3630784996765364,0.44726019309224657,1.851416845221653,0.5574383254423125,0.3446580241394725,4.04904205021025,0.648706021421578,1.919009357294491,1.0,0.38823822576625966,smooth_variable,0,8101,0.0017721389885991812,0.43598651498905383,1,False
nan,nan,nan,0.0,nan,0.20902373899298254,0.0,4.396844503437006,0.8747227674440382,2.012091207054466,0.43896891584533737,0.43983880253310303,0.1342943719937466,456.20847248622033,8.187894806610529e-16,4.480865393554625e-15,3.6911901497317703,0.4298707728908393,1.8658812024578528,0.5610310841546626,0.331981981981982,0.9891414722494629,0.18966972451144687,0.652669759436328,4.396844503437006,0.6624022093910809,1.9434470965173714,circle,nan,nan,13.384361666164603,50.62917807905902,14.991242066851893,64.57541948663999,14.3360246019366,13.384361666164603,50.62917807905902,14.991242066851893,64.57541948663999,14.3360246019366,62.66671832238115,62.66671832238115,0.1,0.16268046026026362,0.7566490915121064,0.37727164196331797,25.24111922963553,9.438484834344521,ccpfm_flux,0,3957,299,0.3793277735658327,4.396844503437006,0.8747227674440382,2.012091207054466,0.43896891584533737,0.43983880253310303,3.6911901497317703,0.4298707728908393,1.8658812024578528,0.5610310841546626,0.331981981981982,4.396844503437006,0.6624022093910809,1.9434470965173714,1.0,0.3793277735658327,smooth_variable,0,8102,0.001909047001390718,0.34522715798811987,2,False
,,,,,0.10553223399620038,,,,,,,0.12965678799082525,78.70178781195622,,,,,,,,,,,,,,circle,,,,,,,,,,,,,,,0.1,0.11690011823424708,,0.5144571578707036,22.22374839302146,9.147521037734386,wls_strong,,,298,,,,,,,,,,,,,,,,,smooth_variable,,8103,0.0014616539992857724,0.2366506759863114,3,False
,,,,,0.11676537700986955,,,,,,,0.15499738899234217,77.62628399558216,,,,,,,,,,,,,,circle,,,,,,,,,,,,,,,0.1,0.10945933089578698,,0.4025564660920735,21.113114183733483,9.258809233171107,wls_strong,,,303,,,,,,,,,,,,,,,,,smooth_variable,,8104,0.0013868749956600368,0.27314964099787176,4,False
nan,nan,nan,0.0,nan,0.20978641099645756,0.0,4.196225286425381,0.86814287216723,1.9943771134158665,0.4353982300884956,0.4361207897793264,0.15997468000568915,478.4711168759213,6.800116025829084e-16,4.4430641225357785e-15,3.9726167728658446,0.4521969452235372,1.853383762953726,0.5646017699115045,0.33139274518584866,1.0236213039580464,0.1914549917526877,0.649521636808863,4.196225286425381,0.6520727509610523,1.9335430223647943,circle,nan,nan,13.356212719198503,51.49629623097926,14.862305178113674,64.20706616563771,14.242693129248059,13.356212719198503,51.49629623097926,14.862305178113674,64.20706616563771,14.242693129248059,61.88233958122119,61.88233958122119,0.1,0.1355048170887401,0.7491738067852516,0.3379754774206354,26.408213455436943,9.45116413249518,ccpfm_flux,0,3955,298,0.3769911504424779,4.196225286425381,0.86814287216723,1.9943771134158665,0.4353982300884956,0.4361207897793264,3.9726167728658446,0.4521969452235372,1.853383762953726,0.5646017699115045,0.33139274518584866,4.196225286425381,0.6520727509610523,1.9335430223647943,1.0,0.3769911504424779,smooth_variable,0,8103,0.0016248350002570078,0.3713859260024037,3,False
,,,,,0.122744521999266,,,,,,,0.2009803200053284,85.88531814051281,,,,,,,,,,,,,,circle,,,,,,,,,,,,,,,0.1,0.10345503842579654,,0.5897547445766537,20.69560793373193,9.104634526152179,wls_strong,,,311,,,,,,,,,,,,,,,,,smooth_variable,,8105,0.0016195810021599755,0.32534442300675437,5,False
nan,nan,nan,0.0,nan,0.20012891999795102,0.0,3.8602191674777693,0.8841037918270297,2.0573862996182966,0.4363726216950828,0.4445073612684032,0.18535861400596332,490.698232007521,7.147060721024445e-16,4.565264789626133e-15,3.4839721334476614,0.45429120296835607,1.8361040182367443,0.5636273783049173,0.33625602805786936,0.9826821279308371,0.19597243744364087,0.6509061723764897,3.8602191674777693,0.6604777526961729,1.9223736875075839,circle,nan,nan,13.825394376168619,53.84983398485802,15.275038309189789,68.2107953288968,14.778399270582431,13.825394376168619,53.84983398485802,15.275038309189789,68.2107953288968,14.778399270582431,65.62366221385138,65.62366221385138,0.1,0.14791692932650743,0.7475360956796572,0.3633213005848075,24.525712127981404,9.390968080166902,ccpfm_flux,0,4047,303,0.38349394613293797,3.8602191674777693,0.8841037918270297,2.0573862996182966,0.4363726216950828,0.4445073612684032,3.4839721334476614,0.45429120296835607,1.8361040182367443,0.5636273783049173,0.33625602805786936,3.8602191674777693,0.6604777526961729,1.9223736875075839,1.0,0.38349394613293797,smooth_variable,0,8104,0.002035683995927684,0.387523217999842,4,False
,,,,,0.1255384230025811,,,,,,,0.13486084599571768,68.61057884999805,,,,,,,,,,,,,,circle,,,,,,,,,,,,,,,0.1,0.11884262555637574,,0.7065463310358139,21.951368224882362,9.215185164729878,wls_strong,,,298,,,,,,,,,,,,,,,,,smooth_variable,,8106,0.0020489190064836293,0.2624481880047824,6,False
nan,nan,nan,0.0,nan,0.2579198949970305,0.0,4.040543957562675,0.895440954275196,2.000784459908542,0.4225690276110444,0.4471590909090909,0.2072385840001516,479.2324295666986,9.298117831235686e-16,4.793881014886195e-15,3.441031999548192,0.456294413645277,1.837069151782984,0.5774309723889556,0.3463617463617464,0.9918216334691823,0.19868735739751045,0.6514168942813408,4.040543957562675,0.6659314283458441,1.9094871522771553,circle,nan,nan,13.73809230815721,55.88646305994304,16.16727747399852,71.60616201647483,15.268747653480105,13.73809230815721,55.88646305994304,16.16727747399852,71.60616201647483,15.268747653480105,66.80813461109466,66.80813461109466,0.1,0.1330217033660958,0.7515464558424007,0.33369191127434195,24.594061962782245,9.385159209383843,ccpfm_flux,0,4165,311,0.38895558223289317,4.040543957562675,0.895440954275196,2.000784459908542,0.4225690276110444,0.4471590909090909,3.441031999548192,0.456294413645277,1.837069151782984,0.5774309723889556,0.3463617463617464,4.040543957562675,0.6659314283458441,1.9094871522771553,1.0,0.38895558223289317,smooth_variable,0,8105,0.002417708994471468,0.46757618799165357,5,False
,,,,,0.1061469950072933,,,,,,,0.15010211800108664,84.03648245727902,,,,,,,,,,,,,,circle,,,,,,,,,,,,,,,0.1,0.11300844172444534,,0.6011828476989587,20.500992357720598,9.243657842892215,wls_strong,,,306,,,,,,,,,,,,,,,,,smooth_variable,,8107,0.0015461519942618906,0.2577952650026418,7,False
nan,nan,nan,0.0,nan,0.16517497900349554,0.0,3.9313006441251814,0.9151595973437366,2.0415188156617767,0.42650661440470355,0.45548535324526135,0.14436577599553857,474.6013994804831,8.148863528401051e-16,4.544617111865008e-15,3.4165802512443992,0.438726922404636,1.8494311133060282,0.5734933855952964,0.3391712943186672,0.8679383050248233,0.19528189951983171,0.6487391827003766,3.9313006441251814,0.6741609923301599,1.941530418228522,circle,nan,nan,13.48974877005142,46.291406460013214,15.682726872323276,71.37700885389059,14.806691692007693,13.48974877005142,46.291406460013214,15.682726872323276,71.37700885389059,14.806691692007693,67.96068520061793,67.96068520061793,0.1,0.1393547829025544,0.7500942082481831,0.33823262624320183,24.139238131714066,9.422949910029184,ccpfm_flux,0,4082,306,0.3887800097991181,3.9313006441251814,0.9151595973437366,2.0415188156617767,0.42650661440470355,0.45548535324526135,3.4165802512443992,0.438726922404636,1.8494311133060282,0.5734933855952964,0.3391712943186672,3.9313006441251814,0.6741609923301599,1.941530418228522,1.0,0.3887800097991181,smooth_variable,0,8107,0.0018608050013426691,0.3114015600003768,7,False
nan,nan,nan,0.0,nan,0.22858268801064696,0.0,4.7003404244948355,0.8974252644764896,2.0709545801996834,0.4358125318390219,0.44710695499707775,0.17385529799503274,485.21582024562673,9.020562075079397e-16,4.468084711609183e-15,3.1437408523068147,0.4582265093578749,1.8644373241997005,0.5641874681609781,0.33544018058690744,0.9981383322898914,0.19313392439553984,0.6535074533934039,4.7003404244948355,0.6621162806795435,1.951647527343403,circle,nan,nan,13.084452551962668,51.74521548113825,15.045599551692616,65.68552925816809,14.40965111039296,13.084452551962668,51.74521548113825,15.045599551692616,65.68552925816809,14.40965111039296,62.95068863726132,62.95068863726132,0.1,0.1271913663887568,0.7589936934662385,0.2935091337629623,24.972702885678522,9.418832978577333,ccpfm_flux,0,3926,298,0.3841059602649007,4.7003404244948355,0.8974252644764896,2.0709545801996834,0.4358125318390219,0.44710695499707775,3.1437408523068147,0.4582265093578749,1.8644373241997005,0.5641874681609781,0.33544018058690744,4.7003404244948355,0.6621162806795435,1.951647527343403,1.0,0.3841059602649007,smooth_variable,0,8106,0.0016398680018028244,0.40407785400748253,6,False
,,,,,0.12378862699551973,,,,,,,0.1752126089995727,79.68753764272456,,,,,,,,,,,,,,circle,,,,,,,,,,,,,,,0.1,0.1130788188328916,,0.6391408784276724,20.301383265306058,9.2008088014131,wls_strong,,,309,,,,,,,,,,,,,,,,,smooth_variable,,8108,0.0021099010045873,0.30111113699967973,8,False
,,,,,0.017385272003593855,,,,,,,0.02826323099725414,32.395834420626755,,,,,,,,,,,,,,ellipse,,,,,,,,,,,,,,,0.2,1.1969188884714552,,5.657042121686405,21.326226484531585,9.411600646426407,wls_strong,,,82,,,,,,,,,,,,,,,,,smooth_variable,,8100,0.0003323760029161349,0.04598087900376413,0,False
nan,nan,nan,0.0,nan,0.025418288001674227,0.0,4.803209506415769,0.6542447629597694,2.243388158989128,0.8127659574468085,0.38612565445026176,0.03840101200330537,90.14644758872639,6.609320382655604e-11,2.9465772649006774e-10,2.6911333734251683,0.22085864356400323,1.4387152226154125,0.18723404255319148,0.20454545454545456,0.7032737425177853,0.14550009145713655,0.6079058069150937,4.803209506415769,0.5782309535179927,2.1228479561832954,ellipse,nan,nan,3.292499175018736,14.384455991301047,4.937787188853093,19.94985740121979,3.573962196895165,3.292499175018736,14.384455991301047,4.937787188853093,19.94985740121979,3.573962196895165,17.20235421188872,17.20235421188872,0.2,0.26405500686008687,0.7995934727633147,0.5010167934605748,26.825089727596445,10.846199978760914,ccpfm_flux,0,940,82,0.35212765957446807,4.803209506415769,0.6542447629597694,2.243388158989128,0.8127659574468085,0.38612565445026176,2.6911333734251683,0.22085864356400323,1.4387152226154125,0.18723404255319148,0.20454545454545456,4.803209506415769,0.5782309535179927,2.1228479561832954,1.0,0.35212765957446807,smooth_variable,0,8100,0.0002288879913976416,0.06404818799637724,0,False
,,,,,0.10255776401027106,,,,,,,0.2011125619901577,82.87554744179283,,,,,,,,,,,,,,circle,,,,,,,,,,,,,,,0.1,0.1281340347894122,,0.7723989567989216,21.342717452889662,9.209638012496079,wls_strong,,,301,,,,,,,,,,,,,,,,,smooth_variable,,8109,0.0013546709960792214,0.305024996996508,9,False
,,,,,0.030318784003611654,,,,,,,0.05656404999899678,47.26536569692801,,,,,,,,,,,,,,ellipse,,,,,,,,,,,,,,,0.2,1.6889404827111443,,9.05254367157177,22.23992716655395,10.467778166878869,wls_strong,,,82,,,,,,,,,,,,,,,,,smooth_variable,,8101,0.0003161599888699129,0.08719899399147835,1,False
nan,nan,nan,0.0,nan,0.2567822109995177,0.0,3.7243671640467224,0.8930389002276672,2.011583084703303,0.42567567567567566,0.4518140589569161,0.2056697539956076,460.5302356966237,6.92154666914746e-16,4.453572776645698e-15,3.3278783647964434,0.4483695203319419,1.8252680409137445,0.5743243243243243,0.32983193277310924,0.9929865601436532,0.1945246213897207,0.6484901021127414,3.7243671640467224,0.6599199379446319,1.910369677132325,circle,nan,nan,13.67830553413433,48.46046738025389,15.771335810004572,72.00458574859199,14.696904810252278,13.67830553413433,48.46046738025389,15.771335810004572,72.00458574859199,14.696904810252278,66.95160564482708,66.95160564482708,0.1,0.1352539238242803,0.7514681736674552,0.3325095639179564,25.16983294207469,9.42374650268982,ccpfm_flux,0,4144,309,0.38175675675675674,3.7243671640467224,0.8930389002276672,2.011583084703303,0.42567567567567566,0.4518140589569161,3.3278783647964434,0.4483695203319419,1.8252680409137445,0.5743243243243243,0.32983193277310924,3.7243671640467224,0.6599199379446319,1.910369677132325,1.0,0.38175675675675674,smooth_variable,0,8108,0.0019882589986082166,0.4644402239937335,8,False
nan,nan,nan,0.0,nan,0.22732417000224814,0.0,3.9212851035238594,0.8802111858126855,2.0291116628092714,0.43646408839779005,0.44649021864211735,0.16419010100071318,477.9889102158056,7.112366251504909e-16,4.688291916618306e-15,3.2929408775319855,0.4564884206393244,1.8518819348021487,0.56353591160221,0.3431372549019608,0.8955719444035302,0.19278595771199175,0.6528018696215713,3.9212851035238594,0.6528886553125877,1.930602229866391,circle,nan,nan,13.252855744543059,50.34872446238026,15.31485859148448,67.2555357601658,14.623946880829516,13.252855744543059,50.34872446238026,15.31485859148448,67.2555357601658,14.623946880829516,64.4602104517982,64.4602104517982,0.1,0.13436745080128795,0.7528853292111986,0.32359554757926834,25.344570581288263,9.341903302214362,ccpfm_flux,0,3982,301,0.38824711200401807,3.9212851035238594,0.8802111858126855,2.0291116628092714,0.43646408839779005,0.44649021864211735,3.2929408775319855,0.4564884206393244,1.8518819348021487,0.56353591160221,0.3431372549019608,3.9212851035238594,0.6528886553125877,1.930602229866391,1.0,0.38824711200401807,smooth_variable,0,8109,0.001920969007187523,0.39343524001014885,9,False
nan,nan,nan,0.0,nan,0.041149003998725675,0.0,4.279902745388789,0.6731573203955596,2.1855048349995654,0.8109504132231405,0.3961783439490446,0.060734786005923524,87.18161334955862,7.067315309361444e-11,3.104441356786181e-10,2.4173148967020777,0.21834013374682568,1.4215327048812625,0.1890495867768595,0.2185792349726776,0.7547020468008647,0.14094110549590438,0.6121876740996598,4.279902745388789,0.588550424924049,2.0875491028513906,ellipse,nan,nan,3.3240462231585677,14.804151587368263,4.646496065248969,20.78588106415887,3.5033705680276888,3.3240462231585677,14.804151587368263,4.646496065248969,20.78588106415887,3.5033705680276888,16.448070954320478,16.448070954320478,0.2,0.2069541788514383,0.785505979748611,0.3963676806757962,28.825694147310685,11.677987912511156,ccpfm_flux,0,968,82,0.36260330578512395,4.279902745388789,0.6731573203955596,2.1855048349995654,0.8109504132231405,0.3961783439490446,2.4173148967020777,0.21834013374682568,1.4215327048812625,0.1890495867768595,0.2185792349726776,4.279902745388789,0.588550424924049,2.0875491028513906,1.0,0.36260330578512395,smooth_variable,0,8101,0.00039507399196736515,0.10227886399661656,1,False
,,,,,0.01860217799548991,,,,,,,0.03770658100256696,60.05263308165636,,,,,,,,,,,,,,ellipse,,,,,,,,,,,,,,,0.2,1.4527310605078534,,4.689340523816878,21.381243009610902,10.444723882711257,wls_strong,,,81,,,,,,,,,,,,,,,,,smooth_variable,,8102,0.00022414499835576862,0.05653290399641264,2,False
nan,nan,nan,0.0,nan,0.03573018900351599,0.0,4.503035004798674,0.6244461873316581,2.2267759701400336,0.8250539956803455,0.3782722513089005,0.03666707599768415,91.07921864262806,6.334227933835201e-11,2.678303996053635e-10,2.47769517688668,0.17421333007032316,1.4091593782031449,0.17494600431965443,0.16666666666666666,0.7031218407535814,0.12821017292663,0.6188190815159432,4.503035004798674,0.5549285453055072,2.138517519157629,ellipse,nan,nan,3.262336703526308,14.079489572269082,4.358667163841615,17.444229339656907,3.4710750282049476,3.262336703526308,14.079489572269082,4.358667163841615,17.444229339656907,3.4710750282049476,16.42720962721946,16.42720962721946,0.2,0.2468915435786823,0.8348553396346255,0.4838576191131367,28.375283032494515,11.351384647319728,ccpfm_flux,0,926,81,0.3412526997840173,4.503035004798674,0.6244461873316581,2.2267759701400336,0.8250539956803455,0.3782722513089005,2.47769517688668,0.17421333007032316,1.4091593782031449,0.17494600431965443,0.16666666666666666,4.503035004798674,0.5549285453055072,2.138517519157629,1.0,0.3412526997840173,smooth_variable,0,8102,0.0003545460058376193,0.07275181100703776,2,False
,,,,,0.02314072599983774,,,,,,,0.042379388003610075,29.685525560488646,,,,,,,,,,,,,,ellipse,,,,,,,,,,,,,,,0.2,0.985068179592708,,3.1342431899053853,20.22900135724207,9.375080542897319,wls_strong,,,86,,,,,,,,,,,,,,,,,smooth_variable,,8103,0.00025072399876080453,0.06577083800220862,3,False
nan,nan,nan,0.0,nan,0.029330358986044303,0.0,4.424757497866214,0.7059610030494661,2.163920464624742,0.7758620689655172,0.3803921568627451,0.04276307900727261,90.1776463689141,6.022726414811608e-11,2.649510963813324e-10,2.8318049790002253,0.21504712113962096,1.5277643804299486,0.22413793103448276,0.248868778280543,0.8878020535779249,0.1447790952487563,0.622700321145653,4.424757497866214,0.6145092990379312,2.0599035183323955,ellipse,nan,nan,3.5826243414238412,15.610983283871501,5.290549114845287,22.04806866091894,4.028379008949731,3.5826243414238412,15.610983283871501,5.290549114845287,22.04806866091894,4.028379008949731,19.832564550439947,19.832564550439947,0.2,0.2771859266080939,0.7893715851589886,0.5666399013503951,25.613498974728362,11.031253121232604,ccpfm_flux,0,986,86,0.3509127789046653,4.424757497866214,0.7059610030494661,2.163920464624742,0.7758620689655172,0.3803921568627451,2.8318049790002253,0.21504712113962096,1.5277643804299486,0.22413793103448276,0.248868778280543,4.424757497866214,0.6145092990379312,2.0599035183323955,1.0,0.3509127789046653,smooth_variable,0,8103,0.00025650601310189813,0.07234994400641881,3,False
,,,,,0.01917962399602402,,,,,,,0.04916741499619093,36.51790846188637,,,,,,,,,,,,,,ellipse,,,,,,,,,,,,,,,0.2,1.5384992536785913,,5.029448656668193,20.53943125113266,9.824621984680391,wls_strong,,,83,,,,,,,,,,,,,,,,,smooth_variable,,8104,0.00022164999973028898,0.06856868899194524,4,False
nan,nan,nan,0.0,nan,0.026575040988973342,0.0,5.278559999202905,0.6420754645632893,2.344791976107659,0.8070175438596491,0.3772378516624041,0.04383662100008223,91.7605565654171,7.655866392231037e-11,2.6962846730316413e-10,2.395774757717358,0.19693996421917048,1.5075745429781806,0.19298245614035087,0.1711229946524064,0.6952104011183243,0.13784701092541618,0.615791293967428,5.278559999202905,0.5430180182019283,2.2279584101177576,ellipse,nan,nan,3.2842957116872666,15.0426115830871,4.58478466142129,20.55268225300712,3.5822136050463667,3.2842957116872666,15.0426115830871,4.58478466142129,20.55268225300712,3.5822136050463667,16.528573921808096,16.528573921808096,0.2,0.22926068641856004,0.8421429099113457,0.496426411676542,26.59887083197613,11.37421468243645,ccpfm_flux,0,969,83,0.33746130030959753,5.278559999202905,0.6420754645632893,2.344791976107659,0.8070175438596491,0.3772378516624041,2.395774757717358,0.19693996421917048,1.5075745429781806,0.19298245614035087,0.1711229946524064,5.278559999202905,0.5430180182019283,2.2279584101177576,1.0,0.33746130030959753,smooth_variable,0,8104,0.0002341960062040016,0.07064585799525958,4,False
nan,nan,nan,0.0,nan,0.027706480002962053,0.0,4.433221501717003,0.6461048288782693,2.1992985127425326,0.7784552845528455,0.38511749347258484,0.0361102399911033,88.9528321387852,5.906931714594332e-11,2.5046145806118493e-10,2.4817185984000627,0.19773776270374366,1.6018922938271347,0.22154471544715448,0.24311926605504589,0.7835993561184598,0.1376743315320551,0.6145310119886245,4.433221501717003,0.5494052979880583,2.119791729392284,ellipse,nan,nan,3.434357613031352,15.506012554990026,5.0776049019397,21.900381948246295,3.8907323828309592,3.434357613031352,15.506012554990026,5.0776049019397,21.900381948246295,3.8907323828309592,17.83100420561548,17.83100420561548,0.2,0.20699930869241803,0.8245484737251201,0.46047519379989427,26.60232297645766,10.420378229920145,ccpfm_flux,0,984,85,0.35365853658536583,4.433221501717003,0.6461048288782693,2.1992985127425326,0.7784552845528455,0.38511749347258484,2.4817185984000627,0.19773776270374366,1.6018922938271347,0.22154471544715448,0.24311926605504589,4.433221501717003,0.5494052979880583,2.119791729392284,1.0,0.35365853658536583,smooth_variable,0,8105,0.00025358299899380654,0.06407030299305916,5,False
,,,,,0.03162293499917723,,,,,,,0.04436315600469243,46.75102915092826,,,,,,,,,,,,,,ellipse,,,,,,,,,,,,,,,0.2,1.065920271095233,,3.220184229708189,20.403050826180486,9.666646880648829,wls_strong,,,85,,,,,,,,,,,,,,,,,smooth_variable,,8105,0.00043782500142697245,0.07642391600529663,5,False
,,,,,0.032895979995373636,,,,,,,0.05334790000051726,26.750171346729697,,,,,,,,,,,,,,ellipse,,,,,,,,,,,,,,,0.2,1.0336040020242325,,2.908290352615939,20.15881289676978,9.345027430646837,wls_strong,,,85,,,,,,,,,,,,,,,,,smooth_variable,,8106,0.00023158799740485847,0.08647546799329575,6,False
,,,,,0.019328567999764346,,,,,,,0.04447094500937965,21.230861715652463,,,,,,,,,,,,,,ellipse,,,,,,,,,,,,,,,0.2,1.4980869315621381,,9.08424848647838,21.02495281579737,9.653210349126384,wls_strong,,,83,,,,,,,,,,,,,,,,,smooth_variable,,8107,0.0002204449992859736,0.06401995800842997,7,False
nan,nan,nan,0.0,nan,0.033835805996204726,0.0,3.8774939744780323,0.674232104135091,2.2526214965438944,0.7790339157245632,0.37994722955145116,0.039130215998739004,90.10461480330456,5.4403625701637814e-11,2.7141533614612293e-10,2.9862174762672042,0.23183717112281008,1.5793595086344823,0.2209660842754368,0.25116279069767444,0.8126096975969472,0.14070435443568963,0.6209374986435239,3.8774939744780323,0.5705826967844715,2.119219543574547,ellipse,nan,nan,3.544676745870397,14.804151587368239,5.288536758121295,20.89476256445186,3.9360340412575754,3.544676745870397,14.804151587368239,5.288536758121295,20.89476256445186,3.9360340412575754,18.365220947700383,18.365220947700383,0.2,0.21984990788236144,0.816587746000683,0.45795243547998277,26.172621118150836,10.487474953047998,ccpfm_flux,0,973,85,0.35149023638232274,3.8774939744780323,0.674232104135091,2.2526214965438944,0.7790339157245632,0.37994722955145116,2.9862174762672042,0.23183717112281008,1.5793595086344823,0.2209660842754368,0.25116279069767444,3.8774939744780323,0.5705826967844715,2.119219543574547,1.0,0.35149023638232274,smooth_variable,0,8106,0.00039864800055511296,0.07336466999549884,6,False
nan,nan,nan,0.0,nan,0.0366702199971769,0.0,4.046723824106043,0.6426157842310418,2.243968162238898,0.8042105263157895,0.3756544502617801,0.04237907000060659,90.23284329026328,6.504231007953276e-11,2.5673564786204923e-10,2.172779645632119,0.2012424646549636,1.4961515232685754,0.1957894736842105,0.20430107526881722,0.7355581432470046,0.14093666451466935,0.622106876641156,4.046723824106043,0.5820757418698597,2.1100691041098516,ellipse,nan,nan,3.399117969909521,14.804151587368272,4.815680028679218,19.613758767712753,3.6490195167661845,3.399117969909521,14.804151587368272,4.815680028679218,19.613758767712753,3.6490195167661845,17.375421010659394,17.375421010659394,0.2,0.2246313887084154,0.8248740068431752,0.4488106034973176,25.639017995023554,10.965190322429331,ccpfm_flux,0,950,83,0.34210526315789475,4.046723824106043,0.6426157842310418,2.243968162238898,0.8042105263157895,0.3756544502617801,2.172779645632119,0.2012424646549636,1.4961515232685754,0.1957894736842105,0.20430107526881722,4.046723824106043,0.5820757418698597,2.1100691041098516,1.0,0.34210526315789475,smooth_variable,0,8107,0.000290363997919485,0.07933965399570297,7,False
,,,,,0.018025140001554973,,,,,,,0.035343001000001095,27.971511692242895,,,,,,,,,,,,,,ellipse,,,,,,,,,,,,,,,0.2,1.5931941933130076,,5.100834058216964,21.711347640245048,9.632913014329423,wls_strong,,,84,,,,,,,,,,,,,,,,,smooth_variable,,8109,0.00019996400806121528,0.053568105009617284,9,False
,,,,,0.024993218001327477,,,,,,,0.046429575988440774,306.53393307916986,,,,,,,,,,,,,,ellipse,,,,,,,,,,,,,,,0.2,14.128214875090089,,108.94795978772002,21.150128998042167,10.017080914864714,wls_strong,,,85,,,,,,,,,,,,,,,,,smooth_variable,,8108,0.0003142500063404441,0.0717370439961087,8,True
nan,nan,nan,0.0,nan,0.035049433005042374,0.0,4.546835059189877,0.6532454885059384,2.2095495243470795,0.7775551102204409,0.3788659793814433,0.04097147200081963,92.26207745427624,6.484742430534762e-11,2.586257892282203e-10,2.6434825645931146,0.2336048105790501,1.599297625371455,0.22244488977955912,0.21171171171171171,0.79560917829998,0.13690621509792972,0.6222592700505477,4.546835059189877,0.5472114481426248,2.1120587263524397,ellipse,nan,nan,3.4284526342254367,15.983353177819378,4.846769516190481,20.202016542069995,3.776944925992517,3.4284526342254367,15.983353177819378,4.846769516190481,20.202016542069995,3.776944925992517,19.29663602269037,19.29663602269037,0.2,0.1989296512066377,0.8053982001446307,0.37066000207855243,27.15961298382902,11.051226993774309,ccpfm_flux,0,998,85,0.34168336673346694,4.546835059189877,0.6532454885059384,2.2095495243470795,0.7775551102204409,0.3788659793814433,2.6434825645931146,0.2336048105790501,1.599297625371455,0.22244488977955912,0.21171171171171171,4.546835059189877,0.5472114481426248,2.1120587263524397,1.0,0.34168336673346694,smooth_variable,0,8108,0.0002820999943651259,0.07630300500022713,8,False
nan,nan,nan,0.0,nan,0.03140965700731613,0.0,5.267917094403453,0.6490322076641233,2.34448155534729,0.7987679671457906,0.38303341902313626,0.04037088798941113,88.89879057330316,5.4724790671256685e-11,2.546767713882731e-10,2.538164554152753,0.1823212640382605,1.5767561767501794,0.20123203285420946,0.2193877551020408,0.9116636311189236,0.13932866705848218,0.6257564676080718,5.267917094403453,0.5441691247194512,2.1258939147967797,ellipse,nan,nan,3.433903677656579,15.485166982898571,4.712087355313665,20.192547501008274,3.764670848336713,3.433903677656579,15.485166982898571,4.712087355313665,20.192547501008274,3.764670848336713,17.753595934043517,17.753595934043517,0.2,0.26023132827987017,0.8227054993880714,0.5165787543398512,25.444919868226204,11.710629615832346,ccpfm_flux,0,974,84,0.35010266940451745,5.267917094403453,0.6490322076641233,2.34448155534729,0.7987679671457906,0.38303341902313626,2.538164554152753,0.1823212640382605,1.5767561767501794,0.20123203285420946,0.2193877551020408,5.267917094403453,0.5441691247194512,2.1258939147967797,1.0,0.35010266940451745,smooth_variable,0,8109,0.0004544160037767142,0.07223496100050397,9,False
,,,,,0.03170347400009632,,,,,,,0.06924745900323614,38.64801977321252,,,,,,,,,,,,,,ellipse,,,,,,,,,,,,,,,0.16,0.503943995465909,,1.5440673821371407,21.773760164928973,9.500564381486722,wls_strong,,,122,,,,,,,,,,,,,,,,,smooth_variable,,8100,0.00044339499436318874,0.10139432799769565,0,False
,,,,,0.030722650000825524,,,,,,,0.05431614400004037,48.68103332001182,,,,,,,,,,,,,,ellipse,,,,,,,,,,,,,,,0.16,0.7494410978484112,,4.7999448193032,21.353064994127525,9.539915640479094,wls_strong,,,119,,,,,,,,,,,,,,,,,smooth_variable,,8101,0.0003736509970622137,0.0854124449979281,1,False
nan,nan,nan,0.0,nan,0.05890124999859836,0.0,4.922965281332955,0.6822627733844222,2.166023284249127,0.6929347826086957,0.3911764705882353,0.07807575601327699,136.0802658709818,9.887472611491699e-11,5.444266402430556e-10,3.060779011619573,0.25888523992441786,1.7574238764344237,0.3070652173913043,0.26548672566371684,0.8827618375849529,0.15117234829210863,0.6285552207825468,4.922965281332955,0.56535959723598,2.0088820615372107,ellipse,nan,nan,5.45329272903528,21.87635606230935,6.928372670158788,32.51749534609982,5.980289532913277,5.45329272903528,21.87635606230935,6.928372670158788,32.51749534609982,5.980289532913277,28.294561885489745,28.294561885489745,0.16,0.22809444029747147,0.7938178971497933,0.443476328447165,25.22276008486798,9.695878567202502,ccpfm_flux,0,1472,122,0.35258152173913043,4.922965281332955,0.6822627733844222,2.166023284249127,0.6929347826086957,0.3911764705882353,3.060779011619573,0.25888523992441786,1.7574238764344237,0.3070652173913043,0.26548672566371684,4.922965281332955,0.56535959723598,2.0088820615372107,1.0,0.35258152173913043,smooth_variable,0,8100,0.00036784099938813597,0.13734484701126348,0,False
,,,,,0.026092770989635028,,,,,,,0.0489321490022121,28.80791461443986,,,,,,,,,,,,,,ellipse,,,,,,,,,,,,,,,0.16,0.4802083141009919,,1.7722098000752584,21.552679081523873,9.335867213877693,wls_strong,,,117,,,,,,,,,,,,,,,,,smooth_variable,,8102,0.0003410360077396035,0.07536595599958673,2,False
nan,nan,nan,0.0,nan,0.06935528399480972,0.0,5.255083890487908,0.6960673407252856,2.1744489948714745,0.6932685634975712,0.3963963963963964,0.0870706040004734,144.0491875200285,9.953710425336659e-11,5.021396546687523e-10,2.6427473394266188,0.27265809214870307,1.753369894066728,0.30673143650242884,0.27828054298642535,0.8254745509409356,0.14488489921357336,0.6234378150273925,5.255083890487908,0.5490513963459587,2.044651490614641,ellipse,nan,nan,5.0090330357927595,20.799831303007817,6.886532865763227,30.542330719725435,5.580172414698037,5.0090330357927595,20.799831303007817,6.886532865763227,30.542330719725435,5.580172414698037,25.65780606893274,25.65780606893274,0.16,0.26622446036882413,0.7884967623256984,0.5506386621792366,25.1908714095844,9.82174082959683,ccpfm_flux,0,1441,119,0.36016655100624567,5.255083890487908,0.6960673407252856,2.1744489948714745,0.6932685634975712,0.3963963963963964,2.6427473394266188,0.27265809214870307,1.753369894066728,0.30673143650242884,0.27828054298642535,5.255083890487908,0.5490513963459587,2.044651490614641,1.0,0.36016655100624567,smooth_variable,0,8101,0.0004785310011357069,0.15690441899641883,1,False
,,,,,0.02931867200823035,,,,,,,0.046712344003026374,43.668301889301624,,,,,,,,,,,,,,ellipse,,,,,,,,,,,,,,,0.16,0.5728410139207973,,2.9754782401360904,21.71115058748971,9.394513478390198,wls_strong,,,119,,,,,,,,,,,,,,,,,smooth_variable,,8103,0.00040313199860975146,0.07643414800986648,3,False
nan,nan,nan,0.0,nan,0.07132141599140596,0.0,5.153726956677192,0.705700664044708,2.147170119758121,0.7119252873563219,0.3854692230070636,0.07445479900343344,138.68682907675228,1.0697252111890876e-10,5.2419243887845e-10,2.9607934383794547,0.28695098002196295,1.7707531831184091,0.2880747126436782,0.26683291770573564,0.988239202062382,0.14513186479030085,0.628293680570718,5.153726956677192,0.5695049581310491,2.0426210045241295,ellipse,nan,nan,5.0197824349258156,22.384253000325398,6.722723788179334,27.64182870749392,5.580364130906247,5.0197824349258156,22.384253000325398,6.722723788179334,27.64182870749392,5.580364130906247,24.062579825560555,24.062579825560555,0.16,0.24246745825239063,0.7837339060284318,0.5154864733361189,25.9637036570714,9.718853216588858,ccpfm_flux,0,1392,117,0.35129310344827586,5.153726956677192,0.705700664044708,2.147170119758121,0.7119252873563219,0.3854692230070636,2.9607934383794547,0.28695098002196295,1.7707531831184091,0.2880747126436782,0.26683291770573564,5.153726956677192,0.5695049581310491,2.0426210045241295,1.0,0.35129310344827586,smooth_variable,0,8102,0.0003936499997507781,0.14616986499459017,2,False
nan,nan,nan,0.0,nan,0.05416359800437931,0.0,4.508816830206204,0.6681332306419846,2.1866652702990326,0.7004132231404959,0.39036381514257623,0.08263150599668734,144.91376280941898,1.0296506442603048e-10,5.30135599917058e-10,2.72670469835723,0.2999624381498956,1.833633938403025,0.29958677685950413,0.271264367816092,0.8095728094044832,0.14883611233412758,0.6281882290757613,4.508816830206204,0.5858021940581989,2.0701504101411254,ellipse,nan,nan,5.0821846259549295,20.79983130300791,6.7634038520689215,27.637514394807294,5.608041353947238,5.0821846259549295,20.79983130300791,6.7634038520689215,27.637514394807294,5.608041353947238,24.95413493593754,24.95413493593754,0.16,0.24594298760633898,0.8004525705590355,0.5003777760011341,25.79872778411151,9.756344257983125,ccpfm_flux,0,1452,119,0.3546831955922865,4.508816830206204,0.6681332306419846,2.1866652702990326,0.7004132231404959,0.39036381514257623,2.72670469835723,0.2999624381498956,1.833633938403025,0.29958677685950413,0.271264367816092,4.508816830206204,0.5858021940581989,2.0701504101411254,1.0,0.3546831955922865,smooth_variable,0,8103,0.0003325629950268194,0.13712766699609347,3,False
,,,,,0.03939252399140969,,,,,,,0.08905561300343834,146.8540488535981,,,,,,,,,,,,,,ellipse,,,,,,,,,,,,,,,0.16,2.463733330876977,,20.67748685428258,21.21177188862394,9.474800975625527,wls_strong,,,122,,,,,,,,,,,,,,,,,smooth_variable,,8104,0.0003150670090690255,0.12876320400391705,4,False
,,,,,0.028663371995207854,,,,,,,0.056337011003051884,48.45105995396693,,,,,,,,,,,,,,ellipse,,,,,,,,,,,,,,,0.16,0.5594767838069,,2.719669840649967,22.004057699726722,9.33389916279656,wls_strong,,,121,,,,,,,,,,,,,,,,,smooth_variable,,8105,0.0005307940009515733,0.08553117699921131,5,False
nan,nan,nan,0.0,nan,0.058060610987013206,0.0,5.2031221451291465,0.6909062394906704,2.1516621411921464,0.6873315363881402,0.3843137254901961,0.07874095100851264,146.40595997328145,9.190893358879126e-11,4.820224270232376e-10,2.7577425742776653,0.2818856426586195,1.7652809322334788,0.31266846361185985,0.27370689655172414,0.9059959464814848,0.1536341559270183,0.6296074513658446,5.2031221451291465,0.5630126291783498,2.0006554241621166,ellipse,nan,nan,5.366848346661429,20.80227720751606,7.171858234461662,33.26643269297149,5.922388130653935,5.366848346661429,20.80227720751606,7.171858234461662,33.26643269297149,5.922388130653935,28.543410021735596,28.543410021735596,0.16,0.2529276531828485,0.7741564352314861,0.5476710990221065,24.88632051438494,9.578601973778412,ccpfm_flux,0,1484,122,0.3497304582210243,5.2031221451291465,0.6909062394906704,2.1516621411921464,0.6873315363881402,0.3843137254901961,2.7577425742776653,0.2818856426586195,1.7652809322334788,0.31266846361185985,0.27370689655172414,5.2031221451291465,0.5630126291783498,2.0006554241621166,1.0,0.3497304582210243,smooth_variable,0,8104,0.0003637850022641942,0.13716534699779004,4,False
,,,,,0.03924012700736057,,,,,,,0.07247026800177991,47.79971847398166,,,,,,,,,,,,,,ellipse,,,,,,,,,,,,,,,0.16,0.55949092633054,,2.2340537764596444,21.937147432659742,9.373807588835959,wls_strong,,,119,,,,,,,,,,,,,,,,,smooth_variable,,8106,0.00029975299548823386,0.11201014800462872,6,False
nan,nan,nan,0.0,nan,0.04977112699998543,0.0,5.6141953979677,0.6823800153666679,2.168982910392965,0.6928374655647382,0.38966202783300197,0.062012075999518856,137.39656456550253,1.2497811292810912e-10,5.513381283376736e-10,2.872860040954825,0.28548538812067104,1.752769143375792,0.3071625344352617,0.26905829596412556,0.9536885596182503,0.15143143066426024,0.6260561202994306,5.6141953979677,0.5583403014893271,2.053478642822566,ellipse,nan,nan,5.427920023998375,23.87793080114217,7.0441390104876,30.210721652099853,6.0006614983941695,5.427920023998375,23.87793080114217,7.0441390104876,30.210721652099853,6.0006614983941695,26.911257873001258,26.911257873001258,0.16,0.18143572491327611,0.7868199326087987,0.43118722583313857,25.84339490362427,9.890901597920335,ccpfm_flux,0,1452,121,0.3526170798898072,5.6141953979677,0.6823800153666679,2.168982910392965,0.6928374655647382,0.38966202783300197,2.872860040954825,0.28548538812067104,1.752769143375792,0.3071625344352617,0.26905829596412556,5.6141953979677,0.5583403014893271,2.053478642822566,1.0,0.3526170798898072,smooth_variable,0,8105,0.0005037520022597164,0.112286955001764,5,False
,,,,,0.02537426899652928,,,,,,,0.05183420800312888,82.1628423504486,,,,,,,,,,,,,,ellipse,,,,,,,,,,,,,,,0.16,0.8810285147987276,,5.4450769772795296,22.38357558566161,9.519452100802827,wls_strong,,,112,,,,,,,,,,,,,,,,,smooth_variable,,8107,0.0003185350069543347,0.0775270120066125,7,False
nan,nan,nan,0.0,nan,0.07000640599289909,0.0,5.062670037419728,0.6803028095940226,2.2327382031564746,0.7063711911357341,0.3843137254901961,0.05983681599900592,154.79352383670982,1.0911203798119606e-10,4.892673624599733e-10,2.7572527529791886,0.2682380574504526,1.7979624917193815,0.29362880886426596,0.2688679245283019,0.842923772451813,0.14577274487062336,0.6262773155615631,5.062670037419728,0.5528500081114492,2.072896152043581,ellipse,nan,nan,5.118335893518534,22.943793046827754,6.610819615744821,29.270437628601034,5.627020441870078,5.118335893518534,22.943793046827754,6.610819615744821,29.270437628601034,5.627020441870078,25.406315392010146,25.406315392010146,0.16,0.22346573040477874,0.7958450843854491,0.4896096673804805,25.932593315711138,9.9530133577349,ccpfm_flux,0,1444,119,0.35041551246537395,5.062670037419728,0.6803028095940226,2.2327382031564746,0.7063711911357341,0.3843137254901961,2.7572527529791886,0.2682380574504526,1.7979624917193815,0.29362880886426596,0.2688679245283019,5.062670037419728,0.5528500081114492,2.072896152043581,1.0,0.35041551246537395,smooth_variable,0,8106,0.000663291008095257,0.13050651300000027,6,False
,,,,,0.03047183399030473,,,,,,,0.0631684720137855,43.03004470659202,,,,,,,,,,,,,,ellipse,,,,,,,,,,,,,,,0.16,0.878533301607752,,7.81829448595265,21.259622162770704,9.34645722378249,wls_strong,,,123,,,,,,,,,,,,,,,,,smooth_variable,,8108,0.00042759500502143055,0.09406790100911167,8,False
nan,nan,nan,0.0,nan,0.040447336999932304,0.0,5.635269076065786,0.6444122627157741,2.253854184669731,0.7330282227307399,0.35796045785639957,0.06447363999905065,144.11658359863188,1.0497519520313858e-10,4.718039125967008e-10,3.1796195696798097,0.2632608602334311,1.7323907141326342,0.2669717772692601,0.26,0.8570036545982387,0.13079912308179423,0.6181556461413702,5.635269076065786,0.5583892036030363,2.075833723304071,ellipse,nan,nan,4.678145521361759,20.79983130300772,6.029106340319299,27.078084226754612,5.184739946060425,4.678145521361759,20.79983130300772,6.029106340319299,27.078084226754612,5.184739946060425,23.560341850384937,23.560341850384937,0.16,0.24473464333624434,0.8031240634504383,0.5193626692802606,27.470183297053406,10.32040595587845,ccpfm_flux,0,1311,112,0.3318077803203661,5.635269076065786,0.6444122627157741,2.253854184669731,0.7330282227307399,0.35796045785639957,3.1796195696798097,0.2632608602334311,1.7323907141326342,0.2669717772692601,0.26,5.635269076065786,0.5583892036030363,2.075833723304071,1.0,0.3318077803203661,smooth_variable,0,8107,0.0003783950087381527,0.1052993720077211,7,False
nan,nan,nan,0.0,nan,0.06952933000866324,0.0,4.4038601159598505,0.6847289068909613,2.2152286323343984,0.6823056300268097,0.37721021611001965,0.06375396400108002,143.02012746770086,1.0721451244172231e-10,5.452016161094954e-10,3.0992801570345963,0.2552751115808953,1.8105243938721334,0.31769436997319034,0.270042194092827,0.8426981892004092,0.14606810013365323,0.6294515442553403,4.4038601159598505,0.5450065970369928,2.0507908570971543,ellipse,nan,nan,5.3516300091383275,23.9711406959178,7.323449945694485,30.11047504318188,6.005964233928647,5.3516300091383275,23.9711406959178,7.323449945694485,30.11047504318188,6.005964233928647,27.6529303146993,27.6529303146993,0.16,0.26008463191941944,0.7825789383895703,0.506996470488029,25.630842313131332,9.994982069902925,ccpfm_flux,0,1492,123,0.34316353887399464,4.4038601159598505,0.6847289068909613,2.2152286323343984,0.6823056300268097,0.37721021611001965,3.0992801570345963,0.2552751115808953,1.8105243938721334,0.31769436997319034,0.270042194092827,4.4038601159598505,0.5450065970369928,2.0507908570971543,1.0,0.34316353887399464,smooth_variable,0,8108,0.0004233239887980744,0.13370661799854133,8,False
,,,,,0.038435285998275504,,,,,,,0.07017189900216181,39.81638870853459,,,,,,,,,,,,,,ellipse,,,,,,,,,,,,,,,0.16,0.6817813458476606,,3.0742776980630677,22.158256112868727,9.366372150666274,wls_strong,,,124,,,,,,,,,,,,,,,,,smooth_variable,,8109,0.000387253996450454,0.10899443899688777,9,False
,,,,,0.048919845998170786,,,,,,,0.09070321400940884,60.935932081805866,,,,,,,,,,,,,,ellipse,,,,,,,,,,,,,,,0.125,0.24801631777920216,,1.5477591788598195,21.58061280937307,9.36775109389728,wls_strong,,,179,,,,,,,,,,,,,,,,,smooth_variable,,8100,0.0007349779916694388,0.14035803799924906,0,False
nan,nan,nan,0.0,nan,0.08177460099977907,0.0,4.999598246923109,0.6669817482311927,2.121613558628301,0.6742227979274611,0.3909702209414025,0.07666055500158109,140.99326354182816,1.0527353641598403e-10,4.89803595771186e-10,2.7516485969384905,0.2831087720799543,1.7542791499592763,0.32577720207253885,0.2882703777335984,0.8788268376518942,0.14628301359385149,0.6262057388977588,4.999598246923109,0.5555950314321522,2.0002496968003065,ellipse,nan,nan,5.313151783336848,23.01505414821363,7.360597611490423,31.231505908375855,6.028860929725443,5.313151783336848,23.01505414821363,7.360597611490423,31.231505908375855,6.028860929725443,26.741252235920296,26.741252235920296,0.16,0.18012271266655722,0.7790467548422734,0.38174601868588914,25.030599517504182,9.76202253627328,ccpfm_flux,0,1544,124,0.35751295336787564,4.999598246923109,0.6669817482311927,2.121613558628301,0.6742227979274611,0.3909702209414025,2.7516485969384905,0.2831087720799543,1.7542791499592763,0.32577720207253885,0.2882703777335984,4.999598246923109,0.5555950314321522,2.0002496968003065,1.0,0.35751295336787564,smooth_variable,0,8109,0.0006004430033499375,0.1590355990047101,9,False
,,,,,0.05732323099800851,,,,,,,0.0829262449988164,67.80362548061434,,,,,,,,,,,,,,ellipse,,,,,,,,,,,,,,,0.125,0.31162498487103374,,2.6307319493735934,21.365339460615438,9.166932192988801,wls_strong,,,178,,,,,,,,,,,,,,,,,smooth_variable,,8101,0.0007504590030293912,0.1409999349998543,1,False
nan,nan,nan,0.0,nan,0.07246010699600447,0.0,5.574363353929788,0.7281004306398264,2.081499221655089,0.588314005352364,0.38286580742987114,0.1675314729945967,237.35977512152186,1.9817232750629632e-10,1.38976957274834e-09,3.0063113430105006,0.3041669864770098,1.8636889014488818,0.41168599464763606,0.3001083423618635,0.9107294017909802,0.15765104629990564,0.6351347981926867,5.574363353929788,0.5532412371682442,2.0035314060057257,ellipse,nan,nan,8.540490415012806,36.66937524341088,10.537615377666205,45.63130159929267,9.431492009337902,8.540490415012806,36.66937524341088,10.537615377666205,45.63130159929267,9.431492009337902,42.670728121205244,42.670728121205244,0.125,0.18829310467895274,0.7978779846710988,0.4099813968040813,27.260124465774727,9.551981446361504,ccpfm_flux,0,2242,179,0.3487957181088314,5.574363353929788,0.7281004306398264,2.081499221655089,0.588314005352364,0.38286580742987114,3.0063113430105006,0.3041669864770098,1.8636889014488818,0.41168599464763606,0.3001083423618635,5.574363353929788,0.5532412371682442,2.0035314060057257,1.0,0.3487957181088314,smooth_variable,0,8100,0.0006778859969926998,0.24066946598759387,0,False
nan,nan,nan,0.0,nan,0.0665509319951525,0.0,4.330907742712756,0.7667616943923123,2.1478229686633847,0.5797824116047144,0.4143862392494136,0.10900167599902488,236.61294406971663,2.5360244980399127e-10,1.576976908160099e-09,3.271914015010909,0.3226650235372203,1.8951290517925856,0.42021758839528556,0.2998921251348436,0.9832549708680486,0.1733554662643329,0.6393462915987821,4.330907742712756,0.6179673996589026,2.013200649530825,ellipse,nan,nan,8.624065112030989,35.37073497077548,10.438279856735026,44.55548415590091,9.372021329577478,8.624065112030989,35.37073497077548,10.438279856735026,44.55548415590091,9.372021329577478,41.38428989323586,41.38428989323586,0.125,0.17982938345031158,0.7823114566825986,0.3841950879255158,25.020759308962827,9.531748366976688,ccpfm_flux,0,2206,178,0.36627379873073435,4.330907742712756,0.7667616943923123,2.1478229686633847,0.5797824116047144,0.4143862392494136,3.271914015010909,0.3226650235372203,1.8951290517925856,0.42021758839528556,0.2998921251348436,4.330907742712756,0.6179673996589026,2.013200649530825,1.0,0.36627379873073435,smooth_variable,0,8101,0.0007244209991768003,0.17627702899335418,1,False
,,,,,0.07108713399793487,,,,,,,0.11501499300356954,57.407061300745646,,,,,,,,,,,,,,ellipse,,,,,,,,,,,,,,,0.125,0.2930977775864515,,1.7074330127116666,22.434068363008272,9.213738197541034,wls_strong,,,179,,,,,,,,,,,,,,,,,smooth_variable,,8102,0.0009142009948845953,0.187016327996389,2,False
nan,nan,nan,0.0,nan,0.09808999300003052,0.0,4.6108995366352215,0.756623864467205,2.1532762484537438,0.5830748781568453,0.4088145896656535,0.1306721809960436,229.9212788223149,2.5310348001489347e-10,1.624943001720504e-09,3.1986130653486904,0.3673387540948025,1.774191381781215,0.4169251218431546,0.30393198724760895,0.8928135174344713,0.16783193447723826,0.6393216263242735,4.6108995366352215,0.5973403071336713,2.02045228021961,ellipse,nan,nan,8.55106124903271,34.89219626290228,10.251724908389452,47.588954759479506,9.328825150544478,8.55106124903271,34.89219626290228,10.251724908389452,47.588954759479506,9.328825150544478,43.397475011650364,43.397475011650364,0.125,0.23341866220242274,0.7649940719542606,0.4763578894278745,24.799265054273206,9.678629050502472,ccpfm_flux,0,2257,179,0.3650863978732831,4.6108995366352215,0.756623864467205,2.1532762484537438,0.5830748781568453,0.4088145896656535,3.1986130653486904,0.3673387540948025,1.774191381781215,0.4169251218431546,0.30393198724760895,4.6108995366352215,0.5973403071336713,2.02045228021961,1.0,0.3650863978732831,smooth_variable,0,8102,0.0007619889947818592,0.22952416299085598,2,False
,,,,,0.05132820000289939,,,,,,,0.08330443999147974,70.4996405484065,,,,,,,,,,,,,,ellipse,,,,,,,,,,,,,,,0.125,0.450813977320982,,7.135959052592398,23.25482151923806,9.405101227114049,wls_strong,,,182,,,,,,,,,,,,,,,,,smooth_variable,,8103,0.0009868759952951223,0.13561951598967426,3,False
,,,,,0.07249523099744692,,,,,,,0.11375549700460397,53.710158960064135,,,,,,,,,,,,,,ellipse,,,,,,,,,,,,,,,0.125,0.23766673788207393,,1.1448524475753807,20.68377147031292,9.228402683111367,wls_strong,,,184,,,,,,,,,,,,,,,,,smooth_variable,,8104,0.0009124540083575994,0.1871631820104085,4,False
nan,nan,nan,0.0,nan,0.10392339900135994,0.0,4.996168494232855,0.7407346652874368,2.0805519905848766,0.5697573656845754,0.4038022813688213,0.13317608200304676,229.17832099718683,3.296604872762843e-10,1.6667748774018793e-09,2.943406721159336,0.35911457995888024,1.8307654274394412,0.4302426343154246,0.3152064451158107,0.9251845809588513,0.1639288837567357,0.6353197395870028,4.996168494232855,0.5711463472161865,1.967722297905548,ellipse,nan,nan,8.569776170202186,36.201463109429675,10.560605561785797,47.884536780856145,9.546109077577277,8.569776170202186,36.201463109429675,10.560605561785797,47.884536780856145,9.546109077577277,44.381652192936876,44.381652192936876,0.125,0.20147075754760813,0.7820210954679204,0.4510747041668831,26.82931735884553,9.83036878778491,ccpfm_flux,0,2308,182,0.36568457538994803,4.996168494232855,0.7407346652874368,2.0805519905848766,0.5697573656845754,0.4038022813688213,2.943406721159336,0.35911457995888024,1.8307654274394412,0.4302426343154246,0.3152064451158107,4.996168494232855,0.5711463472161865,1.967722297905548,1.0,0.36568457538994803,smooth_variable,0,8103,0.001132366989622824,0.23823184799402952,3,False
,,,,,0.05647897299786564,,,,,,,0.13294020999455824,82.47838732077626,,,,,,,,,,,,,,ellipse,,,,,,,,,,,,,,,0.125,0.1909375979294128,,0.8246655274306778,20.858737036965195,9.252307484702008,wls_strong,,,181,,,,,,,,,,,,,,,,,smooth_variable,,8105,0.0009607570100342855,0.19037994000245817,5,False
nan,nan,nan,0.0,nan,0.08769568600109778,0.0,5.538674509384537,0.7413341518054009,2.1759570579252476,0.5699286014279714,0.39572586588061903,0.1208714739914285,234.01352323023602,2.5273917941132096e-10,1.5283750561847003e-09,2.9434170827172936,0.33242410477809936,1.8300413140814833,0.4300713985720286,0.30078125,0.9011861329110489,0.1583550179187457,0.6351959133198019,5.538674509384537,0.5643241975001148,1.9972578881900318,ellipse,nan,nan,8.611729947156897,33.59832074166522,11.002332149137507,47.609292516295454,9.51971584068819,8.611729947156897,33.59832074166522,11.002332149137507,47.609292516295454,9.51971584068819,43.32173125245537,43.32173125245537,0.125,0.17241928683287577,0.7985840358452194,0.44947703888230095,25.132714772497174,9.401780084360373,ccpfm_flux,0,2381,184,0.3548929021419572,5.538674509384537,0.7413341518054009,2.1759570579252476,0.5699286014279714,0.39572586588061903,2.9434170827172936,0.33242410477809936,1.8300413140814833,0.4300713985720286,0.30078125,5.538674509384537,0.5643241975001148,1.9972578881900318,1.0,0.3548929021419572,smooth_variable,0,8104,0.0011512610071804374,0.20971842099970672,4,False
,,,,,0.0506122700026026,,,,,,,0.11928621798870154,49.74386561872626,,,,,,,,,,,,,,ellipse,,,,,,,,,,,,,,,0.125,0.24123180158281113,,1.3538727214410633,20.631567079523975,9.23068161986259,wls_strong,,,182,,,,,,,,,,,,,,,,,smooth_variable,,8106,0.0007212560012703761,0.1706197439925745,6,False
nan,nan,nan,0.0,nan,0.12377467199985404,0.0,4.937588156126594,0.7423101308519755,2.1832965706320837,0.5783340526542944,0.4007462686567164,0.11342054899432696,236.80557062468768,2.4347374116828746e-10,1.5546823538425976e-09,2.9829890514150095,0.31658040863550796,1.8750690991649905,0.42166594734570567,0.30194472876151485,0.912827710973961,0.16130777438139948,0.6359611537502576,4.937588156126594,0.5705594075250106,1.9967795811173268,ellipse,nan,nan,8.826667484833777,36.316047256214915,10.283601644103529,44.73038564823563,9.499937047018797,8.826667484833777,36.316047256214915,10.283601644103529,44.73038564823563,9.499937047018797,42.2627269659897,42.2627269659897,0.125,0.19586798189796611,0.7832638247880167,0.42029513062421997,25.383263794214802,9.55858184980185,ccpfm_flux,0,2317,181,0.3590850237375917,4.937588156126594,0.7423101308519755,2.1832965706320837,0.5783340526542944,0.4007462686567164,2.9829890514150095,0.31658040863550796,1.8750690991649905,0.42166594734570567,0.30194472876151485,4.937588156126594,0.5705594075250106,1.9967795811173268,1.0,0.3590850237375917,smooth_variable,0,8105,0.0012332240003161132,0.2384284449944971,5,False
nan,nan,nan,0.0,nan,0.08839131299464498,0.0,5.9566548546584555,0.7569299339880684,2.1395826135566858,0.5872267466780968,0.4029197080291971,0.10545654699672014,241.4390266479599,2.2480291825104082e-10,1.4860530562700814e-09,3.5296186735066692,0.32507693441030594,1.8153588996108916,0.4127732533219031,0.3032191069574247,0.9044719087832245,0.1671548099857746,0.6340862047904651,5.9566548546584555,0.5863607238749673,1.9937136823161816,ellipse,nan,nan,8.717554302466581,36.07944208083718,10.556825281613163,45.957492962035644,9.699058936732767,8.717554302466581,36.07944208083718,10.556825281613163,45.957492962035644,9.699058936732767,43.326664826604606,43.326664826604606,0.125,0.16769288902866178,0.7699849313530984,0.3581686849869981,25.133289360170306,9.520939969437563,ccpfm_flux,0,2333,182,0.3617659665666524,5.9566548546584555,0.7569299339880684,2.1395826135566858,0.5872267466780968,0.4029197080291971,3.5296186735066692,0.32507693441030594,1.8153588996108916,0.4127732533219031,0.3032191069574247,5.9566548546584555,0.5863607238749673,1.9937136823161816,1.0,0.3617659665666524,smooth_variable,0,8106,0.0007354720000876114,0.19458333199145272,6,False
,,,,,0.056132502999389544,,,,,,,0.14054898600443266,80.66660445621551,,,,,,,,,,,,,,ellipse,,,,,,,,,,,,,,,0.125,0.24342616950604,,0.8733464845626464,20.79339857754106,9.240412951332521,wls_strong,,,178,,,,,,,,,,,,,,,,,smooth_variable,,8107,0.0006471419910667464,0.19732863099488895,7,False
nan,nan,nan,0.0,nan,0.07234563100792002,0.0,5.9491489205422905,0.7402860089371515,2.1719725516782704,0.5838509316770186,0.3882978723404255,0.10933469000156038,245.03517969239084,2.2493558423752717e-10,1.4211105668541409e-09,3.1972990549166678,0.3491973535736882,1.8356152801980312,0.4161490683229814,0.3017057569296375,0.9316057872044743,0.1620211062189158,0.632944116673606,5.9491489205422905,0.5811718204568808,2.0490225861196505,ellipse,nan,nan,8.35237582060967,33.3553670917961,10.426815794474999,45.43162053375232,9.254939463463348,8.35237582060967,33.3553670917961,10.426815794474999,45.43162053375232,9.254939463463348,40.782312384490375,40.782312384490375,0.125,0.23154609984310778,0.7715564458062485,0.5165109400213566,25.728330513860758,9.48428005186507,ccpfm_flux,0,2254,178,0.35226264418811004,5.9491489205422905,0.7402860089371515,2.1719725516782704,0.5838509316770186,0.3882978723404255,3.1972990549166678,0.3491973535736882,1.8356152801980312,0.4161490683229814,0.3017057569296375,5.9491489205422905,0.5811718204568808,2.0490225861196505,1.0,0.35226264418811004,smooth_variable,0,8107,0.000687429987010546,0.18236775099649094,7,False
,,,,,0.08472706000611652,,,,,,,0.11375604299246334,57.840363991458496,,,,,,,,,,,,,,ellipse,,,,,,,,,,,,,,,0.125,0.20194755440223344,,1.6013120358394015,21.390671268654945,9.28399108335974,wls_strong,,,184,,,,,,,,,,,,,,,,,smooth_variable,,8108,0.001001500990241766,0.19948460398882162,8,False
nan,nan,nan,0.0,nan,0.07308135399944149,0.0,5.365828188855844,0.7387406653867353,2.0898035373490096,0.5696790540540541,0.4010378057820608,0.09356423700228333,245.21577453964147,2.45179064333953e-10,1.4872780255490883e-09,2.7637250794955595,0.3320600894897404,1.8195599978525294,0.43032094594594594,0.3150147203140334,0.9224689517472229,0.1670867443514508,0.6370497788821663,5.365828188855844,0.5941441032135764,1.9697715616845644,ellipse,nan,nan,8.576346956148468,35.368503619604596,10.700992342959797,48.32796926582812,9.798128988022398,8.576346956148468,35.368503619604596,10.700992342959797,48.32796926582812,9.798128988022398,44.13570468215495,44.13570468215495,0.125,0.24259626771026463,0.774014142160875,0.5022379641976049,26.996804407320568,9.484894148855298,ccpfm_flux,0,2368,184,0.3640202702702703,5.365828188855844,0.7387406653867353,2.0898035373490096,0.5696790540540541,0.4010378057820608,2.7637250794955595,0.3320600894897404,1.8195599978525294,0.43032094594594594,0.3150147203140334,5.365828188855844,0.5941441032135764,1.9697715616845644,1.0,0.3640202702702703,smooth_variable,0,8108,0.0007159060041885823,0.1673614970059134,8,False
,,,,,0.05787273799069226,,,,,,,0.157350255001802,64.59745055244002,,,,,,,,,,,,,,ellipse,,,,,,,,,,,,,,,0.125,0.28190414364698924,,1.8950496769546081,21.673978049374426,9.319696088614231,wls_strong,,,180,,,,,,,,,,,,,,,,,smooth_variable,,8109,0.0007899140036897734,0.21601290699618403,9,False
nan,nan,nan,0.0,nan,0.07723998799338005,0.0,5.248608602478688,0.7886347859676935,2.136058231766259,0.5854831657192829,0.41374159820761763,0.08204075100366026,229.45409946078274,2.695021055279523e-10,1.6444328959917414e-09,3.3556883458576645,0.338795720954541,1.8179210712546725,0.4145168342807171,0.29852320675105487,0.8643378445275828,0.1659857522207811,0.6355297901911839,5.248608602478688,0.6162510103165423,1.9881697293280454,ellipse,nan,nan,8.455882720263068,33.62648165573317,10.445750495297949,45.68919559454923,9.338189657775992,8.455882720263068,33.62648165573317,10.445750495297949,45.68919559454923,9.338189657775992,41.8029096707528,41.8029096707528,0.125,0.1873689251184458,0.7834727122899802,0.43055385847173816,25.074824001460488,9.525019888054812,ccpfm_flux,0,2287,180,0.3659816353301268,5.248608602478688,0.7886347859676935,2.136058231766259,0.5854831657192829,0.41374159820761763,3.3556883458576645,0.338795720954541,1.8179210712546725,0.4145168342807171,0.29852320675105487,5.248608602478688,0.6162510103165423,1.9881697293280454,1.0,0.3659816353301268,smooth_variable,0,8109,0.0010970849980367348,0.16037782399507705,9,False
,,,,,0.08015317399986088,,,,,,,0.16761454500374384,73.35800544284471,,,,,,,,,,,,,,ellipse,,,,,,,,,,,,,,,0.1,0.1209004096676968,,0.417373763873521,20.945579332348156,9.185274674931243,wls_strong,,,267,,,,,,,,,,,,,,,,,smooth_variable,,8100,0.0019250820041634142,0.24969280100776814,0,False
nan,nan,nan,0.0,nan,0.15775245100667235,0.0,5.994970050815173,0.7975625744133686,2.1325644256299015,0.4889768230638779,0.4144508670520231,0.19019388199376408,362.3623159667182,9.992007221626409e-16,4.5652088855258035e-15,3.169306762609169,0.38584243555733705,1.840327723230005,0.5110231769361221,0.31913716814159293,0.9375519889352057,0.17590252060224204,0.6459302137586991,5.994970050815173,0.5983824799873556,1.9589265406680445,ellipse,nan,nan,13.412475267757241,51.629449680699594,15.88862895441881,70.12129908497884,14.696528995056738,13.412475267757241,51.629449680699594,15.88862895441881,70.12129908497884,14.696528995056738,65.06531598554777,65.06531598554777,0.1,0.15959592735191475,0.7661481832579999,0.3401172445030609,24.35774112130261,9.465073440182922,ccpfm_flux,0,3538,267,0.3657433578292821,5.994970050815173,0.7975625744133686,2.1325644256299015,0.4889768230638779,0.4144508670520231,3.169306762609169,0.38584243555733705,1.840327723230005,0.5110231769361221,0.31913716814159293,5.994970050815173,0.5983824799873556,1.9589265406680445,1.0,0.3657433578292821,smooth_variable,0,8100,0.0014921700058039278,0.34943850300624035,0,False
,,,,,0.1030291430070065,,,,,,,0.16836649799370207,56.07954827999247,,,,,,,,,,,,,,ellipse,,,,,,,,,,,,,,,0.1,0.12725422089358976,,0.6634376812800289,21.150657865619724,9.18858396642553,wls_strong,,,268,,,,,,,,,,,,,,,,,smooth_variable,,8101,0.0019280839915154502,0.273323724992224,1,False
nan,nan,nan,0.0,nan,0.1374936640058877,0.0,4.747284461178642,0.8176799353780131,2.094032927943477,0.4788732394366197,0.4164705882352941,0.17008075599733274,374.5668737146876,8.144526719711109e-16,4.278171368144068e-15,3.2238590854529514,0.40014945083158215,1.850695353467978,0.5211267605633803,0.3216216216216216,1.0140671959830223,0.17652850186878866,0.6430725307331491,4.747284461178642,0.5902304536623233,1.9899331840017143,ellipse,nan,nan,13.398386766514573,50.31190054876934,16.180122108114873,70.15035730190688,14.860142284745242,13.398386766514573,50.31190054876934,16.180122108114873,70.15035730190688,14.860142284745242,66.57977215408529,66.57977215408529,0.1,0.12365578225724781,0.7659104918019324,0.3202271618278883,25.049187359799518,9.420246293257838,ccpfm_flux,0,3550,268,0.36704225352112674,4.747284461178642,0.8176799353780131,2.094032927943477,0.4788732394366197,0.4164705882352941,3.2238590854529514,0.40014945083158215,1.850695353467978,0.5211267605633803,0.3216216216216216,4.747284461178642,0.5902304536623233,1.9899331840017143,1.0,0.36704225352112674,smooth_variable,0,8101,0.0015496929991059005,0.30912411300232634,1,False
,,,,,0.07382544000574853,,,,,,,0.21432365800137632,59.6344711141529,,,,,,,,,,,,,,ellipse,,,,,,,,,,,,,,,0.1,0.1268282391008752,,0.5778507830592257,20.197106924842217,9.25308328987191,wls_strong,,,268,,,,,,,,,,,,,,,,,smooth_variable,,8102,0.0011356949980836362,0.2892847930052085,2,False
nan,nan,nan,0.0,nan,0.14086354098981246,0.0,5.286289223690381,0.8139534028636219,2.1631402879168125,0.4771890053839615,0.4180522565320665,0.15428009700553957,346.8935927916929,7.580741590018647e-16,3.949856933354123e-15,3.0711621610309305,0.40280701022269216,1.8695595118828934,0.5228109946160385,0.3224932249322493,1.0235224432006218,0.18141019607176417,0.6456562809593294,5.286289223690381,0.6152661247040575,1.9811477160369886,ellipse,nan,nan,13.175813664716642,51.62944968070001,16.081829086062886,71.1163322560542,14.933206287131572,13.175813664716642,51.62944968070001,16.081829086062886,71.1163322560542,14.933206287131572,66.70200864079702,66.70200864079702,0.1,0.12960644112836836,0.7727445999642226,0.33276163421733707,24.793180471192017,9.439626201503575,ccpfm_flux,0,3529,268,0.36809294417682065,5.286289223690381,0.8139534028636219,2.1631402879168125,0.4771890053839615,0.4180522565320665,3.0711621610309305,0.40280701022269216,1.8695595118828934,0.5228109946160385,0.3224932249322493,5.286289223690381,0.6152661247040575,1.9811477160369886,1.0,0.36809294417682065,smooth_variable,0,8102,0.0018241750076413155,0.29696781300299335,2,False
,,,,,0.08155743600218557,,,,,,,0.2181356650107773,60.73453779119666,,,,,,,,,,,,,,ellipse,,,,,,,,,,,,,,,0.1,0.10708125267642082,,0.41460438671802124,21.297036211146928,9.23069244966987,wls_strong,,,264,,,,,,,,,,,,,,,,,smooth_variable,,8103,0.0011803809902630746,0.30087348200322594,3,False
nan,nan,nan,0.0,nan,0.1525840079993941,0.0,5.031531950421329,0.8113514666939845,2.1503500569456717,0.48679678530424797,0.4115566037735849,0.26544177300820593,352.62143847828946,6.938893903907228e-16,4.037548998952752e-15,3.2535518783087927,0.38562086283153907,1.8523701915703008,0.513203214695752,0.3232662192393736,0.9670185083377185,0.17402916879046632,0.6439048085541784,5.031531950421329,0.6038295260239956,1.956604903823051,ellipse,nan,nan,12.834256602351871,48.89250059242153,16.013411946223087,69.47016189859698,14.4415281034859,12.834256602351871,48.89250059242153,16.013411946223087,69.47016189859698,14.4415281034859,64.41921686540192,64.41921686540192,0.1,0.19423574197503224,0.7651308444030585,0.4160692253663414,25.95975929103593,9.452218551750358,ccpfm_flux,0,3484,264,0.36624569460390355,5.031531950421329,0.8113514666939845,2.1503500569456717,0.48679678530424797,0.4115566037735849,3.2535518783087927,0.38562086283153907,1.8523701915703008,0.513203214695752,0.3232662192393736,5.031531950421329,0.6038295260239956,1.956604903823051,1.0,0.36624569460390355,smooth_variable,0,8103,0.0015629349945811555,0.4195887160021812,3,False
,,,,,0.09466995899856556,,,,,,,0.24221570500230882,64.61527613818346,,,,,,,,,,,,,,ellipse,,,,,,,,,,,,,,,0.1,0.12096190251291408,,0.6301019142074963,21.46768939523612,9.217089375909927,wls_strong,,,265,,,,,,,,,,,,,,,,,smooth_variable,,8104,0.0011952030035899952,0.3380808670044644,4,False
,,,,,0.08115748199634254,,,,,,,0.16742246900685132,52.02715225832179,,,,,,,,,,,,,,ellipse,,,,,,,,,,,,,,,0.1,0.10090174825758084,,0.38301625359342384,21.614316535440707,9.154646997543175,wls_strong,,,266,,,,,,,,,,,,,,,,,smooth_variable,,8105,0.0017470699967816472,0.2503270209999755,5,False
nan,nan,nan,0.0,nan,0.16167646800749935,0.0,4.805887730887297,0.7910785611192279,2.1344635595795416,0.4839080459770115,0.41211401425178146,0.1621679329982726,349.91366770506056,6.38378239159465e-16,4.154743504801218e-15,3.31393230301075,0.4083128823010004,1.859736382512557,0.5160919540229885,0.3212694877505568,0.987974449370687,0.17947373427035285,0.6447786373097124,4.805887730887297,0.6087752677421461,1.9666916054518275,ellipse,nan,nan,13.594995935020478,52.90503317002286,15.45141852691188,70.00822056838895,14.714578632928403,13.594995935020478,52.90503317002286,15.45141852691188,70.00822056838895,14.714578632928403,64.70998960866487,64.70998960866487,0.1,0.15326862782914316,0.7649931375758416,0.32572608212688847,24.348943513041046,9.417571025288641,ccpfm_flux,0,3480,265,0.3652298850574713,4.805887730887297,0.7910785611192279,2.1344635595795416,0.4839080459770115,0.41211401425178146,3.31393230301075,0.4083128823010004,1.859736382512557,0.5160919540229885,0.3212694877505568,4.805887730887297,0.6087752677421461,1.9666916054518275,1.0,0.3652298850574713,smooth_variable,0,8104,0.0014931280020391569,0.3253375290078111,4,False
,,,,,0.08288889800314792,,,,,,,0.15981292599462904,86.97215372207849,,,,,,,,,,,,,,ellipse,,,,,,,,,,,,,,,0.1,0.12215378168613737,,0.47467068813704383,20.60180016640469,9.191377136212125,wls_strong,,,268,,,,,,,,,,,,,,,,,smooth_variable,,8106,0.00113272899761796,0.24383455299539492,6,False
nan,nan,nan,0.0,nan,0.133366833004402,0.0,5.604114576630405,0.7759688524490398,2.1447940719317646,0.487018544935806,0.4118336262448741,0.1943702729913639,355.33848506426256,7.7021722333370235e-16,4.4990936298184465e-15,3.066451644976779,0.3911979000413631,1.8445010647496212,0.512981455064194,0.3186874304783092,0.9742947821943039,0.17516572435010092,0.6468447743659346,5.604114576630405,0.5992369051256334,1.981116798768235,ellipse,nan,nan,13.472554762925812,55.568651042270645,15.825694419488308,70.01966860436974,14.8667969390271,13.472554762925812,55.568651042270645,15.825694419488308,70.01966860436974,14.8667969390271,67.84448823426814,67.84448823426814,0.1,0.13790830127319154,0.7753246650519842,0.35659472194008923,25.82117354958674,9.42342078294529,ccpfm_flux,0,3505,266,0.36405135520684734,5.604114576630405,0.7759688524490398,2.1447940719317646,0.487018544935806,0.4118336262448741,3.066451644976779,0.3911979000413631,1.8445010647496212,0.512981455064194,0.3186874304783092,5.604114576630405,0.5992369051256334,1.981116798768235,1.0,0.36405135520684734,smooth_variable,0,8105,0.001547125997603871,0.32928423199336976,5,False
nan,nan,nan,0.0,nan,0.13954370700230356,0.0,5.203209337341578,0.8110693659118502,2.0978858781958394,0.48257448004496906,0.41642399534071056,0.16229687198938336,355.1811041812408,8.396061623727746e-16,4.3202650860791085e-15,3.5514584533910702,0.40741632219786467,1.864090104233168,0.5174255199550309,0.3269961977186312,1.0186375738358333,0.18060135054054569,0.6439924655548932,5.203209337341578,0.6172442578988624,1.9659353263609924,ellipse,nan,nan,13.398386766514578,51.629449680700844,15.89985201185206,71.8306327396735,14.754501752357921,13.398386766514578,51.629449680700844,15.89985201185206,71.8306327396735,14.754501752357921,67.13582689141116,67.13582689141116,0.1,0.1442984406116332,0.771963231576557,0.36172212001637366,23.77981536515446,9.36742744701554,ccpfm_flux,0,3558,268,0.37015177065767285,5.203209337341578,0.8110693659118502,2.0978858781958394,0.48257448004496906,0.41642399534071056,3.5514584533910702,0.40741632219786467,1.864090104233168,0.5174255199550309,0.3269961977186312,5.203209337341578,0.6172442578988624,1.9659353263609924,1.0,0.37015177065767285,smooth_variable,0,8106,0.001558357005706057,0.303398935997393,6,False
,,,,,0.09043728400138207,,,,,,,0.15318528900388628,93.56287817012613,,,,,,,,,,,,,,ellipse,,,,,,,,,,,,,,,0.1,0.11939592102524153,,0.6340342345092923,20.414827788910287,9.3433261979343,wls_strong,,,262,,,,,,,,,,,,,,,,,smooth_variable,,8107,0.0017271579999942333,0.24534973100526258,7,False
nan,nan,nan,0.0,nan,0.14827697700820863,0.0,5.466799238964514,0.8312039565891323,2.095360021693351,0.4887459807073955,0.42105263157894735,0.1473049359919969,361.1001162586214,5.759281940243e-16,4.202416269347856e-15,3.573447642682123,0.3953700370228833,1.884419327192936,0.5112540192926045,0.3213264722698685,0.9132853050634735,0.1778413769985328,0.643947512728565,5.466799238964514,0.6077569105259069,1.99159875481,ellipse,nan,nan,13.30927995566811,51.62944968070247,15.634811914862006,68.63357443226104,14.468992462073464,13.30927995566811,51.62944968070247,15.634811914862006,68.63357443226104,14.468992462073464,64.69395841586231,64.69395841586231,0.1,0.18143069857735325,0.7684202260635477,0.42140224742417254,24.32431537477771,9.514484811270554,ccpfm_flux,0,3421,262,0.3700672318035662,5.466799238964514,0.8312039565891323,2.095360021693351,0.4887459807073955,0.42105263157894735,3.573447642682123,0.3953700370228833,1.884419327192936,0.5112540192926045,0.3213264722698685,5.466799238964514,0.6077569105259069,1.99159875481,1.0,0.3700672318035662,smooth_variable,0,8107,0.0013580590020865202,0.29693997200229205,7,False
,,,,,0.0906494930095505,,,,,,,0.18082825899182353,69.48670536144827,,,,,,,,,,,,,,ellipse,,,,,,,,,,,,,,,0.1,0.1484583801859035,,0.8041953940662662,22.25142244837605,9.183686706532427,wls_strong,,,257,,,,,,,,,,,,,,,,,smooth_variable,,8108,0.0013257119862828404,0.27280346398765687,8,False
,,,,,0.01605093000398483,,,,,,,0.028495138001744635,24.3528761419885,,,,,,,,,,,,,,star,,,,,,,,,,,,,,,0.2,1.0447670918203606,,5.339542628838398,21.992602049234346,11.979131413420498,wls_strong,,,84,,,,,,,,,,,,,,,,,smooth_variable,,8100,0.00023517799854744226,0.04478124600427691,0,False
nan,nan,nan,0.0,nan,0.030332153997733258,0.0,4.00732317443655,0.4620085485422126,2.201679908295957,0.9127906976744186,0.3363057324840764,0.029449113993905485,26.291709440267695,6.353197481989703e-11,2.405455184154958e-10,1.9620102737940228,0.24323928754289267,1.1547235942985357,0.0872093023255814,0.17333333333333334,0.6776711524133562,0.10881377932718599,0.5625300858974417,4.00732317443655,0.4477295254447243,2.150932342985228,star,nan,nan,4.311105871262327,22.40414685614461,4.624189316908555,18.872361847719446,4.319579739302673,4.311105871262327,22.40414685614461,4.624189316908555,18.872361847719446,4.319579739302673,22.10453971482783,22.10453971482783,0.2,0.1358068010565678,0.8584890747817965,0.2880050769347746,28.343135706186377,14.272039880133182,ccpfm_flux,0,860,84,0.32209302325581396,4.00732317443655,0.4620085485422126,2.201679908295957,0.9127906976744186,0.3363057324840764,1.9620102737940228,0.24323928754289267,1.1547235942985357,0.0872093023255814,0.17333333333333334,4.00732317443655,0.4477295254447243,2.150932342985228,1.0,0.32209302325581396,smooth_variable,0,8100,0.00021587300579994917,0.05999714099743869,0,False
,,,,,0.12743042600050103,,,,,,,0.16172280099999625,53.98029501572499,,,,,,,,,,,,,,ellipse,,,,,,,,,,,,,,,0.1,0.10315119366688126,,0.7025902236586279,21.969909031672856,9.235241743374894,wls_strong,,,261,,,,,,,,,,,,,,,,,smooth_variable,,8109,0.0015824310103198513,0.29073565801081713,9,False
,,,,,0.01691164200019557,,,,,,,0.027747526008170098,5978.426495897464,,,,,,,,,,,,,,star,,,,,,,,,,,,,,,0.2,34.56219844154117,,257.0492304924377,21.555357002665612,11.905242590610754,wls_strong,,,85,,,,,,,,,,,,,,,,,smooth_variable,,8101,0.00022635699133388698,0.044885524999699555,1,True
nan,nan,nan,0.0,nan,0.19835057499585673,0.0,5.992323590499862,0.820207415854473,2.0819182234359084,0.5002977963073257,0.41845238095238096,0.16766323801130056,323.9071223725808,7.407269242420966e-16,4.093533369052075e-15,3.7413884682289824,0.4086396807123409,1.8743272549952326,0.4997022036926742,0.3146603098927294,1.1413168106354559,0.178099737799295,0.6443557234711863,5.992323590499862,0.6240307295630814,1.9745275998364598,ellipse,nan,nan,12.92546427275504,49.74637546472706,15.16723924250658,68.06355367140833,14.16717263666871,12.92546427275504,49.74637546472706,15.16723924250658,68.06355367140833,14.16717263666871,63.89556555645092,63.89556555645092,0.1,0.14896392605616926,0.7608261345798634,0.3183021736587299,25.912148614238482,9.453344306700096,ccpfm_flux,0,3358,257,0.36658725431804645,5.992323590499862,0.820207415854473,2.0819182234359084,0.5002977963073257,0.41845238095238096,3.7413884682289824,0.4086396807123409,1.8743272549952326,0.4997022036926742,0.3146603098927294,5.992323590499862,0.6240307295630814,1.9745275998364598,1.0,0.36658725431804645,smooth_variable,0,8108,0.0013959990028524771,0.3674098120100098,8,False
nan,nan,nan,0.0,nan,0.04386133899970446,0.0,4.627454226846105,0.45882602120119886,2.250762284149264,0.9224629418472063,0.3337453646477132,0.0324076020042412,28.491999149691924,5.91974420871555e-11,2.171012701209205e-10,1.8149564831194398,0.22059548135067358,0.9144420914599232,0.07753705815279362,0.07352941176470588,0.6733821048883102,0.10521267781490644,0.5616665393982597,4.627454226846105,0.4338287241898037,2.1895237729797965,star,nan,nan,4.292245267818542,22.1079266140868,5.756795956651246,22.039709517005953,4.455772735118425,4.292245267818542,22.1079266140868,5.756795956651246,22.039709517005953,4.455772735118425,22.1079266140868,22.1079266140868,0.2,0.13787269385437667,0.850798930291812,0.29691578548893005,28.223358726796537,14.141495986198201,ccpfm_flux,0,877,85,0.31356898517673887,4.627454226846105,0.45882602120119886,2.250762284149264,0.9224629418472063,0.3337453646477132,1.8149564831194398,0.22059548135067358,0.9144420914599232,0.07753705815279362,0.07352941176470588,4.627454226846105,0.4338287241898037,2.1895237729797965,1.0,0.31356898517673887,smooth_variable,0,8101,0.0003428880008868873,0.07661182900483254,1,False
,,,,,0.01597278799454216,,,,,,,0.03711835500143934,30.72936123886682,,,,,,,,,,,,,,star,,,,,,,,,,,,,,,0.2,1.1878652744349634,,5.232949719140798,21.918006067337537,11.653422646970117,wls_strong,,,84,,,,,,,,,,,,,,,,,smooth_variable,,8102,0.00028344400925561786,0.05337458700523712,2,False
nan,nan,nan,0.0,nan,0.027028498996514827,0.0,3.7876520386314962,0.4762467160391951,2.2465499112635214,0.9140811455847255,0.3224543080939948,0.025431982008740306,24.552783910271664,5.5653938055288954e-11,2.4321831438226995e-10,2.346916655576634,0.2258903660163783,1.0570915807534587,0.08591885441527446,0.125,0.699651081329153,0.10915602468458324,0.562570671175024,3.7876520386314962,0.4429265787629981,2.1598722362520806,star,nan,nan,4.416137313802674,22.540791765908637,4.925909978483821,20.25046554138871,4.455772735118406,4.416137313802674,22.540791765908637,4.925909978483821,20.25046554138871,4.455772735118406,22.412250349539292,22.412250349539292,0.2,0.13339844489711886,0.87698748274124,0.28208975339723563,28.61968973906635,14.664716296771985,ccpfm_flux,0,838,84,0.3054892601431981,3.7876520386314962,0.4762467160391951,2.2465499112635214,0.9140811455847255,0.3224543080939948,2.346916655576634,0.2258903660163783,1.0570915807534587,0.08591885441527446,0.125,3.7876520386314962,0.4429265787629981,2.1598722362520806,1.0,0.3054892601431981,smooth_variable,0,8102,0.00022161500237416476,0.0526820960076293,2,False
,,,,,0.023196152003947645,,,,,,,0.028021531994454563,28.463877483654514,,,,,,,,,,,,,,star,,,,,,,,,,,,,,,0.2,1.0248139349610808,,5.246264838441007,22.04430604092674,11.185061161821633,wls_strong,,,85,,,,,,,,,,,,,,,,,smooth_variable,,8103,0.00035038900387007743,0.051568073002272286,3,False
,,,,,0.018206700988230295,,,,,,,0.037081781003507785,138.27800512068353,,,,,,,,,,,,,,star,,,,,,,,,,,,,,,0.2,0.9757250214322343,,5.215195697122801,22.23358007238282,11.917358691842063,wls_strong,,,83,,,,,,,,,,,,,,,,,smooth_variable,,8104,0.00023804001102689654,0.05552652200276498,4,False
nan,nan,nan,0.0,nan,0.0336002690019086,0.0,6.106881148636796,0.47164681883250414,2.1356570126923726,0.9146198830409357,0.31841432225063937,0.044538124988321215,26.017294518057927,5.6221591618332845e-11,2.3041732965979161e-10,1.6685862052923404,0.24838409526806596,1.1742928006348088,0.08538011695906433,0.136986301369863,0.8304421950489982,0.1083701463797375,0.572319806645395,6.106881148636796,0.44945415098539243,2.084467806196608,star,nan,nan,4.474551644981213,22.404146856144706,5.274395807296345,24.16965693931478,4.561585245383878,4.474551644981213,22.404146856144706,5.274395807296345,24.16965693931478,4.561585245383878,22.420353842933842,22.420353842933842,0.2,0.1287312938035804,0.8592620106863829,0.26953825423192035,27.931422410654356,13.239541475865337,ccpfm_flux,0,855,85,0.30292397660818715,6.106881148636796,0.47164681883250414,2.1356570126923726,0.9146198830409357,0.31841432225063937,1.6685862052923404,0.24838409526806596,1.1742928006348088,0.08538011695906433,0.136986301369863,6.106881148636796,0.44945415098539243,2.084467806196608,1.0,0.30292397660818715,smooth_variable,0,8103,0.0004318830033298582,0.07857027699355967,3,False
,,,,,0.01650627599155996,,,,,,,0.031052564008859918,825.5398503379233,,,,,,,,,,,,,,star,,,,,,,,,,,,,,,0.2,7.1298429103824885,,53.27875795891229,21.20041433646009,11.035238958821019,wls_strong,,,86,,,,,,,,,,,,,,,,,smooth_variable,,8105,0.0002462630072841421,0.04780510300770402,5,False
nan,nan,nan,0.0,nan,0.035663693997776136,0.0,3.64727445629321,0.4742614247140823,2.1718069398483353,0.9174757281553398,0.3333333333333333,0.04663702299876604,27.964814450659503,5.582782673652087e-11,2.1546704375258555e-10,1.698824863029924,0.2110895822926609,1.1604580407124434,0.0825242718446602,0.14705882352941177,0.7006064549706539,0.1041085828934957,0.5560753075053375,3.64727445629321,0.4371004330667112,2.1198433765834777,star,nan,nan,4.273442190673821,22.1079266140868,5.493139677523187,20.61059213166667,4.328485141968912,4.273442190673821,22.1079266140868,5.493139677523187,20.61059213166667,4.328485141968912,22.107926614086804,22.107926614086804,0.2,0.14145637586315277,0.8478384558269425,0.29144251404346977,28.67327398599928,14.627467856407156,ccpfm_flux,0,824,83,0.3179611650485437,3.64727445629321,0.4742614247140823,2.1718069398483353,0.9174757281553398,0.3333333333333333,1.698824863029924,0.2110895822926609,1.1604580407124434,0.0825242718446602,0.14705882352941177,3.64727445629321,0.4371004330667112,2.1198433765834777,1.0,0.3179611650485437,smooth_variable,0,8104,0.0002755800087470561,0.08257629700528923,4,False
nan,nan,nan,0.0,nan,0.024345889993128367,0.0,5.281793863837192,0.5268144487958992,2.2347340913796088,0.8984018264840182,0.31512071156289706,0.026692761995946057,30.61420207272822,5.843533990024241e-11,2.392456331206928e-10,2.2772710110447454,0.20813889638018088,1.215500402382388,0.10159817351598173,0.21348314606741572,0.7432288785165218,0.11501787100402691,0.5715194576749182,5.281793863837192,0.4763568231675559,2.1442684475422036,star,nan,nan,4.508699205573472,22.38103019646768,6.037927456552242,24.94335415571911,4.669160632151204,4.508699205573472,22.38103019646768,6.037927456552242,24.94335415571911,4.669160632151204,22.472359687164847,22.472359687164847,0.2,0.12004784235359849,0.8522237865525188,0.28945269196136214,29.115310684721077,12.774092364003135,ccpfm_flux,0,876,86,0.3047945205479452,5.281793863837192,0.5268144487958992,2.2347340913796088,0.8984018264840182,0.31512071156289706,2.2772710110447454,0.20813889638018088,1.215500402382388,0.10159817351598173,0.21348314606741572,5.281793863837192,0.4763568231675559,2.1442684475422036,1.0,0.3047945205479452,smooth_variable,0,8105,0.00023066900030244142,0.051269320989376865,5,False
,,,,,0.021703813996282406,,,,,,,0.025306820010882802,19621.38762466789,,,,,,,,,,,,,,star,,,,,,,,,,,,,,,0.2,116.65895941623363,,864.4506852688602,21.76949944010691,11.839548695290887,wls_strong,,,84,,,,,,,,,,,,,,,,,smooth_variable,,8106,0.0003094199928455055,0.047320054000010714,6,True
nan,nan,nan,0.0,nan,0.2046991779934615,0.0,4.466622458657456,0.7999942611763218,2.1289642784175524,0.486438679245283,0.403030303030303,0.18653663800796494,334.8186554841938,1.2932363513407097e-15,4.37715641811546e-15,3.563107678811639,0.4270069362625926,1.858254002746845,0.5135613207547169,0.3283582089552239,0.9543898561949301,0.17720482286706718,0.649383319238495,4.466622458657456,0.5999995959672748,1.9657439676737143,ellipse,nan,nan,13.359736488539383,51.629449680700375,15.541979416075739,66.84084350574467,14.769560250695953,13.359736488539383,51.629449680700375,15.541979416075739,66.84084350574467,14.769560250695953,64.09318497969541,64.09318497969541,0.1,0.1213896188213625,0.7610555595999808,0.2842298592657817,26.12547572165113,9.454359199501416,ccpfm_flux,0,3392,261,0.3646816037735849,4.466622458657456,0.7999942611763218,2.1289642784175524,0.486438679245283,0.403030303030303,3.563107678811639,0.4270069362625926,1.858254002746845,0.5135613207547169,0.3283582089552239,4.466622458657456,0.5999995959672748,1.9657439676737143,1.0,0.3646816037735849,smooth_variable,0,8109,0.001399059998220764,0.3926348759996472,9,False
nan,nan,nan,0.0,nan,0.030155314001603983,0.0,3.734837896683489,0.47169501786066564,2.183669784244551,0.9191090269636577,0.34183673469387754,0.033002658004988916,25.167749816413675,6.35748485106058e-11,2.3130985017203328e-10,1.214396577186243,0.24084953278453322,0.9568098674566455,0.08089097303634232,0.08695652173913043,0.6403888366793533,0.10993333242377545,0.564936125444336,3.734837896683489,0.4288872875081828,2.15049181097485,star,nan,nan,4.275818028647692,22.404146856144642,5.414270856848347,22.588946725139603,4.327648493350752,4.275818028647692,22.404146856144642,5.414270856848347,22.588946725139603,4.327648493350752,22.404146856144674,22.404146856144674,0.2,0.12692462082299344,0.8522846356981517,0.2924786477449117,28.426193992970653,14.393728312347056,ccpfm_flux,0,853,84,0.3212192262602579,3.734837896683489,0.47169501786066564,2.183669784244551,0.9191090269636577,0.34183673469387754,1.214396577186243,0.24084953278453322,0.9568098674566455,0.08089097303634232,0.08695652173913043,3.734837896683489,0.4288872875081828,2.15049181097485,1.0,0.3212192262602579,smooth_variable,0,8106,0.00029960498795844615,0.06345757699455135,6,False
,,,,,0.023151330999098718,,,,,,,0.03209203798905946,32.78579592121894,,,,,,,,,,,,,,star,,,,,,,,,,,,,,,0.2,1.1916462137340182,,6.3153665500849305,22.774435619152964,11.63281807923314,wls_strong,,,85,,,,,,,,,,,,,,,,,smooth_variable,,8107,0.0003503720072330907,0.05559374099539127,7,False
,,,,,0.01683134499762673,,,,,,,0.026034933005576022,1195.981762158494,,,,,,,,,,,,,,star,,,,,,,,,,,,,,,0.2,2.290039648578427,,15.237279273056462,21.826034042315346,11.535871291140138,wls_strong,,,84,,,,,,,,,,,,,,,,,smooth_variable,,8108,0.00024185600341297686,0.04310813400661573,8,False
nan,nan,nan,0.0,nan,0.04397102499206085,0.0,4.222509195329389,0.46448121750877164,2.2756649029135687,0.8995271867612293,0.3180026281208936,0.043637101000058465,30.373992743422626,6.828915904977251e-11,2.4662148660505136e-10,2.283572128748164,0.26148126436437413,1.2386929657901113,0.10047281323877069,0.16470588235294117,0.754774020691965,0.11214220055192019,0.5681774978422629,4.222509195329389,0.4560726995826007,2.21510718935734,star,nan,nan,4.548012748591716,22.47235968716497,4.453750566354291,20.723421884789904,4.528355977082594,4.548012748591716,22.47235968716497,4.453750566354291,20.723421884789904,4.528355977082594,22.496162937327334,22.496162937327334,0.2,0.11605237636882214,0.8628432773463557,0.28355758729850744,29.0250857552486,14.073418523925232,ccpfm_flux,0,846,85,0.30260047281323876,4.222509195329389,0.46448121750877164,2.2756649029135687,0.8995271867612293,0.3180026281208936,2.283572128748164,0.26148126436437413,1.2386929657901113,0.10047281323877069,0.16470588235294117,4.222509195329389,0.4560726995826007,2.21510718935734,1.0,0.30260047281323876,smooth_variable,0,8107,0.00035556399961933494,0.08796368999173865,7,False
nan,nan,nan,0.0,nan,0.03227083900128491,0.0,6.8664952491290485,0.4739765376849388,2.1813109884361275,0.9170616113744076,0.33462532299741604,0.032651216999511234,28.330996090319488,6.888868815668747e-11,2.3015294751837778e-10,2.5462279614690395,0.1853034495426622,1.0786664850899503,0.08293838862559241,0.12857142857142856,0.9124318054350731,0.10928102078149254,0.5624491390941762,6.8664952491290485,0.43561607504489175,2.0981527570897227,star,nan,nan,4.277721562354849,22.397844561459785,5.687377491302792,19.649945720532152,4.319377182306539,4.277721562354849,22.397844561459785,5.687377491302792,19.649945720532152,4.319377182306539,22.34044191780036,22.34044191780036,0.2,0.13299445245808672,0.8687186019656028,0.3018747381236422,28.374376585160476,14.032586821998002,ccpfm_flux,0,844,84,0.3175355450236967,6.8664952491290485,0.4739765376849388,2.1813109884361275,0.9170616113744076,0.33462532299741604,2.5462279614690395,0.1853034495426622,1.0786664850899503,0.08293838862559241,0.12857142857142856,6.8664952491290485,0.43561607504489175,2.0981527570897227,1.0,0.3175355450236967,smooth_variable,0,8108,0.00024691900762263685,0.06516897500841878,8,False
,,,,,0.027422872008173726,,,,,,,0.0436529819999123,338.8595709388305,,,,,,,,,,,,,,star,,,,,,,,,,,,,,,0.2,1.9515695032671312,,11.551590001924179,21.993117381897832,11.783787355684515,wls_strong,,,82,,,,,,,,,,,,,,,,,smooth_variable,,8109,0.00034094598959200084,0.07141679999767803,9,False
nan,nan,nan,0.0,nan,0.023753639005008154,0.0,4.313385366964643,0.4565395487023062,2.3042058967622,0.9337579617834395,0.3069577080491132,0.024069535997114144,26.945356653601863,5.814223321548573e-11,2.6310817121898324e-10,1.2294653255631864,0.1557351373682468,0.8937402587939277,0.06624203821656051,0.09615384615384616,0.7703078340357015,0.09642790712181806,0.5516918168606335,4.313385366964643,0.4292069201699688,2.2564731076741573,star,nan,nan,4.269180293651125,22.467973083559368,5.704824434055187,21.60188312208127,4.28845170719546,4.269180293651125,22.467973083559368,5.704824434055187,21.60188312208127,4.28845170719546,22.44271940180006,22.44271940180006,0.2,0.13475888901345637,0.885531057456746,0.3193164160295543,28.82038105335609,14.879320899397175,ccpfm_flux,0,785,82,0.2929936305732484,4.313385366964643,0.4565395487023062,2.3042058967622,0.9337579617834395,0.3069577080491132,1.2294653255631864,0.1557351373682468,0.8937402587939277,0.06624203821656051,0.09615384615384616,4.313385366964643,0.4292069201699688,2.2564731076741573,1.0,0.2929936305732484,smooth_variable,0,8109,0.00022560499201063067,0.04804877999413293,9,False
nan,nan,nan,0.0,nan,0.04304480299470015,0.0,3.930037721479612,0.48395939213638445,2.120495196860618,0.8839907192575406,0.30533683289588803,0.04046380100771785,60.006907967721894,6.719629366824798e-11,3.3721761690708804e-10,2.503385927325775,0.3089522346063018,1.5405536034655314,0.11600928074245939,0.28,0.8499461506084298,0.10657075300802399,0.5502936385348324,3.930037721479612,0.4678426964784284,2.0572718431546004,star,nan,nan,6.180042937835874,33.40231714358487,7.89928812573052,33.63054474653375,6.359601538372432,6.180042937835874,33.40231714358487,7.89928812573052,33.63054474653375,6.359601538372432,33.40231714358491,33.40231714358491,0.16,0.11300820560018404,0.825648254639888,0.2915261941665243,30.329354940102323,11.694698545951836,ccpfm_flux,0,1293,116,0.3023975251353442,3.930037721479612,0.48395939213638445,2.120495196860618,0.8839907192575406,0.30533683289588803,2.503385927325775,0.3089522346063018,1.5405536034655314,0.11600928074245939,0.28,3.930037721479612,0.4678426964784284,2.0572718431546004,1.0,0.3023975251353442,smooth_variable,0,8100,0.0003259090008214116,0.08383451300323941,0,False
,,,,,0.02615229898947291,,,,,,,0.057611501004430465,38.273148164366525,,,,,,,,,,,,,,star,,,,,,,,,,,,,,,0.16,0.4073310962260641,,1.0557838406916407,22.808247624250996,10.635833692407125,wls_strong,,,116,,,,,,,,,,,,,,,,,smooth_variable,,8100,0.00034357199911028147,0.08410737199301366,0,False
,,,,,0.025381757004652172,,,,,,,0.04609088700090069,35.05006816109001,,,,,,,,,,,,,,star,,,,,,,,,,,,,,,0.16,0.4713014372405112,,1.4974298879722225,22.515761648280293,10.674755817183165,wls_strong,,,117,,,,,,,,,,,,,,,,,smooth_variable,,8101,0.0003107249940512702,0.07178336899960414,1,False
nan,nan,nan,0.0,nan,0.049308160989312455,0.0,4.814719564711825,0.46405863523711344,2.1352692261158337,0.8714613618974751,0.30816505706760317,0.03836241000681184,61.19920855992955,8.047296162772e-11,3.382275196153082e-10,2.5441375752477877,0.31832163054010626,1.6843832195734525,0.12853863810252486,0.22023809523809523,0.8736346237978451,0.10678125436758636,0.55614534784302,4.814719564711825,0.45089975131183785,2.046419349046483,star,nan,nan,6.3596015383724405,33.01097355863459,7.633778859523339,33.78841302469716,6.440180176669157,6.3596015383724405,33.01097355863459,7.633778859523339,33.78841302469716,6.440180176669157,33.010973558636444,33.010973558636444,0.16,0.13627485944386597,0.8241198776615656,0.2655448987506208,29.712919403487753,11.848175452072978,ccpfm_flux,0,1307,117,0.29686304514154555,4.814719564711825,0.46405863523711344,2.1352692261158337,0.8714613618974751,0.30816505706760317,2.5441375752477877,0.31832163054010626,1.6843832195734525,0.12853863810252486,0.22023809523809523,4.814719564711825,0.45089975131183785,2.046419349046483,1.0,0.29686304514154555,smooth_variable,0,8101,0.0003874820104101673,0.08805805300653446,1,False
,,,,,0.03326480000396259,,,,,,,0.04460232400742825,50.468675840818996,,,,,,,,,,,,,,star,,,,,,,,,,,,,,,0.16,0.3476979307306564,,1.0835581564231977,20.040329072840635,10.653569798059216,wls_strong,,,119,,,,,,,,,,,,,,,,,smooth_variable,,8103,0.0005129769997438416,0.07838010101113468,3,False
nan,nan,nan,0.0,nan,0.047822933993302286,0.0,3.554982169850795,0.5043664090047626,2.0270914577564536,0.8600299401197605,0.3167972149695387,0.05430337799771223,46.37362921116897,1.054756768037457e-10,3.6008860987262877e-10,2.5531030735755347,0.28821891939383326,1.6626168263694447,0.13997005988023953,0.23529411764705882,0.9003096593854576,0.1162096415161803,0.554942105407644,3.554982169850795,0.4692715483633556,1.9844250168579927,star,nan,nan,6.31245679708172,33.01097355863611,8.17033904988462,32.49823444898999,6.419803620218789,6.31245679708172,33.01097355863611,8.17033904988462,32.49823444898999,6.419803620218789,33.010973558635335,33.010973558635335,0.16,0.10003613818807179,0.8065549081150605,0.2523263696724562,30.02312511195989,11.437899359498266,ccpfm_flux,0,1336,118,0.30538922155688625,3.554982169850795,0.5043664090047626,2.0270914577564536,0.8600299401197605,0.3167972149695387,2.5531030735755347,0.28821891939383326,1.6626168263694447,0.13997005988023953,0.23529411764705882,3.554982169850795,0.4692715483633556,1.9844250168579927,1.0,0.30538922155688625,smooth_variable,0,8102,0.00044915699982084334,0.10257546899083536,2,False
,,,,,0.029354817990679294,,,,,,,0.07147822900151368,26.8676940027286,,,,,,,,,,,,,,star,,,,,,,,,,,,,,,0.16,0.33635599311026976,,0.8505014303791485,22.249026257875613,10.72336603454566,wls_strong,,,118,,,,,,,,,,,,,,,,,smooth_variable,,8102,0.0003869460051646456,0.10121999299735762,2,False
nan,nan,nan,0.0,nan,0.040833828010363504,0.0,4.24845395502565,0.5053400238955806,2.0484439707085933,0.8626734842951059,0.31837425910245554,0.05431310199492145,66.03526324904242,1.1926711007692603e-10,3.870120514805052e-10,2.4861595286432445,0.30126934595327115,1.755021993899149,0.13732651570489407,0.22872340425531915,0.94792017043721,0.11586485120167168,0.55683207849862,4.24845395502565,0.4723816021563997,2.007761605301225,star,nan,nan,6.359601538372469,33.01097355863451,8.418393686071832,35.41206409054812,6.441354638801585,6.359601538372469,33.01097355863451,8.418393686071832,35.41206409054812,6.441354638801585,33.40231714358486,33.40231714358486,0.16,0.11158030155166315,0.8033295473317815,0.27972326868366365,30.687855690186293,11.361830599772581,ccpfm_flux,0,1369,119,0.3060628195763331,4.24845395502565,0.5053400238955806,2.0484439707085933,0.8626734842951059,0.31837425910245554,2.4861595286432445,0.30126934595327115,1.755021993899149,0.13732651570489407,0.22872340425531915,4.24845395502565,0.4723816021563997,2.007761605301225,1.0,0.3060628195763331,smooth_variable,0,8103,0.0005642639880534261,0.09571119399333838,3,False
,,,,,0.029649681004229933,,,,,,,0.048909473000094295,26.637450159817835,,,,,,,,,,,,,,star,,,,,,,,,,,,,,,0.16,0.3375417646410141,,1.0986575794924622,23.619048220005116,11.453283114929484,wls_strong,,,115,,,,,,,,,,,,,,,,,smooth_variable,,8104,0.0003509949892759323,0.07891014899360016,4,False
,,,,,0.03961388999596238,,,,,,,0.05134036899835337,43.44562632227855,,,,,,,,,,,,,,star,,,,,,,,,,,,,,,0.16,0.38682476404546096,,1.266914320056348,22.141927813880322,10.582454826137461,wls_strong,,,117,,,,,,,,,,,,,,,,,smooth_variable,,8105,0.0005357230111258104,0.09148998200544156,5,False
nan,nan,nan,0.0,nan,0.05333669399260543,0.0,4.256763833387481,0.5000007948363107,2.0896868814411937,0.879163439194423,0.3066079295154185,0.057375725999008864,62.526379195214254,8.65602589605885e-11,3.3626372920704983e-10,2.259045771962258,0.3741325935139771,1.5547315290128272,0.12083656080557707,0.24358974358974358,0.6917878037792787,0.10762857452705188,0.5535573619169712,4.256763833387481,0.4803499968562625,2.0010212367216424,star,nan,nan,6.0366419535183296,33.010973558636785,7.416362871052753,28.468274905766535,6.17325273289273,6.0366419535183296,33.010973558636785,7.416362871052753,28.468274905766535,6.17325273289273,31.92521244891838,31.92521244891838,0.16,0.10678620337383919,0.8053719080454448,0.2458256647144096,30.442586827250064,12.274475558229831,ccpfm_flux,0,1291,115,0.29899302865995353,4.256763833387481,0.5000007948363107,2.0896868814411937,0.879163439194423,0.3066079295154185,2.259045771962258,0.3741325935139771,1.5547315290128272,0.12083656080557707,0.24358974358974358,4.256763833387481,0.4803499968562625,2.0010212367216424,1.0,0.29899302865995353,smooth_variable,0,8104,0.0005562260048463941,0.11126864599646069,4,False
nan,nan,nan,0.0,nan,0.04813905600167345,0.0,4.198207623934797,0.5209546311266374,2.042402426659372,0.8598484848484849,0.31894273127753303,0.06569163899985142,57.759526358114336,9.632404249226845e-11,3.497880877868223e-10,2.1974136779994584,0.29463007176392025,1.6257977805878057,0.14015151515151514,0.2702702702702703,0.7089732103335203,0.11327261947122785,0.5552763785638468,4.198207623934797,0.4976882678829162,1.9689452877612663,star,nan,nan,6.0681240228453905,32.57666911474836,8.779192020668113,37.55052084479691,6.361321497498228,6.0681240228453905,32.57666911474836,8.779192020668113,37.55052084479691,6.361321497498228,33.40231714358485,33.40231714358485,0.16,0.11259224453818169,0.790899026891239,0.2682912056954201,32.0394062027494,12.045983762993785,ccpfm_flux,0,1320,117,0.31212121212121213,4.198207623934797,0.5209546311266374,2.042402426659372,0.8598484848484849,0.31894273127753303,2.1974136779994584,0.29463007176392025,1.6257977805878057,0.14015151515151514,0.2702702702702703,4.198207623934797,0.4976882678829162,1.9689452877612663,1.0,0.31212121212121213,smooth_variable,0,8105,0.0005841620004503056,0.11441485700197518,5,False
,,,,,0.03215256599651184,,,,,,,0.046009590005269274,43.392006922391836,,,,,,,,,,,,,,star,,,,,,,,,,,,,,,0.16,0.4172619923332865,,0.998407893038956,22.970693543434976,11.145166815397086,wls_strong,,,116,,,,,,,,,,,,,,,,,smooth_variable,,8106,0.0003301579999970272,0.07849231400177814,6,False
,,,,,0.025818637004704215,,,,,,,0.06316246499773115,30.839594010052117,,,,,,,,,,,,,,star,,,,,,,,,,,,,,,0.16,0.3316949882644283,,1.1497403373017163,21.967295121556866,10.473612577468215,wls_strong,,,118,,,,,,,,,,,,,,,,,smooth_variable,,8107,0.0003485109918983653,0.08932961299433373,7,False
nan,nan,nan,0.0,nan,0.04876213699753862,0.0,4.866574584491548,0.49927586371206567,2.1344259522105937,0.871264367816092,0.3087071240105541,0.06437647700659,60.17636530149783,8.874853282825335e-11,3.4291266935878046e-10,2.4112752608632673,0.2945430822520646,1.6053059621498746,0.12873563218390804,0.23809523809523808,0.7437258318165886,0.10387447551885431,0.5522744320526461,4.866574584491548,0.47084402938767744,2.057518544401762,star,nan,nan,6.098813229923206,33.16751099261641,7.6634335216169776,32.29606862159469,6.278192479748648,6.098813229923206,33.16751099261641,7.6634335216169776,32.29606862159469,6.278192479748648,33.01097355863542,33.01097355863542,0.16,0.11958246410942829,0.8006057690799814,0.26843295833235087,30.047408506901967,12.58691959230319,ccpfm_flux,0,1305,116,0.2996168582375479,4.866574584491548,0.49927586371206567,2.1344259522105937,0.871264367816092,0.3087071240105541,2.4112752608632673,0.2945430822520646,1.6053059621498746,0.12873563218390804,0.23809523809523808,4.866574584491548,0.47084402938767744,2.057518544401762,1.0,0.2996168582375479,smooth_variable,0,8106,0.000489732003188692,0.1136283460073173,6,False
,,,,,0.031774486997164786,,,,,,,0.056108689997927286,31.46785019919293,,,,,,,,,,,,,,star,,,,,,,,,,,,,,,0.16,0.345548545039361,,1.2919107549272133,22.721931664716745,10.644668059408733,wls_strong,,,119,,,,,,,,,,,,,,,,,smooth_variable,,8108,0.0005250940012047067,0.08840827099629678,8,False
nan,nan,nan,0.0,nan,0.06239043299865443,0.0,4.418527609009184,0.4929582734545484,2.086574557027753,0.8711111111111111,0.3078231292517007,0.038883387998794205,66.42680862474903,8.180806032598298e-11,3.7755579065807967e-10,2.437104987495816,0.2909712637661195,1.6566417360173447,0.1288888888888889,0.25862068965517243,0.768306916937659,0.10704568903637895,0.5554307967791717,4.418527609009184,0.48005559254097374,2.0116472115629813,star,nan,nan,6.35960153837238,33.010973558636614,8.382769953373504,33.412493931104166,6.3996505013474945,6.35960153837238,33.010973558636614,8.382769953373504,33.412493931104166,6.3996505013474945,33.050107917132244,33.050107917132244,0.16,0.11900439820936398,0.8100894171562256,0.2705905268029031,30.18625677665189,11.420295922306652,ccpfm_flux,0,1350,118,0.30148148148148146,4.418527609009184,0.4929582734545484,2.086574557027753,0.8711111111111111,0.3078231292517007,2.437104987495816,0.2909712637661195,1.6566417360173447,0.1288888888888889,0.25862068965517243,4.418527609009184,0.48005559254097374,2.0116472115629813,1.0,0.30148148148148146,smooth_variable,0,8107,0.0006578640022780746,0.10193168499972671,7,False
nan,nan,nan,0.0,nan,0.04088901499926578,0.0,4.395634404444794,0.5098002502178596,2.0422838893961286,0.8651436993367723,0.31771720613287907,0.06092187500325963,54.95449078054027,1.0035432207455841e-10,4.0987013445036535e-10,2.890118506742057,0.31545925690314236,1.5816186518286965,0.1348563006632277,0.2568306010928962,0.8676451278851152,0.11543300936451661,0.5561384103196965,4.395634404444794,0.46995790191181813,2.0016741961154163,star,nan,nan,6.359601538372436,33.40231714358501,8.354108894667732,32.265372774996855,6.45653012534168,6.359601538372436,33.40231714358501,8.354108894667732,32.265372774996855,6.45653012534168,33.40231714358495,33.40231714358495,0.16,0.11351471355494096,0.8028192401468379,0.27697013999474784,30.067626966658068,12.21481220726201,ccpfm_flux,0,1357,119,0.30950626381724394,4.395634404444794,0.5098002502178596,2.0422838893961286,0.8651436993367723,0.31771720613287907,2.890118506742057,0.31545925690314236,1.5816186518286965,0.1348563006632277,0.2568306010928962,4.395634404444794,0.46995790191181813,2.0016741961154163,1.0,0.30950626381724394,smooth_variable,0,8108,0.0003652469895314425,0.10217613699205685,8,False
,,,,,0.03753975601284765,,,,,,,0.06379728599858936,41.790106432041746,,,,,,,,,,,,,,star,,,,,,,,,,,,,,,0.16,0.5059165377879657,,1.3679517517188418,22.311356985279005,10.810063801814172,wls_strong,,,115,,,,,,,,,,,,,,,,,smooth_variable,,8109,0.00034140799834858626,0.10167845000978559,9,False
nan,nan,nan,0.0,nan,0.05456979699374642,0.0,5.025370164830038,0.45390516387796503,2.1250321102790477,0.8809148264984227,0.3088630259623993,0.05441072200483177,57.31965568331051,9.620806928900549e-11,3.4924529890070463e-10,2.40225324175087,0.29628637976512073,1.628366719998665,0.11908517350157728,0.2582781456953642,0.8404213878528837,0.10203448145306536,0.5527550638011459,5.025370164830038,0.4351130629767265,2.0522862316170336,star,nan,nan,6.162990941156548,33.40231714358486,7.642915838108428,27.79133365744633,6.35960153837238,6.162990941156548,33.40231714358486,7.642915838108428,27.79133365744633,6.35960153837238,33.01097355863516,33.01097355863516,0.16,0.15566813446342662,0.8216193597087882,0.30702557456462765,30.68940607727912,12.228857142107678,ccpfm_flux,0,1268,115,0.3028391167192429,5.025370164830038,0.45390516387796503,2.1250321102790477,0.8809148264984227,0.3088630259623993,2.40225324175087,0.29628637976512073,1.628366719998665,0.11908517350157728,0.2582781456953642,5.025370164830038,0.4351130629767265,2.0522862316170336,1.0,0.3028391167192429,smooth_variable,0,8109,0.0005460639949887991,0.10952658299356699,9,False
,,,,,0.06307999999262393,,,,,,,0.06838998800958507,59.94954161632724,,,,,,,,,,,,,,star,,,,,,,,,,,,,,,0.125,0.18916172081643345,,0.9791657703470589,20.87172870657349,9.880654673412483,wls_strong,,,168,,,,,,,,,,,,,,,,,smooth_variable,,8100,0.0006126289954409003,0.1320826169976499,0,False
,,,,,0.03870190000452567,,,,,,,0.09066912200069055,55.36807033673785,,,,,,,,,,,,,,star,,,,,,,,,,,,,,,0.125,0.25051444285274094,,0.9233089524531554,22.954551594789226,9.511563148207909,wls_strong,,,166,,,,,,,,,,,,,,,,,smooth_variable,,8101,0.0005927429883740842,0.1299637649935903,1,False
nan,nan,nan,0.0,nan,0.062445748000754975,0.0,5.592675295590032,0.5655981147555478,2.093939099862086,0.7964161274265804,0.3225,0.09647320499061607,82.34095492071441,1.4969875686277057e-10,5.017333263209781e-10,2.5316363759145166,0.2845216799564829,1.6858555919890466,0.20358387257341962,0.2665036674816626,0.7918125495933646,0.12483579642709204,0.5777551376571575,5.592675295590032,0.5132792720988816,1.9613383559853934,star,nan,nan,9.525784284736854,47.04795647290762,11.857100213294187,49.58615508489502,9.900534571803592,9.525784284736854,47.04795647290762,11.857100213294187,49.58615508489502,9.900534571803592,49.24700200195964,49.24700200195964,0.125,0.09072470075730892,0.7829199543313463,0.24332549757611477,35.38704750665984,10.139403410287954,ccpfm_flux,0,2009,168,0.31110004977600797,5.592675295590032,0.5655981147555478,2.093939099862086,0.7964161274265804,0.3225,2.5316363759145166,0.2845216799564829,1.6858555919890466,0.20358387257341962,0.2665036674816626,5.592675295590032,0.5132792720988816,1.9613383559853934,1.0,0.31110004977600797,smooth_variable,0,8100,0.0006553889979841188,0.15957434198935516,0,False
nan,nan,nan,0.0,nan,0.06596705499396194,0.0,5.071206774182224,0.5819528420708098,1.9982467422209573,0.8019105077928608,0.32413793103448274,0.08947355300188065,78.53696343385376,1.4783538976326227e-10,5.339029708210907e-10,2.7243384663188017,0.32478057069385835,1.6706702723779738,0.19808949220713926,0.27411167512690354,0.8817756617280366,0.12628635881124456,0.5735297535478217,5.071206774182224,0.5237896896824529,1.9225535470654818,star,nan,nan,9.367023453540172,44.98037931282486,11.162778648202558,50.60423280892678,9.796959640354949,9.367023453540172,44.98037931282486,11.162778648202558,50.60423280892678,9.796959640354949,47.94862505337746,47.94862505337746,0.125,0.08759044358475786,0.7675438279547633,0.2349324728619202,36.23436363292762,10.09127821632842,ccpfm_flux,0,1989,166,0.314228255404726,5.071206774182224,0.5819528420708098,1.9982467422209573,0.8019105077928608,0.32413793103448274,2.7243384663188017,0.32478057069385835,1.6706702723779738,0.19808949220713926,0.27411167512690354,5.071206774182224,0.5237896896824529,1.9225535470654818,1.0,0.314228255404726,smooth_variable,0,8101,0.0004944800020894036,0.155935087997932,1,False
,,,,,0.056586783000966534,,,,,,,0.08095711200439837,51.68058532205509,,,,,,,,,,,,,,star,,,,,,,,,,,,,,,0.125,0.22632599247365026,,1.4008470426329866,22.352236471803952,9.73461355113755,wls_strong,,,166,,,,,,,,,,,,,,,,,smooth_variable,,8102,0.0006173939909785986,0.1381612889963435,2,False
,,,,,0.05007491400465369,,,,,,,0.06932650500675663,71.92435004746638,,,,,,,,,,,,,,star,,,,,,,,,,,,,,,0.125,0.2428617497525148,,1.2903614958346625,21.184261023759234,9.722082393287359,wls_strong,,,169,,,,,,,,,,,,,,,,,smooth_variable,,8103,0.000639097997918725,0.12004051700932905,3,False
nan,nan,nan,0.0,nan,0.07997642799455207,0.0,4.825411756691756,0.5648537304896292,2.125994217721162,0.8057956278596848,0.3110410094637224,0.07334980899759103,79.62014084046248,1.4629351896555676e-10,5.473509473981014e-10,2.6203071157052724,0.331687760944025,1.5790785064027542,0.1942043721403152,0.25654450261780104,0.8185524595711063,0.12026528445149805,0.5750333606667547,4.825411756691756,0.5316801830035295,1.997243474237528,star,nan,nan,9.455945091924256,46.828752756232625,11.444551751106399,51.26884352784141,9.842334756011896,9.455945091924256,46.828752756232625,11.444551751106399,51.26884352784141,9.842334756011896,50.37793589998915,50.37793589998915,0.125,0.08894000982762922,0.7670048508744879,0.24515882990738413,36.9696757861674,10.202343139551559,ccpfm_flux,0,1967,166,0.30045754956786985,4.825411756691756,0.5648537304896292,2.125994217721162,0.8057956278596848,0.3110410094637224,2.6203071157052724,0.331687760944025,1.5790785064027542,0.1942043721403152,0.25654450261780104,4.825411756691756,0.5316801830035295,1.997243474237528,1.0,0.30045754956786985,smooth_variable,0,8102,0.0008703760104253888,0.15419661300256848,2,False
nan,nan,nan,0.0,nan,0.08601552400796209,0.0,5.131759458255293,0.5711965478028019,2.035657058715294,0.793488824101069,0.3153704837721984,0.07464924899977632,77.28511589407582,1.6781079303918034e-10,5.595378685549634e-10,2.8070815007515004,0.31382341128042207,1.704542742187601,0.206511175898931,0.25176470588235295,0.8396717149626383,0.12599675173460873,0.5787821092528562,5.131759458255293,0.525335703745309,1.9362704878811443,star,nan,nan,9.561386755372707,43.97173346388831,11.555119609127313,50.49703469498596,9.90380890300648,9.561386755372707,43.97173346388831,11.555119609127313,50.49703469498596,9.90380890300648,45.70228774928253,45.70228774928253,0.125,0.08419678064053109,0.7800904156421523,0.22688231600667408,36.06368883360216,10.207514846999242,ccpfm_flux,0,2058,169,0.3022351797862002,5.131759458255293,0.5711965478028019,2.035657058715294,0.793488824101069,0.3153704837721984,2.8070815007515004,0.31382341128042207,1.704542742187601,0.206511175898931,0.25176470588235295,5.131759458255293,0.525335703745309,1.9362704878811443,1.0,0.3022351797862002,smooth_variable,0,8103,0.0008587369957240298,0.16152351000346243,3,False
,,,,,0.06969356098852586,,,,,,,0.07493493100628257,48.596365151812236,,,,,,,,,,,,,,star,,,,,,,,,,,,,,,0.125,0.23594419322223012,,0.7586862447336329,20.630929620236067,9.502359834177126,wls_strong,,,167,,,,,,,,,,,,,,,,,smooth_variable,,8104,0.000854978003189899,0.14548346999799833,4,False
nan,nan,nan,0.0,nan,0.06763419399794657,0.0,5.050253331594875,0.5495158685861934,2.1153213042714114,0.8023833167825224,0.32301980198019803,0.07274530699942261,81.30970904085791,1.4357399644171487e-10,4.93547207559056e-10,2.979378500204021,0.342943850243422,1.6590030668719433,0.19761668321747766,0.27889447236180903,0.9774434014501475,0.12111654388087545,0.5736196565002403,5.050253331594875,0.5043189053070751,1.9856910426554626,star,nan,nan,9.485672851417064,44.56750060018281,11.291264857258831,50.42931150133123,9.814167594414778,9.485672851417064,44.56750060018281,11.291264857258831,50.42931150133123,9.814167594414778,46.20430941856946,46.20430941856946,0.125,0.08038122166041742,0.7861152890613812,0.21835469541530528,36.40299419274721,10.313781760909267,ccpfm_flux,0,2014,167,0.3142999006951341,5.050253331594875,0.5495158685861934,2.1153213042714114,0.8023833167825224,0.32301980198019803,2.979378500204021,0.342943850243422,1.6590030668719433,0.19761668321747766,0.27889447236180903,5.050253331594875,0.5043189053070751,1.9856910426554626,1.0,0.3142999006951341,smooth_variable,0,8104,0.0005639550072373822,0.14094345600460656,4,False
,,,,,0.05203156800416764,,,,,,,0.11940264199802186,65.24699477006787,,,,,,,,,,,,,,star,,,,,,,,,,,,,,,0.125,0.22797474201614018,,0.9507526934059272,20.155037091678512,9.800874596486121,wls_strong,,,167,,,,,,,,,,,,,,,,,smooth_variable,,8105,0.0004820769972866401,0.17191628699947614,5,False
,,,,,0.04599004698684439,,,,,,,0.08107052600826137,72.81106503938695,,,,,,,,,,,,,,star,,,,,,,,,,,,,,,0.125,0.20484032841048003,,1.052236354919359,21.146511940160174,9.476653748090122,wls_strong,,,170,,,,,,,,,,,,,,,,,smooth_variable,,8106,0.0005592410016106442,0.1276198139967164,6,False
nan,nan,nan,0.0,nan,0.06256194598972797,0.0,5.361406525287767,0.5733015282623508,2.0470030643740795,0.8026973026973027,0.3223397635345364,0.0931646420067409,82.41394710349785,1.5465800168312782e-10,5.416941660196197e-10,2.588334244267199,0.30447850939414767,1.6876446475012306,0.1973026973026973,0.27341772151898736,0.7478296658432027,0.12199554288019626,0.5749565957234867,5.361406525287767,0.5295193177175783,1.9256218410897077,star,nan,nan,9.331005207202113,44.65553386014254,11.883445486553553,48.785919753197405,9.743589770830141,9.331005207202113,44.65553386014254,11.883445486553553,48.785919753197405,9.743589770830141,47.12370890106807,47.12370890106807,0.125,0.09064340005290542,0.7749033252035309,0.26063815685640357,36.884912289384474,10.43997303840755,ccpfm_flux,0,2002,167,0.3126873126873127,5.361406525287767,0.5733015282623508,2.0470030643740795,0.8026973026973027,0.3223397635345364,2.588334244267199,0.30447850939414767,1.6876446475012306,0.1973026973026973,0.27341772151898736,5.361406525287767,0.5295193177175783,1.9256218410897077,1.0,0.3126873126873127,smooth_variable,0,8105,0.000623610001639463,0.15635019799810834,5,False
nan,nan,nan,0.0,nan,0.07221070400555618,0.0,4.761857895530973,0.5833375035866202,2.0717006626031362,0.7892682926829269,0.3207663782447466,0.0716085089952685,81.34610305932867,1.6366903665687715e-10,5.887566456131677e-10,2.7830954289292977,0.3358685914158358,1.714008446222111,0.21073170731707316,0.2708333333333333,0.924079584813098,0.12683810937283507,0.5825040702182002,4.761857895530973,0.5462631816617938,1.9498675343856269,star,nan,nan,9.762922323891505,48.8920845192388,11.577425685535198,52.54224115024215,10.149655194901225,9.762922323891505,48.8920845192388,11.577425685535198,52.54224115024215,10.149655194901225,52.37312958529239,52.37312958529239,0.125,0.08326197645694638,0.7643638983728787,0.2211612946858974,35.29862866760616,10.17927324555439,ccpfm_flux,0,2050,170,0.3102439024390244,4.761857895530973,0.5833375035866202,2.0717006626031362,0.7892682926829269,0.3207663782447466,2.7830954289292977,0.3358685914158358,1.714008446222111,0.21073170731707316,0.2708333333333333,4.761857895530973,0.5462631816617938,1.9498675343856269,1.0,0.3102439024390244,smooth_variable,0,8106,0.0005927760066697374,0.1444119890074944,6,False
,,,,,0.06119103501259815,,,,,,,0.09087141598865855,49.588109403095714,,,,,,,,,,,,,,star,,,,,,,,,,,,,,,0.125,0.17627960712113266,,1.0154015837475614,21.26288302776943,9.792512112171334,wls_strong,,,168,,,,,,,,,,,,,,,,,smooth_variable,,8107,0.0005850029992870986,0.1526474540005438,7,False
,,,,,0.06135123400599696,,,,,,,0.07635484599450137,54.141867053652,,,,,,,,,,,,,,star,,,,,,,,,,,,,,,0.125,0.21096415041254812,,1.017705479557199,21.228964354199093,9.64095544415866,wls_strong,,,170,,,,,,,,,,,,,,,,,smooth_variable,,8108,0.0006847579934401438,0.13839083799393848,8,False
nan,nan,nan,0.0,nan,0.08314307100954466,0.0,5.213080320598415,0.5603027048906201,2.042632778681218,0.796368989205103,0.32409118915588414,0.1210129719984252,77.03387580516062,2.029569290407096e-10,5.844370559017129e-10,2.501884634942325,0.3234750283229248,1.7466558518330277,0.20363101079489695,0.2746987951807229,0.8138578458321833,0.12219753599306117,0.5752754963199074,5.213080320598415,0.5128800587828305,1.9254236817232744,star,nan,nan,9.300008907403026,44.6617590533129,11.586256880271264,46.08969006972748,9.899474973011845,9.300008907403026,44.6617590533129,11.586256880271264,46.08969006972748,9.899474973011845,45.03925858184322,45.03925858184322,0.125,0.0847903041244124,0.778630261725173,0.22887661276378085,36.02056623799938,10.364968536273484,ccpfm_flux,0,2038,168,0.3140333660451423,5.213080320598415,0.5603027048906201,2.042632778681218,0.796368989205103,0.32409118915588414,2.501884634942325,0.3234750283229248,1.7466558518330277,0.20363101079489695,0.2746987951807229,5.213080320598415,0.5128800587828305,1.9254236817232744,1.0,0.3140333660451423,smooth_variable,0,8107,0.0005979529960313812,0.20475399600400124,7,False
nan,nan,nan,0.0,nan,0.0791208610025933,0.0,5.229907249819242,0.5834782530874809,2.144719858586299,0.7900390625,0.315203955500618,0.07799473899649456,84.52961657006104,1.669585615593494e-10,5.360003515457072e-10,2.7682856357333994,0.27939310240622617,1.7149709285237267,0.2099609375,0.2744186046511628,0.9371208207231376,0.12711876657443982,0.5827813542537805,5.229907249819242,0.5192336974679079,1.9784451775479202,star,nan,nan,9.658047955096503,44.8208547821383,12.152689852434891,50.525517386781864,10.165094650567559,9.658047955096503,44.8208547821383,12.152689852434891,50.525517386781864,10.165094650567559,47.59150266894539,47.59150266894539,0.125,0.09007311518868852,0.7754245945462777,0.25711163559906813,36.681964672521985,10.041602927871569,ccpfm_flux,0,2048,170,0.306640625,5.229907249819242,0.5834782530874809,2.144719858586299,0.7900390625,0.315203955500618,2.7682856357333994,0.27939310240622617,1.7149709285237267,0.2099609375,0.2744186046511628,5.229907249819242,0.5192336974679079,1.9784451775479202,1.0,0.306640625,smooth_variable,0,8108,0.0005725980008719489,0.1576881979999598,8,False
,,,,,0.03868976699595805,,,,,,,0.08852298599958885,80.56184909324423,,,,,,,,,,,,,,star,,,,,,,,,,,,,,,0.125,0.24406771106911085,,0.8251729449263755,21.041627858172983,9.424875379902934,wls_strong,,,167,,,,,,,,,,,,,,,,,smooth_variable,,8109,0.0005025879945605993,0.1277153409901075,9,False
nan,nan,nan,0.0,nan,0.0991808640101226,0.0,5.449361379499283,0.5756822308632967,2.1331603825299204,0.8014925373134328,0.3202979515828678,0.09012898399669211,105.26970975495452,1.3455085656755017e-10,4.87864970946152e-10,2.9927419615085014,0.3051491944516968,1.6703636746771677,0.19850746268656716,0.2681704260651629,0.8980199410477891,0.11916048774768179,0.5736966348767867,5.449361379499283,0.5157777057267647,1.9968353022901304,star,nan,nan,9.300008907402711,44.604239403139324,11.509956012348624,51.37365487530673,9.768117520846058,9.300008907402711,44.604239403139324,11.509956012348624,51.37365487530673,9.768117520846058,46.55851069435586,46.55851069435586,0.125,0.09928571862495585,0.8013360635998624,0.24364241325403546,39.09402928218059,10.16609288608188,ccpfm_flux,0,2010,167,0.3099502487562189,5.449361379499283,0.5756822308632967,2.1331603825299204,0.8014925373134328,0.3202979515828678,2.9927419615085014,0.3051491944516968,1.6703636746771677,0.19850746268656716,0.2681704260651629,5.449361379499283,0.5157777057267647,1.9968353022901304,1.0,0.3099502487562189,smooth_variable,0,8109,0.0009199469932354987,0.19022979500005022,9,False
,,,,,0.0789812689909013,,,,,,,0.16211036199820228,216.358135584071,,,,,,,,,,,,,,star,,,,,,,,,,,,,,,0.1,0.32470150503594053,,3.8592375259938687,21.169016716517714,9.325057313760928,wls_strong,,,236,,,,,,,,,,,,,,,,,smooth_variable,,8100,0.0007873760041547939,0.24187900699325837,0,False
nan,nan,nan,0.0,nan,0.10191255799145438,0.0,6.015150821441215,0.6333132683195669,2.106685511925433,0.7040639110802361,0.36457819437592504,0.14370266400510445,123.85914340036958,4.2628875884971607e-10,1.9328052466171343e-09,3.6102378899967174,0.3862097218743682,1.802188099603697,0.2959360889197638,0.29107981220657275,0.9209372912169841,0.14439245191214406,0.6249403840396501,6.015150821441215,0.559374555721917,2.0244437172671064,star,nan,nan,15.102160059205096,71.45767163228606,16.05284499684682,70.57910019615281,15.33543465942289,15.102160059205096,71.45767163228606,16.05284499684682,70.57910019615281,15.33543465942289,70.70640243462084,70.70640243462084,0.1,0.058796899345600125,0.8023008750146053,0.1907744758958212,34.42963760074495,9.919698310562174,ccpfm_flux,0,2879,236,0.3428273706147968,6.015150821441215,0.6333132683195669,2.106685511925433,0.7040639110802361,0.36457819437592504,3.6102378899967174,0.3862097218743682,1.802188099603697,0.2959360889197638,0.29107981220657275,6.015150821441215,0.559374555721917,2.0244437172671064,1.0,0.3428273706147968,smooth_variable,0,8100,0.001476197998272255,0.24709141999483109,0,False
,,,,,0.0789415680046659,,,,,,,0.16940303098817822,505.3491636271643,,,,,,,,,,,,,,star,,,,,,,,,,,,,,,0.1,0.43154928391530417,,5.823805299123208,21.473525494044793,9.388494929599364,wls_strong,,,242,,,,,,,,,,,,,,,,,smooth_variable,,8101,0.001280715994653292,0.2496253149874974,1,False
nan,nan,nan,0.0,nan,0.10393071400176268,0.0,5.522259579836218,0.6357653443321407,2.1372080766062904,0.6815886906765399,0.3619753086419753,0.10553826499381103,127.78129536528395,4.254919958035508e-10,2.284284533303897e-09,2.9810344635276684,0.37843224691323296,1.7767535642566847,0.3184113093234601,0.3054968287526427,0.8736811356136639,0.14498389522339042,0.6307048733623243,5.522259579836218,0.5664931791412541,1.9811019906272853,star,nan,nan,15.100979010408103,70.75925253340793,17.193613736693642,79.61634859582111,15.746254607168991,15.100979010408103,70.75925253340793,17.193613736693642,79.61634859582111,15.746254607168991,77.10014196512225,77.10014196512225,0.1,0.051845456084397376,0.7996030785204323,0.13855794162193025,33.27955216670793,9.729234393779004,ccpfm_flux,0,2971,242,0.3439919219118142,5.522259579836218,0.6357653443321407,2.1372080766062904,0.6815886906765399,0.3619753086419753,2.9810344635276684,0.37843224691323296,1.7767535642566847,0.3184113093234601,0.3054968287526427,5.522259579836218,0.5664931791412541,1.9811019906272853,1.0,0.3439919219118142,smooth_variable,0,8101,0.0010338650026824325,0.21050284399825614,1,False
,,,,,0.0630175109981792,,,,,,,0.1554125130060129,117.09273108246084,,,,,,,,,,,,,,star,,,,,,,,,,,,,,,0.1,0.1338129638409526,,0.8864418278656226,21.399561244613736,9.44979318245032,wls_strong,,,241,,,,,,,,,,,,,,,,,smooth_variable,,8102,0.0012095139973098412,0.21963953800150193,2,False
,,,,,0.07607155600271653,,,,,,,0.13059449699358083,128.73646062230685,,,,,,,,,,,,,,star,,,,,,,,,,,,,,,0.1,0.11001944909215418,,0.6500032281093254,21.067812715105944,9.38310722844641,wls_strong,,,240,,,,,,,,,,,,,,,,,smooth_variable,,8103,0.0010932720033451915,0.20775932499964256,3,False
nan,nan,nan,0.0,nan,0.1203796570043778,0.0,5.420636257323406,0.6529781028590841,2.113199693166177,0.6757586089328332,0.37235116044399597,0.15002252699923702,128.47158419708865,3.49625470501963e-10,2.103395631383723e-09,3.00720179101181,0.38510763407064713,1.812295228116202,0.3242413910671667,0.3028391167192429,1.0265839538592036,0.14709126656702176,0.627544717712938,5.420636257323406,0.5689284018587304,1.9930669834466348,star,nan,nan,15.056038454393482,74.86465292547513,17.258976555610985,78.58884716257674,15.680062353240684,15.056038454393482,74.86465292547513,17.258976555610985,78.58884716257674,15.680062353240684,77.23433857426538,77.23433857426538,0.1,0.05241749652682705,0.7840747697300253,0.16386169163729136,34.999247184411146,9.646888428095293,ccpfm_flux,0,2933,241,0.3498124786907603,5.420636257323406,0.6529781028590841,2.113199693166177,0.6757586089328332,0.37235116044399597,3.00720179101181,0.38510763407064713,1.812295228116202,0.3242413910671667,0.3028391167192429,5.420636257323406,0.5689284018587304,1.9930669834466348,1.0,0.3498124786907603,smooth_variable,0,8102,0.0014660180022474378,0.27186820200586226,2,False
nan,nan,nan,0.0,nan,0.12930792600673158,0.0,5.832304550975018,0.6520099530644414,2.130451185514848,0.6847492323439099,0.36571998006975587,0.146910896000918,117.13986294006303,3.926481431659745e-10,2.11532138757963e-09,2.744476833738228,0.40527841268288095,1.7665953971347754,0.31525076765609006,0.31385281385281383,0.9539207257636578,0.1439096074145314,0.6295129833995619,5.832304550975018,0.5684447362311595,2.0029143618842573,star,nan,nan,15.100467255406956,71.97186557586635,16.957999337419388,75.59751284028695,15.660617076752384,15.100467255406956,71.97186557586635,16.957999337419388,75.59751284028695,15.660617076752384,74.52744623236275,74.52744623236275,0.1,0.05141756910858872,0.7938244244808601,0.12411250453875466,34.380106068950575,9.791296096075463,ccpfm_flux,0,2931,240,0.3493688161037189,5.832304550975018,0.6520099530644414,2.130451185514848,0.6847492323439099,0.36571998006975587,2.744476833738228,0.40527841268288095,1.7665953971347754,0.31525076765609006,0.31385281385281383,5.832304550975018,0.5684447362311595,2.0029143618842573,1.0,0.3493688161037189,smooth_variable,0,8103,0.0015076979907462373,0.2777265199983958,3,False
,,,,,0.09741175299859606,,,,,,,0.12121463801304344,1017.1458875449686,,,,,,,,,,,,,,star,,,,,,,,,,,,,,,0.1,1.500238869099489,,19.87647634173044,21.914435616893556,9.480582311516287,wls_strong,,,240,,,,,,,,,,,,,,,,,smooth_variable,,8104,0.0011785559909185395,0.21980494700255804,4,False
,,,,,0.08643558200856205,,,,,,,0.11322938298690133,164.48561108930434,,,,,,,,,,,,,,star,,,,,,,,,,,,,,,0.1,0.13810376073099262,,1.3032285069643081,21.950601682549237,9.311835933983899,wls_strong,,,238,,,,,,,,,,,,,,,,,smooth_variable,,8105,0.0009171760029857978,0.20058214099844918,5,False
nan,nan,nan,0.0,nan,0.09919964399887249,0.0,5.411855106053169,0.6252125691124301,2.1548793461022506,0.6924650528469144,0.3663220088626292,0.1324054949946003,130.8628614727349,5.065316733762759e-10,2.1909334304004205e-09,2.760546122201355,0.3501426964031219,1.7726177387486732,0.3075349471530856,0.29933481152993346,0.9075153751646305,0.1409931738550712,0.627902490345429,5.411855106053169,0.5567554924416642,1.984322556918197,star,nan,nan,15.007017064066114,71.99983969635792,17.29845278864743,76.0776022179434,15.587765068359953,15.007017064066114,71.99983969635792,17.29845278864743,76.0776022179434,15.587765068359953,74.31788897786541,74.31788897786541,0.1,0.05724004163436469,0.782365560766192,0.17552809052049745,33.38272883820529,9.743475087667136,ccpfm_flux,0,2933,240,0.3457211046709853,5.411855106053169,0.6252125691124301,2.1548793461022506,0.6924650528469144,0.3663220088626292,2.760546122201355,0.3501426964031219,1.7726177387486732,0.3075349471530856,0.29933481152993346,5.411855106053169,0.5567554924416642,1.984322556918197,1.0,0.3457211046709853,smooth_variable,0,8104,0.0013284059969009832,0.23293354499037378,4,False
nan,nan,nan,0.0,nan,0.10566339100478217,0.0,5.348355775450915,0.6277699469082691,2.1318196571762504,0.6887598223436966,0.3576388888888889,0.08969816799799446,127.334793588729,3.8536461521854193e-10,1.8733261213366303e-09,2.814605485872373,0.3484673863557536,1.7884304224724856,0.3112401776563034,0.3040614709110867,0.9140512964413157,0.13672547866148008,0.6219619851571683,5.348355775450915,0.5533711667578493,1.992494886701108,star,nan,nan,14.350522952611295,63.614768449516156,17.231545973901994,73.56630661666611,15.335434659422368,14.350522952611295,63.614768449516156,17.231545973901994,73.56630661666611,15.335434659422368,70.87250016784907,70.87250016784907,0.1,0.06145100222869374,0.7982586071064262,0.15608576910804117,34.22311307396202,9.668571810479122,ccpfm_flux,0,2927,238,0.3409634437991117,5.348355775450915,0.6277699469082691,2.1318196571762504,0.6887598223436966,0.3576388888888889,2.814605485872373,0.3484673863557536,1.7884304224724856,0.3112401776563034,0.3040614709110867,5.348355775450915,0.5533711667578493,1.992494886701108,1.0,0.3409634437991117,smooth_variable,0,8105,0.0012484039907576516,0.19660996299353428,5,False
,,,,,0.05618086000322364,,,,,,,0.11118877399712801,246.730858438104,,,,,,,,,,,,,,star,,,,,,,,,,,,,,,0.1,0.17431421125985727,,1.974625758617862,21.15905841546836,9.43598481228291,wls_strong,,,237,,,,,,,,,,,,,,,,,smooth_variable,,8107,0.0007729950011707842,0.16814262900152244,7,False
,,,,,0.05655345400737133,,,,,,,0.14982536899333354,757.2681729985361,,,,,,,,,,,,,,star,,,,,,,,,,,,,,,0.1,0.36152585498149925,,4.585747914442286,23.67111392174271,9.366906640334868,wls_strong,,,239,,,,,,,,,,,,,,,,,smooth_variable,,8106,0.0008471799956168979,0.20722600299632177,6,False
nan,nan,nan,0.0,nan,0.11900372699892614,0.0,6.472606979932869,0.6441634440507525,2.1652436296588675,0.6886371438379677,0.3698903290129611,0.13608190600643866,127.13201109221791,7.008282842946301e-16,4.1345095843397545e-15,2.8642665891279564,0.3684786886762938,1.7943511972427253,0.31136285616203224,0.2954796030871003,0.9296480410655095,0.14442770918138775,0.6274904370979237,6.472606979932869,0.5526486101416257,2.0105615334085187,star,nan,nan,15.056585979808993,71.17829870747397,17.031540814594038,73.22805168565101,15.399945149300786,15.056585979808993,71.17829870747397,17.031540814594038,73.22805168565101,15.399945149300786,72.79154138748088,72.79154138748088,0.1,0.06171585221712982,0.7963927957870154,0.188939148067365,34.032065714188285,9.72158653953586,ccpfm_flux,0,2913,239,0.3467215928595949,6.472606979932869,0.6441634440507525,2.1652436296588675,0.6886371438379677,0.3698903290129611,2.8642665891279564,0.3684786886762938,1.7943511972427253,0.31136285616203224,0.2954796030871003,6.472606979932869,0.5526486101416257,2.0105615334085187,1.0,0.3467215928595949,smooth_variable,0,8106,0.0010218649986200035,0.2561074980039848,6,False
nan,nan,nan,0.0,nan,0.10659028899681289,0.0,5.208182124514237,0.6503049580336345,2.178458788178545,0.6930038287504351,0.3571069814163737,0.08983988600084558,139.04455520766558,4.6499068939893917e-10,2.0693950276872794e-09,2.880022034980629,0.340967839222642,1.7317131578125016,0.3069961712495649,0.30272108843537415,0.8965672735765866,0.1393396344036601,0.6281996322753907,5.208182124514237,0.5666263626647822,2.0468951357598892,star,nan,nan,14.687348797052419,72.65933090942482,16.805162811097144,69.03049706470202,15.358523482273828,14.687348797052419,72.65933090942482,16.805162811097144,69.03049706470202,15.358523482273828,70.96285482686366,70.96285482686366,0.1,0.05549591945786956,0.779972944402862,0.13835400471469586,35.42976896438988,9.648212679219537,ccpfm_flux,0,2873,237,0.34041072050121823,5.208182124514237,0.6503049580336345,2.178458788178545,0.6930038287504351,0.3571069814163737,2.880022034980629,0.340967839222642,1.7317131578125016,0.3069961712495649,0.30272108843537415,5.208182124514237,0.5666263626647822,2.0468951357598892,1.0,0.34041072050121823,smooth_variable,0,8107,0.0015836490056244656,0.19801382400328293,7,False
,,,,,0.0825940009963233,,,,,,,0.12032236300001387,71.8036106193923,,,,,,,,,,,,,,star,,,,,,,,,,,,,,,0.1,0.12062103490919099,,1.1123101689151653,21.375202186441886,9.327494388153776,wls_strong,,,242,,,,,,,,,,,,,,,,,smooth_variable,,8108,0.0008821029914543033,0.20379846698779147,8,False
nan,nan,nan,0.0,nan,0.08918941399315372,0.0,4.771040136883571,0.6408387573930626,2.1558778100708844,0.6746540668241647,0.37718859429714857,0.13076409199857153,130.24922048813863,3.740120001899383e-10,2.1367103608383444e-09,2.6645623414830246,0.3620680766611114,1.7202792808653757,0.3253459331758353,0.3132780082987552,0.8510248354402209,0.14492140084663957,0.6275117073472013,4.771040136883571,0.5487616119742936,2.0177235554628212,star,nan,nan,14.913808437513731,66.66708870462875,17.799684845060884,77.99818156885514,15.814595322292,14.913808437513731,66.66708870462875,17.799684845060884,77.99818156885514,15.814595322292,75.13355988159087,75.13355988159087,0.1,0.05426910551053849,0.7891795598426646,0.1448409465687781,34.35334550356428,9.536410441846435,ccpfm_flux,0,2963,242,0.3563955450556868,4.771040136883571,0.6408387573930626,2.1558778100708844,0.6746540668241647,0.37718859429714857,2.6645623414830246,0.3620680766611114,1.7202792808653757,0.3253459331758353,0.3132780082987552,4.771040136883571,0.5487616119742936,2.0177235554628212,1.0,0.3563955450556868,smooth_variable,0,8108,0.0008901410037651658,0.22084364699549042,8,False
,,,,,0.058887923005386256,,,,,,,0.11050093999074306,82.45134303607867,,,,,,,,,,,,,,star,,,,,,,,,,,,,,,0.1,0.09734633546409414,,0.6389529137937935,21.281073095230578,9.263432753120535,wls_strong,,,242,,,,,,,,,,,,,,,,,smooth_variable,,8109,0.0008378829952562228,0.17022674599138554,9,False
,,,,,0.03440781499375589,,,,,,,0.052049204998183995,21.707170125059104,,,,,,,,,,,,,,annulus,,,,,,,,,,,,,,,0.2,0.8226852254961035,,2.884987914178639,17.96419294420022,11.471530813053663,wls_strong,,,102,,,,,,,,,,,,,,,,,smooth_variable,,8100,0.00045495599624700844,0.0869119759881869,0,False
nan,nan,nan,0.0,nan,0.1076475029985886,0.0,4.363809277978673,0.658345095721154,2.142949019465598,0.6733788395904436,0.3674607197161683,0.12867064100282732,126.94853157177414,4.271929906173033e-10,2.3725994030728387e-09,3.0536111351632225,0.37024787226590894,1.82760754674949,0.3266211604095563,0.2936259143155695,0.985853738667283,0.14752157319696094,0.6324591154595796,4.363809277978673,0.5690918396782172,2.0324242643684474,star,nan,nan,15.102160059205096,73.63691502117956,17.698430012865174,79.07836617073546,16.068998228569704,15.102160059205096,73.63691502117956,17.698430012865174,79.07836617073546,16.068998228569704,77.2207286033173,77.2207286033173,0.1,0.05264580304512639,0.7878053716864525,0.1448283843748972,32.39425909282943,9.622767301860062,ccpfm_flux,0,2930,242,0.3433447098976109,4.363809277978673,0.658345095721154,2.142949019465598,0.6733788395904436,0.3674607197161683,3.0536111351632225,0.37024787226590894,1.82760754674949,0.3266211604095563,0.2936259143155695,4.363809277978673,0.5690918396782172,2.0324242643684474,1.0,0.3433447098976109,smooth_variable,0,8109,0.0013295679964357987,0.23764771199785173,9,False
,,,,,0.02037815100629814,,,,,,,0.03155003300344106,16.628962735419602,,,,,,,,,,,,,,annulus,,,,,,,,,,,,,,,0.2,0.789658034758821,,3.3072536376969524,17.429198169555278,12.073974731818232,wls_strong,,,102,,,,,,,,,,,,,,,,,smooth_variable,,8101,0.00035158499667886645,0.052279769006418064,1,False
nan,nan,nan,0.0,nan,0.05581644798803609,0.0,6.702466694756755,0.37095370816283946,1.844678663471427,0.9420018709073901,0.22740814299900694,0.056758713006274775,9.718925515675634,4.105295443868062e-11,1.7793929800174928e-10,4.147844557966569,0.05877663731388708,0.5896911972089743,0.057998129092609915,0.08064516129032258,0.8876736791251283,0.07443133919450357,0.49985538249455713,6.702466694756755,0.32244750069574907,1.7752932887447244,annulus,nan,nan,4.444939819010023,21.669909849676884,5.817066387234345,26.398461614851964,4.620883017688788,4.444939819010023,21.669909849676884,5.817066387234345,26.398461614851964,4.620883017688788,22.73345863279395,22.73345863279395,0.2,0.2732135912674004,0.9155895557479654,0.5164420148702907,32.93194457746224,14.01274111392864,ccpfm_flux,0,1069,102,0.21889616463985032,6.702466694756755,0.37095370816283946,1.844678663471427,0.9420018709073901,0.22740814299900694,4.147844557966569,0.05877663731388708,0.5896911972089743,0.057998129092609915,0.08064516129032258,6.702466694756755,0.32244750069574907,1.7752932887447244,1.0,0.21889616463985032,smooth_variable,0,8100,0.000523268012329936,0.1130984290066408,0,False
,,,,,0.027017268002964556,,,,,,,0.05717450400697999,18.613893980594753,,,,,,,,,,,,,,annulus,,,,,,,,,,,,,,,0.2,0.7454991376502378,,2.741440243306376,18.192097589176033,11.26994614502212,wls_strong,,,101,,,,,,,,,,,,,,,,,smooth_variable,,8102,0.000445411991677247,0.08463718400162179,2,False
nan,nan,nan,0.0,nan,0.031681516993558034,0.0,7.0298531892817,0.3720405654555743,1.8183976746604305,0.9550342130987293,0.2241555783009212,0.051095247006742284,9.544129411732872,3.973846788738952e-11,1.9100586504082465e-10,3.490449132744443,0.026795930239270026,0.21811239594239668,0.044965786901270774,0.021739130434782608,0.814899301090439,0.07621857656902792,0.5013660726843943,7.0298531892817,0.3383829067526116,1.7817081087908588,annulus,nan,nan,4.452001726398926,22.733459866589705,7.496035320870275,22.809277581537785,4.58341191737072,4.452001726398926,22.733459866589705,7.496035320870275,22.809277581537785,4.58341191737072,22.73345986659016,22.73345986659016,0.2,0.2670934443810296,0.9066820568233517,0.5140344704507268,32.83238000714565,13.408862054836789,ccpfm_flux,0,1023,101,0.21505376344086022,7.0298531892817,0.3720405654555743,1.8183976746604305,0.9550342130987293,0.2241555783009212,3.490449132744443,0.026795930239270026,0.21811239594239668,0.044965786901270774,0.021739130434782608,7.0298531892817,0.3383829067526116,1.7817081087908588,1.0,0.21505376344086022,smooth_variable,0,8102,0.0002966519969049841,0.0830734159972053,2,False
,,,,,0.020125098002608865,,,,,,,0.04706181099754758,24.960742771769805,,,,,,,,,,,,,,annulus,,,,,,,,,,,,,,,0.2,0.6842563114572691,,2.3732598002027467,18.03984931595412,11.52228622163965,wls_strong,,,102,,,,,,,,,,,,,,,,,smooth_variable,,8103,0.00033814100606832653,0.06752505000622477,3,False
nan,nan,nan,0.0,nan,0.05359275499358773,0.0,6.055029033412944,0.33248769297592795,1.7701313415916988,0.9523355576739753,0.23223223223223224,0.059075796001707204,11.645414212217045,3.7019283471995124e-11,1.767511978527598e-10,4.137000811173957,0.08059394613784332,0.41218308172474544,0.047664442326024785,0.06,0.7703340266617845,0.07008668640310134,0.5157557887002431,6.055029033412944,0.318906379572614,1.7500528271327156,annulus,nan,nan,4.444939819009724,22.733460098950793,6.710943814239949,24.687299781718092,4.471660197885015,4.444939819009724,22.733460098950793,6.710943814239949,24.687299781718092,4.471660197885015,22.73346115286134,22.73346115286134,0.2,0.27315941579926833,0.8929143242041684,0.518473093961348,33.024155836957135,13.388251643584372,ccpfm_flux,0,1049,102,0.22402287893231648,6.055029033412944,0.33248769297592795,1.7701313415916988,0.9523355576739753,0.23223223223223224,4.137000811173957,0.08059394613784332,0.41218308172474544,0.047664442326024785,0.06,6.055029033412944,0.318906379572614,1.7500528271327156,1.0,0.22402287893231648,smooth_variable,0,8101,0.000508826007717289,0.11317737700301223,1,False
,,,,,0.023770675994455814,,,,,,,0.037290401000063866,11.08547037779648,,,,,,,,,,,,,,annulus,,,,,,,,,,,,,,,0.2,0.6637872622591178,,2.3727516794717234,17.7934178697033,11.029139888694683,wls_strong,,,102,,,,,,,,,,,,,,,,,smooth_variable,,8104,0.000308379007037729,0.06136945600155741,4,False
nan,nan,nan,0.0,nan,0.036608381997211836,0.0,6.546263529557748,0.3517201294478318,1.9191426488871342,0.9452449567723343,0.2266260162601626,0.030787212002906017,10.538456968478107,4.072364494234204e-11,1.8398323695265026e-10,2.7882465907883276,0.049462177053767285,0.5108112067103735,0.05475504322766571,0.05263157894736842,0.7934053095895929,0.07662843437549838,0.5089274009560043,6.546263529557748,0.3276784952401658,1.8695613466677894,annulus,nan,nan,4.587695263155609,22.73345940391601,6.381399287365208,23.034760889143488,4.686918329877308,4.587695263155609,22.73345940391601,6.381399287365208,23.034760889143488,4.686918329877308,22.73345986658925,22.73345986658925,0.2,0.25867732167013435,0.9306088301968686,0.4774640901804946,32.944103652769094,12.687173592676597,ccpfm_flux,0,1041,102,0.21709894332372717,6.546263529557748,0.3517201294478318,1.9191426488871342,0.9452449567723343,0.2266260162601626,2.7882465907883276,0.049462177053767285,0.5108112067103735,0.05475504322766571,0.05263157894736842,6.546263529557748,0.3276784952401658,1.8695613466677894,1.0,0.21709894332372717,smooth_variable,0,8104,0.00029915499908383936,0.06769474899920169,4,False
,,,,,0.02303062799910549,,,,,,,0.041677533998154104,13.381145974769089,,,,,,,,,,,,,,annulus,,,,,,,,,,,,,,,0.2,0.7514653576446096,,2.7312758888037,17.87491737068963,11.948539857547642,wls_strong,,,101,,,,,,,,,,,,,,,,,smooth_variable,,8105,0.0004619840037776157,0.06517014600103721,5,False
nan,nan,nan,0.0,nan,0.04336206200241577,0.0,5.32047633900293,0.3762347145330327,1.682540783233556,0.9417293233082706,0.22355289421157684,0.05743902099493425,9.35164876434735,3.275132942626158e-11,1.8282717809876373e-10,4.676376126111819,0.050762722686444925,2.5009412516985092,0.05827067669172932,0.14516129032258066,0.8563831512887891,0.07721087522663611,0.49621046749767134,5.32047633900293,0.34143781314524296,1.7000456180991075,annulus,nan,nan,4.421098081697856,21.780497243821586,5.484583888419267,22.461167877101886,4.451906942214505,4.421098081697856,21.780497243821586,5.484583888419267,22.461167877101886,4.451906942214505,21.829011309641214,21.829011309641214,0.2,0.267849982850489,0.8952685185022564,0.46174467270200537,34.929456117359216,13.619450440061724,ccpfm_flux,0,1064,102,0.21898496240601503,5.32047633900293,0.3762347145330327,1.682540783233556,0.9417293233082706,0.22355289421157684,4.676376126111819,0.050762722686444925,2.5009412516985092,0.05827067669172932,0.14516129032258066,5.32047633900293,0.34143781314524296,1.7000456180991075,1.0,0.21898496240601503,smooth_variable,0,8103,0.0003629239945439622,0.10116400699189398,3,False
,,,,,0.02416018799704034,,,,,,,0.03884211399417836,16.61619286554606,,,,,,,,,,,,,,annulus,,,,,,,,,,,,,,,0.2,0.6310226327311081,,2.3028181264679217,17.794972921137717,10.834584947576435,wls_strong,,,104,,,,,,,,,,,,,,,,,smooth_variable,,8106,0.0003639690112322569,0.06336627100245096,6,False
nan,nan,nan,0.0,nan,0.05468316200131085,0.0,6.1556871457695435,0.3633667084821355,1.7459695408810607,0.953187250996016,0.2225705329153605,0.034354809002252296,13.466004310781686,3.23868674934058e-11,1.8429077400361665e-10,4.937289908097734,0.07832820724048005,0.3851569579979435,0.046812749003984064,0.06382978723404255,0.8099486420432069,0.07652030857763047,0.5020357990778193,6.1556871457695435,0.3310018030459569,1.7392329170892538,annulus,nan,nan,4.5467791834464615,22.336967071177526,6.485310751795035,23.723520004082495,4.716968079979099,4.5467791834464615,22.336967071177526,6.485310751795035,23.723520004082495,4.716968079979099,22.733458324345058,22.733458324345058,0.2,0.2772708136676063,0.8963228796293641,0.4807760259595193,32.41734991788105,13.385692895897462,ccpfm_flux,0,1004,101,0.2151394422310757,6.1556871457695435,0.3633667084821355,1.7459695408810607,0.953187250996016,0.2225705329153605,4.937289908097734,0.07832820724048005,0.3851569579979435,0.046812749003984064,0.06382978723404255,6.1556871457695435,0.3310018030459569,1.7392329170892538,1.0,0.2151394422310757,smooth_variable,0,8105,0.00046298799861688167,0.08950095900218002,5,False
nan,nan,nan,0.0,nan,0.04330911999568343,0.0,5.851515816191095,0.3272819629386136,1.7776558574302808,0.9349056603773584,0.2250252270433905,0.036936436998075806,12.26346513956813,3.356109834484755e-11,1.7574539246686972e-10,5.808602391176536,0.056219113082970465,1.970104913829364,0.06509433962264151,0.13043478260869565,0.9138237239904277,0.07038499512262048,0.5197025217345245,5.851515816191095,0.29253094834486626,1.788250889998338,annulus,nan,nan,4.8518161479190285,21.77219751197044,6.053718549021981,24.275806910262624,4.851816147919045,4.8518161479190285,21.77219751197044,6.053718549021981,24.275806910262624,4.851816147919045,22.733458324344923,22.733458324344923,0.2,0.24816648120850748,0.8897634249886739,0.4509174285559783,32.272655501884415,12.2030764529331,ccpfm_flux,0,1060,104,0.2188679245283019,5.851515816191095,0.3272819629386136,1.7776558574302808,0.9349056603773584,0.2250252270433905,5.808602391176536,0.056219113082970465,1.970104913829364,0.06509433962264151,0.13043478260869565,5.851515816191095,0.29253094834486626,1.788250889998338,1.0,0.2188679245283019,smooth_variable,0,8106,0.0004883610090473667,0.0807339180028066,6,False
,,,,,0.036808516990276985,,,,,,,0.06123220600420609,16.63311247157865,,,,,,,,,,,,,,annulus,,,,,,,,,,,,,,,0.2,0.6738175068226488,,2.8292942553868743,17.853217930817724,11.129121502290989,wls_strong,,,103,,,,,,,,,,,,,,,,,smooth_variable,,8107,0.00048127700574696064,0.09852200000023004,7,False
nan,nan,nan,0.0,nan,0.036763932002941146,0.0,7.156778299821004,0.37244779555156793,2.020226974223528,0.9436485195797517,0.23684210526315788,0.05105646699666977,10.767041473334194,3.988080699013352e-11,2.0600971924609248e-10,2.7114848301932293,0.056418172085357966,0.4006400757156297,0.05635148042024833,0.03389830508474576,0.9290692808941362,0.08687207541096333,0.5364494243561989,7.156778299821004,0.3191513387686828,1.9304493254168968,annulus,nan,nan,4.806360568229147,22.73345986658959,6.695885529618633,25.38338796664565,4.851816147919029,4.806360568229147,22.73345986658959,6.695885529618633,25.38338796664565,4.851816147919029,22.73346165072991,22.73346165072991,0.2,0.2567640948388284,0.9019720147590243,0.5024905891958098,32.79689055338555,12.65509472181992,ccpfm_flux,0,1047,103,0.22540592168099333,7.156778299821004,0.37244779555156793,2.020226974223528,0.9436485195797517,0.23684210526315788,2.7114848301932293,0.056418172085357966,0.4006400757156297,0.05635148042024833,0.03389830508474576,7.156778299821004,0.3191513387686828,1.9304493254168968,1.0,0.22540592168099333,smooth_variable,0,8107,0.00031319199479185045,0.08813359099440277,7,False
,,,,,0.03559114100062288,,,,,,,0.05776039700140245,15.968369705465683,,,,,,,,,,,,,,annulus,,,,,,,,,,,,,,,0.2,0.695881324173117,,2.932192784241847,17.889391477053675,11.314311913385804,wls_strong,,,100,,,,,,,,,,,,,,,,,smooth_variable,,8108,0.00044825598888564855,0.09379979399091098,8,False
nan,nan,nan,0.0,nan,0.056171856995206326,0.0,6.788948642068683,0.38461700968782353,1.803875889879366,0.9483430799220273,0.22713257965056527,0.03427549099433236,9.111732932877958,3.703662214155773e-11,1.8833193331346064e-10,4.4493240608963855,0.04913546293682804,0.758804873785029,0.05165692007797271,0.09433962264150944,0.8460585293398646,0.0841881875698554,0.49037362018919556,6.788948642068683,0.35510873124786324,1.8036912765797695,annulus,nan,nan,4.2478569723689645,22.73345832434508,5.504877106836,23.584211366359373,4.379940641372686,4.2478569723689645,22.73345832434508,5.504877106836,23.584211366359373,4.379940641372686,22.73345909546719,22.73345909546719,0.2,0.28398216459145925,0.9165672398137563,0.5010832874381164,33.73128678969009,13.473180777882545,ccpfm_flux,0,1026,100,0.2202729044834308,6.788948642068683,0.38461700968782353,1.803875889879366,0.9483430799220273,0.22713257965056527,4.4493240608963855,0.04913546293682804,0.758804873785029,0.05165692007797271,0.09433962264150944,6.788948642068683,0.35510873124786324,1.8036912765797695,1.0,0.2202729044834308,smooth_variable,0,8108,0.0004851460107602179,0.0909324940002989,8,False
,,,,,0.026015929994173348,,,,,,,0.03483864299778361,18.196739954845274,,,,,,,,,,,,,,annulus,,,,,,,,,,,,,,,0.2,0.6605337972350399,,2.3236795964106056,17.895640576357728,11.627998093490742,wls_strong,,,104,,,,,,,,,,,,,,,,,smooth_variable,,8109,0.00033567599894013256,0.06119024899089709,9,False
nan,nan,nan,0.0,nan,0.048561823001364246,0.0,5.686611299971952,0.3639030881590341,1.854448416181521,0.9428838951310862,0.24329692154915591,0.03214018599828705,12.482166795470262,3.5127692421532686e-11,1.6736411918759452e-10,2.402923896408429,0.04893017767124761,0.2862760996296692,0.05711610486891386,0.01639344262295082,0.8380749921291266,0.07922905286026392,0.5165745821203704,5.686611299971952,0.32874760095420186,1.8014463320417864,annulus,nan,nan,4.691295386155562,22.733459866589705,6.821077582898845,25.563165941744614,4.8518161479190285,4.691295386155562,22.733459866589705,6.821077582898845,25.563165941744614,4.8518161479190285,22.733461983424185,22.733461983424185,0.2,0.2590601508516904,0.8862958639679057,0.5054832365908043,31.79229989616788,12.86607302245273,ccpfm_flux,0,1068,104,0.2303370786516854,5.686611299971952,0.3639030881590341,1.854448416181521,0.9428838951310862,0.24329692154915591,2.402923896408429,0.04893017767124761,0.2862760996296692,0.05711610486891386,0.01639344262295082,5.686611299971952,0.32874760095420186,1.8014463320417864,1.0,0.2303370786516854,smooth_variable,0,8109,0.00039944400487001985,0.08110145300452132,9,False
,,,,,0.032869442002265714,,,,,,,0.06846160600252915,37.759894216150165,,,,,,,,,,,,,,annulus,,,,,,,,,,,,,,,0.16,0.9456789703569312,,4.581848742228689,19.86585512818952,9.688446624307685,wls_strong,,,143,,,,,,,,,,,,,,,,,smooth_variable,,8101,0.0004441099881660193,0.10177515799296089,1,False
,,,,,0.042743209007312544,,,,,,,0.07988332900276873,39.55095216337065,,,,,,,,,,,,,,annulus,,,,,,,,,,,,,,,0.16,0.879466221651046,,5.812219402004544,19.740390556937793,10.149035524498782,wls_strong,,,141,,,,,,,,,,,,,,,,,smooth_variable,,8100,0.0005977879918646067,0.12322432600194588,0,False
nan,nan,nan,0.0,nan,0.06439929599582683,0.0,5.579631317789018,0.5159609290840645,2.189417761694238,0.9054696789536266,0.3118844386080105,0.09017767799377907,33.754889122040915,5.6623860981985796e-11,3.3897725186848024e-10,1.1088029760369136,0.03701563350833265,0.3731884897984352,0.09453032104637336,0.006289308176100629,0.8538093774608382,0.09540593563566215,0.5793440279342913,5.579631317789018,0.43011560481805095,2.1078423045247825,annulus,nan,nan,5.587228833180589,23.36482734925067,9.319467302858754,33.51105963322354,5.9337228017248975,5.587228833180589,23.36482734925067,9.319467302858754,33.51105963322354,5.9337228017248975,27.053556070015766,27.053556070015766,0.16,0.21829049535297002,0.806577960023698,0.38484410505120503,29.626588889554085,10.68062168095232,ccpfm_flux,0,1682,141,0.28299643281807374,5.579631317789018,0.5159609290840645,2.189417761694238,0.9054696789536266,0.3118844386080105,1.1088029760369136,0.03701563350833265,0.3731884897984352,0.09453032104637336,0.006289308176100629,5.579631317789018,0.43011560481805095,2.1078423045247825,1.0,0.28299643281807374,smooth_variable,0,8100,0.000813404010841623,0.15539037800044753,0,False
nan,nan,nan,0.0,nan,0.0812330059998203,0.0,5.223171973892003,0.5204224373343265,2.244342092116617,0.8994739918176505,0.31773879142300193,0.05057555899838917,32.32492200242199,5.872923935362762e-11,3.50497926028684e-10,1.6988008547166618,0.02520039209773456,0.5380455510321992,0.1005260081823495,0.01744186046511628,0.7817805971262022,0.0983551374810876,0.5855694395557139,5.223171973892003,0.4402982509101018,2.138599448249689,annulus,nan,nan,5.837247621662762,21.866847536516175,10.62858443968733,38.57159758725679,6.049230533466276,5.837247621662762,21.866847536516175,10.62858443968733,38.57159758725679,6.049230533466276,29.59686420023846,29.59686420023846,0.16,0.22138630587054595,0.7997796906828781,0.42126768760145294,27.42677320985016,10.010742198629579,ccpfm_flux,0,1711,143,0.2875511396843951,5.223171973892003,0.5204224373343265,2.244342092116617,0.8994739918176505,0.31773879142300193,1.6988008547166618,0.02520039209773456,0.5380455510321992,0.1005260081823495,0.01744186046511628,5.223171973892003,0.4402982509101018,2.138599448249689,1.0,0.2875511396843951,smooth_variable,0,8101,0.0008191170054487884,0.13262768200365826,1,False
,,,,,0.04006478100200184,,,,,,,0.06703110900707543,50.714486131974574,,,,,,,,,,,,,,annulus,,,,,,,,,,,,,,,0.16,1.0338150176795546,,4.896228433336512,19.854522853121185,10.471727832303014,wls_strong,,,142,,,,,,,,,,,,,,,,,smooth_variable,,8102,0.00041529299051035196,0.10751118299958762,2,False
nan,nan,nan,0.0,nan,0.06179655699816067,0.0,7.030975394406064,0.5325601661957086,2.2132177652469993,0.8879668049792531,0.32710280373831774,0.07744323500082828,32.314807272877665,7.554355925531997e-11,3.921368280486203e-10,2.330282109518751,0.04359784134420117,0.47057507264910603,0.11203319502074689,0.031746031746031744,0.7662213625497782,0.10219678902051266,0.5929721555129931,7.030975394406064,0.438789933171624,2.1164982215020696,annulus,nan,nan,5.772865010332588,22.577614418649308,9.913283826589788,37.58457635143805,6.155028551149095,5.772865010332588,22.577614418649308,9.913283826589788,37.58457635143805,6.155028551149095,27.882898784625812,27.882898784625812,0.16,0.21852438722533624,0.7929335564381121,0.45578491703302837,29.727053757556664,10.71870669510815,ccpfm_flux,0,1687,142,0.2940130409010077,7.030975394406064,0.5325601661957086,2.2132177652469993,0.8879668049792531,0.32710280373831774,2.330282109518751,0.04359784134420117,0.47057507264910603,0.11203319502074689,0.031746031746031744,7.030975394406064,0.438789933171624,2.1164982215020696,1.0,0.2940130409010077,smooth_variable,0,8102,0.0005218970036366954,0.13976168900262564,2,False
,,,,,0.045525063993409276,,,,,,,0.06065782099904027,30.45198647559414,,,,,,,,,,,,,,annulus,,,,,,,,,,,,,,,0.16,0.946956997523298,,5.408817197042277,19.759669382659283,10.273378736061641,wls_strong,,,145,,,,,,,,,,,,,,,,,smooth_variable,,8103,0.000471887004096061,0.1066547719965456,3,False
nan,nan,nan,0.0,nan,0.07886848799535073,0.0,5.66738416929144,0.5293875848548684,2.228571614143884,0.8796296296296297,0.3394736842105263,0.0592390709934989,37.609969314943456,9.213910450583951e-11,4.0618757234962426e-10,2.800855568494728,0.0492809537793652,0.7047069155662418,0.12037037037037036,0.0625,0.7722420416480316,0.10077895638229054,0.596990470289821,5.66738416929144,0.4123961701418597,2.1601093910320044,annulus,nan,nan,5.9207090872500405,25.0461037568241,10.273447659365669,37.54017914030246,6.209483646376674,5.9207090872500405,25.0461037568241,10.273447659365669,37.54017914030246,6.209483646376674,30.744972876443235,30.744972876443235,0.16,0.21346582527961222,0.8031209609171299,0.39617716990283636,28.877798537253458,10.401050243740668,ccpfm_flux,0,1728,145,0.30613425925925924,5.66738416929144,0.5293875848548684,2.228571614143884,0.8796296296296297,0.3394736842105263,2.800855568494728,0.0492809537793652,0.7047069155662418,0.12037037037037036,0.0625,5.66738416929144,0.4123961701418597,2.1601093910320044,1.0,0.30613425925925924,smooth_variable,0,8103,0.0005485830042744055,0.13865614199312404,3,False
,,,,,0.047977846988942474,,,,,,,0.05971232400042936,27.98824418603114,,,,,,,,,,,,,,annulus,,,,,,,,,,,,,,,0.16,0.7868283044367449,,2.9150443942251183,19.55737711705381,9.968795937654914,wls_strong,,,144,,,,,,,,,,,,,,,,,smooth_variable,,8104,0.0007446689996868372,0.10843483998905867,4,False
nan,nan,nan,0.0,nan,0.0723338980023982,0.0,6.026372200638112,0.5739058050660363,2.268262162004393,0.8834212067955477,0.3448275862068966,0.058894825997413136,38.10818823903612,8.618235205343217e-11,4.454045620652712e-10,1.4142383159862297,0.04244800809948009,0.5637823404575131,0.11657879320445226,0.02512562814070352,0.776760391377792,0.11161888049891765,0.6018774506416217,6.026372200638112,0.4721318948176189,2.14195548555239,annulus,nan,nan,5.986163831494948,23.884797842377886,9.741040050233762,37.55035446977715,6.209483842252046,5.986163831494948,23.884797842377886,9.741040050233762,37.55035446977715,6.209483842252046,29.278059861968416,29.278059861968416,0.16,0.21100225613417797,0.8152510104719697,0.36989933035711986,27.8399344793978,10.488505982336022,ccpfm_flux,0,1707,144,0.30755711775043937,6.026372200638112,0.5739058050660363,2.268262162004393,0.8834212067955477,0.3448275862068966,1.4142383159862297,0.04244800809948009,0.5637823404575131,0.11657879320445226,0.02512562814070352,6.026372200638112,0.4721318948176189,2.14195548555239,1.0,0.30755711775043937,smooth_variable,0,8104,0.0007397329900413752,0.1319684569898527,4,False
,,,,,0.03896287399402354,,,,,,,0.07356294800410978,34.974267298926186,,,,,,,,,,,,,,annulus,,,,,,,,,,,,,,,0.16,0.8847788047422136,,5.167965067497119,19.760760645528432,10.337896796175837,wls_strong,,,144,,,,,,,,,,,,,,,,,smooth_variable,,8105,0.0006005690083838999,0.11312639100651722,5,False
,,,,,0.043613021000055596,,,,,,,0.06518900400260463,43.559246546995794,,,,,,,,,,,,,,annulus,,,,,,,,,,,,,,,0.16,0.7667714842604837,,4.442424749202646,20.07504894853332,9.905394119827127,wls_strong,,,146,,,,,,,,,,,,,,,,,smooth_variable,,8106,0.0007856160082155839,0.10958764101087581,6,False
nan,nan,nan,0.0,nan,0.06214967501000501,0.0,5.090003268617076,0.5138638442260264,2.2675716147667995,0.9008746355685131,0.3307443365695793,0.07010638099745847,33.003323040404105,7.226530745335635e-11,4.150729103395921e-10,1.6034268069103355,0.02960037341747012,0.4227971615338146,0.09912536443148688,0.023529411764705882,0.7410192400357951,0.10260321858306663,0.5947029514116915,5.090003268617076,0.4353951404304968,2.197561313601712,annulus,nan,nan,5.8433649839550785,24.27351788124294,10.487798344699858,36.880313265162634,6.209483365021589,5.8433649839550785,24.27351788124294,10.487798344699858,36.880313265162634,6.209483365021589,29.68752231433236,29.68752231433236,0.16,0.21028032543918684,0.812803407463618,0.4062535847151094,28.899435499840315,10.25065030873209,ccpfm_flux,0,1715,144,0.30029154518950435,5.090003268617076,0.5138638442260264,2.2675716147667995,0.9008746355685131,0.3307443365695793,1.6034268069103355,0.02960037341747012,0.4227971615338146,0.09912536443148688,0.023529411764705882,5.090003268617076,0.4353951404304968,2.197561313601712,1.0,0.30029154518950435,smooth_variable,0,8105,0.0006697240023640916,0.13292578000982758,5,False
,,,,,0.04858871399483178,,,,,,,0.06540198600851,45.60725943711256,,,,,,,,,,,,,,annulus,,,,,,,,,,,,,,,0.16,1.0193958615570915,,5.9829673426617465,19.874378846978928,9.936752845008858,wls_strong,,,142,,,,,,,,,,,,,,,,,smooth_variable,,8107,0.0006852649967186153,0.11467596500006039,7,False
nan,nan,nan,0.0,nan,0.08320665000064764,0.0,5.03235929887088,0.517024689857323,2.2484275565626644,0.8867605633802816,0.32719186785260485,0.07443554300698452,35.71788820931054,7.540831023847283e-11,3.91413622230241e-10,1.52747351606793,0.028998510806461673,0.5649039145912742,0.1132394366197183,0.03482587064676617,0.746224873332064,0.09980577211786967,0.5893818322724144,5.03235929887088,0.41814863252963463,2.1419521504032835,annulus,nan,nan,6.005571847396834,23.95961563404143,10.264509584843124,39.188804489907376,6.209483842252046,6.005571847396834,23.95961563404143,10.264509584843124,39.188804489907376,6.209483842252046,29.553224358977296,29.553224358977296,0.16,0.21961395435556264,0.8144603215512983,0.4317208066857,29.71062917097217,10.122667297551523,ccpfm_flux,0,1775,146,0.29408450704225353,5.03235929887088,0.517024689857323,2.2484275565626644,0.8867605633802816,0.32719186785260485,1.52747351606793,0.028998510806461673,0.5649039145912742,0.1132394366197183,0.03482587064676617,5.03235929887088,0.41814863252963463,2.1419521504032835,1.0,0.29408450704225353,smooth_variable,0,8106,0.0008713719871593639,0.15851356499479152,6,False
,,,,,0.04448770699673332,,,,,,,0.07416024299163837,41.06022532951198,,,,,,,,,,,,,,annulus,,,,,,,,,,,,,,,0.16,0.838663376137317,,4.27456798423365,19.791440411995033,10.401500144249543,wls_strong,,,146,,,,,,,,,,,,,,,,,smooth_variable,,8108,0.0005202169995754957,0.11916816698794719,8,False
nan,nan,nan,0.0,nan,0.06275156799529213,0.0,5.6388166839527605,0.5186612253322221,2.234900835157267,0.8873576992210904,0.31397704253882514,0.06819303600059357,32.39123013202249,6.124767880366644e-11,3.8009794196350306e-10,2.76902979066407,0.04238402061661867,0.46952136951496687,0.11264230077890952,0.05851063829787234,0.7248319288655645,0.09998792791667616,0.5871760189851144,5.6388166839527605,0.42750964421202686,2.0986412435596016,annulus,nan,nan,5.880484082255886,21.941676261769164,9.363978584391788,35.00444686316809,6.185070720163423,5.880484082255886,21.941676261769164,9.363978584391788,35.00444686316809,6.185070720163423,29.1488896996374,29.1488896996374,0.16,0.21201388979513094,0.804416470856471,0.41748002746932844,29.313208043720476,9.959191783853022,ccpfm_flux,0,1669,142,0.2852007189934092,5.6388166839527605,0.5186612253322221,2.234900835157267,0.8873576992210904,0.31397704253882514,2.76902979066407,0.04238402061661867,0.46952136951496687,0.11264230077890952,0.05851063829787234,5.6388166839527605,0.42750964421202686,2.0986412435596016,1.0,0.2852007189934092,smooth_variable,0,8107,0.0009321999968960881,0.1318768039927818,7,False
,,,,,0.03388988599181175,,,,,,,0.0760738550015958,56.319079712360725,,,,,,,,,,,,,,annulus,,,,,,,,,,,,,,,0.16,0.8098108946940664,,3.319406285932765,20.02389979093666,10.428083148658638,wls_strong,,,143,,,,,,,,,,,,,,,,,smooth_variable,,8109,0.0005230960086919367,0.11048683700209949,9,False
nan,nan,nan,0.0,nan,0.05099492699082475,0.0,6.317321569673532,0.5383340270851631,2.125943444742523,0.901591043017089,0.32679738562091504,0.06284272299672011,29.933044639172216,9.056204224033859e-11,4.1426873473059333e-10,1.841670743024123,0.03828648618911088,0.5392985992250835,0.09840895698291102,0.041916167664670656,0.7538239378141145,0.10403170000562291,0.5934237425254487,6.317321569673532,0.45520416957631227,2.06559418002288,annulus,nan,nan,5.870178269787049,24.43055183421361,9.427959618814278,41.129562812631036,6.209483592816705,5.870178269787049,24.43055183421361,9.427959618814278,41.129562812631036,6.209483592816705,29.923786725844636,29.923786725844636,0.16,0.21373417424601351,0.8187355465957309,0.38827620186668244,28.96026379979008,10.74549769748332,ccpfm_flux,0,1697,143,0.29876252209781967,6.317321569673532,0.5383340270851631,2.125943444742523,0.901591043017089,0.32679738562091504,1.841670743024123,0.03828648618911088,0.5392985992250835,0.09840895698291102,0.041916167664670656,6.317321569673532,0.45520416957631227,2.06559418002288,1.0,0.29876252209781967,smooth_variable,0,8109,0.000537204003194347,0.11437485399073921,9,False
nan,nan,nan,0.0,nan,0.08710331399925053,0.0,4.913388143598701,0.5214997157668481,2.189339292125025,0.9081172491544532,0.33581626319056485,0.09125014200981241,33.16943904468528,8.858551869481146e-11,4.1486499138689367e-10,1.6553577938620931,0.02958712802988123,0.5958129997529611,0.09188275084554678,0.04294478527607362,0.8183564449712407,0.10909906326219534,0.5922061450459253,4.913388143598701,0.4337782983572983,2.0976878476461183,annulus,nan,nan,5.9152412614615,27.222193681097792,10.040976999871338,37.380518542582294,6.209483567780002,5.9152412614615,27.222193681097792,10.040976999871338,37.380518542582294,6.209483567780002,31.80901554799541,31.80901554799541,0.16,0.20529769874004847,0.8191367304404678,0.4394918369647881,27.99873473770301,10.32864624444504,ccpfm_flux,0,1774,146,0.3089064261555806,4.913388143598701,0.5214997157668481,2.189339292125025,0.9081172491544532,0.33581626319056485,1.6553577938620931,0.02958712802988123,0.5958129997529611,0.09188275084554678,0.04294478527607362,4.913388143598701,0.4337782983572983,2.0976878476461183,1.0,0.3089064261555806,smooth_variable,0,8108,0.0008164969913195819,0.17916995300038252,8,False
,,,,,0.08691837600781582,,,,,,,0.13217023000470363,42.21647579993466,,,,,,,,,,,,,,annulus,,,,,,,,,,,,,,,0.125,0.1716488118986885,,0.6398628558334458,19.946103541509263,9.78445665076202,wls_strong,,,206,,,,,,,,,,,,,,,,,smooth_variable,,8100,0.0011011419992428273,0.22018974801176228,0,False
,,,,,0.06976032600505278,,,,,,,0.09306609799386933,36.3664346279162,,,,,,,,,,,,,,annulus,,,,,,,,,,,,,,,0.125,0.16497905157487766,,0.8606416483187657,21.267180977552965,9.591872093507654,wls_strong,,,213,,,,,,,,,,,,,,,,,smooth_variable,,8101,0.0009048270003404468,0.16373125099926256,1,False
nan,nan,nan,0.0,nan,0.08772021099866834,0.0,4.56432513128325,0.650335209645803,2.4025449248064668,0.794344473007712,0.39528432732316227,0.10090499199577607,111.75848683376424,1.9174020205771358e-10,9.615490867146948e-10,2.7787859251660407,0.16797376286754967,1.228327793076695,0.20565552699228792,0.15714285714285714,0.9731116669598441,0.13859219296147357,0.6185272713670845,4.56432513128325,0.5124391070117151,2.2217308385857564,annulus,nan,nan,8.913676004163525,40.334053866682005,13.131722638205957,54.31010255563038,9.667540139833404,8.913676004163525,40.334053866682005,13.131722638205957,54.31010255563038,9.667540139833404,47.69775804760302,47.69775804760302,0.125,0.17726852319204964,0.8364759721600984,0.3586127340369375,25.2455138192778,10.705960519724526,ccpfm_flux,0,2723,213,0.3463092177745134,4.56432513128325,0.650335209645803,2.4025449248064668,0.794344473007712,0.39528432732316227,2.7787859251660407,0.16797376286754967,1.228327793076695,0.20565552699228792,0.15714285714285714,4.56432513128325,0.5124391070117151,2.2217308385857564,1.0,0.3463092177745134,smooth_variable,0,8101,0.0010449499968672171,0.18967015299131162,1,False
nan,nan,nan,0.0,nan,0.1345383599982597,0.0,5.531370824488511,0.6604778597154475,2.333435104572646,0.7780821917808219,0.4039235412474849,0.125787589000538,120.06374725322148,1.4609926116126992e-10,8.435193513978896e-10,2.2933561819477846,0.1864039172617639,1.332435430601672,0.2219178082191781,0.1763668430335097,0.8474749376210492,0.143310067698241,0.6204221717488281,5.531370824488511,0.5302668842186332,2.167725114815607,annulus,nan,nan,8.785550340919722,33.89129336987044,13.08539196439269,54.12768639118754,9.534800741767446,8.785550340919722,33.89129336987044,13.08539196439269,54.12768639118754,9.534800741767446,44.35206984525753,44.35206984525753,0.125,0.1760820755180312,0.8155459831027956,0.34203665574966013,25.542529974762306,10.66758658717374,ccpfm_flux,0,2555,206,0.35342465753424657,5.531370824488511,0.6604778597154475,2.333435104572646,0.7780821917808219,0.4039235412474849,2.2933561819477846,0.1864039172617639,1.332435430601672,0.2219178082191781,0.1763668430335097,5.531370824488511,0.5302668842186332,2.167725114815607,1.0,0.35342465753424657,smooth_variable,0,8100,0.0008500380063196644,0.26117598700511735,0,False
,,,,,0.09222597698681056,,,,,,,0.13879035800346173,35.04728917011685,,,,,,,,,,,,,,annulus,,,,,,,,,,,,,,,0.125,0.16754065247984687,,0.9208033456043605,21.025237190489417,9.653153972537265,wls_strong,,,211,,,,,,,,,,,,,,,,,smooth_variable,,8102,0.0011155440006405115,0.2321318789909128,2,False
,,,,,0.07198035200417507,,,,,,,0.09243258398782928,47.29155976717516,,,,,,,,,,,,,,annulus,,,,,,,,,,,,,,,0.125,0.18697339814208064,,0.8485899889751867,21.509308883733347,9.597635817075687,wls_strong,,,208,,,,,,,,,,,,,,,,,smooth_variable,,8103,0.0010216369992122054,0.16543457299121656,3,False
nan,nan,nan,0.0,nan,0.10528325400082394,0.0,4.13870369481869,0.6793464762808434,2.410449124215751,0.7931163486719043,0.394811320754717,0.09384255000622943,117.12956539119277,1.503346275591455e-10,9.644437457995611e-10,2.2391851305284676,0.16722119663517102,1.2442017691373666,0.20688365132809577,0.1717902350813743,0.7920930991671562,0.1407529850219947,0.6186450167850476,4.13870369481869,0.5317451213725356,2.207409143226074,annulus,nan,nan,8.821818757291544,37.62763500153522,13.826114263846096,55.763384179896114,9.61028937206753,8.821818757291544,37.62763500153522,13.826114263846096,55.763384179896114,9.61028937206753,45.421589545951846,45.421589545951846,0.125,0.17016812109151816,0.8246880239543,0.35228582156831356,24.88045020370837,10.458171651086209,ccpfm_flux,0,2673,211,0.3486719042274598,4.13870369481869,0.6793464762808434,2.410449124215751,0.7931163486719043,0.394811320754717,2.2391851305284676,0.16722119663517102,1.2442017691373666,0.20688365132809577,0.1717902350813743,4.13870369481869,0.5317451213725356,2.207409143226074,1.0,0.3486719042274598,smooth_variable,0,8102,0.00135795799724292,0.2004837620042963,2,False
nan,nan,nan,0.0,nan,0.07957034900027793,0.0,4.296922877805607,0.6872492578823588,2.3683695216547638,0.7856868026163909,0.3981390793339863,0.14209356099308934,101.58337258439369,1.933876635218379e-10,8.988726820453482e-10,2.0727858376897963,0.1866743806564505,1.2824007774154667,0.21431319738360907,0.18491921005385997,0.8255911606253634,0.14797351488304894,0.6235511546232823,4.296922877805607,0.5305333364230852,2.1692161534014196,annulus,nan,nan,8.837893942572178,36.394221424831116,13.026495638851873,51.87024156792431,9.460743499947748,8.837893942572178,36.394221424831116,13.026495638851873,51.87024156792431,9.460743499947748,44.58072428977638,44.58072428977638,0.125,0.1525664017438077,0.8220716231956995,0.3053025728074765,25.006774770587217,10.511309951827643,ccpfm_flux,0,2599,208,0.35244324740284727,4.296922877805607,0.6872492578823588,2.3683695216547638,0.7856868026163909,0.3981390793339863,2.0727858376897963,0.1866743806564505,1.2824007774154667,0.21431319738360907,0.18491921005385997,4.296922877805607,0.5305333364230852,2.1692161534014196,1.0,0.35244324740284727,smooth_variable,0,8103,0.0008135870011756197,0.2224774969945429,3,False
,,,,,0.06570785600342788,,,,,,,0.09602429800725076,62.82579314202201,,,,,,,,,,,,,,annulus,,,,,,,,,,,,,,,0.125,0.19981086359491418,,1.8744319916885517,21.465270320597675,9.914237297314315,wls_strong,,,209,,,,,,,,,,,,,,,,,smooth_variable,,8104,0.0010552979947533458,0.162787452005432,4,False
nan,nan,nan,0.0,nan,0.10756375099299476,0.0,5.028267256222726,0.6818075191817458,2.3996211941162007,0.7890714558654949,0.40484261501210655,0.10706097500224132,114.89886479617404,1.6859711803735022e-10,9.494782866385997e-10,2.1956226246439527,0.16482432423654572,1.243936908007047,0.21092854413450515,0.16847826086956522,0.8199912348976517,0.1423504115515294,0.6217186599033958,5.028267256222726,0.5277062641257957,2.236425416574838,annulus,nan,nan,8.90224512668185,37.97110466384549,12.681701095763358,53.48217809558048,9.608759571434396,8.90224512668185,37.97110466384549,12.681701095763358,53.48217809558048,9.608759571434396,46.948993517810614,46.948993517810614,0.125,0.1682784073678256,0.8195538305374702,0.35701978170529947,24.43819084320966,10.90053561443111,ccpfm_flux,0,2617,209,0.3549866259075277,5.028267256222726,0.6818075191817458,2.3996211941162007,0.7890714558654949,0.40484261501210655,2.1956226246439527,0.16482432423654572,1.243936908007047,0.21092854413450515,0.16847826086956522,5.028267256222726,0.5277062641257957,2.236425416574838,1.0,0.3549866259075277,smooth_variable,0,8104,0.001160084008006379,0.21578481000324246,4,False
,,,,,0.08826496299298014,,,,,,,0.1255841039965162,32.946808287946034,,,,,,,,,,,,,,annulus,,,,,,,,,,,,,,,0.125,0.15618436817860307,,0.556067048731238,20.990526645248284,9.73783043849523,wls_strong,,,211,,,,,,,,,,,,,,,,,smooth_variable,,8105,0.001023657008772716,0.21487272399826907,5,False
nan,nan,nan,0.0,nan,0.109603816003073,0.0,4.730225841169023,0.6864379696172533,2.3287015836610094,0.7788716395304809,0.403014098201264,0.1146009070071159,101.36926503800748,1.7262487446434438e-10,8.937783341935838e-10,2.2815192341913875,0.20681489477200693,1.3591105295675994,0.22112836046951911,0.1917808219178082,0.8240460281774991,0.1478179512295471,0.6204897336227967,4.730225841169023,0.537148483061715,2.1655614050890857,annulus,nan,nan,8.988310364627996,37.03289191524974,12.93805192434123,57.140138850755086,9.709808881699468,8.988310364627996,37.03289191524974,12.93805192434123,57.140138850755086,9.709808881699468,46.08675456034126,46.08675456034126,0.125,0.16854671272402666,0.8076317250901917,0.3217406306674334,24.795784776720073,10.554145229588137,ccpfm_flux,0,2641,211,0.35630443014009844,4.730225841169023,0.6864379696172533,2.3287015836610094,0.7788716395304809,0.403014098201264,2.2815192341913875,0.20681489477200693,1.3591105295675994,0.22112836046951911,0.1917808219178082,4.730225841169023,0.537148483061715,2.1655614050890857,1.0,0.35630443014009844,smooth_variable,0,8105,0.001332184998318553,0.22553690800850745,5,False
,,,,,0.06515963999845553,,,,,,,0.10003464200417511,43.141403977106215,,,,,,,,,,,,,,annulus,,,,,,,,,,,,,,,0.125,0.18749028958735292,,0.896468952460026,20.90051061019659,9.594439576875663,wls_strong,,,209,,,,,,,,,,,,,,,,,smooth_variable,,8106,0.0007693390070926398,0.16596362100972328,6,False
,,,,,0.06561182999575976,,,,,,,0.10277317000145558,55.256268356817635,,,,,,,,,,,,,,annulus,,,,,,,,,,,,,,,0.125,0.24941387718471758,,1.6115167267763841,22.455533280594242,9.320825886200637,wls_strong,,,211,,,,,,,,,,,,,,,,,smooth_variable,,8107,0.0011869610025314614,0.1695719609997468,7,False
nan,nan,nan,0.0,nan,0.09832277600071393,0.0,5.239690249895946,0.6749088318189909,2.361522800132196,0.7926038886770873,0.3944203944203944,0.10572549300559331,102.60516317787669,1.6508723554853333e-10,9.011064246151466e-10,2.197378877685552,0.19735117123465545,1.3103561502009906,0.2073961113229127,0.18382352941176472,0.7360128246400868,0.14250437056342294,0.6230680951386127,5.239690249895946,0.5409592683913492,2.1921536300337054,annulus,nan,nan,9.02962252006346,38.995249037307914,13.338953476005571,53.14718799812199,9.578208962763075,9.02962252006346,38.995249037307914,13.338953476005571,53.14718799812199,9.578208962763075,44.966006070498466,44.966006070498466,0.125,0.1672814566861543,0.8155468116486422,0.3194982816055798,25.19574996434785,10.92688020579894,ccpfm_flux,0,2623,209,0.35074342356080823,5.239690249895946,0.6749088318189909,2.361522800132196,0.7926038886770873,0.3944203944203944,2.197378877685552,0.19735117123465545,1.3103561502009906,0.2073961113229127,0.18382352941176472,5.239690249895946,0.5409592683913492,2.1921536300337054,1.0,0.35074342356080823,smooth_variable,0,8106,0.0008881829999154434,0.20493645200622268,6,False
,,,,,0.07740742099122144,,,,,,,0.12138459899870213,44.26452576304945,,,,,,,,,,,,,,annulus,,,,,,,,,,,,,,,0.125,0.18666838412224793,,0.856996680826891,20.62827004105459,9.64532354130648,wls_strong,,,208,,,,,,,,,,,,,,,,,smooth_variable,,8108,0.0010938019986497238,0.1998858219885733,8,False
nan,nan,nan,0.0,nan,0.12885456898948178,0.0,5.002804124693941,0.6770369630344233,2.4050477937529084,0.7747169811320754,0.41061860691670726,0.13245508300315123,125.56561093429684,1.7391522770526802e-10,9.159468187289865e-10,2.4928426887450157,0.19418348695901888,1.303467209566627,0.22528301886792454,0.1624790619765494,0.9259447169696391,0.1464296951811765,0.6203581837216879,5.002804124693941,0.5396810543258059,2.2108771315445317,annulus,nan,nan,8.937812680471751,36.13949734149699,12.989830433105105,55.16738749841194,9.659147545738834,8.937812680471751,36.13949734149699,12.989830433105105,55.16738749841194,9.659147545738834,47.31769927218703,47.31769927218703,0.125,0.16607664923898297,0.8302858436399865,0.3439038710719423,26.487002207539117,10.424713903281688,ccpfm_flux,0,2650,211,0.35471698113207545,5.002804124693941,0.6770369630344233,2.4050477937529084,0.7747169811320754,0.41061860691670726,2.4928426887450157,0.19418348695901888,1.303467209566627,0.22528301886792454,0.1624790619765494,5.002804124693941,0.5396810543258059,2.2108771315445317,1.0,0.35471698113207545,smooth_variable,0,8107,0.0014232000103220344,0.26273285200295504,7,False
,,,,,0.0566359890071908,,,,,,,0.09022050499334,90.46022138627599,,,,,,,,,,,,,,annulus,,,,,,,,,,,,,,,0.125,0.20482216302661024,,0.8653360814055465,22.647635975124665,9.5953615216134,wls_strong,,,204,,,,,,,,,,,,,,,,,smooth_variable,,8109,0.0007967309938976541,0.14765322499442846,9,False
nan,nan,nan,0.0,nan,0.08420939699863084,0.0,4.8496656145572645,0.6687144093770302,2.374291247091871,0.788312693498452,0.4074619538537064,0.08662213700881694,122.05808058366586,1.4930989257477822e-10,9.719894550852997e-10,2.358128923617805,0.1854661660113045,1.178814689395334,0.211687306501548,0.15173674588665448,0.8024616727408318,0.14552750318671076,0.6242456009110853,4.8496656145572645,0.5184308101542592,2.1871056024802864,annulus,nan,nan,8.907288644119433,40.00136957657182,12.721741046316431,53.44927035631306,9.544667771033534,8.907288644119433,40.00136957657182,12.721741046316431,53.44927035631306,9.544667771033534,44.89923856424952,44.89923856424952,0.125,0.17663990253008455,0.8217528977646251,0.3325165326534595,24.51045358637467,10.551351302714542,ccpfm_flux,0,2584,208,0.35332817337461303,4.8496656145572645,0.6687144093770302,2.374291247091871,0.788312693498452,0.4074619538537064,2.358128923617805,0.1854661660113045,1.178814689395334,0.211687306501548,0.15173674588665448,4.8496656145572645,0.5184308101542592,2.1871056024802864,1.0,0.35332817337461303,smooth_variable,0,8108,0.0009270680020563304,0.1717586020095041,8,False
nan,nan,nan,0.0,nan,0.08640859700972214,0.0,4.232827720047684,0.6948897765283351,2.386396320519151,0.8003921568627451,0.3988241058304753,0.11901265299820807,97.76361002636685,1.4669905611455758e-10,8.428733515112461e-10,1.982684326360463,0.18637578016299786,1.1863257340980269,0.1996078431372549,0.16110019646365423,0.7850371016624771,0.13660839752828827,0.6184568867701598,4.232827720047684,0.5312581767830213,2.223490128150476,annulus,nan,nan,8.50444430383012,34.40380605503467,12.806941863790435,50.14846352465511,9.202448233067809,8.50444430383012,34.40380605503467,12.806941863790435,50.14846352465511,9.202448233067809,42.94467597850174,42.94467597850174,0.125,0.16937352927487254,0.8208277023077674,0.30870707096855443,25.45504033102344,10.617199660897152,ccpfm_flux,0,2550,204,0.35137254901960785,4.232827720047684,0.6948897765283351,2.386396320519151,0.8003921568627451,0.3988241058304753,1.982684326360463,0.18637578016299786,1.1863257340980269,0.1996078431372549,0.16110019646365423,4.232827720047684,0.5312581767830213,2.223490128150476,1.0,0.35137254901960785,smooth_variable,0,8109,0.0008003039984032512,0.20622155400633346,9,False
,,,,,0.09593477800081018,,,,,,,0.16372428499744274,53.999741496252376,,,,,,,,,,,,,,annulus,,,,,,,,,,,,,,,0.1,0.09945452762080335,,0.5633888665761846,20.992583118492817,9.264577536809242,wls_strong,,,298,,,,,,,,,,,,,,,,,smooth_variable,,8100,0.0018070299993269145,0.26146609299757984,0,False
,,,,,0.11497072399652097,,,,,,,0.1486433259997284,41.16925808294968,,,,,,,,,,,,,,annulus,,,,,,,,,,,,,,,0.1,0.0981330295702315,,0.3704486386926116,21.519069803184156,9.273255634545455,wls_strong,,,298,,,,,,,,,,,,,,,,,smooth_variable,,8101,0.001369802004774101,0.2649838520010235,1,False
nan,nan,nan,0.0,nan,0.17019576000166126,0.0,4.710728551040122,0.7045553933280778,2.2483905412718013,0.6707797322131793,0.40117416829745595,0.17588881599658635,163.6047694936219,2.472842390924268e-10,1.4473993539873958e-09,2.7509277816146653,0.2983810167583335,1.664384075377945,0.3292202677868207,0.2687400318979266,0.9249339289562195,0.14868741751140313,0.6222604202120757,4.710728551040122,0.5453774003567491,2.044684236469661,annulus,nan,nan,13.35580034977846,55.01560366147173,17.656505108266714,74.4932326923233,14.878222255155299,13.35580034977846,55.01560366147173,17.656505108266714,74.4932326923233,14.878222255155299,65.38835790741689,65.38835790741689,0.1,0.1319619257606208,0.8064742532693979,0.3289426029256791,26.354117562795054,9.607746091615178,ccpfm_flux,0,3809,298,0.3575741664478866,4.710728551040122,0.7045553933280778,2.2483905412718013,0.6707797322131793,0.40117416829745595,2.7509277816146653,0.2983810167583335,1.664384075377945,0.3292202677868207,0.2687400318979266,4.710728551040122,0.5453774003567491,2.044684236469661,1.0,0.3575741664478866,smooth_variable,0,8100,0.0016427770024165511,0.34772735300066415,0,False
nan,nan,nan,0.0,nan,0.19012406301044393,0.0,4.6560841712098675,0.6982661163690833,2.2590283518912284,0.6730366492146597,0.39984441851419683,0.1783071249956265,161.22265431449603,2.235977175982229e-10,1.464907754716241e-09,2.6790602190857835,0.2932353778397546,1.6417918668928186,0.32696335078534033,0.2658126501200961,0.9994809555408909,0.15094505476273762,0.62496632835067,4.6560841712098675,0.5500353585140241,2.0611033546790583,annulus,nan,nan,13.513427812966643,52.634787165382825,17.036374788630926,77.02918989150847,14.8269479916089,13.513427812966643,52.634787165382825,17.036374788630926,77.02918989150847,14.8269479916089,67.50141208117958,67.50141208117958,0.1,0.13237730935279513,0.8030212606216518,0.2653002327144639,26.287743396942837,9.68999497397763,ccpfm_flux,0,3820,298,0.35602094240837695,4.6560841712098675,0.6982661163690833,2.2590283518912284,0.6730366492146597,0.39984441851419683,2.6790602190857835,0.2932353778397546,1.6417918668928186,0.32696335078534033,0.2658126501200961,4.6560841712098675,0.5500353585140241,2.0611033546790583,1.0,0.35602094240837695,smooth_variable,0,8101,0.001543239995953627,0.36997442800202407,1,False
,,,,,0.12313817100948654,,,,,,,0.16707724299340043,37.137555159945094,,,,,,,,,,,,,,annulus,,,,,,,,,,,,,,,0.1,0.1209646366031945,,1.0381918482337675,21.446370533297614,9.243501291448508,wls_strong,,,302,,,,,,,,,,,,,,,,,smooth_variable,,8102,0.0012803259887732565,0.29149573999166023,2,False
,,,,,0.10078514501219615,,,,,,,0.14202167399344034,46.87300131449729,,,,,,,,,,,,,,annulus,,,,,,,,,,,,,,,0.1,0.1017462964772102,,0.5630250796938213,22.0974735236976,9.320122822848838,wls_strong,,,299,,,,,,,,,,,,,,,,,smooth_variable,,8103,0.0018138169980375096,0.244620636003674,3,False
nan,nan,nan,0.0,nan,0.2005165360023966,0.0,5.068634419689847,0.7218275135832037,2.2365167960473387,0.6639854696419305,0.39898397811645175,0.17755401899921708,164.23267484839127,2.9330892792681085e-10,1.639022106664967e-09,2.860888275024225,0.32071477215604866,1.6230799422012934,0.33601453035806955,0.27876447876447874,0.9975580706702502,0.15839588532235863,0.6279245301869345,5.068634419689847,0.5619462329162586,2.0468195074955413,annulus,nan,nan,13.877738678861345,52.02423068539602,17.753831983730706,77.10729952090988,15.1927938302532,13.877738678861345,52.02423068539602,17.753831983730706,77.10729952090988,15.1927938302532,68.40825370169378,68.40825370169378,0.1,0.12029840586893595,0.7951525959108581,0.295270787490451,24.900779517557652,9.708111267617047,ccpfm_flux,0,3854,302,0.35858847950181627,5.068634419689847,0.7218275135832037,2.2365167960473387,0.6639854696419305,0.39898397811645175,2.860888275024225,0.32071477215604866,1.6230799422012934,0.33601453035806955,0.27876447876447874,5.068634419689847,0.5619462329162586,2.0468195074955413,1.0,0.35858847950181627,smooth_variable,0,8102,0.0021799630048917606,0.38025051800650544,2,False
nan,nan,nan,0.0,nan,0.1491416479984764,0.0,4.5748609058945355,0.693253126704956,2.1993948495686033,0.6622830089426618,0.3943606036536934,0.16783669400319923,156.84144079410524,2.1946839723167855e-10,1.4194733171029022e-09,2.695493336626661,0.31772768253542166,1.6521642401135408,0.33771699105733827,0.26869158878504673,0.9305132243809983,0.1523752078128271,0.6248321200013639,4.5748609058945355,0.5401214433386741,2.020276086274552,annulus,nan,nan,13.576988363903023,53.40363175766872,17.39639525559565,78.37583068015643,15.157949746426024,13.576988363903023,53.40363175766872,17.39639525559565,78.37583068015643,15.157949746426024,67.34289871340644,67.34289871340644,0.1,0.12967559626713923,0.7958646791789088,0.26713690793603084,24.93129752215889,9.599806503791546,ccpfm_flux,0,3802,299,0.35192004208311417,4.5748609058945355,0.693253126704956,2.1993948495686033,0.6622830089426618,0.3943606036536934,2.695493336626661,0.31772768253542166,1.6521642401135408,0.33771699105733827,0.26869158878504673,4.5748609058945355,0.5401214433386741,2.020276086274552,1.0,0.35192004208311417,smooth_variable,0,8103,0.0015536499995505437,0.31853199200122617,3,False
,,,,,0.1291560230019968,,,,,,,0.16763434698805213,63.38058357741291,,,,,,,,,,,,,,annulus,,,,,,,,,,,,,,,0.1,0.10591926066164979,,0.5347214694152918,20.514527620781315,9.130208263411376,wls_strong,,,305,,,,,,,,,,,,,,,,,smooth_variable,,8104,0.0012634989980142564,0.2980538689880632,4,False
,,,,,0.11202859799959697,,,,,,,0.13287348400626797,47.58826086341784,,,,,,,,,,,,,,annulus,,,,,,,,,,,,,,,0.1,0.10236589301883893,,0.7890483375321888,22.003005243249945,9.262574545182687,wls_strong,,,299,,,,,,,,,,,,,,,,,smooth_variable,,8105,0.0012917139974888414,0.24619379600335378,5,False
nan,nan,nan,0.0,nan,0.16716496800654568,0.0,4.52860907693158,0.6880851496869734,2.210823211334489,0.6607096607096608,0.3994511956095649,0.20751035200373735,165.5333287630381,2.4703660634044916e-10,1.5418345052413067e-09,2.720273245542187,0.31569588142185245,1.6544857767929462,0.3392903392903393,0.26641221374045804,0.9066376227469863,0.15848227207960786,0.6285691053747485,4.52860907693158,0.5526940390431906,2.0419433389260684,annulus,nan,nan,14.176136000155626,59.844650929507125,18.196376076259693,78.3939734263342,15.41407555347276,14.176136000155626,59.844650929507125,18.196376076259693,78.3939734263342,15.41407555347276,71.25154452737074,71.25154452737074,0.1,0.11452199166330548,0.7946662393024139,0.26307426204751183,25.102714620403233,9.61107958101298,ccpfm_flux,0,3861,305,0.3543123543123543,4.52860907693158,0.6880851496869734,2.210823211334489,0.6607096607096608,0.3994511956095649,2.720273245542187,0.31569588142185245,1.6544857767929462,0.3392903392903393,0.26641221374045804,4.52860907693158,0.5526940390431906,2.0419433389260684,1.0,0.3543123543123543,smooth_variable,0,8104,0.0017545320006320253,0.37642985201091506,4,False
,,,,,0.09212580700113904,,,,,,,0.15485823700146284,51.831140865392065,,,,,,,,,,,,,,annulus,,,,,,,,,,,,,,,0.1,0.09580210506150345,,0.7275195458026659,21.574345568277195,9.253715509184463,wls_strong,,,305,,,,,,,,,,,,,,,,,smooth_variable,,8106,0.0013323939929250628,0.24831643799552694,6,False
nan,nan,nan,0.0,nan,0.14072577099432237,0.0,4.962847976946543,0.7018398551097635,2.216807395515745,0.6725130890052357,0.3962631374075516,0.18538235900632571,154.18679926921678,2.4855319191718905e-10,1.5608196818661809e-09,3.11053485412258,0.3132623190239508,1.6062415292638665,0.3274869109947644,0.27577937649880097,0.9282283092439014,0.15276693263541008,0.6264971018286732,4.962847976946543,0.5380317563783358,2.0547545217336904,annulus,nan,nan,13.729258558151999,55.52571381465571,17.410343224924727,72.82744708696062,15.050235100774973,13.729258558151999,55.52571381465571,17.410343224924727,72.82744708696062,15.050235100774973,66.72578393018316,66.72578393018316,0.1,0.11565923815613764,0.7927825907690369,0.2630355893220543,25.117904825963425,9.571686761417054,ccpfm_flux,0,3820,299,0.3568062827225131,4.962847976946543,0.7018398551097635,2.216807395515745,0.6725130890052357,0.3962631374075516,3.11053485412258,0.3132623190239508,1.6062415292638665,0.3274869109947644,0.27577937649880097,4.962847976946543,0.5380317563783358,2.0547545217336904,1.0,0.3568062827225131,smooth_variable,0,8105,0.0016531820001546293,0.3277613120008027,5,False
,,,,,0.12162270900444128,,,,,,,0.15717414299433585,49.731947402818044,,,,,,,,,,,,,,annulus,,,,,,,,,,,,,,,0.1,0.10149474313202887,,0.4901053408182732,20.26289251296625,9.333942279102494,wls_strong,,,305,,,,,,,,,,,,,,,,,smooth_variable,,8107,0.0014086400042288005,0.28020549200300593,7,False
nan,nan,nan,0.0,nan,0.1777211579901632,0.0,5.130463206728766,0.7300628852613075,2.187063148029866,0.6566125290023201,0.403219473890852,0.18232477900164668,165.42370412545986,2.3821823506853246e-10,1.6633470109980411e-09,2.6715547632070202,0.29283252963006956,1.6747143815374197,0.3433874709976798,0.28378378378378377,1.0885932863565733,0.15952042190869603,0.6284680910371022,5.130463206728766,0.5524366927781232,2.042390923451836,annulus,nan,nan,14.077831438587083,58.30476181131963,18.354674702973035,75.71003055810314,15.447706473527486,14.077831438587083,58.30476181131963,18.354674702973035,75.71003055810314,15.447706473527486,68.88081124907501,68.88081124907501,0.1,0.12073254399192498,0.7923897318383991,0.24678537238694986,25.80011894288017,9.66455178865462,ccpfm_flux,0,3879,305,0.3622067543181232,5.130463206728766,0.7300628852613075,2.187063148029866,0.6566125290023201,0.403219473890852,2.6715547632070202,0.29283252963006956,1.6747143815374197,0.3433874709976798,0.28378378378378377,5.130463206728766,0.5524366927781232,2.042390923451836,1.0,0.3622067543181232,smooth_variable,0,8106,0.0017732120031723753,0.36181914899498224,6,False
,,,,,0.10181383100280073,,,,,,,0.15698857700044755,36.70899279820706,,,,,,,,,,,,,,annulus,,,,,,,,,,,,,,,0.1,0.10388846202970896,,0.5009838616786431,21.99676368287546,9.302299790975157,wls_strong,,,302,,,,,,,,,,,,,,,,,smooth_variable,,8108,0.001602375996299088,0.26040478399954736,8,False
nan,nan,nan,0.0,nan,0.1773984869942069,0.0,4.580665518164663,0.6798582340878189,2.211727931279212,0.662051282051282,0.40472501936483346,0.1730259440082591,155.56350884841945,2.3953299239931614e-10,1.601331038531981e-09,2.737002867284218,0.30406353250756396,1.6514194628796095,0.33794871794871795,0.28072837632776937,0.9491240753106136,0.15588889493857006,0.6260857507055031,4.580665518164663,0.5490295939769496,2.031055107826619,annulus,nan,nan,13.973980741831955,57.72135621757061,18.064623257287614,77.71977470379517,15.25537319376621,13.973980741831955,57.72135621757061,18.064623257287614,77.71977470379517,15.25537319376621,69.63318228153788,69.63318228153788,0.1,0.12820515547487563,0.7863155648158362,0.31775807210583695,24.88875599590233,9.65048399109727,ccpfm_flux,0,3900,305,0.3628205128205128,4.580665518164663,0.6798582340878189,2.211727931279212,0.662051282051282,0.40472501936483346,2.737002867284218,0.30406353250756396,1.6514194628796095,0.33794871794871795,0.28072837632776937,4.580665518164663,0.5490295939769496,2.031055107826619,1.0,0.3628205128205128,smooth_variable,0,8107,0.0022374830004991964,0.3526619140029652,7,False
nan,nan,nan,0.0,nan,0.12847624999994878,0.0,4.643596044312002,0.7024572812833316,2.2171607058977503,0.6609150326797386,0.3999208860759494,0.1269043679931201,157.80218798306674,2.5555150682220196e-10,1.5506360035156718e-09,2.779477784927805,0.29260104804724074,1.6702542475850088,0.33908496732026144,0.2629144178874325,0.8611672665241419,0.15887957557048793,0.6283296358549401,4.643596044312002,0.5578258962686428,2.055455137472887,annulus,nan,nan,13.996270025909187,56.61964733678694,17.80029264971192,76.55963670288345,15.292098856733425,13.996270025909187,56.61964733678694,17.80029264971192,76.55963670288345,15.292098856733425,67.00397680733701,67.00397680733701,0.1,0.11759082991869636,0.78725413641441,0.3031293477565993,24.306512540052555,9.705073134182737,ccpfm_flux,0,3825,302,0.3534640522875817,4.643596044312002,0.7024572812833316,2.2171607058977503,0.6609150326797386,0.3999208860759494,2.779477784927805,0.29260104804724074,1.6702542475850088,0.33908496732026144,0.2629144178874325,4.643596044312002,0.5578258962686428,2.055455137472887,1.0,0.3534640522875817,smooth_variable,0,8108,0.001710996002657339,0.2570916139957262,8,False
,,,,,0.09986317501170561,,,,,,,0.17094812499999534,42.64679058507332,,,,,,,,,,,,,,annulus,,,,,,,,,,,,,,,0.1,0.09417742151222501,,0.30975423615327324,20.753518446141715,9.236515691050473,wls_strong,,,300,,,,,,,,,,,,,,,,,smooth_variable,,8109,0.0012508619984146208,0.27206216201011557,9,False
,,,,,0.03265530000498984,,,,,,,0.03482612399966456,151.30467096300373,,,,,,,,,,,,,,circle,,,,,,,,,,,,,,,0.2,3.8157266534991336,,7.989824609017915,21.67240636949032,9.424677205927896,wls_strong,,,97,,,,,,,,,,,,,,,,,circular_interface,,8100,0.0003692379978019744,0.06785066200245637,0,False
,,,,,0.026460328008397482,,,,,,,0.036946808992070146,142.1054120249595,,,,,,,,,,,,,,circle,,,,,,,,,,,,,,,0.2,3.845725594581931,,8.663981986307185,21.447262877619043,9.351748413557956,wls_strong,,,94,,,,,,,,,,,,,,,,,circular_interface,,8101,0.0006728799926349893,0.06408001699310262,1,False
nan,nan,nan,0.0,nan,0.05559233600797597,0.0,11.278786642718359,0.3118777752584957,2.8096323758833,0.7162162162162162,0.2275943396226415,0.046542479991330765,44.27598219259662,1.7390977546938302e-10,4.919107740693359e-10,6.5966017406240995,0.07854732254623309,1.9896210127408562,0.28378378378378377,0.18452380952380953,6.6803663341937805,0.09710151545073861,0.4370203759799393,11.278786642718359,0.22021018575241025,2.6254274867276495,circle,nan,nan,3.3337838755088915,14.115252416119711,4.526516822640221,19.27885430755358,3.7394836276408583,3.3337838755088915,14.115252416119711,4.526516822640221,19.27885430755358,3.7394836276408583,17.328147571862004,17.328147571862004,0.2,5.5035543012688,1.0,6.774619640339424,24.82383817502041,9.912977839464897,ccpfm_flux,0,1184,97,0.21537162162162163,11.278786642718359,0.3118777752584957,2.8096323758833,0.7162162162162162,0.2275943396226415,6.5966017406240995,0.07854732254623309,1.9896210127408562,0.28378378378378377,0.18452380952380953,11.278786642718359,0.22021018575241025,2.6254274867276495,1.0,0.21537162162162163,circular_interface,19,8100,0.00047240099229384214,0.10260721699160058,0,False
nan,nan,nan,0.0,nan,0.040516513006878085,0.0,20.69698787019991,0.3533429164223343,3.195120970864151,0.745374449339207,0.2647754137115839,0.036872122989734635,43.092490503908245,1.3502325646452817e-10,5.046327639939282e-10,4.701133759337011,0.07722917145858606,1.8642969297070573,0.25462555066079295,0.1903114186851211,7.487110320150867,0.11190183313369839,0.44630342346754037,20.69698787019991,0.2796952588924989,2.658575374468304,circle,nan,nan,3.2678813986796866,12.897190439671744,4.752168130190847,20.06794493865958,3.462954512319251,3.2678813986796866,12.897190439671744,4.752168130190847,20.06794493865958,3.462954512319251,16.090779060005694,16.090779060005694,0.2,5.561350186948312,1.0,6.750576750665296,26.14575845788831,9.962982383724984,ccpfm_flux,0,1135,94,0.24581497797356827,20.69698787019991,0.3533429164223343,3.195120970864151,0.745374449339207,0.2647754137115839,4.701133759337011,0.07722917145858606,1.8642969297070573,0.25462555066079295,0.1903114186851211,20.69698787019991,0.2796952588924989,2.658575374468304,1.0,0.24581497797356827,circular_interface,16,8101,0.000540303997695446,0.07792893999430817,1,False
nan,nan,nan,0.0,nan,0.03500846300448757,0.0,10.620238793479619,0.26817014171027337,2.9405012860923496,0.7248945147679325,0.21885913853317812,0.05303286999696866,43.234920601680116,1.3398804288300425e-10,4.6019890054782593e-10,9.423322491394215,0.07341320172722085,1.6461971276185114,0.2751054852320675,0.1687116564417178,5.962241340240429,0.08017383004505016,0.40684723703979847,10.620238793479619,0.19659480899628687,2.521648887455582,circle,nan,nan,3.373279550157113,12.89719043967879,4.813584020117974,20.233945002357128,3.725607122477162,3.373279550157113,12.89719043967879,4.813584020117974,20.233945002357128,3.725607122477162,17.150094826446292,17.150094826446292,0.2,5.534644247937662,1.0,6.826491243430759,24.746443564809983,10.115239122193247,ccpfm_flux,0,1185,97,0.20506329113924052,10.620238793479619,0.26817014171027337,2.9405012860923496,0.7248945147679325,0.21885913853317812,9.423322491394215,0.07341320172722085,1.6461971276185114,0.2751054852320675,0.1687116564417178,10.620238793479619,0.19659480899628687,2.521648887455582,1.0,0.20506329113924052,circular_interface,19,8102,0.00031194998882710934,0.08835328299028333,2,False
,,,,,0.037933565996354446,,,,,,,0.04725468100514263,199.89309275066526,,,,,,,,,,,,,,circle,,,,,,,,,,,,,,,0.2,4.002356761661104,,9.655983261823948,22.781505993855724,9.443401304406935,wls_strong,,,97,,,,,,,,,,,,,,,,,circular_interface,,8102,0.0005359339993447065,0.08572418100084178,2,False
,,,,,0.04063017999578733,,,,,,,0.04766676800500136,127.00742772844461,,,,,,,,,,,,,,circle,,,,,,,,,,,,,,,0.2,4.145004180180909,,9.478229784570711,21.217790661290287,9.474436564134685,wls_strong,,,97,,,,,,,,,,,,,,,,,circular_interface,,8103,0.00029553599597420543,0.0885924839967629,3,False
nan,nan,nan,0.0,nan,0.14064044298720546,0.0,4.255802358225963,0.7070197418924264,2.1880665553864485,0.6711111111111111,0.39813011297234124,0.18106530100340024,164.5279973503246,2.1775873096895049e-10,1.465810714909943e-09,2.44952471481975,0.2998000481022074,1.6771818070551383,0.3288888888888889,0.2742448330683625,0.8598217161878607,0.1520864337735069,0.6246683878559102,4.255802358225963,0.554816861309805,2.036548882811295,annulus,nan,nan,13.652887937419678,54.83486077029091,17.981582797165952,74.74606067133837,15.110508979602711,13.652887937419678,54.83486077029091,17.981582797165952,74.74606067133837,15.110508979602711,66.85673098071273,66.85673098071273,0.1,0.12129892584066736,0.7964520417194605,0.2729743512258026,24.889453618412013,9.593945014485824,ccpfm_flux,0,3825,300,0.3573856209150327,4.255802358225963,0.7070197418924264,2.1880665553864485,0.6711111111111111,0.39813011297234124,2.44952471481975,0.2998000481022074,1.6771818070551383,0.3288888888888889,0.2742448330683625,4.255802358225963,0.554816861309805,2.036548882811295,1.0,0.3573856209150327,smooth_variable,0,8109,0.0022564980026800185,0.3239622419932857,9,False
,,,,,0.029273994005052373,,,,,,,0.04262095098965801,116.12092248378947,,,,,,,,,,,,,,circle,,,,,,,,,,,,,,,0.2,3.4298118021717814,,8.485470843712692,22.914173872239314,9.379182072822907,wls_strong,,,95,,,,,,,,,,,,,,,,,circular_interface,,8104,0.00032444299722556025,0.07221938799193595,4,False
nan,nan,nan,0.0,nan,0.048945910995826125,0.0,17.32546587738866,0.2651728752482329,2.581950314561373,0.717948717948718,0.2130952380952381,0.05867081000178587,40.63849272278951,1.0297779295953546e-10,3.8509905248101586e-10,8.543696242505924,0.05004394380926533,1.6973483885232428,0.28205128205128205,0.19090909090909092,8.62008440327661,0.07972709498543559,0.4126852034839216,17.32546587738866,0.19890145279601806,2.316510204705499,circle,nan,nan,3.3375836852923264,12.902112878136956,4.742321753498264,20.44487250734365,3.761638767761459,3.3375836852923264,12.902112878136956,4.742321753498264,20.44487250734365,3.761638767761459,17.72485700976165,17.72485700976165,0.2,5.55780210546289,0.9981659383032653,6.821650849316069,25.961056703388174,10.121431966874868,ccpfm_flux,0,1170,97,0.20683760683760682,17.32546587738866,0.2651728752482329,2.581950314561373,0.717948717948718,0.2130952380952381,8.543696242505924,0.05004394380926533,1.6973483885232428,0.28205128205128205,0.19090909090909092,17.32546587738866,0.19890145279601806,2.316510204705499,1.0,0.20683760683760682,circular_interface,19,8103,0.0005347790138330311,0.10815150001144502,3,False
,,,,,0.028116123998188414,,,,,,,0.036653385002864525,142.60401038829215,,,,,,,,,,,,,,circle,,,,,,,,,,,,,,,0.2,3.8807980206944555,,10.803013299919634,21.46953251822062,9.416233812816799,wls_strong,,,95,,,,,,,,,,,,,,,,,circular_interface,,8105,0.00042317999759688973,0.06519268899864983,5,False
nan,nan,nan,0.0,nan,0.05523615100537427,0.0,19.23155325986264,0.35789016900108794,2.87108035924881,0.7383015597920277,0.25938967136150237,0.03778636999777518,45.16640737265479,1.731853549458151e-10,5.43855548178199e-10,5.87817910390805,0.1269449807274745,1.9416694507981718,0.2616984402079723,0.18874172185430463,7.473315719429574,0.11295422050440118,0.4387269785437418,19.23155325986264,0.2800836596333084,2.595738698399478,circle,nan,nan,3.30518114979109,12.89719043967862,4.6811190969607726,19.63925298789055,3.553673754791757,3.30518114979109,12.89719043967862,4.6811190969607726,19.63925298789055,3.553673754791757,16.990285204852352,16.990285204852352,0.2,5.525641409437838,1.0,6.7560317249623685,27.102950070776945,10.353001241751453,ccpfm_flux,0,1154,95,0.24090121317157712,19.23155325986264,0.35789016900108794,2.87108035924881,0.7383015597920277,0.25938967136150237,5.87817910390805,0.1269449807274745,1.9416694507981718,0.2616984402079723,0.18874172185430463,19.23155325986264,0.2800836596333084,2.595738698399478,1.0,0.24090121317157712,circular_interface,16,8104,0.0004272130026947707,0.09344973400584422,4,False
nan,nan,nan,0.0,nan,0.03890217900334392,0.0,20.77825949300689,0.2914056958610452,2.547184537588664,0.738556338028169,0.21930870083432658,0.04092949899495579,40.14133708986799,1.2788142766950727e-10,3.854847660248025e-10,5.788844694394698,0.0828181566537995,1.7291421957537794,0.261443661971831,0.17845117845117844,5.922390856664122,0.08510292709705596,0.41906229778155923,20.77825949300689,0.21996760041881724,2.244326014182872,circle,nan,nan,3.3051811497922343,14.084685079043393,4.35791849041555,18.284752168693775,3.62543576957005,3.3051811497922343,14.084685079043393,4.35791849041555,18.284752168693775,3.62543576957005,17.10896880335799,17.10896880335799,0.2,5.476062122137573,0.9973204201701706,6.800343960693771,26.392233660852284,10.1469479144157,ccpfm_flux,0,1136,95,0.20862676056338028,20.77825949300689,0.2914056958610452,2.547184537588664,0.738556338028169,0.21930870083432658,5.788844694394698,0.0828181566537995,1.7291421957537794,0.261443661971831,0.17845117845117844,20.77825949300689,0.21996760041881724,2.244326014182872,1.0,0.20862676056338028,circular_interface,17,8105,0.00030846700246911496,0.08014014500076883,5,False
,,,,,0.02369926800020039,,,,,,,0.03161997899587732,136.493892126072,,,,,,,,,,,,,,circle,,,,,,,,,,,,,,,0.2,3.710101435202685,,8.519267276270858,21.9657050113975,9.69599515687418,wls_strong,,,92,,,,,,,,,,,,,,,,,circular_interface,,8107,0.00033317999623250216,0.05565242699231021,7,False
nan,nan,nan,0.0,nan,0.05319800699362531,0.0,13.369656690311798,0.29608241673119445,2.804478730723692,0.7197563098346388,0.2249093107617896,0.03553966199979186,42.02238031780902,1.4119698639458722e-10,4.855940595255357e-10,6.6929421488886875,0.052779805390681236,1.6716127238985956,0.28024369016536116,0.16149068322981366,7.2402185572043685,0.08965228030211436,0.4054481805392222,13.369656690311798,0.199323367889346,2.585624389949052,circle,nan,nan,3.4647795706679285,15.315751723932339,4.753535515592279,20.429437626944043,3.861818969046058,3.4647795706679285,15.315751723932339,4.753535515592279,20.429437626944043,3.861818969046058,18.301665930204056,18.301665930204056,0.2,5.467266042528938,1.0,6.827094195700076,25.651401760224584,9.988064715118334,ccpfm_flux,0,1149,97,0.2071366405570061,13.369656690311798,0.29608241673119445,2.804478730723692,0.7197563098346388,0.2249093107617896,6.6929421488886875,0.052779805390681236,1.6716127238985956,0.28024369016536116,0.16149068322981366,13.369656690311798,0.199323367889346,2.585624389949052,1.0,0.2071366405570061,circular_interface,19,8106,0.00047047600673977286,0.08920814500015695,6,False
,,,,,0.041925388999516144,,,,,,,0.06558605300961062,133.39049007405703,,,,,,,,,,,,,,circle,,,,,,,,,,,,,,,0.2,3.9342855214447585,,9.301608953984754,21.270402101644628,9.314667080706622,wls_strong,,,97,,,,,,,,,,,,,,,,,circular_interface,,8106,0.0005337850016076118,0.10804522701073438,6,False
nan,nan,nan,0.0,nan,0.051198199987993576,0.0,26.357426210035502,0.3955955634554771,3.528642137868192,0.7570776255707763,0.23642943305186973,0.03257332700013649,37.679627435757645,1.5126448704716466e-10,5.180863776706313e-10,8.182012073293814,0.07680457150136219,1.6354333716484324,0.24292237442922374,0.14661654135338345,5.768253825866433,0.10437391123361461,0.44280275632370747,26.357426210035502,0.30375847300089887,2.9584792433646894,circle,nan,nan,3.1588174916249323,12.897190439676274,4.179118142980641,18.268232175769143,3.3643251786072668,3.1588174916249323,12.897190439676274,4.179118142980641,18.268232175769143,3.3643251786072668,14.794027766485302,14.794027766485302,0.2,5.542311297807493,1.0,6.777195465603957,26.380761279756754,10.616331766405393,ccpfm_flux,0,1095,92,0.2146118721461187,26.357426210035502,0.3955955634554771,3.528642137868192,0.7570776255707763,0.23642943305186973,8.182012073293814,0.07680457150136219,1.6354333716484324,0.24292237442922374,0.14661654135338345,26.357426210035502,0.30375847300089887,2.9584792433646894,1.0,0.2146118721461187,circular_interface,16,8107,0.0005863300029886886,0.08435785699111875,7,False
nan,nan,nan,0.0,nan,0.03432892699493095,0.0,13.01748344521192,0.3015785493790937,2.7870203044234048,0.7368421052631579,0.21785714285714286,0.05429590700077824,37.25585807677194,1.451168629706956e-10,4.722871749071425e-10,9.028685929661554,0.054833180181137905,1.7012937074424386,0.2631578947368421,0.17,6.561085549141623,0.08494086750333699,0.4006640791648008,13.01748344521192,0.20102866588966006,2.3662113647483998,circle,nan,nan,3.30518114979109,12.897190439676251,4.802548718169149,20.42517833905623,3.570152861891442,3.30518114979109,12.897190439676251,4.802548718169149,20.42517833905623,3.570152861891442,17.054420442709343,17.054420442709343,0.2,5.580535038370863,1.0,6.852325750369737,25.599402044805082,9.95753014823998,ccpfm_flux,0,1140,95,0.20526315789473684,13.01748344521192,0.3015785493790937,2.7870203044234048,0.7368421052631579,0.21785714285714286,9.028685929661554,0.054833180181137905,1.7012937074424386,0.2631578947368421,0.17,13.01748344521192,0.20102866588966006,2.3662113647483998,1.0,0.20526315789473684,circular_interface,19,8108,0.00030378099472727627,0.08892861499043647,8,False
,,,,,0.03705012399586849,,,,,,,0.044896039995364845,213.2755383923606,,,,,,,,,,,,,,circle,,,,,,,,,,,,,,,0.2,3.930919596031424,,8.320836357212585,21.457731136443513,9.54271988678472,wls_strong,,,95,,,,,,,,,,,,,,,,,circular_interface,,8108,0.0004146430001128465,0.08236080699134618,8,False
,,,,,0.03962270900956355,,,,,,,0.035856813003192656,67.20915706523012,,,,,,,,,,,,,,circle,,,,,,,,,,,,,,,0.2,3.854483106418152,,9.62139244405203,21.279978110133463,9.377193261445479,wls_strong,,,93,,,,,,,,,,,,,,,,,circular_interface,,8109,0.0004216289962641895,0.0759011510090204,9,False
nan,nan,nan,0.0,nan,0.05619190100696869,0.0,15.40016685854111,0.29792819038271845,2.707787443584935,0.7562949640287769,0.21759809750297265,0.05087560300307814,35.3360574630329,1.0703885000573621e-10,4.154987209701475e-10,3.9283201476390412,0.04594398959747032,1.7459188110106416,0.24370503597122303,0.17712177121771217,8.197309425486837,0.08382987567749516,0.41412563594007834,15.40016685854111,0.21223987228350616,2.3800464221304347,circle,nan,nan,3.2637902532132306,12.8971904396761,4.612141404204668,19.08742721662654,3.419739906710819,3.2637902532132306,12.8971904396761,4.612141404204668,19.08742721662654,3.419739906710819,16.07925115338653,16.07925115338653,0.2,5.577585963371432,1.0,6.7879288466250625,26.48687233363306,10.417251608218614,ccpfm_flux,0,1112,93,0.2077338129496403,15.40016685854111,0.29792819038271845,2.707787443584935,0.7562949640287769,0.21759809750297265,3.9283201476390412,0.04594398959747032,1.7459188110106416,0.24370503597122303,0.17712177121771217,15.40016685854111,0.21223987228350616,2.3800464221304347,1.0,0.2077338129496403,circular_interface,18,8109,0.0005026229919167235,0.10757012700196356,9,False
nan,nan,nan,0.0,nan,0.060004833998391405,0.0,11.878054202186476,0.3984598242448534,2.702102221519652,0.6343195266272189,0.21921641791044777,0.07042960599937942,116.95575054616486,1.8349943786688527e-10,7.551683618700105e-10,9.933177184129423,0.17589028276851704,1.9699304261633996,0.3656804733727811,0.2297734627831715,7.596881875766629,0.12768081852768845,0.5042468583480934,11.878054202186476,0.31350890799165476,2.4619083121134087,circle,nan,nan,4.859975517113807,20.760797407548438,6.269277908229595,28.094636327381902,5.5215349424302085,4.859975517113807,20.760797407548438,6.269277908229595,28.094636327381902,5.5215349424302085,24.94891960398424,24.94891960398424,0.16,5.238087628095129,0.9618727089281769,7.255402841743833,24.932775719077398,9.814891414663382,ccpfm_flux,0,1690,135,0.2230769230769231,11.878054202186476,0.3984598242448534,2.702102221519652,0.6343195266272189,0.21921641791044777,9.933177184129423,0.17589028276851704,1.9699304261633996,0.3656804733727811,0.2297734627831715,11.878054202186476,0.31350890799165476,2.4619083121134087,1.0,0.2230769230769231,circular_interface,20,8100,0.0005713209975510836,0.1310057609953219,0,False
,,,,,0.040180985000915825,,,,,,,0.08487683400744572,180.68898986296412,,,,,,,,,,,,,,circle,,,,,,,,,,,,,,,0.16,3.3801602944221143,,10.815266802439222,20.71435566545282,9.254221038073126,wls_strong,,,135,,,,,,,,,,,,,,,,,circular_interface,,8100,0.0005193349934415892,0.12557715400180314,0,False
,,,,,0.05221543500374537,,,,,,,0.10997821699129418,179.88028472511567,,,,,,,,,,,,,,circle,,,,,,,,,,,,,,,0.16,3.0043127445632276,,9.273653416872023,21.133768581537414,9.230475890472622,wls_strong,,,136,,,,,,,,,,,,,,,,,circular_interface,,8101,0.0005505529989022762,0.16274420499394182,1,False
nan,nan,nan,0.0,nan,0.09072147199185565,0.0,9.574866880758643,0.3337694218263129,2.016706882074452,0.6352729454109178,0.21624173748819642,0.10843554200255312,305.4910003702806,2.0551044199734747e-10,6.648861125518164e-10,9.278282702044175,0.20217711074919592,2.175141780067387,0.36472705458908217,0.26644736842105265,7.881283387963476,0.10597248231472157,0.5270644608640489,9.574866880758643,0.286866041908061,2.048710329256255,circle,nan,nan,5.106321576085749,19.498818450555728,6.561314500947599,27.990071681926054,5.726524358515637,5.106321576085749,19.498818450555728,6.561314500947599,27.990071681926054,5.726524358515637,26.135518604975356,26.135518604975356,0.16,4.7312705339487975,0.9478606144182234,9.382693225696865,25.688274505519296,9.61728061813628,ccpfm_flux,0,1667,136,0.23455308938212358,9.574866880758643,0.3337694218263129,2.016706882074452,0.6352729454109178,0.21624173748819642,9.278282702044175,0.20217711074919592,2.175141780067387,0.36472705458908217,0.26644736842105265,9.574866880758643,0.286866041908061,2.048710329256255,1.0,0.23455308938212358,circular_interface,22,8101,0.0008764490048633888,0.20003346299927216,1,False
nan,nan,nan,0.0,nan,0.0536250889999792,0.0,8.372767270419562,0.26357275691074467,2.063850470177261,0.632788868723533,0.20076481835564053,0.059704200000851415,141.74109563047406,1.597951215792648e-10,5.526167584391757e-10,7.210843828883827,0.14124972595939211,2.082761634637036,0.36721113127646704,0.23064250411861614,6.940766832544521,0.08589452914038515,0.49095929806474037,8.372767270419562,0.2189877361631877,2.074902067659799,circle,nan,nan,5.219090217851546,19.134531932982924,6.391691732356801,29.38899469957017,5.724975197824122,5.219090217851546,19.134531932982924,6.391691732356801,29.38899469957017,5.724975197824122,25.37587433431525,25.37587433431525,0.16,5.108051500747733,0.9691286881712701,7.21829240711828,26.486666970137815,9.555253780194038,ccpfm_flux,0,1653,135,0.21173623714458562,8.372767270419562,0.26357275691074467,2.063850470177261,0.632788868723533,0.20076481835564053,7.210843828883827,0.14124972595939211,2.082761634637036,0.36721113127646704,0.23064250411861614,8.372767270419562,0.2189877361631877,2.074902067659799,1.0,0.21173623714458562,circular_interface,24,8102,0.0008228899969253689,0.11415217899775598,2,False
,,,,,0.06438856400200166,,,,,,,0.09572298100101762,139.01611470391728,,,,,,,,,,,,,,circle,,,,,,,,,,,,,,,0.16,2.8966881665443602,,7.75612997233095,21.06006638523991,9.296786168216016,wls_strong,,,135,,,,,,,,,,,,,,,,,circular_interface,,8102,0.0004765880003105849,0.16058813300332986,2,False
nan,nan,nan,0.0,nan,0.05769027100177482,0.0,8.574905049777138,0.33744400624909915,2.1755924119869077,0.625821876867902,0.21298949379178606,0.07548329299606849,1644.9761351745412,1.4224799116391296e-10,5.745982804484172e-10,9.30779764408526,0.19481398852083906,2.067187443505601,0.37417812313209803,0.2571884984025559,7.240383995925404,0.11128278935382725,0.5052592584158201,9.30779764408526,0.2909202293874757,2.1615410084688524,circle,nan,nan,5.183941225979183,20.430409497804824,6.512529574752927,28.335873024942742,5.711913774388701,5.183941225979183,20.430409497804824,6.512529574752927,28.335873024942742,5.711913774388701,25.78052099016518,25.78052099016518,0.16,9.763196210361768,0.9554505694573198,21.511546028215662,25.533676975810295,9.540088581155093,ccpfm_flux,0,1673,136,0.22952779438135087,8.574905049777138,0.33744400624909915,2.1755924119869077,0.625821876867902,0.21298949379178606,9.30779764408526,0.19481398852083906,2.067187443505601,0.37417812313209803,0.2571884984025559,9.30779764408526,0.2909202293874757,2.1615410084688524,1.0,0.22952779438135087,circular_interface,20,8103,0.000874199002282694,0.134047763000126,3,False
,,,,,0.04889024099975359,,,,,,,0.09934941500250716,165.74437928391762,,,,,,,,,,,,,,circle,,,,,,,,,,,,,,,0.16,3.3819882816155737,,11.329628648993577,21.986423157725977,9.311077266802624,wls_strong,,,136,,,,,,,,,,,,,,,,,circular_interface,,8103,0.0006476069975178689,0.1488872629997786,3,False
,,,,,0.05283562200202141,,,,,,,0.08275956500438042,131.65948483590972,,,,,,,,,,,,,,circle,,,,,,,,,,,,,,,0.16,3.0338056176282158,,7.705916908242675,21.0905146745643,9.18076960718862,wls_strong,,,143,,,,,,,,,,,,,,,,,circular_interface,,8104,0.0008601019944762811,0.1364552890008781,4,False
nan,nan,nan,0.0,nan,0.08847162600432057,0.0,9.528253796719985,0.3659296756695485,2.359282595112403,0.5981941309255079,0.22075471698113208,0.11760963399137836,107.7946264850507,1.680609679199918e-10,6.663202565746739e-10,10.339382725636192,0.18050528755233453,2.051094860082276,0.4018058690744921,0.24859550561797752,6.769306817987937,0.12419514364058039,0.5029490441303278,10.339382725636192,0.2967980413146152,2.2027173846706987,circle,nan,nan,5.589797943785771,22.14254099567901,7.110225795012935,30.78323278181924,6.259498942521366,5.589797943785771,22.14254099567901,7.110225795012935,30.78323278181924,6.259498942521366,29.5865654858467,29.5865654858467,0.16,5.38733456167986,0.9553786010369762,7.456045498521847,24.436432346121272,9.476440784812745,ccpfm_flux,0,1772,143,0.231941309255079,9.528253796719985,0.3659296756695485,2.359282595112403,0.5981941309255079,0.22075471698113208,10.339382725636192,0.18050528755233453,2.051094860082276,0.4018058690744921,0.24859550561797752,10.339382725636192,0.2967980413146152,2.2027173846706987,1.0,0.231941309255079,circular_interface,24,8104,0.0008889099990483373,0.20697016999474727,4,False
,,,,,0.0576818120025564,,,,,,,0.08893448299204465,163.4269549553485,,,,,,,,,,,,,,circle,,,,,,,,,,,,,,,0.16,3.1615049607667536,,7.92601088076337,20.77671304347672,9.380309598907122,wls_strong,,,139,,,,,,,,,,,,,,,,,circular_interface,,8105,0.0006107850058469921,0.14722708000044804,5,False
nan,nan,nan,0.0,nan,0.09171364700887352,0.0,11.347339440278246,0.35687047669704014,2.629702154989122,0.613662456946039,0.21702525724976612,0.06450366300123278,193.1066316235738,1.7156032150467126e-10,7.527696216416628e-10,10.004494065308503,0.21663930562219685,2.24595719515902,0.38633754305396095,0.2451708766716196,6.872735535242674,0.12258356540100913,0.5162392981821295,11.347339440278246,0.30468155943509156,2.3997319021833596,circle,nan,nan,5.133036195604172,19.134531932985475,6.930152972085777,29.824875131742107,5.826801305402315,5.133036195604172,19.134531932985475,6.930152972085777,29.824875131742107,5.826801305402315,27.089005307672533,27.089005307672533,0.16,5.371088443680911,0.9737221527432269,6.820410899834484,24.826192521809077,9.600745802624285,ccpfm_flux,0,1742,139,0.22789896670493687,11.347339440278246,0.35687047669704014,2.629702154989122,0.613662456946039,0.21702525724976612,10.004494065308503,0.21663930562219685,2.24595719515902,0.38633754305396095,0.2451708766716196,11.347339440278246,0.30468155943509156,2.3997319021833596,1.0,0.22789896670493687,circular_interface,22,8105,0.000952737987972796,0.1571700479980791,5,False
,,,,,0.04153533501084894,,,,,,,0.08316552499309182,130.9538751636582,,,,,,,,,,,,,,circle,,,,,,,,,,,,,,,0.16,2.7898368727278835,,7.216051046080568,22.20764961162724,9.251549556639706,wls_strong,,,138,,,,,,,,,,,,,,,,,circular_interface,,8106,0.000524068993399851,0.1252249289973406,6,False
nan,nan,nan,0.0,nan,0.0858503070048755,0.0,11.213936386884399,0.32971524868278507,2.214838877335897,0.6254355400696864,0.2107706592386258,0.09402284299721941,136.89844073961544,1.8391066447520643e-10,5.987299233183623e-10,10.053434826194957,0.17918137119592686,2.245639318065396,0.37456445993031356,0.23875968992248062,8.220886452163574,0.10708215542324284,0.5080831714024757,11.213936386884399,0.26069865304183193,2.225437107160271,circle,nan,nan,5.345161691090351,21.107266191884097,6.739926038451029,29.247533044864145,5.803583420974752,5.345161691090351,21.107266191884097,6.739926038451029,29.247533044864145,5.803583420974752,26.908077183064478,26.908077183064478,0.16,5.5811151150336125,0.958300750882905,8.194111995792113,26.38464308247542,9.612642935903335,ccpfm_flux,0,1722,138,0.22125435540069685,11.213936386884399,0.32971524868278507,2.214838877335897,0.6254355400696864,0.2107706592386258,10.053434826194957,0.17918137119592686,2.245639318065396,0.37456445993031356,0.23875968992248062,11.213936386884399,0.26069865304183193,2.225437107160271,1.0,0.22125435540069685,circular_interface,23,8106,0.0008013939950615168,0.18067454399715643,6,False
nan,nan,nan,0.0,nan,0.05021654900338035,0.0,11.864975953704807,0.31906786239530716,2.5883344737097724,0.6394721055788842,0.19418386491557224,0.0775692449969938,73.36325463925371,2.3061752507658184e-10,6.200845467790293e-10,7.766450452191071,0.1349197803447701,1.9781444257642924,0.36052789442111577,0.18635607321131448,6.853176439252165,0.0924775943714728,0.44998408133551276,11.864975953704807,0.24719557981881904,2.3831050931509536,circle,nan,nan,4.8867114231935,19.134531932981865,6.2838654173604835,27.895672732138266,5.507978708044142,4.8867114231935,19.134531932981865,6.2838654173604835,27.895672732138266,5.507978708044142,23.722614466200422,23.722614466200422,0.16,5.315714245928701,0.982799163492848,6.666561754605169,26.26890914772789,9.63528044189198,ccpfm_flux,0,1667,134,0.1913617276544691,11.864975953704807,0.31906786239530716,2.5883344737097724,0.6394721055788842,0.19418386491557224,7.766450452191071,0.1349197803447701,1.9781444257642924,0.36052789442111577,0.18635607321131448,11.864975953704807,0.24719557981881904,2.3831050931509536,1.0,0.1913617276544691,circular_interface,25,8107,0.000529558994458057,0.1283153529948322,7,False
,,,,,0.038978898999630474,,,,,,,0.08101645699935034,131.48166556743064,,,,,,,,,,,,,,circle,,,,,,,,,,,,,,,0.16,3.1367704368945426,,8.312428918128859,21.483376713951657,9.204836072975858,wls_strong,,,134,,,,,,,,,,,,,,,,,circular_interface,,8107,0.0004915089957648888,0.1204868649947457,7,False
,,,,,0.06959362699126359,,,,,,,0.05917192999913823,144.64323289257575,,,,,,,,,,,,,,circle,,,,,,,,,,,,,,,0.16,3.3082959742059517,,9.009362645254141,20.298957445342808,9.126917221546044,wls_strong,,,135,,,,,,,,,,,,,,,,,circular_interface,,8108,0.0007115960033843294,0.12947715299378615,8,False
nan,nan,nan,0.0,nan,0.059949925998807885,0.0,13.776881159799672,0.31458652019231015,3.05691407393451,0.6343061346039309,0.2187793427230047,0.06128552000154741,83.99514762841812,2.216578032232519e-10,7.389295173427831e-10,8.68976076880449,0.19094055224699552,2.1658929927758006,0.3656938653960691,0.21661237785016288,6.8141311221633565,0.11370817284056581,0.47917627264055845,13.776881159799672,0.2702443093000017,2.719192151721576,circle,nan,nan,4.859975517115408,19.134531932985073,6.621162644240524,27.72750625050442,5.5355994532315105,4.859975517115408,19.134531932985073,6.621162644240524,27.72750625050442,5.5355994532315105,24.9468477767911,24.9468477767911,0.16,5.3200321923166145,0.997394330084502,6.961045753706779,25.289113094610705,9.612255425830755,ccpfm_flux,0,1679,135,0.21798689696247767,13.776881159799672,0.31458652019231015,3.05691407393451,0.6343061346039309,0.2187793427230047,8.68976076880449,0.19094055224699552,2.1658929927758006,0.3656938653960691,0.21661237785016288,13.776881159799672,0.2702443093000017,2.719192151721576,1.0,0.21798689696247767,circular_interface,21,8108,0.0008108509937301278,0.12204629699408542,8,False
,,,,,0.04299644099955913,,,,,,,0.06908343800751027,167.48733117100872,,,,,,,,,,,,,,circle,,,,,,,,,,,,,,,0.16,3.1894812450956116,,9.677669435225015,21.1175282961109,9.189947856899623,wls_strong,,,139,,,,,,,,,,,,,,,,,circular_interface,,8109,0.0005542619910556823,0.11263414099812508,9,False
nan,nan,nan,0.0,nan,0.07283517299219966,0.0,9.080550476575013,0.3069310031367476,2.4495315958625787,0.6166375799883653,0.2160377358490566,0.11143486300716177,298.27756785096653,1.3906942264441113e-10,5.704137771231216e-10,9.3186842220494,0.19373783737892333,2.028921195954719,0.3833624200116347,0.23520485584218512,6.631031385409572,0.10651562423624383,0.4887555982297409,9.3186842220494,0.25065433850356234,2.3121584683990966,circle,nan,nan,5.404107406093034,20.94805314233472,6.60498945625845,29.645669191453536,5.962506263593354,5.404107406093034,20.94805314233472,6.60498945625845,29.645669191453536,5.962506263593354,26.984791602162385,26.984791602162385,0.16,4.772696020050723,0.9659529892632801,9.04254993098115,24.54220754372224,9.521517022643186,ccpfm_flux,0,1719,139,0.22338568935427575,9.080550476575013,0.3069310031367476,2.4495315958625787,0.6166375799883653,0.2160377358490566,9.3186842220494,0.19373783737892333,2.028921195954719,0.3833624200116347,0.23520485584218512,9.3186842220494,0.25065433850356234,2.3121584683990966,1.0,0.22338568935427575,circular_interface,20,8109,0.0005598990101134405,0.18482993500947487,9,False
nan,nan,nan,0.0,nan,0.1264216699928511,0.0,8.472348392029353,0.5621444129091899,2.114123397225593,0.5152084115659031,0.32142857142857145,0.1265419789997395,412.24663943329216,3.375308921249598e-10,1.2791956719765998e-09,9.834739245607018,0.35664621042151967,2.16202746938045,0.48479158843409687,0.2804027885360186,7.097258285225599,0.1788490912164637,0.5596248772959465,9.834739245607018,0.46696028410045537,2.149751955360348,circle,nan,nan,8.35446579613437,30.80411779447449,10.111471555425938,44.33317614233746,9.275087221669684,8.35446579613437,30.80411779447449,10.111471555425938,44.33317614233746,9.275087221669684,41.174483778020075,41.174483778020075,0.125,4.176422945134461,0.8526425427713403,6.048065921465727,24.893892907643558,9.421504950876592,ccpfm_flux,0,2663,205,0.30153961697333836,8.472348392029353,0.5621444129091899,2.114123397225593,0.5152084115659031,0.32142857142857145,9.834739245607018,0.35664621042151967,2.16202746938045,0.48479158843409687,0.2804027885360186,9.834739245607018,0.46696028410045537,2.149751955360348,1.0,0.30153961697333836,circular_interface,24,8100,0.0016047539975261316,0.25456840299011674,0,False
,,,,,0.07474603100854438,,,,,,,0.10669965400302317,199.5638588908265,,,,,,,,,,,,,,circle,,,,,,,,,,,,,,,0.125,2.6050270394588195,,7.818063644709348,21.510148840869288,9.210522076584718,wls_strong,,,205,,,,,,,,,,,,,,,,,circular_interface,,8100,0.0013882749917684123,0.18283396000333596,0,False
nan,nan,nan,0.0,nan,0.10202513900003396,0.0,6.156421255681637,0.5892330261566213,2.073627800488649,0.5074682598954443,0.3237674760853569,0.11514559799979907,2109.6878337128974,1.7992468105687554e-10,1.1307328959394324e-09,9.781982987992457,0.29242892730686365,2.0216459542089575,0.49253174010455564,0.2835481425322214,6.772156896802765,0.17609534610378175,0.5412211350249613,9.781982987992457,0.4490194344843098,2.0469271911158535,circle,nan,nan,8.556457172998396,32.786949386196746,10.213989252438012,45.593745843555865,9.53157003384036,8.556457172998396,32.786949386196746,10.213989252438012,45.593745843555865,9.53157003384036,42.10110338547936,42.10110338547936,0.125,4.252004354763218,0.8511424015669857,6.58544243348023,26.114719431022753,9.40340688924502,ccpfm_flux,0,2678,207,0.3039581777445855,6.156421255681637,0.5892330261566213,2.073627800488649,0.5074682598954443,0.3237674760853569,9.781982987992457,0.29242892730686365,2.0216459542089575,0.49253174010455564,0.2835481425322214,9.781982987992457,0.4490194344843098,2.0469271911158535,1.0,0.3039581777445855,circular_interface,29,8101,0.001531394009361975,0.218702131009195,1,False
,,,,,0.0729583780048415,,,,,,,0.14410444800159894,367.1351983764367,,,,,,,,,,,,,,circle,,,,,,,,,,,,,,,0.125,2.903715085946234,,8.754988031721865,21.09123743257287,9.130340698172969,wls_strong,,,207,,,,,,,,,,,,,,,,,circular_interface,,8101,0.0013387679937295616,0.21840159400017,1,False
nan,nan,nan,0.0,nan,0.09200852099456824,0.0,9.479485833664715,0.5389890376779461,2.0871193425176733,0.5329457364341085,0.3221818181818182,0.10447182200732641,368.40229426862805,2.3955917718282427e-10,1.1602131444095226e-09,7.353821990393363,0.28965004656435767,1.995933052706243,0.46705426356589147,0.2796680497925311,6.719255480153086,0.1667884614191435,0.5542262996605358,9.479485833664715,0.45555742174559355,2.0607720687161706,circle,nan,nan,8.581346071638178,35.10492994257613,9.501996040099119,42.02159162259194,9.18497902434805,8.581346071638178,35.10492994257613,9.501996040099119,42.02159162259194,9.18497902434805,40.08667031103008,40.08667031103008,0.125,5.464911108470141,0.856716298210831,11.230573654923703,26.33076069912928,9.52529698932981,ccpfm_flux,0,2580,201,0.3023255813953488,9.479485833664715,0.5389890376779461,2.0871193425176733,0.5329457364341085,0.3221818181818182,7.353821990393363,0.28965004656435767,1.995933052706243,0.46705426356589147,0.2796680497925311,9.479485833664715,0.45555742174559355,2.0607720687161706,1.0,0.3023255813953488,circular_interface,29,8103,0.0011368150007911026,0.19761715800268576,3,False
nan,nan,nan,0.0,nan,0.15738138199958485,0.0,7.381856854497897,0.5918073199281558,2.0316258002126077,0.5208799403430275,0.329277022190408,0.18407154100714251,2920.8112655308923,2.401205623225877e-10,1.1971582591809127e-09,7.637806018953231,0.27324102039882,2.0244548258896184,0.4791200596569724,0.2785992217898833,6.774363703788319,0.17279529412812555,0.5557381581128096,7.637806018953231,0.4705042798434298,2.030249107543482,circle,nan,nan,8.719893697168054,36.8886776838707,9.993963741752337,46.34777242540672,9.347636449034699,8.719893697168054,36.8886776838707,9.993963741752337,46.34777242540672,9.347636449034699,43.48657955152804,43.48657955152804,0.125,5.073515376764487,0.8517957522330586,12.07613855479672,25.103802046010788,9.50775592442968,ccpfm_flux,0,2682,207,0.3049962714392245,7.381856854497897,0.5918073199281558,2.0316258002126077,0.5208799403430275,0.329277022190408,7.637806018953231,0.27324102039882,2.0244548258896184,0.4791200596569724,0.2785992217898833,7.637806018953231,0.4705042798434298,2.030249107543482,1.0,0.3049962714392245,circular_interface,28,8102,0.0017211619997397065,0.34317408500646707,2,False
,,,,,0.06453231400519144,,,,,,,0.17223545900196768,351.4547661671347,,,,,,,,,,,,,,circle,,,,,,,,,,,,,,,0.125,2.7764407557806896,,10.796192905719778,20.612408699454985,9.207665870697294,wls_strong,,,201,,,,,,,,,,,,,,,,,circular_interface,,8103,0.0009478619904257357,0.23771563499758486,3,False
,,,,,0.08182847099669743,,,,,,,0.09547189899603836,197.77653487236776,,,,,,,,,,,,,,circle,,,,,,,,,,,,,,,0.125,2.5595621129157355,,5.995987845073262,20.7866127573178,9.404400253113742,wls_strong,,,207,,,,,,,,,,,,,,,,,circular_interface,,8102,0.0009743300033733249,0.17827469999610912,2,False
nan,nan,nan,0.0,nan,0.09570494099170901,0.0,7.27471067804977,0.562873942974923,2.038656743297815,0.5140364188163885,0.3158671586715867,0.12259448600525502,500.51550212204324,2.557594136476382e-10,1.1560385051336008e-09,8.23633706144127,0.2649142485931438,2.095013322205282,0.48596358118361155,0.27400468384074944,6.998240019174379,0.1662457956378997,0.5441561560738585,8.23633706144127,0.44339671321518664,2.0655129468257325,circle,nan,nan,8.83550754950168,34.12281008316555,10.200967207546004,46.15622997988232,9.596198730530855,8.83550754950168,34.12281008316555,10.200967207546004,46.15622997988232,9.596198730530855,42.296331564577144,42.296331564577144,0.125,4.040733881521851,0.8573131264861837,6.509780527991445,25.656693194746843,9.475380165849565,ccpfm_flux,0,2636,205,0.2955235204855842,7.27471067804977,0.562873942974923,2.038656743297815,0.5140364188163885,0.3158671586715867,8.23633706144127,0.2649142485931438,2.095013322205282,0.48596358118361155,0.27400468384074944,8.23633706144127,0.44339671321518664,2.0655129468257325,1.0,0.2955235204855842,circular_interface,30,8104,0.001373364997562021,0.21967279199452605,4,False
,,,,,0.07396281900582835,,,,,,,0.11541294200287666,210.67903529270254,,,,,,,,,,,,,,circle,,,,,,,,,,,,,,,0.125,2.685042489126839,,7.5994873916992685,21.863711090848216,9.186698729492816,wls_strong,,,205,,,,,,,,,,,,,,,,,circular_interface,,8104,0.0009629879932617769,0.1903387490019668,4,False
,,,,,0.09600126100121997,,,,,,,0.12528668300365098,346.49855794534574,,,,,,,,,,,,,,circle,,,,,,,,,,,,,,,0.125,2.6086360377365896,,6.262935177521225,21.441505056275822,9.228062834376061,wls_strong,,,207,,,,,,,,,,,,,,,,,circular_interface,,8105,0.0015478260029340163,0.22283577000780497,5,False
nan,nan,nan,0.0,nan,0.1431663719995413,0.0,8.0596891219425,0.5782742085779918,2.1392063703998345,0.5117069486404834,0.32693726937269374,0.14266192600189243,337.88439452071304,2.723883341104738e-10,1.329925761791694e-09,8.5159750332195,0.31632566191982703,2.098853224721325,0.4882930513595166,0.279969064191802,7.804822254508433,0.19046209720404134,0.5628435172713944,8.5159750332195,0.4588029743772528,2.1158948806825433,circle,nan,nan,8.520129434490714,34.341626245534144,10.410005779995892,46.27354873376548,9.594214186092008,8.520129434490714,34.341626245534144,10.410005779995892,46.27354873376548,9.594214186092008,44.03970590218518,44.03970590218518,0.125,4.430783157173632,0.8578032080283992,6.681704745383208,25.42634550317538,9.507118958974715,ccpfm_flux,0,2648,207,0.30400302114803623,8.0596891219425,0.5782742085779918,2.1392063703998345,0.5117069486404834,0.32693726937269374,8.5159750332195,0.31632566191982703,2.098853224721325,0.4882930513595166,0.279969064191802,8.5159750332195,0.4588029743772528,2.1158948806825433,1.0,0.30400302114803623,circular_interface,27,8105,0.0012505709892138839,0.2870788689906476,5,False
nan,nan,nan,0.0,nan,0.11670260499522556,0.0,8.116151120711935,0.588042997417172,2.1535070780802457,0.5083923908989183,0.334556126192223,0.1301485000003595,378.440351673039,2.5463819941506927e-10,1.3269166171578753e-09,8.29119430829528,0.32409225841588385,2.0266010427331302,0.4916076091010817,0.291350531107739,6.361880974863454,0.18832332165147125,0.5590126008180122,8.29119430829528,0.460527693070535,2.0845413110925004,circle,nan,nan,8.594656751025195,32.61734038770489,10.531860880519407,44.833925432794594,9.597688547552684,8.594656751025195,32.61734038770489,10.531860880519407,44.833925432794594,9.597688547552684,42.031944984626755,42.031944984626755,0.125,4.331182144630206,0.8650507130368031,6.875545440547528,25.113163295991015,9.452053028286398,ccpfm_flux,0,2681,208,0.3133159268929504,8.116151120711935,0.588042997417172,2.1535070780802457,0.5083923908989183,0.334556126192223,8.29119430829528,0.32409225841588385,2.0266010427331302,0.4916076091010817,0.291350531107739,8.29119430829528,0.460527693070535,2.0845413110925004,1.0,0.3133159268929504,circular_interface,30,8106,0.0010013669962063432,0.2478524719917914,6,False
nan,nan,nan,0.0,nan,0.1407242760033114,0.0,6.663336196030762,0.5741895493726483,2.008817250170204,0.5153443113772455,0.31808278867102396,0.09068219100299757,377.9351916057733,2.2164425850235148e-10,1.1519710566394496e-09,9.360487519208146,0.30741684624981447,2.0163252831731264,0.4846556886227545,0.27104247104247103,7.171665648620048,0.174609914843261,0.5419848715416281,9.360487519208146,0.43687355953158324,2.012901667221577,circle,nan,nan,8.534016517570683,30.98372011920744,10.133970976355668,46.51962727716665,9.435297893432217,8.534016517570683,30.98372011920744,10.133970976355668,46.51962727716665,9.435297893432217,41.07119589425599,41.07119589425599,0.125,4.737660711653376,0.8532648157384277,6.670702214929097,26.323659639712147,9.465744661612774,ccpfm_flux,0,2672,207,0.29528443113772457,6.663336196030762,0.5741895493726483,2.008817250170204,0.5153443113772455,0.31808278867102396,9.360487519208146,0.30741684624981447,2.0163252831731264,0.4846556886227545,0.27104247104247103,9.360487519208146,0.43687355953158324,2.012901667221577,1.0,0.29528443113772457,circular_interface,32,8107,0.0017420479998691007,0.23314851500617806,7,False
,,,,,0.09732504999556113,,,,,,,0.1643565150006907,440.8457147160346,,,,,,,,,,,,,,circle,,,,,,,,,,,,,,,0.125,2.5210564973634866,,6.652268841016756,21.02548168402075,9.172690654053786,wls_strong,,,208,,,,,,,,,,,,,,,,,circular_interface,,8106,0.0008798149938229471,0.2625613799900748,6,False
,,,,,0.0629426980012795,,,,,,,0.11874617599823978,259.8242877442051,,,,,,,,,,,,,,circle,,,,,,,,,,,,,,,0.125,2.557430318736978,,7.15961227816277,19.9676976340767,9.241376099180385,wls_strong,,,207,,,,,,,,,,,,,,,,,circular_interface,,8107,0.0013520540087483823,0.18304092800826766,7,False
,,,,,0.10007772900280543,,,,,,,0.11684428599255625,241.31806946594511,,,,,,,,,,,,,,circle,,,,,,,,,,,,,,,0.125,2.7003584133922627,,6.177400647923791,20.667475544388765,9.224636372116029,wls_strong,,,203,,,,,,,,,,,,,,,,,circular_interface,,8108,0.0014074180071474984,0.21832943300250918,8,False
nan,nan,nan,0.0,nan,0.09153660500305705,0.0,7.26005585689191,0.5311397579555485,2.1057110678196205,0.5335595776772247,0.3067137809187279,0.158648294993327,469.20752991992543,3.097708756172324e-10,1.245767154398751e-09,10.245783035380832,0.2937974525857054,2.055472837193858,0.46644042232277527,0.26839126919967665,6.930550311760287,0.16532531963663014,0.5470156703010669,10.245783035380832,0.4371012086746193,2.0864183146246718,circle,nan,nan,8.106629910949312,32.46117695748802,10.08080346507639,43.918634608446304,9.16282969544632,8.106629910949312,32.46117695748802,10.08080346507639,43.918634608446304,9.16282969544632,39.67424573956977,39.67424573956977,0.125,4.2767613558818685,0.8702924533415818,6.890174033618866,24.178763210619568,9.46600683131727,ccpfm_flux,0,2652,203,0.2888386123680241,7.26005585689191,0.5311397579555485,2.1057110678196205,0.5335595776772247,0.3067137809187279,10.245783035380832,0.2937974525857054,2.055472837193858,0.46644042232277527,0.26839126919967665,10.245783035380832,0.4371012086746193,2.0864183146246718,1.0,0.2888386123680241,circular_interface,29,8108,0.0010547230049269274,0.251239623001311,8,False
,,,,,0.06363864098966587,,,,,,,0.0969700170098804,264.3906062735078,,,,,,,,,,,,,,circle,,,,,,,,,,,,,,,0.125,2.8346101222966666,,9.25758787235875,21.739986272786787,9.276823579458911,wls_strong,,,207,,,,,,,,,,,,,,,,,circular_interface,,8109,0.0009559190075378865,0.16156457700708415,9,False
nan,nan,nan,0.0,nan,0.10314205999020487,0.0,8.036098993683808,0.551423359636047,1.997439054254025,0.5137372977041776,0.31355311355311355,0.14546963101020083,694.8530865540223,3.7686176401763305e-10,1.1901642983277794e-09,9.448443078310808,0.298437414205661,2.00636792253342,0.48626270229582236,0.2801857585139319,7.2368251922381575,0.17878610542520645,0.5542757768831561,9.448443078310808,0.4241306891791021,1.9994762588437238,circle,nan,nan,8.7642992122648,36.138634790351695,10.343834239229238,44.909280647285186,9.56177812568018,8.7642992122648,36.138634790351695,10.343834239229238,44.909280647285186,9.56177812568018,43.140442637621284,43.140442637621284,0.125,4.355123042246258,0.8520219875715276,6.720191109552248,25.751114308375044,9.488979762013205,ccpfm_flux,0,2657,207,0.29732781332329694,8.036098993683808,0.551423359636047,1.997439054254025,0.5137372977041776,0.31355311355311355,9.448443078310808,0.298437414205661,2.00636792253342,0.48626270229582236,0.2801857585139319,9.448443078310808,0.4241306891791021,1.9994762588437238,1.0,0.29732781332329694,circular_interface,31,8109,0.0014574710075976327,0.25006916200800333,9,False
nan,nan,nan,0.0,nan,0.16671666099864524,0.0,5.663961559746786,0.7040498091648524,2.1708978380272272,0.43168418354268134,0.38836104513064135,0.17849486299382988,1999.8155618016633,4.218847493575595e-15,1.954952192655102e-14,9.182073133047547,0.36102261829634535,2.085104418220516,0.5683158164573187,0.29093369418132614,7.608859872346882,0.20585914126337412,0.5678301347947078,9.182073133047547,0.4967025529863841,2.1333175696543574,circle,nan,nan,13.050537406741514,47.28083116246645,14.915535793009989,64.62334155248202,14.146913381964437,13.050537406741514,47.28083116246645,14.915535793009989,64.62334155248202,14.146913381964437,60.55360040363399,60.55360040363399,0.1,2.0624902790377044,0.8350078725696534,15.052585079258883,25.099390013199258,9.367405186857056,ccpfm_flux,0,3901,296,0.33299154063060754,5.663961559746786,0.7040498091648524,2.1708978380272272,0.43168418354268134,0.38836104513064135,9.182073133047547,0.36102261829634535,2.085104418220516,0.5683158164573187,0.29093369418132614,9.182073133047547,0.4967025529863841,2.1333175696543574,1.0,0.33299154063060754,circular_interface,35,8100,0.002069973008474335,0.34728149700094946,0,False
,,,,,0.1095369779941393,,,,,,,0.20842228800756857,384.74211646237393,,,,,,,,,,,,,,circle,,,,,,,,,,,,,,,0.1,2.634200226460258,,6.278525989941501,21.723432112265947,9.170104604328667,wls_strong,,,296,,,,,,,,,,,,,,,,,circular_interface,,8100,0.0025240980030503124,0.3204833640047582,0,False
nan,nan,nan,0.0,nan,0.14900726100313477,0.0,4.310139402863138,0.6725191414512024,2.1716830967307357,0.4425616745576875,0.3969594594594595,0.14617657200142276,4872.243838834119,7.993605777301127e-15,2.5572761547981496e-14,10.573890222079042,0.3800168527011305,2.0299164468434263,0.5574383254423125,0.2995082700044703,7.212793917433162,0.20691097122066243,0.5734899595366739,10.573890222079042,0.5078405031953974,2.1084152478056994,circle,nan,nan,13.467344641338975,49.52852040991674,15.195267370640977,68.27294077458976,14.589514321626055,13.467344641338975,49.52852040991674,15.195267370640977,68.27294077458976,14.589514321626055,64.07671782528215,64.07671782528215,0.1,9.657010227847252,0.8360266957570237,29.018921626358782,25.828671898057355,9.405713402473715,ccpfm_flux,0,4013,301,0.3426364315973087,4.310139402863138,0.6725191414512024,2.1716830967307357,0.4425616745576875,0.3969594594594595,10.573890222079042,0.3800168527011305,2.0299164468434263,0.5574383254423125,0.2995082700044703,10.573890222079042,0.5078405031953974,2.1084152478056994,1.0,0.3426364315973087,circular_interface,33,8101,0.0020587440085364506,0.297242577013094,1,False
,,,,,0.11819832501350902,,,,,,,0.18993968398717698,431.14826744166714,,,,,,,,,,,,,,circle,,,,,,,,,,,,,,,0.1,2.37202940762617,,6.033866377411693,21.66658449646059,9.271822089510996,wls_strong,,,301,,,,,,,,,,,,,,,,,circular_interface,,8101,0.0022195949859451503,0.31035760398663115,1,False
nan,nan,nan,0.0,nan,0.17054843599908054,0.0,6.178920314661996,0.6952133293422045,2.2039021138194714,0.43896891584533737,0.3880253310305124,0.17372823599725962,13312.536047946318,4.9960036108132044e-15,1.972095625295881e-14,9.585662799127247,0.33447609144698176,2.0255147367887307,0.5610310841546626,0.29234234234234235,6.9501030328849716,0.19404702115423694,0.555729755850146,9.585662799127247,0.4728277165154875,2.1118556755650686,circle,nan,nan,13.384361666164603,50.62917807905902,14.991242066851893,64.57541948663999,14.3360246019366,13.384361666164603,50.62917807905902,14.991242066851893,64.57541948663999,14.3360246019366,62.66671832238115,62.66671832238115,0.1,20.51198924979648,0.8580465643198115,119.47163209643368,25.24111922963553,9.438484834344521,ccpfm_flux,0,3957,299,0.33434420015163,6.178920314661996,0.6952133293422045,2.2039021138194714,0.43896891584533737,0.3880253310305124,9.585662799127247,0.33447609144698176,2.0255147367887307,0.5610310841546626,0.29234234234234235,9.585662799127247,0.4728277165154875,2.1118556755650686,1.0,0.33434420015163,circular_interface,38,8102,0.002170249994378537,0.3464469219907187,2,True
,,,,,0.17756037499930244,,,,,,,0.22772129300574306,320.0056267456069,,,,,,,,,,,,,,circle,,,,,,,,,,,,,,,0.1,2.4746307182956686,,5.566849695167722,20.713614997850637,9.144958336532188,wls_strong,,,299,,,,,,,,,,,,,,,,,circular_interface,,8102,0.002481243005604483,0.40776291101065,2,False
nan,nan,nan,0.0,nan,0.1969664130010642,0.0,5.282796646703608,0.6821374602229695,2.203568495066721,0.4353982300884956,0.3914053426248548,0.15972007399250288,2235.0070485429665,5.995204332975845e-15,1.9849270198026542e-14,10.970347122481453,0.3397752678031157,1.9756526706616695,0.5646017699115045,0.29377519032691446,7.218194931113242,0.19698498583642354,0.5578572195775281,10.970347122481453,0.47054180972683335,2.1105771264175726,circle,nan,nan,13.356212719198503,51.49629623097926,14.862305178113674,64.20706616563771,14.242693129248059,13.356212719198503,51.49629623097926,14.862305178113674,64.20706616563771,14.242693129248059,61.88233958122119,61.88233958122119,0.1,1.9713390511980577,0.8390738330249162,5.828868407069569,26.408213455436943,9.45116413249518,ccpfm_flux,0,3955,298,0.336283185840708,5.282796646703608,0.6821374602229695,2.203568495066721,0.4353982300884956,0.3914053426248548,10.970347122481453,0.3397752678031157,1.9756526706616695,0.5646017699115045,0.29377519032691446,10.970347122481453,0.47054180972683335,2.1105771264175726,1.0,0.336283185840708,circular_interface,39,8103,0.002457216993207112,0.3591437039867742,3,False
,,,,,0.11753249999310356,,,,,,,0.1535836190014379,310.21921537499463,,,,,,,,,,,,,,circle,,,,,,,,,,,,,,,0.1,2.4030997260780356,,6.038307698542869,22.22374839302146,9.147521037734386,wls_strong,,,298,,,,,,,,,,,,,,,,,circular_interface,,8103,0.0017370950081385672,0.27285321400268003,3,False
,,,,,0.13552998400700744,,,,,,,0.1516034919914091,324.65035259695094,,,,,,,,,,,,,,circle,,,,,,,,,,,,,,,0.1,2.2154922688787506,,5.117856762252778,21.113114183733483,9.258809233171107,wls_strong,,,303,,,,,,,,,,,,,,,,,circular_interface,,8104,0.001708067997242324,0.28884154399565887,4,False
nan,nan,nan,0.0,nan,0.1864599980035564,0.0,5.447851768637406,0.6777250273391782,2.149257801644054,0.4363726216950828,0.398074745186863,0.18895327400241513,1125.1697107258494,6.217248937900877e-15,2.196763692839205e-14,10.008297957115092,0.3734177748374305,2.056698867058929,0.5636273783049173,0.3016220955721175,6.940871358434662,0.2058304427701778,0.5786662635385776,10.008297957115092,0.49499700859427453,2.1095857442326587,circle,nan,nan,13.825394376168619,53.84983398485802,15.275038309189789,68.2107953288968,14.778399270582431,13.825394376168619,53.84983398485802,15.275038309189789,68.2107953288968,14.778399270582431,65.62366221385138,65.62366221385138,0.1,7.92877114555233,0.83958005971971,24.506504749324634,24.525712127981404,9.390968080166902,ccpfm_flux,0,4047,303,0.34371139115394117,5.447851768637406,0.6777250273391782,2.149257801644054,0.4363726216950828,0.398074745186863,10.008297957115092,0.3734177748374305,2.056698867058929,0.5636273783049173,0.3016220955721175,10.008297957115092,0.49499700859427453,2.1095857442326587,1.0,0.34371139115394117,circular_interface,33,8104,0.0028881789912702516,0.3783014509972418,4,False
nan,nan,nan,0.0,nan,0.20104053799877875,0.0,4.512921051039335,0.68308487208677,2.17554713215413,0.4225690276110444,0.4011363636363636,0.20790538500295952,2273.3320354398834,6.217248937900877e-15,2.3018777081186632e-14,8.946236517879415,0.3626201838685566,2.0153431371615165,0.5774309723889556,0.3072765072765073,7.4908306255894965,0.20856650397822685,0.5745570236504187,8.946236517879415,0.4767399383224607,2.0964795619803414,circle,nan,nan,13.73809230815721,55.88646305994304,16.16727747399852,71.60616201647483,15.268747653480105,13.73809230815721,55.88646305994304,16.16727747399852,71.60616201647483,15.268747653480105,66.80813461109466,66.80813461109466,0.1,12.021606014150755,0.8428519119727413,35.07849363134618,24.594061962782245,9.385159209383843,ccpfm_flux,0,4165,311,0.3469387755102041,4.512921051039335,0.68308487208677,2.17554713215413,0.4225690276110444,0.4011363636363636,8.946236517879415,0.3626201838685566,2.0153431371615165,0.5774309723889556,0.3072765072765073,8.946236517879415,0.4767399383224607,2.0964795619803414,1.0,0.3469387755102041,circular_interface,37,8105,0.0031432510004378855,0.41208917400217615,5,False
,,,,,0.18149111399543472,,,,,,,0.19351802099845372,388.52623609931425,,,,,,,,,,,,,,circle,,,,,,,,,,,,,,,0.1,2.245969444393679,,5.256265194643808,20.69560793373193,9.104634526152179,wls_strong,,,311,,,,,,,,,,,,,,,,,circular_interface,,8105,0.002494305997970514,0.37750344099185895,5,False
,,,,,0.10870078500011005,,,,,,,0.16460827499395236,395.70593232902706,,,,,,,,,,,,,,circle,,,,,,,,,,,,,,,0.1,2.4488536081066647,,6.099031424807144,21.951368224882362,9.215185164729878,wls_strong,,,298,,,,,,,,,,,,,,,,,circular_interface,,8106,0.001464479006244801,0.2747735390003072,6,False
nan,nan,nan,0.0,nan,0.1580706810054835,0.0,5.67815530233612,0.6791671558025292,2.2147329863644134,0.4358125318390219,0.3722969023962595,0.17697888899419922,1774.9191284778267,6.217248937900877e-15,2.1876421875306036e-14,10.064818881606147,0.368646318518475,1.987420754595264,0.5641874681609781,0.29932279909706544,7.051937514311725,0.2111650062869446,0.5649618650384054,10.064818881606147,0.4958607393189457,2.0875745048707746,circle,nan,nan,13.084452551962668,51.74521548113825,15.045599551692616,65.68552925816809,14.40965111039296,13.084452551962668,51.74521548113825,15.045599551692616,65.68552925816809,14.40965111039296,62.95068863726132,62.95068863726132,0.1,0.6824772333287238,0.8416303550603813,4.209399922127252,24.972702885678522,9.418832978577333,ccpfm_flux,0,3926,298,0.33112582781456956,5.67815530233612,0.6791671558025292,2.2147329863644134,0.4358125318390219,0.3722969023962595,10.064818881606147,0.368646318518475,1.987420754595264,0.5641874681609781,0.29932279909706544,10.064818881606147,0.4958607393189457,2.0875745048707746,1.0,0.33112582781456956,circular_interface,36,8106,0.001980464003281668,0.3370300340029644,6,False
nan,nan,nan,0.0,nan,0.18468630699499045,0.0,4.979687622506067,0.6901663021383235,2.210027076525079,0.42650661440470355,0.3808156232050546,0.1722021110035712,1593.9863917047505,4.6629367034256575e-15,1.9323476937361524e-14,8.562694430186319,0.3758956246566138,1.9460326563897496,0.5734933855952964,0.30499786416061514,7.616870978853712,0.20294538124614397,0.5790629371879666,8.562694430186319,0.5134475529443634,2.0821907014344068,circle,nan,nan,13.48974877005142,46.291406460013214,15.682726872323276,71.37700885389059,14.806691692007693,13.48974877005142,46.291406460013214,15.682726872323276,71.37700885389059,14.806691692007693,67.96068520061793,67.96068520061793,0.1,1.8272479433792757,0.8179705598807062,9.30267133382293,24.139238131714066,9.422949910029184,ccpfm_flux,0,4082,306,0.3373346398824106,4.979687622506067,0.6901663021383235,2.210027076525079,0.42650661440470355,0.3808156232050546,8.562694430186319,0.3758956246566138,1.9460326563897496,0.5734933855952964,0.30499786416061514,8.562694430186319,0.5134475529443634,2.0821907014344068,1.0,0.3373346398824106,circular_interface,32,8107,0.0021827140008099377,0.3590711319993716,7,False
,,,,,0.10662442700413521,,,,,,,0.24968019599327818,292.57512693643554,,,,,,,,,,,,,,circle,,,,,,,,,,,,,,,0.1,2.3936614274155814,,5.58994113569931,20.301383265306058,9.2008088014131,wls_strong,,,309,,,,,,,,,,,,,,,,,circular_interface,,8108,0.0019330810027895495,0.35823770400020294,8,False
nan,nan,nan,0.0,nan,0.2582972370000789,0.0,6.407587576467577,0.7097652516237877,2.144692735764622,0.42567567567567566,0.39058956916099774,0.2439223069959553,2760.753061513055,5.440092820663267e-15,2.002329244596299e-14,9.438552575004,0.365177559530909,2.0193056810107617,0.5743243243243243,0.3067226890756303,8.34028530897869,0.2081723892610698,0.5629220046943529,9.438552575004,0.49869614395650935,2.08622252059678,circle,nan,nan,13.67830553413433,48.46046738025389,15.771335810004572,72.00458574859199,14.696904810252278,13.67830553413433,48.46046738025389,15.771335810004572,72.00458574859199,14.696904810252278,66.95160564482708,66.95160564482708,0.1,3.6479118846744263,0.8323998225260072,19.72702695670567,25.16983294207469,9.42374650268982,ccpfm_flux,0,4144,309,0.3424227799227799,6.407587576467577,0.7097652516237877,2.144692735764622,0.42567567567567566,0.39058956916099774,9.438552575004,0.365177559530909,2.0193056810107617,0.5743243243243243,0.3067226890756303,9.438552575004,0.49869614395650935,2.08622252059678,1.0,0.3424227799227799,circular_interface,38,8108,0.002158172006602399,0.5043777160026366,8,False
,,,,,0.14273836500069592,,,,,,,0.22311037901090458,473.0936649297297,,,,,,,,,,,,,,circle,,,,,,,,,,,,,,,0.1,2.5606699461900613,,5.726276168373514,20.500992357720598,9.243657842892215,wls_strong,,,306,,,,,,,,,,,,,,,,,circular_interface,,8107,0.0019956099858973175,0.3678443539974978,7,False
,,,,,0.12835076100600418,,,,,,,0.1651419059926411,412.8472009422134,,,,,,,,,,,,,,circle,,,,,,,,,,,,,,,0.1,2.448788339200737,,5.494301480611682,21.342717452889662,9.209638012496079,wls_strong,,,301,,,,,,,,,,,,,,,,,circular_interface,,8109,0.0026833180018002167,0.2961759850004455,9,False
nan,nan,nan,0.0,nan,0.19380530600028578,0.0,5.707997111005188,0.6847244836903718,2.2177086459197075,0.43646408839779005,0.3860759493670886,0.20321977300045546,6628.608714299224,5.329070518200751e-15,2.1385326788190755e-14,8.80561967337411,0.3777153193315795,2.0512416582617505,0.56353591160221,0.30436720142602497,7.865484628707446,0.21227378709826883,0.5783200227139298,8.80561967337411,0.4992399250347267,2.1432543951626033,circle,nan,nan,13.252855744543059,50.34872446238026,15.31485859148448,67.2555357601658,14.623946880829516,13.252855744543059,50.34872446238026,15.31485859148448,67.2555357601658,14.623946880829516,64.4602104517982,64.4602104517982,0.1,14.273056393859232,0.8448005754109447,51.914580889394514,25.344570581288263,9.341903302214362,ccpfm_flux,0,3982,301,0.3400301356102461,5.707997111005188,0.6847244836903718,2.2177086459197075,0.43646408839779005,0.3860759493670886,8.80561967337411,0.3777153193315795,2.0512416582617505,0.56353591160221,0.30436720142602497,8.80561967337411,0.4992399250347267,2.1432543951626033,1.0,0.3400301356102461,circular_interface,31,8109,0.003003134988830425,0.40002821398957167,9,False
