added_edge_correction_rel_max,added_edge_correction_rel_median,added_edge_correction_rel_p90,added_edge_fraction,added_edge_negative_lambda_fraction,added_prior_anchor,assembly_seconds,boundary_band_live,boundary_band_prior_anchor,boundary_edge_correction_rel_max,boundary_edge_correction_rel_median,boundary_edge_correction_rel_p90,boundary_edge_fraction,boundary_edge_negative_lambda_fraction,boundary_split_factor,constraint_regularization,constraint_resid_inf,constraint_resid_l2,core_edge_correction_rel_max,core_edge_correction_rel_median,core_edge_correction_rel_p90,core_edge_fraction,core_edge_negative_lambda_fraction,core_prior_anchor,correction_abs_max,correction_abs_median,correction_rel_l2,correction_rel_max,correction_rel_median,correction_rel_p90,domain,effective_weight_added_edge_median,effective_weight_added_edge_p90,effective_weight_boundary_edge_median,effective_weight_boundary_edge_p90,effective_weight_core_edge_median,effective_weight_core_edge_p90,effective_weight_median,effective_weight_original_boundary_edge_median,effective_weight_original_boundary_edge_p90,effective_weight_original_core_edge_median,effective_weight_original_core_edge_p90,effective_weight_original_edge_median,effective_weight_original_edge_p90,effective_weight_p90,family_seed,frac_err2_near_boundary_interior,frac_max_error_on_boundary,h_target,l2,l2_core_interior,l2_interior,l2_near_boundary_interior,lambda_ratio_median,linf,linf_core_interior,linf_interior,linf_near_boundary_interior,max_added_edges_on_flagged_node,max_error_dist_boundary,max_error_idx,max_error_is_boundary,max_error_local_cond,max_error_local_sigma_min,max_error_region,max_error_x,max_error_y,max_local_cond,max_local_size,mean_added_edges_per_flagged_node,median_dist_boundary,median_local_cond,median_radius,min_local_sigma_min,n_added_edges,n_boundary,n_core_interior,n_edges,n_flagged_enrichment_nodes,n_flagged_nodes_with_added_edges,n_flagged_nodes_without_added_edges,n_force_flagged_enrichment_nodes,n_interior,n_interior_eval,n_near_boundary_interior,n_original_edges,n_points,negative_lambda_fraction,operator,original_boundary_edge_correction_rel_max,original_boundary_edge_correction_rel_median,original_boundary_edge_correction_rel_p90,original_boundary_edge_fraction,original_boundary_edge_negative_lambda_fraction,original_core_edge_correction_rel_max,original_core_edge_correction_rel_median,original_core_edge_correction_rel_p90,original_core_edge_fraction,original_core_edge_negative_lambda_fraction,original_edge_correction_rel_max,original_edge_correction_rel_median,original_edge_correction_rel_p90,original_edge_fraction,original_edge_negative_lambda_fraction,original_prior_anchor,patch_const_max,patch_quad_max,patch_x2h_max,patch_x_max,patch_xy_max,patch_y2h_max,patch_y_max,prior_blend_geom,prior_blend_wls,rms,rms_core_interior,rms_interior,rms_near_boundary_interior,selected_attempt_alpha,selected_attempt_idx,selected_attempt_max_neighbors,selected_attempt_min_neighbors,solve_seconds,status,total_seconds,trial,unstable,unstable_reasons
,,,,,,0.08280888399167452,,,,,,,,2.0,,0.0,0.0,,,,,,,,,0.0,,,,circle,,,,,,,,,,,,,,,1000,0.5490719678209994,0.0,0.2,1.145036380892681,1.2966510915071563,1.3684712527113092,1.4373115966413048,1.0,6.126940708067762,3.8477727289879438,6.126940708067762,6.126940708067762,,0.11000000000000003,57,False,38.63714863268215,0.07340979986665323,near_boundary_interior,0.5231288745402516,-0.720025124993739,52.651915643726696,23,,0.32174946036968216,30.383796984964896,0.08159745955696332,0.048779527667489164,,40,22,0,,,,,57,57,35,,97,0.0,wls,,,,,,,,,,,,,,,,,1.5987211554602254e-14,7.105427357601002e-15,9.325873406851315e-15,1.7319479184152442e-14,2.3037127760971998e-14,6.217248937900877e-15,1.2989609388114332e-14,,,1.1526456524655004,1.3501561671129283,1.5036413346969106,1.5925643934168516,,,,,0.0007569950103061274,ok,0.08356587900198065,0,False,
nan,nan,nan,0.0,nan,1.0,0.12646523599687498,0.0,1.0,3.751528932925977,0.7333418386838595,2.1750915610063846,0.7577777777777778,0.39589442815249265,2.0,1e-13,1.2214396161169816e-12,7.947099086983584e-12,2.93817587190173,0.25716996448660046,1.5918692717289928,0.24222222222222223,0.1834862385321101,1.0,0.33189200096055366,0.053276524825655924,0.5627943634726618,3.751528932925977,0.5892868665877891,2.0954273095659848,circle,nan,nan,4.260761440525497,19.345785659507275,7.057147212818672,31.155991626305607,4.9140779912052786,4.260761440525497,19.345785659507275,7.057147212818672,31.155991626305607,4.9140779912052786,21.924241141221934,21.924241141221934,1000,0.40564741926350667,0.0,0.2,0.16821736203836346,0.21869714913868157,0.20104219219389743,0.18149396346027805,0.6978022011003355,0.4063253523570991,0.4063253523570991,0.4063253523570991,0.36617616606202485,0,0.5342532660272544,82,False,9.276828983499366,0.2876380487664378,interior_core,0.3468512367518682,-0.31259126189122466,25.594392111288265,51,0.0,0.32174946036968216,9.785719637439671,0.08159745955696332,0.17657295042785506,0,40,22,1350,0,0,0,0,57,57,35,1350,97,0.34444444444444444,ccpfm,3.751528932925977,0.7333418386838595,2.1750915610063846,0.7577777777777778,0.39589442815249265,2.93817587190173,0.25716996448660046,1.5918692717289928,0.24222222222222223,0.1834862385321101,3.751528932925977,0.5892868665877891,2.0954273095659848,1.0,0.34444444444444444,1.0,6.750155989720952e-14,5.28594945592431e-11,1.740985133835693e-11,3.102645917962832e-11,3.336755871607977e-11,6.530065377319261e-11,4.127265196274266e-11,0.35,0.65,0.14226403621989236,0.22171615113598286,0.18558529661174528,0.1587190955576704,2.35,0,68,24,0.00037184800021350384,ok,0.12683708399708848,0,False,
,,,,,,0.1528361800010316,,,,,,,,2.0,,0.0,0.0,,,,,,,,,0.0,,,,circle,,,,,,,,,,,,,,,1000,0.6032154025760734,0.0,0.16,0.40192769893733965,0.3661522639344739,0.46325974270343057,0.5956720663606789,1.0,1.7592124653268146,0.8454662971458141,1.7592124653268146,1.7592124653268146,,0.088,54,False,65.12262964504438,0.04224772682999539,near_boundary_interior,0.48867403702092704,0.7700270680577855,77.18167675829748,23,,0.3239967360095416,44.226001059108405,0.06530214031049061,0.033864049320889614,,50,47,0,,,,,91,91,44,,141,0.0,wls,,,,,,,,,,,,,,,,,2.930988785010413e-14,1.2434497875801753e-14,1.1324274851176597e-14,2.0872192862952943e-14,1.2656542480726785e-14,9.325873406851315e-15,2.1094237467877974e-14,,,0.44923334262905606,0.36977994638656786,0.5591918624748285,0.7075669779258686,,,,,0.0015498749999096617,ok,0.15438605500094127,0,False,
,,,,,,0.18893091200152412,,,,,,,,2.0,,0.0,0.0,,,,,,,,,0.0,,,,circle,,,,,,,,,,,,,,,1000,0.30858159141423813,0.0,0.12,0.14475261164421052,0.15712160631827096,0.16073327703165555,0.1698237526858614,1.0,0.5322659191606627,0.5322659191606627,0.5322659191606627,0.47024079145784675,,0.575960170772642,221,False,64.99006433215872,0.03828600970933338,interior_core,-0.4054115994167333,0.12449378524210894,136.18721277072123,23,,0.32082623899535867,72.47877390453817,0.05789227309425775,0.019638345394354644,,66,99,0,,,,,158,158,59,,224,0.0,wls,,,,,,,,,,,,,,,,,7.149836278586008e-14,3.197442310920451e-14,1.3322676295501878e-14,2.7533531010703882e-14,1.7763568394002505e-14,2.731148640577885e-14,6.217248937900877e-14,,,0.14722483132397834,0.15680461857256572,0.1752978264012014,0.20257045907546578,,,,,0.001592083994182758,ok,0.19052299599570688,0,False,
nan,nan,nan,0.0,nan,1.0,0.28361090800899547,0.0,1.0,3.6239719907690957,0.6784774345369758,1.8429332953809574,0.6550024642681124,0.35891647855530473,2.0,1e-13,2.176935715025863e-12,1.4505644832958428e-11,2.687193176928346,0.2763494302275538,1.6313012217897673,0.34499753573188763,0.26,1.0,0.312159960663532,0.04786551443776638,0.5621164051326396,3.6239719907690957,0.5515842864425616,1.7552344790427679,circle,nan,nan,6.42781986216125,28.701797899462335,10.444176317007566,47.046084147397785,7.70325516278269,6.42781986216125,28.701797899462335,10.444176317007566,47.046084147397785,7.70325516278269,34.44536552897785,34.44536552897785,1000,0.2927930195446019,0.0,0.16,0.10100932844225231,0.12284886192414259,0.11642281840371299,0.10429534612240018,0.6787639199112318,0.25701704418966764,0.25701704418966764,0.25701704418966764,0.21190270340485462,0,0.4939228533185625,120,False,9.221245197375776,0.2895603704617603,interior_core,-0.3315633793309384,-0.38268715800938957,24.320428699575533,46,0.0,0.3239967360095416,9.643853526655809,0.06530214031049061,0.17309570925840156,0,50,47,2029,0,0,0,0,91,91,44,2029,141,0.3247905372104485,ccpfm,3.6239719907690957,0.6784774345369758,1.8429332953809574,0.6550024642681124,0.35891647855530473,2.687193176928346,0.2763494302275538,1.6313012217897673,0.34499753573188763,0.26,3.6239719907690957,0.5515842864425616,1.7552344790427679,1.0,0.3247905372104485,1.0,1.4654943925052066e-13,1.5499335148660975e-10,7.124378864631353e-11,8.610597911767881e-11,1.5002150736964648e-10,8.375267146476517e-11,9.724813901205998e-11,0.35,0.65,0.08874957598178766,0.1225878848436449,0.11047274540368734,0.09585483738669638,2.35,0,68,24,0.0005504519940586761,ok,0.28416136000305414,0,False,
nan,nan,nan,0.0,nan,1.0,0.3447091550042387,0.0,1.0,5.028282473852827,0.6868383017653682,1.8912765147365334,0.5333123821495914,0.3624042427813789,2.0,1e-13,1.4649885471396118e-11,1.0043304239482347e-10,2.6718451709247764,0.34437598554607735,1.6789113249813354,0.4666876178504085,0.2868686868686869,1.0,0.2856209355245107,0.053297027432244744,0.576390055860938,5.028282473852827,0.5416923860495167,1.7549907234657516,circle,nan,nan,11.98045475411802,47.57492638055966,16.441346376441587,77.00442573085878,14.126887900109798,11.98045475411802,47.57492638055966,16.441346376441587,77.00442573085878,14.126887900109798,62.15692521941899,62.15692521941899,1000,0.18912034881238013,0.0,0.12,0.06807875173325433,0.080025577777005,0.07559463513657526,0.06252702020585611,0.702848904708294,0.1929069384776949,0.1929069384776949,0.1929069384776949,0.1256069198613887,0,0.3428501846570941,116,False,8.855131357280436,0.2997806286970622,interior_core,0.43221979478378997,0.49502504768580013,25.294643975491436,45,0.0,0.32082623899535867,9.506390960507836,0.05789227309425775,0.16762508094855283,0,66,99,3182,0,0,0,0,158,158,59,3182,224,0.3271527341294783,ccpfm,5.028282473852827,0.6868383017653682,1.8912765147365334,0.5333123821495914,0.3624042427813789,2.6718451709247764,0.34437598554607735,1.6789113249813354,0.4666876178504085,0.2868686868686869,5.028282473852827,0.5416923860495167,1.7549907234657516,1.0,0.3271527341294783,1.0,2.7355895326763857e-13,1.820744000013974e-09,1.495914503379936e-09,1.168818375418823e-09,1.584428588330411e-09,1.5400014596878009e-09,1.2152168160639576e-09,0.35,0.65,0.06144763875580909,0.07950821891104631,0.07316454306322709,0.06105677082826608,2.35,0,68,24,0.0014340149937197566,ok,0.34614316999795847,0,False,
,,,,,,0.348532793999766,,,,,,,,2.0,,0.0,0.0,,,,,,,,,0.0,,,,circle,,,,,,,,,,,,,,,1000,0.3397029841168557,0.0,0.1,0.09105747258572863,0.09454226196112309,0.09936092570494348,0.11131094979143255,1.0,0.38556468392501814,0.28622020490936506,0.38556468392501814,0.38556468392501814,,0.054999999999999986,116,False,170.4492765952645,0.016061693784254597,near_boundary_interior,0.8712576690821211,-0.3659712356965786,195.76808038334391,23,,0.3224209933451369,102.54923200860956,0.04854809641553886,0.013143124023267047,,79,146,0,,,,,225,225,79,,304,0.0,wls,,,,,,,,,,,,,,,,,9.547918011776346e-14,4.3520742565306136e-14,4.0190073491430667e-14,8.060219158778636e-14,2.7033930649622562e-14,2.5757174171303632e-14,5.3290705182007514e-14,,,0.09169262663826237,0.09496465707736457,0.10658103823573102,0.12524516289042606,,,,,0.002737410002737306,ok,0.3512702040025033,0,False,
,,,,,,0.060510662995511666,,,,,,,,2.0,,0.0,0.0,,,,,,,,,0.0,,,,circle,,,,,,,,,,,,,,,1001,0.5329872039399758,0.0,0.2,0.9206674158220691,1.0965799093254234,1.1040935058413575,1.110805584836244,1.0,2.914977844324512,2.515793858293301,2.914977844324512,2.914977844324512,,0.10999999999999999,55,False,34.506448235421765,0.08141818080455004,near_boundary_interior,-1.0225344626630001e-13,-0.89,46.3892214744399,23,,0.3330876172749911,27.849182676900753,0.08159745955696322,0.05866781704033004,,40,21,0,,,,,56,56,35,,96,0.0,wls,,,,,,,,,,,,,,,,,1.7985612998927536e-14,8.659739592076221e-15,6.439293542825908e-15,1.0325074129013956e-14,2.1087298573974067e-14,4.884981308350689e-15,1.1102230246251565e-14,,,0.8953557903645573,1.1030726039434622,1.172295909503599,1.2119335036873213,,,,,0.0005457400111481547,ok,0.06105640300665982,1,False,
nan,nan,nan,0.0,nan,1.0,0.11974946899863426,0.0,1.0,3.759786692082153,0.7616852539935266,2.1346033235230726,0.7610486891385768,0.39665354330708663,2.0,1e-13,1.2539153743107434e-12,7.636623396875524e-12,2.5557261772456856,0.22688492394616627,1.410558050624635,0.2389513108614232,0.21316614420062696,1.0,0.2796678705242979,0.05209862551046489,0.5637619611235131,3.759786692082153,0.6100385315040752,1.985527422383567,circle,nan,nan,4.260761440524075,19.248651817398013,6.902150974766471,28.643486254641335,4.6732818331428545,4.260761440524075,19.248651817398013,6.902150974766471,28.643486254641335,4.6732818331428545,22.183212005512175,22.183212005512175,1001,0.5904203864034759,0.0,0.2,0.10841530273767273,0.12092967190492748,0.1300150625832759,0.1376728013964279,0.6813817143708966,0.28551579259146054,0.28551579259146054,0.28551579259146054,0.24811125042250248,0,0.4702461210636429,76,False,8.828485810275657,0.30530475137080476,interior_core,0.3242021393930633,-0.41958746677122655,25.36383460051419,51,0.0,0.3330876172749911,10.008688836732103,0.08159745955696322,0.17117301886255196,0,40,21,1335,0,0,0,0,56,56,35,1335,96,0.35280898876404493,ccpfm,3.759786692082153,0.7616852539935266,2.1346033235230726,0.7610486891385768,0.39665354330708663,2.5557261772456856,0.22688492394616627,1.410558050624635,0.2389513108614232,0.21316614420062696,3.759786692082153,0.6100385315040752,1.985527422383567,1.0,0.35280898876404493,1.0,9.414691248821327e-14,4.164490974289947e-11,2.990563352511799e-11,3.02278861663563e-11,4.375968185900414e-11,3.992062236335414e-11,3.819089489098815e-11,0.35,0.65,0.09401015244721378,0.11797164458323676,0.12308818276677004,0.12605846192746098,2.35,0,68,24,0.0005013250047340989,ok,0.12025079400336836,1,False,
nan,nan,nan,0.0,nan,1.0,0.4829853099945467,0.0,1.0,5.094055455034545,0.7843268972204998,1.9141549514553593,0.4657313707451702,0.3782716049382716,2.0,1e-13,3.7850286056448357e-11,3.012101999013906e-10,2.657886113633588,0.3750429699948202,1.6530102159568982,0.5342686292548298,0.30606973740852345,1.0,0.30294431547056544,0.05933599981624875,0.5896479815646445,5.094055455034545,0.585609911831077,1.7322579865779641,circle,nan,nan,16.62859159507798,66.52395760437118,23.57989944682226,99.79100212703415,20.123398412122253,16.62859159507798,66.52395760437118,23.57989944682226,99.79100212703415,20.123398412122253,89.2906485066425,89.2906485066425,1000,0.15100340965256356,0.0,0.1,0.054017910008674556,0.06359624588225356,0.058943757065682535,0.044025446546646495,0.6866123336506316,0.1472438171199476,0.1472438171199476,0.1472438171199476,0.0974329734771268,0,0.3953769567455178,197,False,9.291670490308125,0.2933360056042883,interior_core,0.40321202234597786,-0.45165371988522085,26.213592170809196,45,0.0,0.3224209933451369,9.468587888291717,0.04854809641553886,0.16792252030099908,0,79,146,4348,0,0,0,0,225,225,79,4348,304,0.33969641214351426,ccpfm,5.094055455034545,0.7843268972204998,1.9141549514553593,0.4657313707451702,0.3782716049382716,2.657886113633588,0.3750429699948202,1.6530102159568982,0.5342686292548298,0.30606973740852345,5.094055455034545,0.585609911831077,1.7322579865779641,1.0,0.33969641214351426,1.0,3.6415315207705135e-13,4.538908804363473e-09,3.6470906294994165e-09,2.8316371469827573e-09,4.082362892177116e-09,3.50627482603727e-09,2.7031781257846887e-09,0.35,0.65,0.04948277650825488,0.06392561265114069,0.05751744593207772,0.04324365393719883,2.35,0,68,24,0.0028971959982300177,ok,0.4858825059927767,0,False,
,,,,,,0.4872126859991113,,,,,,,,2.0,,0.0,0.0,,,,,,,,,0.0,,,,circle,,,,,,,,,,,,,,,1000,0.1763975998200887,0.0,0.08,0.05153785532935537,0.05580030065922624,0.05511929965813384,0.05224007525843166,1.0,0.1794465059388498,0.1794465059388498,0.1794465059388498,0.1686804244360075,,0.16335813355984102,157,False,167.27512088870165,0.014119343839295542,interior_core,0.5016593599356639,-0.6712591188787685,328.82683642684896,23,,0.29311453088231976,155.26542772440627,0.03928389887850495,0.008069871380996033,,99,253,0,,,,,351,351,98,,450,0.0,wls,,,,,,,,,,,,,,,,,1.5631940186722204e-13,7.061018436615996e-14,3.68594044175552e-14,6.750155989720952e-14,6.356026815979021e-14,5.417888360170764e-14,1.1723955140041653e-13,,,0.04919405897055627,0.056112800944492565,0.05570130318871581,0.054624637518134705,,,,,0.004562433998216875,ok,0.49177511999732815,0,False,
,,,,,,0.1127462990116328,,,,,,,,2.0,,0.0,0.0,,,,,,,,,0.0,,,,circle,,,,,,,,,,,,,,,1001,0.546587772830955,0.0,0.16,0.41847007630483973,0.4328585132155632,0.4814638425596602,0.5372043492418092,1.0,2.4325791891661277,0.8296544140968822,2.4325791891661277,2.4325791891661277,,0.088,54,False,62.431906411807,0.04367491176458872,near_boundary_interior,0.48867403702092704,0.7700270680577855,80.17531392881324,23,,0.3001388866411137,43.461626445696886,0.06530214031049061,0.03216877861952884,,50,41,0,,,,,89,89,48,,139,0.0,wls,,,,,,,,,,,,,,,,,2.3314683517128287e-14,1.2878587085651816e-14,4.884981308350689e-15,1.4876988529977098e-14,1.5279444376403717e-14,7.549516567451064e-15,1.6209256159527285e-14,,,0.468728739224676,0.43142509206834356,0.5857792438574704,0.6908326753037646,,,,,0.00045081099960952997,ok,0.11319711001124233,1,False,
nan,nan,nan,0.0,nan,1.0,0.1497149679926224,0.0,1.0,3.609871819558719,0.6697718498785776,1.8752374313740112,0.6649720386375191,0.37767584097859325,2.0,1e-13,1.897329515720969e-12,1.3783447160184208e-11,2.8243513081274734,0.294565681200856,1.5630086053109589,0.3350279613624809,0.2488619119878604,1.0,0.32250620057329615,0.05032740664935412,0.557818000837614,3.609871819558719,0.5283736726283158,1.7499121093814933,circle,nan,nan,6.427819862163698,28.70179789946236,9.957236027656213,45.216827929074796,7.6004078254805725,6.427819862163698,28.70179789946236,9.957236027656213,45.216827929074796,7.6004078254805725,34.50346508755918,34.50346508755918,1001,0.3892568644689788,0.0,0.16,0.10323747551584643,0.12393718129253563,0.11877817428888264,0.11184090479897267,0.6822099503724085,0.26025086975109335,0.26025086975109335,0.26025086975109335,0.23796382432816543,0,0.44511608700469735,101,False,8.65154293543399,0.30527835555141025,interior_core,0.38056296845232707,0.40698780123287703,25.45670243120615,46,0.0,0.3001388866411137,9.875620668393235,0.06530214031049061,0.16563701547253998,0,50,41,1967,0,0,0,0,89,89,48,1967,139,0.33451957295373663,ccpfm,3.609871819558719,0.6697718498785776,1.8752374313740112,0.6649720386375191,0.37767584097859325,2.8243513081274734,0.294565681200856,1.5630086053109589,0.3350279613624809,0.2488619119878604,3.609871819558719,0.5283736726283158,1.7499121093814933,1.0,0.33451957295373663,1.0,1.787459069646502e-13,1.0860023991199341e-10,8.182499122710851e-11,1.073640065740733e-10,7.791906009302352e-11,9.030087788630681e-11,1.12591047596311e-10,0.35,0.65,0.08974914911881898,0.12316573977731676,0.11216122313010811,0.10182405986544132,2.35,0,68,24,0.0006445320032071322,ok,0.15035949999582954,1,False,
,,,,,,0.13441518699983135,,,,,,,,2.0,,0.0,0.0,,,,,,,,,0.0,,,,circle,,,,,,,,,,,,,,,1001,0.2792341431928338,0.0,0.12,0.2009920059229473,0.2242187942945128,0.2233566509977958,0.22117642776444998,1.0,0.9312565192553433,0.9312565192553433,0.9312565192553433,0.6660257728897074,,0.4642436282610464,195,False,71.24553504136671,0.036459066868750126,interior_core,0.4134739408891176,0.3411987147108959,136.78501808892963,23,,0.31490631940383296,71.724213642254,0.0577968890155142,0.019147712235540876,,66,94,0,,,,,154,154,60,,220,0.0,wls,,,,,,,,,,,,,,,,,4.263256414560601e-14,2.7533531010703882e-14,1.609823385706477e-14,4.218847493575595e-14,1.6986412276764895e-14,1.0880185641326534e-14,2.842170943040401e-14,,,0.20383398836706582,0.23271065246575134,0.24362821445105107,0.25981164871627593,,,,,0.0010219880059594288,ok,0.13543717500579078,1,False,
nan,nan,nan,0.0,nan,1.0,0.3104933139984496,0.0,1.0,4.609005198059602,0.6674353122065747,1.8479846783571323,0.5489147530670022,0.3449856733524355,2.0,1e-13,1.5944412457002954e-11,9.580993524184705e-11,2.708823799171972,0.3443606663106541,1.6574019198444727,0.4510852469329978,0.2789400278940028,1.0,0.29108611631911546,0.04864940854395372,0.5762084058945953,4.609005198059602,0.519306672474687,1.7312338503395448,circle,nan,nan,10.915084228688727,47.57491957351159,16.124195279782924,73.04909294683226,13.457434610113696,10.915084228688727,47.57491957351159,16.124195279782924,73.04909294683226,13.457434610113696,61.35758864408989,61.35758864408989,1001,0.16622692339665,0.0,0.12,0.09210548009704661,0.11051100534051458,0.10235417811048235,0.0782009355705141,0.7067514167486282,0.2781279784899603,0.2781279784899603,0.2781279784899603,0.17950272049499816,0,0.34150785790511,175,False,9.241364079226477,0.2875077754992578,interior_core,0.449610027681261,-0.48280309249940234,25.484411349343496,45,0.0,0.31490631940383296,9.41652091346753,0.0577968890155142,0.1683537213997924,0,66,94,3179,0,0,0,0,154,154,60,3179,220,0.31519345706196916,ccpfm,4.609005198059602,0.6674353122065747,1.8479846783571323,0.5489147530670022,0.3449856733524355,2.708823799171972,0.3443606663106541,1.6574019198444727,0.4510852469329978,0.2789400278940028,4.609005198059602,0.519306672474687,1.7312338503395448,1.0,0.31519345706196916,1.0,2.7355895326763857e-13,1.7895747106422277e-09,1.7340031632784303e-09,1.323662957020133e-09,1.4780627832777782e-09,1.3650254260255679e-09,1.1843912517406352e-09,0.35,0.65,0.08185694455136043,0.11111279686531418,0.09783776200048509,0.07229499991040494,2.35,0,68,24,0.001840951998019591,ok,0.3123342659964692,1,False,
,,,,,,0.22944301400275435,,,,,,,,2.0,,0.0,0.0,,,,,,,,,0.0,,,,circle,,,,,,,,,,,,,,,1001,0.2571137625941403,0.0,0.1,0.08852641303094404,0.09657449856393127,0.09644010688988387,0.09605493514555549,1.0,0.2565448906354468,0.25081652197970206,0.2565448906354468,0.2565448906354468,,0.1253428302762672,134,False,115.27624756729031,0.023431133624062083,near_boundary_interior,0.3231488910010825,0.8127745315226524,212.78630646626638,23,,0.3123500723819188,104.43947571207566,0.048534321044169985,0.012679773247332363,,79,150,0,,,,,229,229,79,,308,0.0,wls,,,,,,,,,,,,,,,,,6.306066779870889e-14,3.4638958368304884e-14,2.4868995751603507e-14,5.062616992290714e-14,2.398081733190338e-14,3.2862601528904634e-14,6.661338147750939e-14,,,0.08601092757590151,0.09786021737448426,0.09974961964970723,0.10324198037035523,,,,,0.0015772600017953664,ok,0.23102027400454972,1,False,
nan,nan,nan,0.0,nan,1.0,0.707219427000382,0.0,1.0,4.1129474177748495,0.7974602629232213,1.862329350434813,0.39883238592717773,0.4140986132511556,2.0,1e-13,1.1610022665475839e-10,1.133728181862584e-09,2.8700514987443024,0.4216027601195449,1.6466107558800758,0.6011676140728223,0.3174035267058523,1.0,0.2944674908802492,0.0659880146597171,0.5879441055917743,4.1129474177748495,0.5944162784900938,1.7252191202759726,circle,nan,nan,26.96680894002065,106.98078478908019,34.90793562501029,154.88320866506317,32.267511380725,26.96680894002065,106.98078478908019,34.90793562501029,154.88320866506317,32.267511380725,141.53634350948445,141.53634350948445,1000,0.07245381009821544,0.0,0.08,0.03473186171419725,0.03990683002264748,0.037145431863154894,0.02256263373852347,0.69101350078437,0.11419565663266107,0.11419565663266107,0.11419565663266107,0.06243348556346395,0,0.5352223586103139,439,False,9.211941359186163,0.30324829515280544,interior_core,-0.423658677182179,0.1912730781023857,27.122078707274383,45,0.0,0.29311453088231976,9.357680977692066,0.03928389887850495,0.15773389298180412,0,99,253,6509,0,0,0,0,351,351,98,6509,450,0.35596865878015055,ccpfm,4.1129474177748495,0.7974602629232213,1.862329350434813,0.39883238592717773,0.4140986132511556,2.8700514987443024,0.4216027601195449,1.6466107558800758,0.6011676140728223,0.3174035267058523,4.1129474177748495,0.5944162784900938,1.7252191202759726,1.0,0.35596865878015055,1.0,6.323830348264892e-13,8.878099144737917e-09,6.663182894328656e-09,5.327499108531697e-09,8.274163576516003e-09,6.260765239574084e-09,5.471255448696866e-09,0.35,0.65,0.0316107722875388,0.0397722763157755,0.035792151492754616,0.02246412635691142,2.35,0,68,24,0.005533268005819991,ok,0.712752695006202,0,False,
,,,,,,0.06950255700212438,,,,,,,,2.0,,0.0,0.0,,,,,,,,,0.0,,,,circle,,,,,,,,,,,,,,,1002,0.7002881037900767,0.0,0.2,1.0199288006620932,0.9665094662359535,1.2259719938672926,1.4257712216779355,1.0,3.7346177280257136,1.9192630815153315,3.7346177280257136,3.7346177280257136,,0.11000000000000006,47,False,41.39034204881994,0.06902336678433268,near_boundary_interior,-0.5231288745400949,0.7200251249938527,46.88108726556097,23,,0.3298575396014456,29.476051175193426,0.08159745955696322,0.05907858901757159,,40,21,0,,,,,56,56,35,,96,0.0,wls,,,,,,,,,,,,,,,,,1.9539925233402755e-14,8.881784197001252e-15,7.216449660063518e-15,1.432187701766452e-14,6.454906054109699e-15,4.440892098500626e-15,9.325873406851315e-15,,,1.064765292934407,0.9540225043671693,1.3941050149239282,1.601109210801771,,,,,0.0003095099964411929,ok,0.06981206699856557,2,False,
nan,nan,nan,0.0,nan,1.0,0.09363788500195369,0.0,1.0,3.745634430824384,0.7344435674877035,2.1989994972685856,0.7618332081141999,0.3974358974358974,2.0,1e-13,1.2640583024747798e-12,8.028953829639244e-12,2.6965494376820627,0.22836351233532642,1.5057395875267916,0.23816679188580014,0.1861198738170347,1.0,0.306224668898982,0.05260393801266347,0.5631689004978058,3.745634430824384,0.6161800584890759,2.0543036704874336,circle,nan,nan,4.260761440524094,17.931547207788245,7.223505594890296,30.626711037852534,4.796486266783059,4.260761440524094,17.931547207788245,7.223505594890296,30.626711037852534,4.796486266783059,20.77642184833917,20.77642184833917,1002,0.4409175643291962,0.0,0.2,0.17491135488099763,0.22638111462554064,0.21024646264943544,0.19401634476478039,0.7059537052279579,0.42470448657179816,0.42470448657179816,0.42470448657179816,0.41233144725164356,0,0.5123653586618668,77,False,9.174183028170003,0.28687470181558283,interior_core,-0.3087281398988679,-0.3793131559242595,24.986069630916365,51,0.0,0.3298575396014456,9.732414360252506,0.08159745955696322,0.17548815570432075,0,40,21,1331,0,0,0,0,56,56,35,1331,96,0.34710743801652894,ccpfm,3.745634430824384,0.7344435674877035,2.1989994972685856,0.7618332081141999,0.3974358974358974,2.6965494376820627,0.22836351233532642,1.5057395875267916,0.23816679188580014,0.1861198738170347,3.745634430824384,0.6161800584890759,2.0543036704874336,1.0,0.34710743801652894,1.0,7.061018436615996e-14,5.334310770876982e-11,3.8315239869746165e-11,3.9314329569606343e-11,5.120877159814352e-11,2.524913611523516e-11,3.7367095528928473e-11,0.35,0.65,0.14901593074487185,0.22942548681870428,0.1951076521121921,0.1712470760602114,2.35,0,68,24,0.00029559899121522903,ok,0.09393348399316892,2,False,
nan,nan,nan,0.0,nan,1.0,0.44857280199357774,0.0,1.0,4.553786974740347,0.7697065077280002,1.8662488735098663,0.46054713995026003,0.38242513500245456,2.0,1e-13,3.2724239984460723e-11,2.8081462049223563e-10,3.1565420137795694,0.3759636443281213,1.6662516617552976,0.53945286004974,0.3038558256496228,1.0,0.337521554814558,0.05869009653725092,0.5826447448201612,4.553786974740347,0.5817427967718674,1.7211484563957116,circle,nan,nan,16.736636733644247,67.69661721724708,23.189525569423775,103.59665558039111,20.602316468388207,16.736636733644247,67.69661721724708,23.189525569423775,103.59665558039111,20.602316468388207,93.14434951742335,93.14434951742335,1001,0.12647454946678438,0.0,0.1,0.06722951950068226,0.07952912910274579,0.07323940759392349,0.0511617900800638,0.685990001223424,0.20400040776989714,0.20400040776989714,0.20400040776989714,0.11863745702113071,0,0.38523995768268005,160,False,9.456812058670222,0.2940470420851093,interior_core,0.4216369933865799,0.4478301413722591,26.085067275734783,45,0.0,0.3123500723819188,9.470833928113473,0.048534321044169985,0.16206708510957174,0,79,150,4423,0,0,0,0,229,229,79,4423,308,0.34004069635993667,ccpfm,4.553786974740347,0.7697065077280002,1.8662488735098663,0.46054713995026003,0.38242513500245456,3.1565420137795694,0.3759636443281213,1.6662516617552976,0.53945286004974,0.3038558256496228,4.553786974740347,0.5817427967718674,1.7211484563957116,1.0,0.34004069635993667,1.0,3.872457909892546e-13,4.215667814833068e-09,2.785703223651126e-09,2.493806050551939e-09,4.069042880416873e-09,2.7349644771135218e-09,2.431610468534018e-09,0.35,0.65,0.06104686710444712,0.08031775379105131,0.07079800144116746,0.04775842675203927,2.35,0,68,24,0.0018922110029961914,ok,0.45046501299657393,1,False,
,,,,,,0.11379732500063255,,,,,,,,2.0,,0.0,0.0,,,,,,,,,0.0,,,,circle,,,,,,,,,,,,,,,1002,0.6224605043184017,0.0,0.16,0.46772235996707373,0.43568995465228233,0.5378986193380062,0.6513168115269219,1.0,2.301744655566716,0.8660933090018346,2.301744655566716,2.301744655566716,,0.08800000000000008,62,False,56.56430061968825,0.04950083711393033,near_boundary_interior,-0.9048086075987769,0.1143039090108568,76.44215612984982,23,,0.3036966279957083,44.426723479435964,0.06530214031049061,0.03388714034644248,,50,42,0,,,,,90,90,48,,140,0.0,wls,,,,,,,,,,,,,,,,,2.4424906541753444e-14,1.1546319456101628e-14,6.439293542825908e-15,1.4210854715202004e-14,9.103828801926284e-15,1.021405182655144e-14,2.609024107869118e-14,,,0.5221130913582116,0.43667575322209967,0.6511894350039434,0.792615544396108,,,,,0.0005168499919818714,ok,0.11431417499261443,2,False,
,,,,,,0.37266176599950995,,,,,,,,2.0,,0.0,0.0,,,,,,,,,0.0,,,,circle,,,,,,,,,,,,,,,1001,0.17784485115073895,0.0,0.08,0.05200997894739662,0.056347930821438214,0.055621255521197316,0.05259316447262628,1.0,0.20707413904698835,0.20707413904698835,0.20707413904698835,0.1759164594746051,,0.36007966324152907,394,False,144.1341682377257,0.016314036879915783,interior_core,0.36789111180253914,-0.5236411452715339,315.9990477952778,23,,0.309817595828556,156.61280435810176,0.03919467342830018,0.00832981667843559,,99,256,0,,,,,355,355,99,,454,0.0,wls,,,,,,,,,,,,,,,,,1.2567724638756772e-13,5.129230373768223e-14,3.907985046680551e-14,9.947598300641403e-14,3.774758283725532e-14,6.972200594645983e-14,9.636735853746359e-14,,,0.05104269483058955,0.057509977657035825,0.05772279408647697,0.05826950378635707,,,,,0.0046091149997664616,ok,0.3772708809992764,1,False,
nan,nan,nan,0.0,nan,1.0,0.17061865799769294,0.0,1.0,3.762270782290841,0.6772194081342512,1.782440259810166,0.6611940298507463,0.3784800601956358,2.0,1e-13,2.419189848446024e-12,1.4520752061017083e-11,2.772218084140864,0.2973940978771905,1.6478831557556137,0.33880597014925373,0.2290748898678414,1.0,0.3151436243232498,0.05084665523014788,0.5593703924945015,3.762270782290841,0.5361037548215037,1.7367092896083336,circle,nan,nan,6.427819862163357,28.701797899462345,10.045139381259188,44.60936563783132,7.596887380555794,6.427819862163357,28.701797899462345,10.045139381259188,44.60936563783132,7.596887380555794,36.45213374284919,36.45213374284919,1002,0.3550848889097491,0.0,0.16,0.11433712173339168,0.13920240886945442,0.13149206705405844,0.12025457460895406,0.6655984061054785,0.25123722426307316,0.25123722426307316,0.25123722426307316,0.23309419891777994,0,0.545366841053425,98,False,9.05405911953911,0.29442765058261167,interior_core,0.31954465897579803,0.3242735912445888,26.06214421882796,45,0.0,0.3036966279957083,9.639192841249587,0.06530214031049061,0.16989097578575516,0,50,42,2010,0,0,0,0,90,90,48,2010,140,0.32786069651741295,ccpfm,3.762270782290841,0.6772194081342512,1.782440259810166,0.6611940298507463,0.3784800601956358,2.772218084140864,0.2973940978771905,1.6478831557556137,0.33880597014925373,0.2290748898678414,3.762270782290841,0.5361037548215037,1.7367092896083336,1.0,0.32786069651741295,1.0,1.7996715229173788e-13,1.2269496529881962e-10,4.98399099768676e-11,6.564815357990028e-11,7.871608920240192e-11,1.3210099680804888e-10,6.646461159220962e-11,0.35,0.65,0.09990752318213174,0.13964534604861636,0.12460657403623734,0.10977033734373538,2.35,0,68,24,0.000642683997284621,ok,0.17126134199497756,2,False,
,,,,,,0.15394335299788509,,,,,,,,2.0,,0.0,0.0,,,,,,,,,0.0,,,,circle,,,,,,,,,,,,,,,1002,0.35470380642069954,0.0,0.12,0.14909022148972173,0.16141295940520017,0.16549772717675112,0.1737986529127134,1.0,0.5082465555989739,0.46966518196959794,0.5082465555989739,0.5082465555989739,,0.06599999999999996,91,False,88.96458876610167,0.03288653414766918,near_boundary_interior,0.044441512176819194,-0.9329420209433164,140.52478371591553,23,,0.3129756603206712,71.83320841731191,0.058093082429793864,0.018840213630451394,,66,90,0,,,,,157,157,67,,223,0.0,wls,,,,,,,,,,,,,,,,,6.039613253960852e-14,2.353672812205332e-14,2.1760371282653068e-14,3.552713678800501e-14,2.786659791809143e-14,1.3100631690576847e-14,3.907985046680551e-14,,,0.14812940054344598,0.16461611606641413,0.1765403042178943,0.191392200862024,,,,,0.0013854709977749735,ok,0.15532882399566006,2,False,
nan,nan,nan,0.0,nan,1.0,0.2852208310068818,0.0,1.0,4.842694705657516,0.6634325158285997,1.886579553735973,0.5443954659949622,0.35049161364950837,2.0,1e-13,1.5118697960225802e-11,1.0273776054565806e-10,2.7075943476283766,0.31601301545314076,1.7012995870860304,0.4556045340050378,0.27988942639944714,1.0,0.30659676749154113,0.04966382591581005,0.5787635491401693,4.842694705657516,0.5140309042490152,1.7557546636383259,circle,nan,nan,11.768697486045669,47.574926021031374,16.84820345277494,71.52415130076301,14.169417147327621,11.768697486045669,47.574926021031374,16.84820345277494,71.52415130076301,14.169417147327621,62.94301470359604,62.94301470359604,1002,0.21121574022140188,0.0,0.12,0.07081140944089354,0.08476021410316943,0.07860426528012189,0.06369871920669694,0.7081967555430458,0.16264653804722617,0.16264653804722617,0.16264653804722617,0.1318641774098751,0,0.3070119122368442,147,False,9.340581691923624,0.2918334051730156,interior_core,0.5184087687551185,-0.4618293939540371,25.68089027062326,45,0.0,0.3129756603206712,9.414938496120481,0.058093082429793864,0.163734476385014,0,66,90,3176,0,0,0,0,157,157,67,3176,223,0.3183249370277078,ccpfm,4.842694705657516,0.6634325158285997,1.886579553735973,0.5443954659949622,0.35049161364950837,2.7075943476283766,0.31601301545314076,1.7012995870860304,0.4556045340050378,0.27988942639944714,4.842694705657516,0.5140309042490152,1.7557546636383259,1.0,0.3183249370277078,1.0,3.517186542012496e-13,2.280577504620851e-09,1.6157688520479496e-09,1.3149370481357892e-09,1.696468743261903e-09,1.7486430081703475e-09,1.5286136800796157e-09,0.35,0.65,0.06349409670902349,0.08549615755136154,0.07567212928647313,0.05999517451034538,2.35,0,68,24,0.0016218730015680194,ok,0.2868427040084498,2,False,
nan,nan,nan,0.0,nan,1.0,0.651123365998501,0.0,1.0,4.025341362162019,0.8392051301086845,1.916014778472825,0.39172749391727496,0.4235248447204969,2.0,1e-13,1.0700085262271841e-10,1.0090003797669586e-09,2.7536957984932866,0.4400548139300675,1.6774492461712363,0.6082725060827251,0.31975,1.0,0.28540176215003377,0.06841074661918548,0.5916647973498759,4.025341362162019,0.6069824654395324,1.7567370267052302,circle,nan,nan,26.49472458479099,107.4614960577275,35.308058586011676,155.5786944110864,32.48211032330342,26.49472458479099,107.4614960577275,35.308058586011676,155.5786944110864,32.48211032330342,141.62827186823114,141.62827186823114,1001,0.09848801705797992,0.0,0.08,0.03727424976846249,0.0422872133798467,0.03986236127550594,0.028049335963042644,0.6991715372812355,0.09855930731694029,0.09855930731694029,0.09855930731694029,0.07848166154883751,0,0.38070920869002706,251,False,9.723791428605965,0.29810650887631956,interior_core,0.4570597215541288,-0.41837262575464407,27.23395647427831,45,0.0,0.309817595828556,9.31936973312735,0.03919467342830018,0.15502681447095878,0,99,256,6576,0,0,0,0,355,355,99,6576,454,0.3604014598540146,ccpfm,4.025341362162019,0.8392051301086845,1.916014778472825,0.39172749391727496,0.4235248447204969,2.7536957984932866,0.4400548139300675,1.6774492461712363,0.6082725060827251,0.31975,4.025341362162019,0.6069824654395324,1.7567370267052302,1.0,0.3604014598540146,1.0,7.958078640513122e-13,7.865681439511718e-09,6.994683943162272e-09,5.645052425506947e-09,7.410939417695772e-09,6.944069763648031e-09,5.84680392989867e-09,0.35,0.65,0.03426424292458932,0.04249596570334116,0.0387484995733375,0.026723649334089723,2.35,0,68,24,0.00333499199768994,ok,0.6544583579961909,1,False,
,,,,,,0.2690922649926506,,,,,,,,2.0,,0.0,0.0,,,,,,,,,0.0,,,,circle,,,,,,,,,,,,,,,1002,0.22160476477250768,0.0,0.1,0.09653305072778147,0.10676438542826909,0.10513391302689018,0.0999479466919465,1.0,0.3752876494428843,0.31911965306837164,0.3752876494428843,0.3752876494428843,,0.05500000000000005,100,False,149.04497191822787,0.018806137788549827,near_boundary_interior,-0.926380969848183,-0.1866633830294639,198.5379543792656,23,,0.3082023496159011,98.92949722620374,0.04869195701218303,0.012590716247524152,,79,144,0,,,,,218,218,74,,297,0.0,wls,,,,,,,,,,,,,,,,,7.105427357601002e-14,2.6645352591003757e-14,2.2648549702353193e-14,5.062616992290714e-14,2.930988785010413e-14,2.2648549702353193e-14,5.684341886080802e-14,,,0.09395868917171363,0.10715023276929637,0.10966976859761385,0.11441372604560902,,,,,0.0017153619992313907,ok,0.270807626991882,2,False,
,,,,,,0.07686908400501125,,,,,,,,2.0,,0.0,0.0,,,,,,,,,0.0,,,,circle,,,,,,,,,,,,,,,1003,0.6549671571489922,0.0,0.2,0.9660320786777902,0.9922516253583081,1.1563925479978567,1.2838530903591927,1.0,3.978372571935462,2.073881638802345,3.978372571935462,3.978372571935462,,0.11000000000000006,47,False,43.109575220940556,0.06711094790253111,near_boundary_interior,-0.5231288745400949,0.7200251249938527,51.84524401154528,23,,0.3177450510636421,30.19301131010812,0.08159745955696332,0.051543208020007523,,40,20,0,,,,,57,57,37,,97,0.0,wls,,,,,,,,,,,,,,,,,1.3322676295501878e-14,7.549516567451064e-15,7.993605777301127e-15,1.6209256159527285e-14,9.43689570931383e-15,4.884981308350689e-15,1.1435297153639112e-14,,,1.0427710916397073,0.9928405581354439,1.3603085325161661,1.5224481780529022,,,,,0.0004956040065735579,ok,0.0773646880115848,3,False,
nan,nan,nan,0.0,nan,1.0,0.17615879500226583,0.0,1.0,4.830492096907643,0.7421853747982301,2.2007157308720586,0.7674247982391783,0.39961759082217974,2.0,1e-13,1.5801526753733697e-12,8.795519871377019e-12,2.6170926050573415,0.20315009204343595,1.3712674558746114,0.23257520176082172,0.1829652996845426,1.0,0.2961179092593615,0.05588156923826739,0.5672023509475825,4.830492096907643,0.6048746477616985,2.0901791344089524,circle,nan,nan,4.260761440524137,19.345785659507378,6.849355288766095,32.14004764446282,4.877709961547806,4.260761440524137,19.345785659507378,6.849355288766095,32.14004764446282,4.877709961547806,22.918783580976967,22.918783580976967,1003,0.5693899617472229,0.0,0.2,0.14068958160533082,0.16143736694843552,0.1684130241016616,0.17433350523923816,0.7131040102193067,0.2962939493707576,0.2883380880967676,0.2962939493707576,0.2962939493707576,0,0.297730415607864,62,False,10.51200055766943,0.24773968613788952,near_boundary_interior,-0.4799654348720395,-0.5146224722872095,25.580915867127057,51,0.0,0.3177450510636421,9.964375095461937,0.08159745955696332,0.1723763249030521,0,40,20,1363,0,0,0,0,57,57,37,1363,97,0.3492296404988995,ccpfm,4.830492096907643,0.7421853747982301,2.2007157308720586,0.7674247982391783,0.39961759082217974,2.6170926050573415,0.20315009204343595,1.3712674558746114,0.23257520176082172,0.1829652996845426,4.830492096907643,0.6048746477616985,2.0901791344089524,1.0,0.3492296404988995,1.0,9.325873406851315e-14,6.603384505865506e-11,5.6847415663696665e-11,2.7139623881566877e-11,5.370526245940255e-11,4.691813604296158e-11,4.3089087853331876e-11,0.35,0.65,0.12199085256936976,0.1637535363429633,0.1591386632881187,0.1565875192147623,2.35,0,68,24,0.0005374399916036054,ok,0.17669623499386944,3,False,
nan,nan,nan,0.0,nan,1.0,0.47883121999620926,0.0,1.0,5.634665924281907,0.764401529931373,1.8949621504412555,0.4861273024014922,0.37410071942446044,2.0,1e-13,3.706175644158094e-11,2.8539504230003256e-10,2.8977723137005826,0.3697551119565752,1.67848256461951,0.5138726975985078,0.29900181488203265,1.0,0.29472968408588623,0.058131215652024566,0.5853694921132214,5.634665924281907,0.5848238148048726,1.7451050329919413,circle,nan,nan,16.155568501254717,66.5239543445104,22.63733810735132,97.81584970621643,19.536890811146055,16.155568501254717,66.5239543445104,22.63733810735132,97.81584970621643,19.536890811146055,88.40616343092267,88.40616343092267,1002,0.13247968213568612,0.0,0.1,0.053280130306833304,0.06220931145087086,0.05802726158045169,0.04265286568854507,0.6993474870535696,0.12844431377425558,0.12844431377425558,0.12844431377425558,0.08784645199075036,0,0.32825957621753077,211,False,8.676864045336014,0.3059954165628742,interior_core,0.49676357072388033,-0.45301891742089817,26.801558175133856,45,0.0,0.3082023496159011,9.352704228478125,0.04869195701218303,0.15590800513662265,0,79,144,4289,0,0,0,0,218,218,74,4289,297,0.3355094427605502,ccpfm,5.634665924281907,0.764401529931373,1.8949621504412555,0.4861273024014922,0.37410071942446044,2.8977723137005826,0.3697551119565752,1.67848256461951,0.5138726975985078,0.29900181488203265,5.634665924281907,0.5848238148048726,1.7451050329919413,1.0,0.3355094427605502,1.0,4.760636329592671e-13,4.561851341122747e-09,3.017714522712822e-09,2.5820452442815167e-09,3.6684122406427377e-09,3.479807553219416e-09,2.9449385152702234e-09,0.35,0.65,0.0482961102611891,0.06240096432281311,0.05637182982437783,0.042240938087381934,2.35,0,68,24,0.002793317995383404,ok,0.48162453799159266,2,False,
,,,,,,0.07922405199497007,,,,,,,,2.0,,0.0,0.0,,,,,,,,,0.0,,,,circle,,,,,,,,,,,,,,,1003,0.5266212514851466,0.0,0.16,0.5073082144016883,0.5229517293993609,0.5866327092745438,0.6695092708156047,1.0,2.590493619057224,1.1934717121531848,2.590493619057224,2.590493619057224,,0.088,71,False,66.41441918751764,0.043554139320225005,near_boundary_interior,0.48867403702078815,-0.7700270680578738,78.02259198810611,23,,0.2905212238072618,43.194013206523884,0.0653021403104906,0.032816999717265684,,50,42,0,,,,,87,87,45,,137,0.0,wls,,,,,,,,,,,,,,,,,2.4424906541753444e-14,1.2878587085651816e-14,9.769962616701378e-15,1.609823385706477e-14,2.2870594307278225e-14,8.43769498715119e-15,1.7763568394002505e-14,,,0.5374072325092399,0.5289856847593393,0.6743791959744522,0.7861835974464239,,,,,0.00047582499973941594,ok,0.07969987699470948,3,False,
,,,,,,0.45155271199473646,,,,,,,,2.0,,0.0,0.0,,,,,,,,,0.0,,,,circle,,,,,,,,,,,,,,,1002,0.12308330617667283,0.0,0.08,0.05292895682338299,0.05979775961580796,0.056629552286725324,0.04299318706500257,1.0,0.23274579331641038,0.23274579331641038,0.23274579331641038,0.1527095881786299,,0.5324804896718334,437,False,142.15197283069617,0.018031597074182438,interior_core,0.17686734882255029,0.4330203790967762,314.6174670450457,23,,0.29828242514080017,156.19669219062493,0.039177385292879424,0.008162043038002989,,99,253,0,,,,,355,355,102,,454,0.0,wls,,,,,,,,,,,,,,,,,1.3500311979441904e-13,6.394884621840902e-14,4.3520742565306136e-14,9.414691248821327e-14,5.1514348342607263e-14,5.595524044110789e-14,1.1723955140041653e-13,,,0.049860779472540084,0.05976085619261843,0.05638619818246433,0.0469808184288849,,,,,0.00291272001049947,ok,0.4544654320052359,2,False,
nan,nan,nan,0.0,nan,1.0,0.14257441999507137,0.0,1.0,3.9682382906991585,0.7021693170660355,1.932927069394163,0.682346990389479,0.3602668643439585,2.0,1e-13,2.1911916725514402e-12,1.2883101238999535e-11,2.72520513373463,0.2869737686005045,1.6070803581662265,0.317653009610521,0.23248407643312102,1.0,0.32705650727635105,0.048696631350259326,0.5584933178331649,3.9682382906991585,0.555982346015835,1.8134924361391798,circle,nan,nan,6.427819862161268,28.701797899462342,9.700504108703292,40.67386531666531,7.289963275674411,6.427819862161268,28.701797899462342,9.700504108703292,40.67386531666531,7.289963275674411,32.33330428513575,32.33330428513575,1003,0.36144817185557315,0.0,0.16,0.11680438436226442,0.13984358582340004,0.1350683283029298,0.12770787285128138,0.6846627329228929,0.2803284305871976,0.2640023589593793,0.2803284305871976,0.2803284305871976,0,0.2875676519016974,96,False,8.895519291992885,0.26916587042213497,near_boundary_interior,0.55331083773114,0.45621961895799423,26.417562945227704,46,0.0,0.2905212238072618,9.53064287543267,0.0653021403104906,0.1710319688639245,0,50,42,1977,0,0,0,0,87,87,45,1977,137,0.31967627718765806,ccpfm,3.9682382906991585,0.7021693170660355,1.932927069394163,0.682346990389479,0.3602668643439585,2.72520513373463,0.2869737686005045,1.6070803581662265,0.317653009610521,0.23248407643312102,3.9682382906991585,0.555982346015835,1.8134924361391798,1.0,0.31967627718765806,1.0,1.4632739464559563e-13,9.64215374210653e-11,3.459632580415928e-11,5.292832838676986e-11,5.191413965377478e-11,7.660205803006193e-11,9.024214708830414e-11,0.35,0.65,0.10181488158977683,0.1401969076870087,0.12776500543945918,0.11495523212201962,2.35,0,68,24,0.000541307992534712,ok,0.14311572798760608,3,False,
,,,,,,0.13717728000483476,,,,,,,,2.0,,0.0,0.0,,,,,,,,,0.0,,,,circle,,,,,,,,,,,,,,,1003,0.3531405773262619,0.0,0.12,0.13293658686490242,0.14405700240406238,0.14766657350557605,0.15504762276771528,1.0,0.46536628476693886,0.3351188870229237,0.46536628476693886,0.46536628476693886,,0.06600000000000003,85,False,109.92037015834121,0.024430098440820044,near_boundary_interior,-0.8301722938825552,-0.4279835623812251,147.41102619687751,23,,0.30156398228461573,74.34927296422322,0.058022706518806234,0.01825470854651064,,66,90,0,,,,,156,156,66,,222,0.0,wls,,,,,,,,,,,,,,,,,4.796163466380676e-14,3.108624468950438e-14,1.7763568394002505e-14,4.3520742565306136e-14,1.8207657603852567e-14,3.164135620181696e-14,4.418687638008123e-14,,,0.13819625140542519,0.1447121902453533,0.16485816099265976,0.18889854764079408,,,,,0.0010562909883446991,ok,0.13823357099317946,3,False,
,,,,,,0.30449277799925767,,,,,,,,2.0,,0.0,0.0,,,,,,,,,0.0,,,,circle,,,,,,,,,,,,,,,1003,0.19936553653424144,0.0,0.1,0.0917455930930344,0.1030530905802822,0.10012375365158349,0.09046024624793647,1.0,0.3152862255757265,0.2548266603988334,0.3152862255757265,0.3152862255757265,,0.05499999999999996,82,False,181.5299359249659,0.014680346250455693,near_boundary_interior,0.8394270042683221,0.4340359017732494,202.3206323032996,23,,0.30453548929854024,102.8155524477579,0.04841460394727265,0.012946428991089913,,79,150,0,,,,,227,227,77,,306,0.0,wls,,,,,,,,,,,,,,,,,7.460698725481052e-14,4.263256414560601e-14,2.886579864025407e-14,5.595524044110789e-14,2.1316282072803006e-14,3.1530333899354446e-14,7.638334409421077e-14,,,0.08701742963685168,0.1021028466232726,0.10103085664088035,0.09890920822092988,,,,,0.0016266799939330667,ok,0.30611945799319074,3,False,
nan,nan,nan,0.0,nan,1.0,0.3774430600024061,0.0,1.0,4.9985873146661035,0.6773296600095896,1.8980959604889387,0.5452538631346578,0.3528050896471949,2.0,1e-13,1.5604822989345735e-11,1.0623645032552118e-10,2.7853215222191126,0.322603128860156,1.6786097510657465,0.45474613686534215,0.27739251040221913,1.0,0.3180224668839999,0.05130827824445214,0.5790196963194885,4.9985873146661035,0.5165798192240023,1.7854208878774804,circle,nan,nan,12.002177364479154,47.574926740112694,16.30594024050243,71.42208279117524,14.012961629941493,12.002177364479154,47.574926740112694,16.30594024050243,71.42208279117524,14.012961629941493,60.59437248116022,60.59437248116022,1003,0.19361285220653102,0.0,0.12,0.06981761034314639,0.08447373050668161,0.0775537234169944,0.060294659640404556,0.7149847561803482,0.1636804500900838,0.1636804500900838,0.1636804500900838,0.12306438848435886,0,0.3800268168770134,176,False,9.346547803470553,0.29039436563742227,interior_core,0.39206039499033934,0.48123840383339644,25.79798069886082,45,0.0,0.30156398228461573,9.422673873163589,0.058022706518806234,0.16062657985600753,0,66,90,3171,0,0,0,0,156,156,66,3171,222,0.3185115105644907,ccpfm,4.9985873146661035,0.6773296600095896,1.8980959604889387,0.5452538631346578,0.3528050896471949,2.7853215222191126,0.322603128860156,1.6786097510657465,0.45474613686534215,0.27739251040221913,4.9985873146661035,0.5165798192240023,1.7854208878774804,1.0,0.3185115105644907,1.0,2.9665159217984183e-13,2.016793843040432e-09,1.9430166364742263e-09,1.4847936213868707e-09,1.777366809285752e-09,1.5353134319440187e-09,1.1964944590658888e-09,0.35,0.65,0.06311826166760422,0.0854205415319795,0.07529553397977501,0.05874043027323781,2.35,0,68,24,0.0018356780055910349,ok,0.37927873800799716,3,False,
nan,nan,nan,0.0,nan,1.0,0.8272972600098001,0.0,1.0,4.599728346034403,0.8383354877346194,1.8658312020841241,0.39550766428896644,0.4167306216423638,2.0,1e-13,1.1499007301907227e-10,9.946920975497831e-10,2.8958622340757567,0.4452445055995972,1.629281372167191,0.6044923357110336,0.31132312327391415,1.0,0.2966176987755838,0.0675392084271358,0.5878169147689989,4.599728346034403,0.6098173971841664,1.730068247674794,circle,nan,nan,26.7485969877008,102.32908847010535,35.64688222412152,157.85670409129037,32.36908460755181,26.7485969877008,102.32908847010535,35.64688222412152,157.85670409129037,32.36908460755181,144.57689652289292,144.57689652289292,1002,0.1061513207864369,0.0,0.08,0.028522009444633654,0.03253303124378914,0.03051616208037177,0.021515406189529802,0.6854688807086988,0.08540999112733538,0.08540999112733538,0.08540999112733538,0.061699402147845084,0,0.3551139337891538,350,False,9.546429007552826,0.2909928183395002,interior_core,0.44236279029723574,0.469373432539411,27.958523791378504,45,0.0,0.29828242514080017,9.349365588022481,0.039177385292879424,0.15324982948762006,0,99,253,6589,0,0,0,0,355,355,102,6589,454,0.3530125967521627,ccpfm,4.599728346034403,0.8383354877346194,1.8658312020841241,0.39550766428896644,0.4167306216423638,2.8958622340757567,0.4452445055995972,1.629281372167191,0.6044923357110336,0.31132312327391415,4.599728346034403,0.6098173971841664,1.730068247674794,1.0,0.3530125967521627,1.0,5.648814749292796e-13,8.607148771488937e-09,6.3889498136404654e-09,6.0867897389016434e-09,8.000716533729246e-09,6.595154644628565e-09,5.542599268437698e-09,0.35,0.65,0.02641476868569845,0.03264570167242751,0.029871742836993176,0.021498125136690575,2.35,0,68,24,0.003912280997610651,ok,0.8312095410074107,2,False,
,,,,,,0.051924899002187885,,,,,,,,2.0,,0.0,0.0,,,,,,,,,0.0,,,,circle,,,,,,,,,,,,,,,1004,0.7058299433839083,0.0,0.2,1.033985467587724,0.9649077016170526,1.2348305217658178,1.4411095358972115,1.0,3.435713213703135,1.8787655525139468,3.435713213703135,3.435713213703135,,0.11000000000000006,47,False,40.92627967813477,0.06845523472314004,near_boundary_interior,-0.5231288745400949,0.7200251249938527,48.356421738847864,23,,0.2994953707580335,29.849244174018708,0.08159745955696335,0.05561405467420804,,40,21,0,,,,,58,58,37,,98,0.0,wls,,,,,,,,,,,,,,,,,1.6431300764452317e-14,7.327471962526033e-15,6.8833827526759706e-15,9.381384558082573e-15,1.1435297153639112e-14,8.770761894538737e-15,1.2878587085651816e-14,,,1.0342022888880706,0.9685916501977729,1.3443258064498596,1.5167240943841456,,,,,0.0003206510009476915,ok,0.05224555000313558,4,False,
nan,nan,nan,0.0,nan,1.0,0.4299233740021009,0.0,1.0,4.946323407357731,0.7895201471511659,1.8692134837481285,0.46998166819431714,0.39590443686006827,2.0,1e-13,4.5423276251455036e-11,3.182564704992109e-10,2.852287744827309,0.3943000384277928,1.6604089772859527,0.5300183318056828,0.3099870298313878,1.0,0.290786029749377,0.06015732938100929,0.5859823354310644,4.946323407357731,0.5989728429290319,1.733016160186712,circle,nan,nan,17.09663703385199,66.52395944222398,23.27065529201458,102.0371705918622,20.512743243158376,17.09663703385199,66.52395944222398,23.27065529201458,102.0371705918622,20.512743243158376,91.87658448007494,91.87658448007494,1003,0.14804958866426884,0.0,0.1,0.04926993836779416,0.05708839661762505,0.053769243897778665,0.04186326836675305,0.6900514793112172,0.14555514475150677,0.14555514475150677,0.14555514475150677,0.0897364796372861,0,0.32496279865047034,166,False,8.80035526644492,0.2998195528150735,interior_core,0.4130470803130764,-0.5359554285458735,25.87844780304113,45,0.0,0.30453548929854024,9.332972721785547,0.04841460394727265,0.16475014647589684,0,79,150,4364,0,0,0,0,227,227,77,4364,306,0.3503666361136572,ccpfm,4.946323407357731,0.7895201471511659,1.8692134837481285,0.46998166819431714,0.39590443686006827,2.852287744827309,0.3943000384277928,1.6604089772859527,0.5300183318056828,0.3099870298313878,4.946323407357731,0.5989728429290319,1.733016160186712,1.0,0.3503666361136572,1.0,3.6148861681795097e-13,4.525009256184376e-09,3.505522983004994e-09,2.961621170527451e-09,4.128324793128968e-09,3.1250415588601754e-09,2.510756047513496e-09,0.35,0.65,0.0445393224352589,0.05655552918578856,0.051712006647607445,0.04065194331433415,2.35,0,68,24,0.0019096209871349856,ok,0.4318329949892359,3,False,
nan,nan,nan,0.0,nan,1.0,0.09579820900398772,0.0,1.0,4.051653634204955,0.7299230339614344,2.0116795379890684,0.7466467958271237,0.38223552894211577,2.0,1e-13,1.5638722955513273e-12,9.180174365737016e-12,2.7797881861426417,0.2457501946892051,1.6452691910651185,0.2533532041728763,0.19411764705882353,1.0,0.31810122936497587,0.05154513065868557,0.5641293536911809,4.051653634204955,0.5930260906449033,1.9315906162000072,circle,nan,nan,4.269317045414012,19.34578565950768,6.873350233376988,30.167064730430955,4.9577717246885165,4.269317045414012,19.34578565950768,6.873350233376988,30.167064730430955,4.9577717246885165,24.080398182290548,24.080398182290548,1004,0.5149983100354102,0.0,0.2,0.143083006512549,0.1714477495853354,0.17087596404997135,0.17034268045994388,0.6816816023528243,0.34322451597622694,0.34322451597622694,0.34322451597622694,0.3000059612110725,0,0.5333486943553002,65,False,9.330659662380052,0.29104549455491996,interior_core,0.34452565137630026,0.31596006437042556,25.483524661543683,51,0.0,0.2994953707580335,10.375334375440495,0.08159745955696335,0.17121906884653756,0,40,21,1342,0,0,0,0,58,58,37,1342,98,0.334575260804769,ccpfm,4.051653634204955,0.7299230339614344,2.0116795379890684,0.7466467958271237,0.38223552894211577,2.7797881861426417,0.2457501946892051,1.6452691910651185,0.2533532041728763,0.19411764705882353,4.051653634204955,0.5930260906449033,1.9315906162000072,1.0,0.334575260804769,1.0,1.0480505352461478e-13,5.53317391904784e-11,3.7850944600847924e-11,2.6626242877192396e-11,5.384215989723273e-11,4.3433812102477987e-11,2.846689550750625e-11,0.35,0.65,0.12414322362996111,0.17528047329381666,0.16136972526048501,0.15291251576735723,2.35,0,68,24,0.00033952700323425233,ok,0.09613773600722197,4,False,
,,,,,,0.08088980401225854,,,,,,,,2.0,,0.0,0.0,,,,,,,,,0.0,,,,circle,,,,,,,,,,,,,,,1004,0.5710857092941497,0.0,0.16,0.45574114693310586,0.441178021857682,0.5220966116011859,0.6243699734583512,1.0,1.9887597026254349,1.2427663146625432,1.9887597026254349,1.9887597026254349,,0.08800000000000002,52,False,64.92438917009979,0.041394663910209996,near_boundary_interior,0.7991916922000271,0.43935935078072164,79.3094985147564,23,,0.30751660338820275,44.91053270104764,0.06530214031049061,0.03445389156595416,,50,45,0,,,,,92,92,47,,142,0.0,wls,,,,,,,,,,,,,,,,,3.019806626980426e-14,1.3322676295501878e-14,1.2878587085651816e-14,3.241851231905457e-14,1.2975731600306517e-14,7.771561172376096e-15,1.4654943925052066e-14,,,0.5013541319633763,0.4463006449214395,0.622866332932036,0.7541270163042885,,,,,0.0005041759868618101,ok,0.08139397999912035,4,False,
nan,nan,nan,0.0,nan,1.0,0.17334992399264593,0.0,1.0,3.1192661102740438,0.700345186588042,1.9004126590025183,0.6594307766521948,0.36137527432333577,2.0,1e-13,2.0742574324827956e-12,1.5064728765909015e-11,2.496077660975242,0.2730926323386186,1.5692077063491463,0.3405692233478051,0.2535410764872521,1.0,0.31218001567578746,0.04792283776475524,0.5596875001082152,3.1192661102740438,0.5471077146564108,1.7495455012122143,circle,nan,nan,6.4278198621633695,28.701797899462697,10.083085538235672,46.28678359067705,7.740411656049844,6.4278198621633695,28.701797899462697,10.083085538235672,46.28678359067705,7.740411656049844,36.67516202285604,36.67516202285604,1004,0.21334746493927656,0.0,0.16,0.17769207636555767,0.23295385697697982,0.20356386866348514,0.14879383164604912,0.6866954153564098,0.4079905569383655,0.4079905569383655,0.4079905569383655,0.37281909190856,0,0.4481236583470001,85,False,8.54197735164306,0.29839332009319275,interior_core,0.4900060971108685,0.2546266770363545,24.846840961529484,45,0.0,0.30751660338820275,9.937805247138538,0.06530214031049061,0.17274048355888746,0,50,45,2073,0,0,0,0,92,92,47,2073,142,0.3246502653159672,ccpfm,3.1192661102740438,0.700345186588042,1.9004126590025183,0.6594307766521948,0.36137527432333577,2.496077660975242,0.2730926323386186,1.5692077063491463,0.3405692233478051,0.2535410764872521,3.1192661102740438,0.5471077146564108,1.7495455012122143,1.0,0.3246502653159672,1.0,1.4654943925052066e-13,1.2091838641481445e-10,7.550382541410272e-11,9.406297962755161e-11,8.056222355889986e-11,1.0944667394596763e-10,7.86997134127887e-11,0.35,0.65,0.15161538060382293,0.2343962111617267,0.18836209799044132,0.1297964433295788,2.35,0,68,24,0.0009339500102214515,ok,0.17428387400286738,4,False,
,,,,,,0.1651883910089964,,,,,,,,2.0,,0.0,0.0,,,,,,,,,0.0,,,,circle,,,,,,,,,,,,,,,1004,0.40228266393235623,0.0,0.12,0.13821709522247844,0.14228674807518885,0.1533601696999896,0.17594687676780918,1.0,0.5599393351074268,0.43911189330605366,0.5599393351074268,0.5599393351074268,,0.06599999999999995,98,False,98.2762981099602,0.028218215424686728,near_boundary_interior,0.9171213305540572,-0.17676064130570146,142.66568495168255,23,,0.30801910762636653,72.93360592778615,0.05782319591976965,0.01869763644435559,,66,94,0,,,,,158,158,64,,224,0.0,wls,,,,,,,,,,,,,,,,,5.861977570020827e-14,3.68594044175552e-14,2.531308496145357e-14,5.3734794391857577e-14,2.7450264283856995e-14,2.708944180085382e-14,5.595524044110789e-14,,,0.14483787217672325,0.14407068105421886,0.17245571922091535,0.20721275741336553,,,,,0.0009418459958396852,ok,0.1661302370048361,4,False,
,,,,,,0.45062830200186,,,,,,,,2.0,,0.0,0.0,,,,,,,,,0.0,,,,circle,,,,,,,,,,,,,,,1003,0.12769478631972636,0.0,0.08,0.055470934877228664,0.06186912559461492,0.05938156950492277,0.04787784963609355,1.0,0.27641228985127864,0.27641228985127864,0.27641228985127864,0.16901968866102468,,0.33818811942677873,271,False,144.2906764417621,0.017064920502948933,interior_core,0.44616452194487044,-0.48885382281880657,332.6140034184009,23,,0.3043442006725306,160.13072742018375,0.039037820200714494,0.007879132433533564,,99,262,0,,,,,359,359,97,,458,0.0,wls,,,,,,,,,,,,,,,,,1.0835776720341528e-13,4.929390229335695e-14,3.9745984281580604e-14,8.526512829121202e-14,4.263256414560601e-14,4.1300296516055823e-14,8.260059303211165e-14,,,0.05189622804796985,0.06223584995470205,0.0586166923283869,0.04748186840886642,,,,,0.0029881509981350973,ok,0.4536164529999951,3,False,
,,,,,,0.358498456000234,,,,,,,,2.0,,0.0,0.0,,,,,,,,,0.0,,,,circle,,,,,,,,,,,,,,,1004,0.31341014986628224,0.0,0.1,0.08927379018568458,0.09372181283732771,0.09714335452818229,0.10617387133335413,1.0,0.4833071813934657,0.22776339451465794,0.4833071813934657,0.4833071813934657,,0.054999999999999986,116,False,149.73896059009826,0.018524271077660606,near_boundary_interior,0.8712576690821211,-0.3659712356965786,204.1328798354464,23,,0.3150579394806545,104.43435640814612,0.048663381685153655,0.012973403646845032,,79,152,0,,,,,232,232,80,,311,0.0,wls,,,,,,,,,,,,,,,,,8.348877145181177e-14,3.197442310920451e-14,2.6201263381153694e-14,6.394884621840902e-14,3.9968028886505635e-14,3.574918139293004e-14,7.549516567451064e-14,,,0.0875365936158439,0.0949315482539541,0.10135048810763457,0.1125423224951636,,,,,0.0016971750010270625,ok,0.36019563100126106,4,False,
nan,nan,nan,0.0,nan,1.0,0.3791045920079341,0.0,1.0,5.098655650432774,0.6922470517604862,1.824551735934256,0.537007874015748,0.3689149560117302,2.0,1e-13,1.511807345977445e-11,1.1378752759239124e-10,2.7144350109523794,0.3566280247646598,1.7047007667791454,0.462992125984252,0.27414965986394557,1.0,0.30182006895813784,0.05422037550113454,0.5778336663380056,5.098655650432774,0.5431688553237296,1.7507203246180854,circle,nan,nan,12.002178202078744,47.60816209478541,16.415127671856048,74.86696865840587,14.195337512611264,12.002178202078744,47.60816209478541,16.415127671856048,74.86696865840587,14.195337512611264,63.98200220545465,63.98200220545465,1004,0.21014897580593425,0.0,0.12,0.06180816590884961,0.0731430751667261,0.06857987282520114,0.05686743465462364,0.6934120357106073,0.17013991419630048,0.17013991419630048,0.17013991419630048,0.14040646526894895,0,0.5007151034477821,204,False,9.083035536336979,0.30746839005186,interior_core,-0.44239140674107735,-0.23150345310696838,25.520423330210594,45,0.0,0.30801910762636653,9.45839979845616,0.05782319591976965,0.1631425357253354,0,66,94,3175,0,0,0,0,158,158,64,3175,224,0.3250393700787402,ccpfm,5.098655650432774,0.6922470517604862,1.824551735934256,0.537007874015748,0.3689149560117302,2.7144350109523794,0.3566280247646598,1.7047007667791454,0.462992125984252,0.27414965986394557,5.098655650432774,0.5431688553237296,1.7507203246180854,1.0,0.3250393700787402,1.0,2.913225216616411e-13,2.392979148169161e-09,2.132693355250126e-09,1.649307357354246e-09,1.8460457607005765e-09,1.3679088972651243e-09,1.1126228827151863e-09,0.35,0.65,0.05638868605277914,0.07432874338075955,0.06714094361514135,0.05490354613505843,2.35,0,68,24,0.0014961729903006926,ok,0.3806007649982348,4,False,
nan,nan,nan,0.0,nan,1.0,0.8786195559951011,0.0,1.0,3.920247184203548,0.8257777569588991,1.930674460753841,0.3879608728367193,0.42552366175329714,2.0,1e-13,1.2667084915707338e-10,1.1421210233618318e-09,3.0555704970436914,0.45857111026083525,1.6630561498976373,0.6120391271632807,0.3137447750184411,1.0,0.31085758545537656,0.0699332680516499,0.5945455869480443,3.920247184203548,0.6238337629782621,1.7646516376880252,circle,nan,nan,26.85149104816765,103.56464961681166,35.644613137762455,161.5010653892273,32.57272990412983,26.85149104816765,103.56464961681166,35.644613137762455,161.5010653892273,32.57272990412983,146.44487694155725,146.44487694155725,1003,0.06181499397402774,0.0,0.08,0.03637235282745658,0.04207168419890187,0.03893656024116919,0.021842426310149776,0.6995965668349791,0.10943036673489193,0.10943036673489193,0.10943036673489193,0.04807692116336626,0,0.5188121365173126,346,False,8.644008630855305,0.3121350873326971,interior_core,-0.45958471494736475,-0.1429599371991113,25.85728164922767,45,0.0,0.3043442006725306,9.36362694003445,0.039037820200714494,0.1575215671341283,0,99,262,6645,0,0,0,0,359,359,97,6645,458,0.35711060948081264,ccpfm,3.920247184203548,0.8257777569588991,1.930674460753841,0.3879608728367193,0.42552366175329714,3.0555704970436914,0.45857111026083525,1.6630561498976373,0.6120391271632807,0.3137447750184411,3.920247184203548,0.6238337629782621,1.7646516376880252,1.0,0.35711060948081264,1.0,5.471179065352771e-13,9.33095289923358e-09,8.495179004697206e-09,6.9389853862844575e-09,8.917975691247193e-09,6.7505008249924e-09,6.084825088237267e-09,0.35,0.65,0.033255760442972765,0.042066325180239145,0.03756231910015532,0.021028760104057603,2.35,0,68,24,0.003961005000746809,ok,0.8825805609958479,3,False,
nan,nan,nan,0.0,nan,1.0,0.5255515110038687,0.0,1.0,5.48390051777893,0.7942342876824169,1.8586815759145277,0.4574588129090499,0.39664528860384807,2.0,1e-13,5.2416968335244896e-11,3.8257320914829253e-10,2.8837534802922953,0.4003372846442717,1.6450057140873253,0.5425411870909501,0.2995008319467554,1.0,0.331133514939662,0.06268343458036625,0.58760051105191,5.48390051777893,0.6163473828660379,1.7426162016952347,circle,nan,nan,17.245501234907692,67.6788707747366,23.833769697649128,109.96588049308838,21.137438548766575,17.245501234907692,67.6788707747366,23.833769697649128,109.96588049308838,21.137438548766575,96.03111575339169,96.03111575339169,1004,0.20349945242192086,0.0,0.1,0.042463234492310126,0.048014689957012864,0.0462064065401503,0.040694137244009825,0.6844059759922724,0.1144754298936046,0.1144754298936046,0.1144754298936046,0.10051347041434944,0,0.34815171272260986,263,False,8.73834342535582,0.31277961897130385,interior_core,-0.22425973288805756,-0.6122281647975705,26.21220882859764,45,0.0,0.3150579394806545,9.396043767105404,0.048663381685153655,0.1607715363130789,0,79,152,4431,0,0,0,0,232,232,80,4431,311,0.34394041976980366,ccpfm,5.48390051777893,0.7942342876824169,1.8586815759145277,0.4574588129090499,0.39664528860384807,2.8837534802922953,0.4003372846442717,1.6450057140873253,0.5425411870909501,0.2995008319467554,5.48390051777893,0.6163473828660379,1.7426162016952347,1.0,0.34394041976980366,1.0,5.080380560684716e-13,5.203457664748612e-09,4.416726095968215e-09,3.6386769153295973e-09,4.996348668129258e-09,3.732836928449501e-09,2.9157529723988773e-09,0.35,0.65,0.03955415601264198,0.04859915042889027,0.04579608199240237,0.03993179387906606,2.35,0,68,24,0.0019214109925087541,ok,0.5274729219963774,4,False,
,,,,,,0.0717805139865959,,,,,,,,2.0,,0.0,0.0,,,,,,,,,0.0,,,,circle,,,,,,,,,,,,,,,1005,0.49653154743510625,0.0,0.2,1.369239943983034,1.685046695878991,1.6462418755464423,1.6095106196530151,1.0,5.265824439809611,4.677047316003165,5.265824439809611,5.265824439809611,,0.10999999999999997,53,False,39.13406406414485,0.07410410646767805,near_boundary_interior,-0.5231288745404166,-0.7200251249936193,44.75333196294083,23,,0.3274800788052843,28.161571484917232,0.08159745955695659,0.05772342541284462,,40,20,0,,,,,54,54,34,,94,0.0,wls,,,,,,,,,,,,,,,,,1.609823385706477e-14,6.439293542825908e-15,4.440892098500626e-15,1.1102230246251565e-14,1.3961054534661343e-14,6.217248937900877e-15,1.0880185641326534e-14,,,1.352785710165623,1.778522113424128,1.7848266992181263,1.7885248977718098,,,,,0.00042136700358241796,ok,0.07220188099017832,5,False,
nan,nan,nan,0.0,nan,1.0,0.09507738199317828,0.0,1.0,3.6896319111955687,0.7240766450531468,2.0945251221146046,0.7673692427790788,0.37538148524923703,2.0,1e-13,1.2607970223399434e-12,7.535341528078592e-12,2.4927732759475503,0.21132714321021698,1.4767513159473675,0.23263075722092116,0.2214765100671141,1.0,0.2797258007635209,0.05022456422950658,0.5571830430495953,3.6896319111955687,0.5866266188474896,2.0011333260010673,circle,nan,nan,4.260761440524072,18.491158156759706,6.8547114978450985,28.830649770653256,4.666591482755948,4.260761440524072,18.491158156759706,6.8547114978450985,28.830649770653256,4.666591482755948,19.748351175103068,19.748351175103068,1005,0.5852946659441852,0.0,0.2,0.14525419705151324,0.1622350734551827,0.17463961874314013,0.18537742110063063,0.7046832559492224,0.352408654159313,0.3309031338856089,0.352408654159313,0.352408654159313,0,0.350996618020192,62,False,9.544470067410654,0.2549415233966192,near_boundary_interior,0.5840598453298675,0.2837484303226413,26.08222206985814,51,0.0,0.3274800788052843,9.924511587800897,0.08159745955695659,0.17211107953777463,0,40,20,1281,0,0,0,0,54,54,34,1281,94,0.3395784543325527,ccpfm,3.6896319111955687,0.7240766450531468,2.0945251221146046,0.7673692427790788,0.37538148524923703,2.4927732759475503,0.21132714321021698,1.4767513159473675,0.23263075722092116,0.2214765100671141,3.6896319111955687,0.5866266188474896,2.0011333260010673,1.0,0.3395784543325527,1.0,1.0880185641326534e-13,3.629585521025547e-11,4.9585890948833367e-11,2.7476014519134395e-11,3.3492375539623254e-11,2.6574964451242522e-11,2.9044572302794336e-11,0.35,0.65,0.12074414813763683,0.1643708752849322,0.15930636888825356,0.15625058515210552,2.35,0,68,24,0.00031750599737279117,ok,0.09539488799055107,5,False,
,,,,,,0.10980640399793629,,,,,,,,2.0,,0.0,0.0,,,,,,,,,0.0,,,,circle,,,,,,,,,,,,,,,1005,0.6570808010626707,0.0,0.16,0.5757823297248041,0.5249483322856078,0.6652174011763823,0.8044274665964837,1.0,2.8723168962311885,1.3432342053965738,2.8723168962311885,2.8723168962311885,,0.08800000000000001,63,False,58.82019099148722,0.04635284364414266,near_boundary_interior,-0.9048086075988283,-0.11430390901045093,87.41803594429672,23,,0.28994761522665424,41.9215619225916,0.0653021403104906,0.029852470924419453,,50,37,0,,,,,85,85,48,,135,0.0,wls,,,,,,,,,,,,,,,,,3.708144902248023e-14,1.865174681370263e-14,1.2434497875801753e-14,1.4765966227514582e-14,1.264266469291897e-14,1.1879386363489175e-14,2.6201263381153694e-14,,,0.6403314494816224,0.5353319466199069,0.8069790382973132,0.9655505603205745,,,,,0.0004152140027144924,ok,0.11022161800065078,5,False,
,,,,,,0.43033375999948476,,,,,,,,2.0,,0.0,0.0,,,,,,,,,0.0,,,,circle,,,,,,,,,,,,,,,1004,0.10716239482481077,0.0,0.08,0.05583483384792736,0.06336946651011685,0.05977264445954828,0.043148904373059044,1.0,0.1873793565340427,0.1873793565340427,0.1873793565340427,0.16141925261952467,,0.3395844017258847,340,False,183.844227343418,0.012648745792049677,interior_core,0.40273247969582154,0.5243219756030778,329.7325574724775,23,,0.3078646758427999,157.3065453081879,0.03920155525629898,0.007938556938920007,,99,253,0,,,,,353,353,100,,452,0.0,wls,,,,,,,,,,,,,,,,,1.2789769243681803e-13,5.773159728050814e-14,5.950795411990839e-14,9.947598300641403e-14,7.194245199571014e-14,4.4853010194856324e-14,9.725553695716371e-14,,,0.052113137112676074,0.06318828840595592,0.05896972226883213,0.04662230235648168,,,,,0.0028435179992811754,ok,0.43317727799876593,4,False,
nan,nan,nan,0.0,nan,1.0,0.1758450400084257,0.0,1.0,3.628531326393385,0.6810047421250804,1.8648657590134827,0.6804177545691906,0.3768227168073676,2.0,1e-13,1.9489826419416545e-12,1.303090841817919e-11,2.7215390934616632,0.2955517836488786,1.565570148967998,0.3195822454308094,0.24019607843137256,1.0,0.29269212563063696,0.04859345783848731,0.5562995803929106,3.628531326393385,0.5469504503617761,1.755070668780115,circle,nan,nan,6.427819862161375,28.70179789946221,9.383357774337664,41.659587152355286,7.280576468353026,6.427819862161375,28.70179789946221,9.383357774337664,41.659587152355286,7.280576468353026,32.13505431278793,32.13505431278793,1005,0.47389314000010235,0.0,0.16,0.11695154826255766,0.13207033680784652,0.13511738895487918,0.13876034017119554,0.677311255927776,0.3183877809487249,0.26716001125110983,0.3183877809487249,0.3183877809487249,0,0.31948091825029196,115,False,8.966744527547576,0.2960396843433353,near_boundary_interior,0.4932830352517709,-0.46886131879913284,24.928378423095573,46,0.0,0.28994761522665424,9.812909302660541,0.0653021403104906,0.16689372912242217,0,50,37,1915,0,0,0,0,85,85,48,1915,135,0.3331592689295039,ccpfm,3.628531326393385,0.6810047421250804,1.8648657590134827,0.6804177545691906,0.3768227168073676,2.7215390934616632,0.2955517836488786,1.565570148967998,0.3195822454308094,0.24019607843137256,3.628531326393385,0.5469504503617761,1.755070668780115,1.0,0.3331592689295039,1.0,1.2967404927621828e-13,1.609050670481338e-10,1.0648637527310711e-10,1.1650502784732453e-10,1.2067824517458803e-10,7.24795778950238e-11,9.568346115429449e-11,0.35,0.65,0.1001885008004739,0.1310421746614445,0.12626276608757508,0.12245138589178169,2.35,0,68,24,0.0006810479972045869,ok,0.1765260880056303,5,False,
,,,,,,0.1569360499997856,,,,,,,,2.0,,0.0,0.0,,,,,,,,,0.0,,,,circle,,,,,,,,,,,,,,,1005,0.28252897926252113,0.0,0.12,0.1662486997414569,0.1863327348692147,0.18457152889021716,0.1803141923975998,1.0,0.5460484369489635,0.5460484369489635,0.5460484369489635,0.47739114805462446,,0.38556507758876785,186,False,63.254106840910595,0.035518536219954926,interior_core,0.4142937303471324,-0.45443916053551314,140.82306398323414,23,,0.29035420035212056,72.11184649620809,0.05767691825320111,0.018070300480990734,,66,94,0,,,,,156,156,62,,222,0.0,wls,,,,,,,,,,,,,,,,,5.861977570020827e-14,3.064215547965432e-14,1.9095836023552692e-14,3.164135620181696e-14,1.4210854715202004e-14,2.6756374893466273e-14,5.950795411990839e-14,,,0.16245483300869817,0.1880671134706765,0.19379689927777766,0.20217449635617685,,,,,0.0008852540049701929,ok,0.1578213040047558,5,False,
,,,,,,0.2806420240085572,,,,,,,,2.0,,0.0,0.0,,,,,,,,,0.0,,,,circle,,,,,,,,,,,,,,,1005,0.19883318555826693,0.0,0.1,0.08421268922727436,0.09572874942487722,0.09172537542982008,0.07953697497916273,1.0,0.29006225823369636,0.29006225823369636,0.29006225823369636,0.2671481639451198,,0.47096488268200787,228,False,82.3257070345005,0.030313715348159794,interior_core,-0.4986411855856177,0.177190322539364,203.2180422481077,23,,0.29865075672146535,99.98283495752378,0.04872613467463127,0.012563269496508102,,79,141,0,,,,,220,220,79,,299,0.0,wls,,,,,,,,,,,,,,,,,1.1812772982011666e-13,5.084821452783217e-14,4.030109579389318e-14,9.547918011776346e-14,4.196643033083092e-14,3.108624468950438e-14,5.684341886080802e-14,,,0.0814304772148141,0.0973574407829606,0.09493169465966461,0.09044065214841324,,,,,0.002389845991274342,ok,0.28303186999983154,5,False,
nan,nan,nan,0.0,nan,1.0,0.7653969809907721,0.0,1.0,4.287146277891718,0.8144486227189709,1.908290437648746,0.3941717791411043,0.41945525291828795,2.0,1e-13,1.098509894159605e-10,1.1296265802769781e-09,3.1739621803283145,0.43408632564384325,1.6567204046876403,0.6058282208588958,0.31949367088607594,1.0,0.3120058847725528,0.06878511313396388,0.5923796712309419,4.287146277891718,0.6138210698472727,1.7559666152576383,circle,nan,nan,26.784438919693415,102.67959759458998,35.416744558725455,159.01042185693248,32.346724431113984,26.784438919693415,102.67959759458998,35.416744558725455,159.01042185693248,32.346724431113984,142.9935966154012,142.9935966154012,1004,0.051786876306970736,0.0,0.08,0.04818974238279604,0.056363268701867746,0.051588374846592594,0.02588855449046393,0.6990121889857541,0.13287091078652502,0.13287091078652502,0.13287091078652502,0.05821585131921092,0,0.4378429863378649,326,False,9.592034974347754,0.2954723553849015,interior_core,0.4361308624408351,0.35492733691651057,26.615804942586003,45,0.0,0.3078646758427999,9.35954590173396,0.03920155525629898,0.15984330263338578,0,99,253,6520,0,0,0,0,353,353,100,6520,452,0.3588957055214724,ccpfm,4.287146277891718,0.8144486227189709,1.908290437648746,0.3941717791411043,0.41945525291828795,3.1739621803283145,0.43408632564384325,1.6567204046876403,0.6058282208588958,0.31949367088607594,4.287146277891718,0.6138210698472727,1.7559666152576383,1.0,0.3588957055214724,1.0,6.181721801112872e-13,9.434930170471034e-09,6.787607365055237e-09,5.885588905130135e-09,9.155710856134647e-09,6.756400772189863e-09,5.468377750617037e-09,0.35,0.65,0.04375373310080832,0.05636254562442963,0.04951046189371847,0.024817242689667285,2.35,0,68,24,0.0035411760036367923,ok,0.7689381569944089,4,False,
nan,nan,nan,0.0,nan,1.0,0.3537655339896446,0.0,1.0,5.2362544704026455,0.6171743491436723,1.872737937424242,0.5536159600997507,0.3400900900900901,2.0,1e-13,9.362441377724906e-12,7.659002111213264e-11,2.8470766847559212,0.31001975298458684,1.6621182170612332,0.4463840399002494,0.2702513966480447,1.0,0.3174627363459781,0.04669523531148219,0.5732660222662999,5.2362544704026455,0.5008995980786201,1.7388426797532486,circle,nan,nan,11.530303391762619,47.574919573510414,16.494105191932427,72.59740953810025,13.682851044874921,11.530303391762619,47.574919573510414,16.494105191932427,72.59740953810025,13.682851044874921,59.07972675343082,59.07972675343082,1005,0.13863879430617546,0.0,0.12,0.09172111834160199,0.11263950006190687,0.1018300117243471,0.06968701807288114,0.7130707965898195,0.23626081015901412,0.23626081015901412,0.23626081015901412,0.1681960282409768,0,0.3517128446011913,201,False,8.228405163874388,0.3067735675359777,interior_core,0.46472650429090867,0.4521355974137209,26.19407560243421,45,0.0,0.29035420035212056,9.462742993329599,0.05767691825320111,0.16680342689550998,0,66,94,3208,0,0,0,0,156,156,62,3208,222,0.3089152119700748,ccpfm,5.2362544704026455,0.6171743491436723,1.872737937424242,0.5536159600997507,0.3400900900900901,2.8470766847559212,0.31001975298458684,1.6621182170612332,0.4463840399002494,0.2702513966480447,5.2362544704026455,0.5008995980786201,1.7388426797532486,1.0,0.3089152119700748,1.0,2.5934809855243657e-13,1.5119416829634247e-09,1.2280625405480805e-09,1.0334417765989201e-09,1.2132925775176773e-09,1.194035315066344e-09,9.70402425082284e-10,0.35,0.65,0.08087308951575368,0.11168548424663897,0.09647576309612191,0.06713713843447648,2.35,0,68,24,0.0011637910065473989,ok,0.354929324996192,5,False,
,,,,,,0.047688420992926694,,,,,,,,2.0,,0.0,0.0,,,,,,,,,0.0,,,,circle,,,,,,,,,,,,,,,1006,0.6233765114792189,0.0,0.2,0.8492560087306548,0.94094295103435,1.0195637679252294,1.0778212325118806,1.0,2.451493258093983,2.3709566913449,2.451493258093983,2.451493258093983,,0.11000000000000004,49,False,41.67958034480092,0.06620923612054101,near_boundary_interior,-0.8464402995026187,0.2750251249939121,48.534167295525684,23,,0.33892035549576566,29.08602474675948,0.08159745955696335,0.0526264640494269,,40,20,0,,,,,58,58,38,,98,0.0,wls,,,,,,,,,,,,,,,,,1.554312234475219e-14,7.993605777301127e-15,5.10702591327572e-15,1.3211653993039363e-14,9.631184738623233e-15,5.995204332975845e-15,1.6431300764452317e-14,,,0.8217991706901041,0.9427626331939456,1.0682299244044375,1.1286770584914276,,,,,0.00029039000219199806,ok,0.04797881099511869,6,False,
nan,nan,nan,0.0,nan,1.0,0.4227301280043321,0.0,1.0,5.311432835363158,0.7623513273115745,1.8579648442838228,0.4843568945538818,0.3894736842105263,2.0,1e-13,4.67999042297329e-11,2.818491618066975e-10,2.8572978417365933,0.35874325166913695,1.680701822224668,0.5156431054461182,0.29752808988764046,1.0,0.2980722305766766,0.05674397165015283,0.5821274820893824,5.311432835363158,0.5599810862868312,1.7551734065822657,circle,nan,nan,16.736636708273824,70.09448227656253,22.318279800732782,97.85043589799588,19.63941232103889,16.736636708273824,70.09448227656253,22.318279800732782,97.85043589799588,19.63941232103889,87.95585447005416,87.95585447005416,1005,0.13866118785807843,0.0,0.1,0.06240420148247813,0.07355364717642461,0.06797133379662416,0.04921963474774946,0.7020149390265332,0.15092975924448881,0.15092975924448881,0.15092975924448881,0.13109780371851032,0,0.3309689053418181,136,False,8.431683633880922,0.3117460462999705,interior_core,0.471640302092672,0.4745747894147275,26.633309569957394,46,0.0,0.29865075672146535,9.415709426629627,0.04872613467463127,0.15373829037430178,0,79,141,4315,0,0,0,0,220,220,79,4315,299,0.34206257242178445,ccpfm,5.311432835363158,0.7623513273115745,1.8579648442838228,0.4843568945538818,0.3894736842105263,2.8572978417365933,0.35874325166913695,1.680701822224668,0.5156431054461182,0.29752808988764046,5.311432835363158,0.5599810862868312,1.7551734065822657,1.0,0.34206257242178445,1.0,4.618527782440651e-13,4.16640721923045e-09,2.5845698914395143e-09,2.518531161399551e-09,3.917922430929366e-09,2.8099083060340035e-09,2.408928168051716e-09,0.35,0.65,0.05616930349180064,0.07391460848038559,0.06548220458371073,0.04679704738487316,2.35,0,68,24,0.0018393719947198406,ok,0.4245694999990519,5,False,
nan,nan,nan,0.0,nan,1.0,0.12422721399343573,0.0,1.0,4.077584479746454,0.7578223498430685,2.2661318646965745,0.7525399129172714,0.40115718418514945,2.0,1e-13,1.2670697824290755e-12,8.095735497509335e-12,2.61951562072078,0.2258668659654532,1.5111200468929809,0.2474600870827286,0.19941348973607037,1.0,0.291097655022342,0.05673461795619563,0.5699189715671753,4.077584479746454,0.6104009335117051,2.111233471538489,circle,nan,nan,4.260761440525583,18.004555529694688,7.3853634543690845,32.6091474268184,4.953178098804183,4.260761440525583,18.004555529694688,7.3853634543690845,32.6091474268184,4.953178098804183,21.64872523686268,21.64872523686268,1006,0.607247004173083,0.0,0.2,0.14349816593602766,0.1623592615993754,0.17227494330098708,0.17974711563768428,0.6855752434261502,0.3431208949557575,0.3240531106990648,0.3431208949557575,0.3431208949557575,0,0.32605376933873326,78,False,10.628483977749328,0.2728322804068153,near_boundary_interior,0.5713142422125841,-0.36460715723287695,25.303809992405636,51,0.0,0.33892035549576566,9.670435112060336,0.08159745955696335,0.17154033766427088,0,40,20,1378,0,0,0,0,58,58,38,1378,98,0.35123367198838895,ccpfm,4.077584479746454,0.7578223498430685,2.2661318646965745,0.7525399129172714,0.40115718418514945,2.61951562072078,0.2258668659654532,1.5111200468929809,0.2474600870827286,0.19941348973607037,4.077584479746454,0.6104009335117051,2.111233471538489,1.0,0.35123367198838895,1.0,8.526512829121202e-14,5.3731685767388626e-11,4.890232663257166e-11,5.921629853133936e-11,4.60081972519788e-11,3.276090509984897e-11,3.466960052378454e-11,0.35,0.65,0.12486383321820946,0.16270649184194347,0.16230642214876886,0.1620954625450487,2.35,0,68,24,0.00030963400786276907,ok,0.1245368480012985,6,False,
,,,,,,0.0744188429962378,,,,,,,,2.0,,0.0,0.0,,,,,,,,,0.0,,,,circle,,,,,,,,,,,,,,,1006,0.7049886763344752,0.0,0.16,0.5409390351856637,0.45612664402235537,0.6240038048833454,0.7828938785524084,1.0,3.478716387344693,1.2159886666030446,3.478716387344693,3.478716387344693,,0.088,71,False,68.97576636914583,0.042132869512438366,near_boundary_interior,0.48867403702078815,-0.7700270680578738,74.14798850454234,23,,0.2900311560017549,43.40245560441517,0.0653021403104906,0.0361970643185442,,50,37,0,,,,,85,85,48,,135,0.0,wls,,,,,,,,,,,,,,,,,2.886579864025407e-14,1.6431300764452317e-14,1.1546319456101628e-14,2.6645352591003757e-14,1.7694179454963432e-14,1.0103029524088925e-14,1.554312234475219e-14,,,0.614915215615386,0.4737565935047628,0.774948176812813,0.9436390228068541,,,,,0.0004962579987477511,ok,0.07491510099498555,6,False,
nan,nan,nan,0.0,nan,1.0,0.15136894000170287,0.0,1.0,4.368967253391539,0.6722241783521516,1.9259223273512094,0.6862539349422875,0.363914373088685,2.0,1e-13,1.9967777431517675e-12,1.3571329963434182e-11,2.925432997432991,0.24304907630140105,1.5973407766053962,0.31374606505771246,0.21739130434782608,1.0,0.31806759655586614,0.047437198996639784,0.5584069030035851,4.368967253391539,0.5151992183988878,1.845989915369799,circle,nan,nan,6.455130679666011,28.70179789946236,9.131436056867702,41.173859558643315,7.28996327567275,6.455130679666011,28.70179789946236,9.131436056867702,41.173859558643315,7.28996327567275,31.926277103644004,31.926277103644004,1006,0.4396326978071725,0.0,0.16,0.12244893400025678,0.14230140175636663,0.14125177838912023,0.13994697197547123,0.7075995959731172,0.30390259528993935,0.30390259528993935,0.30390259528993935,0.3031720146239626,0,0.34807361555475225,84,False,9.018444860280132,0.30575841732327935,interior_core,-0.291288104283181,-0.5837859921810943,27.022086528653837,46,0.0,0.2900311560017549,9.688337466878513,0.0653021403104906,0.16226132398700174,0,50,37,1906,0,0,0,0,85,85,48,1906,135,0.3179433368310598,ccpfm,4.368967253391539,0.6722241783521516,1.9259223273512094,0.6862539349422875,0.363914373088685,2.925432997432991,0.24304907630140105,1.5973407766053962,0.31374606505771246,0.21739130434782608,4.368967253391539,0.5151992183988878,1.845989915369799,1.0,0.3179433368310598,1.0,2.2515322939398175e-13,1.6296697324946763e-10,6.980149791502299e-11,9.919753907183804e-11,9.417799873290278e-11,1.4607826059886975e-10,1.279072403548298e-10,0.35,0.65,0.1054624568224248,0.14382846253963477,0.13290928011099484,0.12383703482440861,2.35,0,68,24,0.0004506130062509328,ok,0.1518195530079538,6,False,
,,,,,,0.3538170340034412,,,,,,,,2.0,,0.0,0.0,,,,,,,,,0.0,,,,circle,,,,,,,,,,,,,,,1005,0.17411432935232093,0.0,0.08,0.05281899574114886,0.05770185028903816,0.056484471771487715,0.05160526501473035,1.0,0.20030757721831627,0.1949720279225472,0.20030757721831627,0.20030757721831627,,0.043999999999999984,103,False,241.2943821823831,0.011629604950684491,near_boundary_interior,0.8353999360338696,0.4648040449312589,338.97751314957145,23,,0.30938286882034766,158.6072005230791,0.03967638589735203,0.007971793639569569,,99,255,0,,,,,357,357,102,,456,0.0,wls,,,,,,,,,,,,,,,,,1.3936074516607277e-13,8.08242361927114e-14,5.81756864903582e-14,1.242062008799394e-13,4.440892098500626e-14,3.419486915845482e-14,7.638334409421077e-14,,,0.05040983873086455,0.058026340364967906,0.05697228279459942,0.0542476090120069,,,,,0.0030708859994774684,ok,0.3568879200029187,5,False,
,,,,,,0.14666337700327858,,,,,,,,2.0,,0.0,0.0,,,,,,,,,0.0,,,,circle,,,,,,,,,,,,,,,1006,0.2893441094546972,0.0,0.12,0.16701187507153573,0.19019374418236298,0.18523037977403745,0.17451921308679882,1.0,0.6697813557246608,0.5077482951961344,0.6697813557246608,0.6697813557246608,,0.06599999999999998,94,False,109.4412151725996,0.024943124234144003,near_boundary_interior,0.541773136068204,-0.7608139113244041,140.21140293394416,23,,0.3043632875380087,72.56275029922034,0.05775474778292365,0.018967480986391567,,66,90,0,,,,,156,156,66,,222,0.0,wls,,,,,,,,,,,,,,,,,4.085620730620576e-14,1.4654943925052066e-14,1.1102230246251565e-14,3.197442310920451e-14,1.404432126150823e-14,1.5987211554602254e-14,3.108624468950438e-14,,,0.16368917289357532,0.19134161932671023,0.19526937773787537,0.20050145037721798,,,,,0.001514137999038212,ok,0.1481775150023168,6,False,
,,,,,,0.2338803890015697,,,,,,,,2.0,,0.0,0.0,,,,,,,,,0.0,,,,circle,,,,,,,,,,,,,,,1006,0.2553051635911249,0.0,0.1,0.09400483445063441,0.10237057493719041,0.10232809959461628,0.10220450544540989,1.0,0.29957175501250877,0.29957175501250877,0.29957175501250877,0.27447925089057407,,0.5156370477988615,266,False,88.50182525366013,0.02677685378013879,interior_core,-0.4385041392824693,0.20572375402517395,202.24085287360117,23,,0.29258298705464764,102.27113704017162,0.048589170373213475,0.013054865936068962,,79,146,0,,,,,224,224,78,,303,0.0,wls,,,,,,,,,,,,,,,,,9.325873406851315e-14,4.6629367034256575e-14,3.2862601528904634e-14,4.1744385725905886e-14,3.1308289294429414e-14,4.4853010194856324e-14,1.127986593019159e-13,,,0.09082558359555833,0.10274776315445014,0.10563443217709577,0.11083580121958839,,,,,0.001757009988068603,ok,0.2356373989896383,6,False,
nan,nan,nan,0.0,nan,1.0,0.6915258480003104,0.0,1.0,5.566659476128916,0.8228968099109479,1.9842707194052982,0.39086371199515957,0.41756965944272445,2.0,1e-13,1.7590685158497266e-10,1.4412646267486677e-09,2.9630785084614595,0.44009975385283273,1.6475788799767501,0.6091362880048404,0.3215793394586541,1.0,0.32387263561263874,0.06960533352867468,0.5988915075736922,5.566659476128916,0.6225955157119475,1.761273617518591,circle,nan,nan,26.504347419103937,104.8489290833072,35.63910445518984,164.03930844169605,32.61776119812988,26.504347419103937,104.8489290833072,35.63910445518984,164.03930844169605,32.61776119812988,147.37004881543416,147.37004881543416,1005,0.0991459752370834,0.0,0.08,0.033764729423595166,0.038523888738940686,0.03610789791130359,0.02489358437098766,0.6958712220653729,0.10477979161715678,0.10477979161715678,0.10477979161715678,0.06987003822842075,0,0.34883646321973366,203,False,9.954912648687282,0.2922890255332,interior_core,0.5271919665257283,-0.3822913149783874,26.992810892783893,45,0.0,0.30938286882034766,9.349905968176031,0.03967638589735203,0.16314767458456994,0,99,255,6611,0,0,0,0,357,357,102,6611,456,0.359098472243231,ccpfm,5.566659476128916,0.8228968099109479,1.9842707194052982,0.39086371199515957,0.41756965944272445,2.9630785084614595,0.44009975385283273,1.6475788799767501,0.6091362880048404,0.3215793394586541,5.566659476128916,0.6225955157119475,1.761273617518591,1.0,0.359098472243231,1.0,8.277822871605167e-13,9.315381355179397e-09,6.8196532865272275e-09,7.737573248789431e-09,8.705524301433343e-09,8.054310995930791e-09,6.45282227651478e-09,0.35,0.65,0.031203097271943016,0.038799077767739124,0.03526517296227904,0.02427534541753066,2.35,0,68,24,0.0036967030027881265,ok,0.6952225510030985,5,False,
nan,nan,nan,0.0,nan,1.0,0.35186787800921593,0.0,1.0,4.981909260488751,0.6292943511101177,1.8774070450193936,0.5485804416403786,0.35192639447958596,2.0,1e-13,1.3011369759396985e-11,9.038163554083186e-11,2.873730757805816,0.32728845874246393,1.643814029224819,0.45141955835962144,0.27882599580712786,1.0,0.3158025282881636,0.04928071196433094,0.5743260645227669,4.981909260488751,0.5246647259391066,1.7352076522158852,circle,nan,nan,11.829073643429592,47.57492565567529,16.689053969487965,71.58419394876589,13.957663408162198,11.829073643429592,47.57492565567529,16.689053969487965,71.58419394876589,13.957663408162198,62.50737139822755,62.50737139822755,1006,0.20827106299770284,0.0,0.12,0.06833863844980334,0.08214360848520119,0.07579336468065985,0.06058559259470458,0.6937541163901249,0.16513847626493583,0.16513847626493583,0.16513847626493583,0.12790035029727942,0,0.4778059735544504,208,False,9.716585465494363,0.29608454705771725,interior_core,-0.49500969289411323,0.16968837619219151,26.172809567788285,45,0.0,0.3043632875380087,9.421129941066717,0.05775474778292365,0.16645670617158614,0,66,90,3170,0,0,0,0,156,156,66,3170,222,0.31892744479495266,ccpfm,4.981909260488751,0.6292943511101177,1.8774070450193936,0.5485804416403786,0.35192639447958596,2.873730757805816,0.32728845874246393,1.643814029224819,0.45141955835962144,0.27882599580712786,4.981909260488751,0.5246647259391066,1.7352076522158852,1.0,0.31892744479495266,1.0,2.877698079828406e-13,1.7309584876556983e-09,1.0267613426151456e-09,9.728927663488207e-10,1.5244063789054962e-09,1.5163044153609917e-09,1.1930447740837735e-09,0.35,0.65,0.06162747580998498,0.0821741510024403,0.07351713396948845,0.05972294158689062,2.35,0,68,24,0.0012026829936075956,ok,0.3530705610028235,6,False,
,,,,,,0.059715341005357914,,,,,,,,2.0,,0.0,0.0,,,,,,,,,0.0,,,,circle,,,,,,,,,,,,,,,1007,0.5799274598575936,0.0,0.2,1.2763769892800934,1.3812248631664779,1.5375179579116702,1.690911843951837,1.0,4.942939986420219,3.008899822462507,4.942939986420219,4.942939986420219,,0.10999999999999999,45,False,35.57627744792923,0.08081925870100962,near_boundary_interior,1.8893813258482854e-13,0.8899999999999999,45.93610223016034,23,,0.32009070061476075,27.703570847418472,0.08159745955695005,0.05992512094831887,,40,20,0,,,,,53,53,33,,93,0.0,wls,,,,,,,,,,,,,,,,,1.4654943925052066e-14,8.659739592076221e-15,5.662137425588298e-15,1.176836406102666e-14,7.424616477180734e-15,4.218847493575595e-15,9.880984919163893e-15,,,1.2791199544886274,1.3434943081849937,1.6943955943121913,1.8753764201450687,,,,,0.00024766099522821605,ok,0.05996300200058613,7,False,
nan,nan,nan,0.0,nan,1.0,0.10776304599130526,0.0,1.0,4.681642010402456,0.7502290396746059,2.1762302165545497,0.7882262996941896,0.39670223084384093,2.0,1e-13,1.3864187575762799e-12,8.257864377243199e-12,2.2833430182885315,0.1972987279489042,1.3715843495693358,0.2117737003058104,0.20938628158844766,1.0,0.2779710213191502,0.05253201888757605,0.565187667735092,4.681642010402456,0.6178742968897395,2.043332549030713,circle,nan,nan,4.111496004883655,17.714019856900567,6.97986879830696,26.486619745918848,4.300352264811506,4.111496004883655,17.714019856900567,6.97986879830696,26.486619745918848,4.300352264811506,19.3457856595182,19.3457856595182,1007,0.36610621980783287,0.0,0.2,0.17403913846356206,0.23135476296310842,0.20964676033381677,0.18319163627416002,0.7007552788469852,0.3982216273432589,0.3781098987710413,0.3982216273432589,0.3982216273432589,0,0.3558433201164568,68,False,10.24842709698651,0.2688643038068836,near_boundary_interior,-0.5031567760764954,-0.40592267963412,26.643547752438216,50,0.0,0.32009070061476075,10.24842709698651,0.08159745955695005,0.17011253348085242,0,40,20,1308,0,0,0,0,53,53,33,1308,93,0.3570336391437309,ccpfm,4.681642010402456,0.7502290396746059,2.1762302165545497,0.7882262996941896,0.39670223084384093,2.2833430182885315,0.1972987279489042,1.3715843495693358,0.2117737003058104,0.20938628158844766,4.681642010402456,0.6178742968897395,2.043332549030713,1.0,0.3570336391437309,1.0,7.194245199571014e-14,3.8484770925606426e-11,4.4930725806580085e-11,2.655320407995987e-11,3.585585994780871e-11,2.2919222075756807e-11,2.4812943366647744e-11,0.35,0.65,0.14139212176988303,0.2296686423082758,0.18729610726237225,0.15611547590614616,2.35,0,68,24,0.0003434109967201948,ok,0.10810645698802546,7,False,
nan,nan,nan,0.0,nan,1.0,0.5377226690034149,0.0,1.0,5.153513472945365,0.8035891796918879,1.8753151642145858,0.47171971605220975,0.3800970873786408,2.0,1e-13,3.245186758205065e-11,2.7453994235309434e-10,2.9471171887538574,0.38198651072590617,1.6414039542483654,0.5282802839477903,0.3034243606415258,1.0,0.301679988585904,0.05963256029518245,0.5802906045092583,5.153513472945365,0.5853508665718802,1.7276556176654456,circle,nan,nan,17.003074468158182,66.98366261067717,22.688694553376948,99.69499298952061,20.18321982432063,17.003074468158182,66.98366261067717,22.688694553376948,99.69499298952061,20.18321982432063,90.7161141278585,90.7161141278585,1006,0.11503146081150971,0.0,0.1,0.05280884928809866,0.0626911739257954,0.05748458811729944,0.03853941114230582,0.67787549472061,0.17196170625466956,0.17196170625466956,0.17196170625466956,0.11071565759953306,0,0.4632773427479375,164,False,9.053566105051212,0.30358843724298545,interior_core,-0.5034411533908834,-0.18608432995950586,26.156608987978633,45,0.0,0.29258298705464764,9.515758731273465,0.048589170373213475,0.16360245839039614,0,79,146,4367,0,0,0,0,224,224,78,4367,303,0.33959239752690634,ccpfm,5.153513472945365,0.8035891796918879,1.8753151642145858,0.47171971605220975,0.3800970873786408,2.9471171887538574,0.38198651072590617,1.6414039542483654,0.5282802839477903,0.3034243606415258,5.153513472945365,0.5853508665718802,1.7276556176654456,1.0,0.33959239752690634,1.0,3.552713678800501e-13,3.9684522334937355e-09,3.0707631992754614e-09,2.452523517604277e-09,3.4724045860912156e-09,2.732875259425782e-09,2.5686546223369078e-09,0.35,0.65,0.04813170533618007,0.06325131360772503,0.055979440611613245,0.03886893071978555,2.35,0,68,24,0.0020756789890583605,ok,0.5397983479924733,6,False,
,,,,,,0.10860218000016175,,,,,,,,2.0,,0.0,0.0,,,,,,,,,0.0,,,,circle,,,,,,,,,,,,,,,1007,0.7149917654623483,0.0,0.16,0.4820412312763678,0.3831822923693723,0.5558884427857511,0.7430382042325518,1.0,2.403138829352661,0.9618912227609343,2.403138829352661,2.403138829352661,,0.08800000000000008,62,False,60.34196448615319,0.045678159205797784,near_boundary_interior,-0.9048086075987769,0.1143039090108568,76.72596389730323,23,,0.3073517184369179,43.04141479334649,0.06530214031049061,0.03403825235078348,,50,42,0,,,,,88,88,46,,138,0.0,wls,,,,,,,,,,,,,,,,,2.886579864025407e-14,1.3766765505351941e-14,1.199040866595169e-14,1.9040324872321435e-14,1.6656814816329302e-14,9.992007221626409e-15,1.9317880628477724e-14,,,0.5441631593981969,0.38377427307333845,0.6814395614364307,0.8682540700353372,,,,,0.00049060900346376,ok,0.10909278900362551,7,False,
,,,,,,0.40990822500316426,,,,,,,,2.0,,0.0,0.0,,,,,,,,,0.0,,,,circle,,,,,,,,,,,,,,,1006,0.15176491022998595,0.0,0.08,0.05323052562457619,0.05900518381909513,0.05700058693116096,0.04864014102759239,1.0,0.16602281857167633,0.16602281857167633,0.16602281857167633,0.15391346966484076,,0.18172957614060178,174,False,171.0473411342813,0.013314370352477352,interior_core,0.6147307185585138,-0.5421406693088979,336.6864713738907,23,,0.3004136411733696,154.10361008523526,0.03931862490774589,0.007925432749095615,,99,250,0,,,,,349,349,99,,448,0.0,wls,,,,,,,,,,,,,,,,,1.163513729807164e-13,5.084821452783217e-14,5.3290705182007514e-14,1.0036416142611415e-13,4.618527782440651e-14,3.241851231905457e-14,7.105427357601002e-14,,,0.05045199917147226,0.05974135050208683,0.057161639077780844,0.05005894008743997,,,,,0.0028774999955203384,ok,0.4127857249986846,6,False,
nan,nan,nan,0.0,nan,1.0,0.21009581499674823,0.0,1.0,3.778037359724329,0.6927731748572359,1.8573405161164531,0.6700404858299596,0.36027190332326287,2.0,1e-13,1.8623089181879493e-12,1.3555235364105763e-11,2.5810980884756916,0.2775114043264133,1.5979890567065038,0.3299595141700405,0.24539877300613497,1.0,0.3098477114315435,0.04755789172358657,0.5603300774396394,3.778037359724329,0.551813457234344,1.7656608625416583,circle,nan,nan,6.427819862163368,27.99806476875412,10.01802708196793,42.14200940373695,7.388797488591306,6.427819862163368,27.99806476875412,10.01802708196793,42.14200940373695,7.388797488591306,32.2578488386828,32.2578488386828,1007,0.4312766913124927,0.0,0.16,0.10319873784929848,0.11588238898535294,0.11900846226079649,0.12354603620733633,0.6911897417377637,0.2575529597613848,0.22478104491828188,0.2575529597613848,0.2575529597613848,0,0.3034016481182733,81,False,10.228184753000408,0.2809321460641715,near_boundary_interior,0.5032402246712453,0.4818176106085892,25.909329320625773,45,0.0,0.3073517184369179,9.500063368450494,0.06530214031049061,0.17000000006969593,0,50,42,1976,0,0,0,0,88,88,46,1976,138,0.3223684210526316,ccpfm,3.778037359724329,0.6927731748572359,1.8573405161164531,0.6700404858299596,0.36027190332326287,2.5810980884756916,0.2775114043264133,1.5979890567065038,0.3299595141700405,0.24539877300613497,3.778037359724329,0.551813457234344,1.7656608625416583,1.0,0.3223684210526316,1.0,2.1183055309847987e-13,1.2607515031959338e-10,9.476908147121321e-11,1.0154321827826607e-10,6.338329860966496e-11,1.0023426533223301e-10,1.0874046108000357e-10,0.35,0.65,0.09139074649895336,0.11797817665511816,0.11444595088441618,0.11112286113649344,2.35,0,68,24,0.0009228410053765401,ok,0.21101865600212477,7,False,
,,,,,,0.16872847800550517,,,,,,,,2.0,,0.0,0.0,,,,,,,,,0.0,,,,circle,,,,,,,,,,,,,,,1007,0.39012028356189854,0.0,0.12,0.16237580440079447,0.16890080040413422,0.18064391482322878,0.20518986442613632,1.0,0.6518001947290829,0.4852327801418496,0.6518001947290829,0.6518001947290829,,0.06599999999999996,91,False,108.94904190197701,0.024257478056239887,near_boundary_interior,0.044441512176819194,-0.9329420209433164,153.0175017013657,23,,0.3072031061551041,72.53671272126921,0.05760848339185768,0.017590358308537248,,66,94,0,,,,,157,157,63,,223,0.0,wls,,,,,,,,,,,,,,,,,4.218847493575595e-14,2.042810365310288e-14,1.865174681370263e-14,3.6415315207705135e-14,2.2426505097428162e-14,1.0880185641326534e-14,3.064215547965432e-14,,,0.16636017243459755,0.1694631966305541,0.1982676993466349,0.23476471854764236,,,,,0.0011145850003231317,ok,0.1698430630058283,7,False,
nan,nan,nan,0.0,nan,1.0,0.34772171499207616,0.0,1.0,4.873916983254327,0.6492782443620345,1.9506440743443716,0.547752808988764,0.3492877492877493,2.0,1e-13,1.0140562001215159e-11,8.771548103246347e-11,2.7787152664612496,0.32532854961464475,1.636801539164875,0.45224719101123595,0.27674258109040717,1.0,0.32311770261837297,0.04883702395506838,0.5777541088478677,4.873916983254327,0.5167976395486715,1.7643765652436971,circle,nan,nan,11.520531100864133,47.57492510435091,16.607735518971534,73.20756845194931,13.816356731485186,11.520531100864133,47.57492510435091,16.607735518971534,73.20756845194931,13.816356731485186,61.23762072899221,61.23762072899221,1007,0.1856599902859426,0.0,0.12,0.08293536331827876,0.09968525753481663,0.0922660168637008,0.07229932398956798,0.7051935310720072,0.19269376150226414,0.19269376150226414,0.19269376150226414,0.14094315676529,0,0.41792636264195493,190,False,8.86797776252719,0.310254593306038,interior_core,-0.5220566854814216,-0.2578873140092588,26.21254449540476,45,0.0,0.3072031061551041,9.454914049498562,0.05760848339185768,0.16590988683792224,0,66,94,3204,0,0,0,0,157,157,63,3204,223,0.31647940074906367,ccpfm,4.873916983254327,0.6492782443620345,1.9506440743443716,0.547752808988764,0.3492877492877493,2.7787152664612496,0.32532854961464475,1.636801539164875,0.45224719101123595,0.27674258109040717,4.873916983254327,0.5167976395486715,1.7643765652436971,1.0,0.31647940074906367,1.0,2.8066438062523957e-13,1.6230812249773408e-09,1.3200800452750627e-09,1.0397442906651122e-09,1.4750219656800567e-09,1.022971929387495e-09,9.508234199984145e-10,0.35,0.65,0.07401631156988447,0.09998562762609363,0.08821248255710976,0.06689918826444151,2.35,0,68,24,0.0013637590018333867,ok,0.34908547399390955,7,False,
,,,,,,0.30282175200409256,,,,,,,,2.0,,0.0,0.0,,,,,,,,,0.0,,,,circle,,,,,,,,,,,,,,,1007,0.2698955496158159,0.0,0.1,0.08695875226001462,0.09316168814366417,0.09458139739276601,0.09877320883808463,1.0,0.4012347522333822,0.27156320287611235,0.4012347522333822,0.4012347522333822,,0.05499999999999996,82,False,155.39085011013944,0.017382109188231524,near_boundary_interior,0.8394270042683221,0.4340359017732494,201.61070674413804,23,,0.3047812028617602,105.45552491423568,0.048375474452386685,0.01290291222664655,,79,151,0,,,,,229,229,78,,308,0.0,wls,,,,,,,,,,,,,,,,,7.815970093361102e-14,3.197442310920451e-14,1.6209256159527285e-14,4.707345624410664e-14,2.8033131371785203e-14,3.907985046680551e-14,9.947598300641403e-14,,,0.08617732959014447,0.09423235237055287,0.09994260138002321,0.1101590764933876,,,,,0.0017948869935935363,ok,0.3046166389976861,7,False,
nan,nan,nan,0.0,nan,1.0,0.7921399589977227,0.0,1.0,4.621641485729953,0.8093301062413318,1.9364650837378332,0.39605486207427953,0.4217898832684825,2.0,1e-13,1.06177611841618e-10,1.034145191497434e-09,3.0615226925363976,0.44367748952578695,1.6761948592879141,0.6039451379257205,0.31513141107425363,1.0,0.31778943493361844,0.06764662505871467,0.5939469704861576,4.621641485729953,0.6000041315167346,1.761239525744883,circle,nan,nan,25.70620139239814,102.19362281718594,34.85262764570324,153.44716709933797,31.555756117127025,25.70620139239814,102.19362281718594,34.85262764570324,153.44716709933797,31.555756117127025,140.06054276321493,140.06054276321493,1006,0.0971008953924072,0.0,0.08,0.02851186372047477,0.03260742571448148,0.030531221465489252,0.020839419158507694,0.7036799131743001,0.07334310831965707,0.07334310831965707,0.07334310831965707,0.05564947611419091,0,0.5865018216745355,353,False,8.931936298819465,0.3025970785744226,interior_core,-0.37390750479508933,0.17731796406885533,26.734518971060123,45,0.0,0.3004136411733696,9.402790136936995,0.03931862490774589,0.15911104506845142,0,99,250,6489,0,0,0,0,349,349,99,6489,448,0.3573740175681923,ccpfm,4.621641485729953,0.8093301062413318,1.9364650837378332,0.39605486207427953,0.4217898832684825,3.0615226925363976,0.44367748952578695,1.6761948592879141,0.6039451379257205,0.31513141107425363,4.621641485729953,0.6000041315167346,1.761239525744883,1.0,0.3573740175681923,1.0,6.146194664324867e-13,8.762325975908425e-09,5.120603718822281e-09,5.0478945468057645e-09,8.4652693743692e-09,6.156530396594917e-09,5.608368880416492e-09,0.35,0.65,0.026149472375629666,0.03247095240058719,0.029627105497443552,0.02078009688400896,2.35,0,68,24,0.0034895879944087937,ok,0.7956295469921315,6,False,
,,,,,,0.06466296099824831,,,,,,,,2.0,,0.0,0.0,,,,,,,,,0.0,,,,circle,,,,,,,,,,,,,,,1008,0.7553963492547768,0.0,0.2,1.1039469517154297,0.99744333380654,1.3334675480201226,1.544833465751092,1.0,4.304428976739351,2.553138151174296,4.304428976739351,4.304428976739351,,0.10999999999999997,53,False,41.19585827277065,0.06930887781546913,near_boundary_interior,-0.5231288745404166,-0.7200251249936193,46.88575670383217,23,,0.3167570101128293,27.896203847996084,0.08159745955695659,0.05528546578807676,,40,18,0,,,,,54,54,36,,94,0.0,wls,,,,,,,,,,,,,,,,,2.0095036745715333e-14,1.1102230246251565e-14,7.771561172376096e-15,1.2101430968414206e-14,1.404432126150823e-14,1.021405182655144e-14,1.73749903353837e-14,,,1.1230148087730036,0.988194474589515,1.4816735564644572,1.6747449453825574,,,,,0.0004688159970100969,ok,0.0651317769952584,8,False,
nan,nan,nan,0.0,nan,1.0,0.10089236199564766,0.0,1.0,4.392117005445503,0.7297968654569942,2.1248165122462113,0.7802621434078643,0.4041501976284585,2.0,1e-13,1.4484351218424507e-12,8.72819022922647e-12,2.278076063225488,0.21045584142769796,1.487187337215628,0.2197378565921357,0.19649122807017544,1.0,0.25688619884424085,0.05282970812779426,0.5649137418797194,4.392117005445503,0.5986941904180256,2.03109946656,circle,nan,nan,4.260761440524061,19.34578565950732,6.688035285428453,28.70129740194245,4.565056614786755,4.260761440524061,19.34578565950732,6.688035285428453,28.70129740194245,4.565056614786755,19.616051827628343,19.616051827628343,1008,0.6754304889444296,0.0,0.2,0.12564681017084997,0.1307717357964771,0.15176992301552397,0.1662600173572889,0.71022470295314,0.34505066533935913,0.31757645169585613,0.34505066533935913,0.34505066533935913,0,0.34058208492489384,62,False,9.610986395950738,0.2602596335643916,near_boundary_interior,-0.48204088021902064,-0.4514869525474719,26.145169077736423,51,0.0,0.3167570101128293,10.181884226780168,0.08159745955695659,0.1728566096412484,0,40,18,1297,0,0,0,0,54,54,36,1297,94,0.35851966075558983,ccpfm,4.392117005445503,0.7297968654569942,2.1248165122462113,0.7802621434078643,0.4041501976284585,2.278076063225488,0.21045584142769796,1.487187337215628,0.2197378565921357,0.19649122807017544,4.392117005445503,0.5986941904180256,2.03109946656,1.0,0.35851966075558983,1.0,1.0746958878371515e-13,7.182343608747033e-11,7.985478944760871e-11,4.203989933948549e-11,3.654399005625919e-11,6.658507079038145e-11,2.864997128426694e-11,0.35,0.65,0.10601574874344312,0.13365650412885524,0.13987414079923377,0.14288153256636232,2.35,0,68,24,0.00030579400481656194,ok,0.10119815600046422,8,False,
nan,nan,nan,0.0,nan,1.0,0.5405286820023321,0.0,1.0,4.839952075995726,0.7967521823055943,1.878441470556468,0.4680278214045322,0.38734419942473636,2.0,1e-13,3.7743714403903894e-11,2.911829636161933e-10,2.6620506169472398,0.39386456077416704,1.6662512594997005,0.5319721785954677,0.2986081822016027,1.0,0.3045209474530764,0.060699046453620134,0.582224107921913,4.839952075995726,0.6006765662741501,1.7265349073209344,circle,nan,nan,16.999836620912156,68.05151728649116,23.34601376461576,104.77067722467012,20.561524382116097,16.999836620912156,68.05151728649116,23.34601376461576,104.77067722467012,20.561524382116097,93.00457903545677,93.00457903545677,1007,0.11628208828825808,0.0,0.1,0.055088254880230336,0.06493029794350762,0.05991719051949713,0.04107177078746565,0.6942133257916464,0.14767165564573292,0.14767165564573292,0.14767165564573292,0.11099550383574489,0,0.49979195306960056,265,False,8.522113609534838,0.3117269789728651,interior_core,0.31860973608223814,0.3856300466507786,26.852178131901763,45,0.0,0.3047812028617602,9.401856604592332,0.048375474452386685,0.15730592752404635,0,79,151,4457,0,0,0,0,229,229,78,4457,308,0.340139107022661,ccpfm,4.839952075995726,0.7967521823055943,1.878441470556468,0.4680278214045322,0.38734419942473636,2.6620506169472398,0.39386456077416704,1.6662512594997005,0.5319721785954677,0.2986081822016027,4.839952075995726,0.6006765662741501,1.7265349073209344,1.0,0.340139107022661,1.0,3.89910326248355e-13,3.9867860124331855e-09,3.2577647246512242e-09,2.6971314071033703e-09,3.824380589989573e-09,2.9188411687641747e-09,2.498429463315688e-09,0.35,0.65,0.05049423752007619,0.06603201246779629,0.058559779891744566,0.04033569452975226,2.35,0,68,24,0.0016761059960117564,ok,0.5422047879983438,7,False,
,,,,,,0.11694224100210704,,,,,,,,2.0,,0.0,0.0,,,,,,,,,0.0,,,,circle,,,,,,,,,,,,,,,1008,0.533781517560044,0.0,0.16,0.4055145340805816,0.4136142923229297,0.4662226025836982,0.5335021963230758,1.0,1.963442559007078,1.0887540998384262,1.963442559007078,1.963442559007078,,0.08800000000000002,52,False,66.25128615838051,0.041977533287331344,near_boundary_interior,0.7991916922000271,0.43935935078072164,77.01641578146982,23,,0.30871363696289683,43.04913032912782,0.06530214031049061,0.033768442098641833,,50,42,0,,,,,89,89,47,,139,0.0,wls,,,,,,,,,,,,,,,,,2.886579864025407e-14,1.4210854715202004e-14,9.769962616701378e-15,2.1316282072803006e-14,1.0658141036401503e-14,1.0658141036401503e-14,1.9984014443252818e-14,,,0.44477144402789554,0.4219972835242606,0.5558393551950995,0.6526179015527067,,,,,0.0006758020026609302,ok,0.11761804300476797,8,False,
,,,,,,0.45447078000870533,,,,,,,,2.0,,0.0,0.0,,,,,,,,,0.0,,,,circle,,,,,,,,,,,,,,,1007,0.10495680736971295,0.0,0.08,0.05881204048970705,0.06618297142742786,0.06289514267366864,0.04654135100201723,1.0,0.2399713941767847,0.2399713941767847,0.2399713941767847,0.18100305648413384,,0.5464924226602083,323,False,156.09914188883943,0.01579562552384199,interior_core,-0.4218965541688114,0.16725949376950466,331.0330447656684,23,,0.30183050888593904,152.66554820053295,0.039464706153526,0.00793449628758669,,99,250,0,,,,,344,344,94,,443,0.0,wls,,,,,,,,,,,,,,,,,1.0302869668521453e-13,6.394884621840902e-14,3.6415315207705135e-14,9.059419880941277e-14,5.062616992290714e-14,3.2862601528904634e-14,7.72715225139109e-14,,,0.05547229735159718,0.06691969458898754,0.0629504434946732,0.05090954500999442,,,,,0.004324531997554004,ok,0.45879531200625934,7,False,
nan,nan,nan,0.0,nan,1.0,0.14361785199434962,0.0,1.0,3.3112581227627675,0.6781227508139236,1.8152268408364978,0.6632653061224489,0.3553846153846154,2.0,1e-13,1.8648277366750676e-12,1.3685455455205395e-11,2.6103641322739137,0.3052460120523657,1.59516326272821,0.336734693877551,0.24696969696969698,1.0,0.30627143814545615,0.04889901377599211,0.5563530843026628,3.3112581227627675,0.5335437815428097,1.7333399694858458,circle,nan,nan,6.562888910980302,28.701797899462296,10.187315654241809,44.90634088979738,7.598707696143347,6.562888910980302,28.701797899462296,10.187315654241809,44.90634088979738,7.598707696143347,36.14507502718742,36.14507502718742,1008,0.4293747635818402,0.0,0.16,0.11053125825627308,0.12472541883520771,0.12707848069596026,0.1304221612787579,0.6738842040328625,0.27902760292404993,0.26623675561665716,0.27902760292404993,0.27902760292404993,0,0.31059052088482986,88,False,9.434723546721019,0.2836286906025688,near_boundary_interior,0.5453735461150422,-0.4235944978233538,25.48602804741324,45,0.0,0.30871363696289683,9.458922473272215,0.06530214031049061,0.16217149813652926,0,50,42,1960,0,0,0,0,89,89,47,1960,139,0.31887755102040816,ccpfm,3.3112581227627675,0.6781227508139236,1.8152268408364978,0.6632653061224489,0.3553846153846154,2.6103641322739137,0.3052460120523657,1.59516326272821,0.336734693877551,0.24696969696969698,3.3112581227627675,0.5335437815428097,1.7333399694858458,1.0,0.31887755102040816,1.0,1.3491985306757215e-13,1.6013368409062423e-10,1.4209566856493439e-10,1.422791329197537e-10,8.553972807856525e-11,7.396794288183628e-11,7.213322994470417e-11,0.35,0.65,0.09568857102806885,0.12481536054591856,0.11958383195222941,0.11470715232527899,2.35,0,68,24,0.0008613710087956861,ok,0.1444792230031453,8,False,
,,,,,,0.15083415500703268,,,,,,,,2.0,,0.0,0.0,,,,,,,,,0.0,,,,circle,,,,,,,,,,,,,,,1008,0.41388854631276245,0.0,0.12,0.1718700636587573,0.17596607654196914,0.19118959295317245,0.22159935660151722,1.0,0.782727685699485,0.5530959129956943,0.782727685699485,0.782727685699485,,0.06600000000000004,74,False,107.48679949100901,0.02526822934581891,near_boundary_interior,0.04444151217711187,0.9329420209433024,139.48899996676903,23,,0.3115276782578461,70.03450237113168,0.05786310998306451,0.018682422051952467,,66,88,0,,,,,152,152,64,,218,0.0,wls,,,,,,,,,,,,,,,,,5.950795411990839e-14,2.19824158875781e-14,1.687538997430238e-14,3.6637359812630166e-14,1.7541523789077473e-14,1.865174681370263e-14,2.6645352591003757e-14,,,0.1763353465365504,0.17730230636083333,0.21117661708178187,0.25037934274576895,,,,,0.0009690169972600415,ok,0.15180317200429272,8,False,
,,,,,,0.23606769100297242,,,,,,,,2.0,,0.0,0.0,,,,,,,,,0.0,,,,circle,,,,,,,,,,,,,,,1008,0.19080539545889375,0.0,0.1,0.09468028511701473,0.10894393702819462,0.10314456421588176,0.08596886690137011,1.0,0.2878052472432524,0.2878052472432524,0.2878052472432524,0.25193310122217555,,0.5880719144654494,188,False,89.64348682433602,0.02676311897548324,interior_core,-0.3455855380689646,-0.2244475067658201,197.25404940552852,23,,0.2861320224997306,101.19556976506514,0.048524511071369125,0.01318416043724492,,79,141,0,,,,,223,223,82,,302,0.0,wls,,,,,,,,,,,,,,,,,8.881784197001252e-14,3.6415315207705135e-14,3.1530333899354446e-14,5.3290705182007514e-14,2.842170943040401e-14,3.4638958368304884e-14,7.105427357601002e-14,,,0.08990561511365061,0.11045365313230926,0.10462557473034555,0.09376089138807413,,,,,0.001780556995072402,ok,0.23784824799804483,8,False,
nan,nan,nan,0.0,nan,1.0,0.3153364520112518,0.0,1.0,5.549765519828446,0.609922212348073,1.9049611742175423,0.5605820942739639,0.34142212189616256,2.0,1e-13,1.1219497553227598e-11,7.778227591666185e-11,2.985680544451079,0.32560556298061333,1.644889452269807,0.43941790572603606,0.2750179985601152,1.0,0.2930271065304753,0.04608269822208965,0.5740722139196939,5.549765519828446,0.47532012756853403,1.7501055311000888,circle,nan,nan,11.087278512815406,47.57492039146785,16.042164718059077,68.97399592730883,13.071200902439703,11.087278512815406,47.57492039146785,16.042164718059077,68.97399592730883,13.071200902439703,57.74339577493701,57.74339577493701,1008,0.21219066714931112,0.0,0.12,0.09689073245280837,0.11500888910143287,0.10778200289357544,0.08944826710539536,0.7139543440728945,0.2651908943125246,0.2651908943125246,0.2651908943125246,0.22596899065498632,0,0.4260238842886209,173,False,9.190997837250478,0.29009163474945926,interior_core,-0.513879039648781,-0.2559790092862766,26.147099307991567,45,0.0,0.3115276782578461,9.498930936521344,0.05786310998306451,0.16643960850797335,0,66,88,3161,0,0,0,0,152,152,64,3161,218,0.3122429610882632,ccpfm,5.549765519828446,0.609922212348073,1.9049611742175423,0.5605820942739639,0.34142212189616256,2.985680544451079,0.32560556298061333,1.644889452269807,0.43941790572603606,0.2750179985601152,5.549765519828446,0.47532012756853403,1.7501055311000888,1.0,0.3122429610882632,1.0,4.1033842990145786e-13,1.46130840761316e-09,1.1539729172227453e-09,9.302496550844808e-10,1.2538818872087631e-09,1.016384976182394e-09,8.548814989239872e-10,0.35,0.65,0.0863509151058668,0.11761970341004725,0.10341258569048896,0.07985201451099981,2.35,0,68,24,0.001418169995304197,ok,0.316754622006556,8,False,
nan,nan,nan,0.0,nan,1.0,0.6717080569942482,0.0,1.0,4.240282168071113,0.8286168390250968,1.9267428932381943,0.4050435865504359,0.4215987701767871,2.0,1e-13,9.149163371358071e-11,9.153485405910984e-10,3.0029123863934206,0.4494984411331814,1.6740493499142837,0.5949564134495642,0.31240188383045525,1.0,0.3192190400287312,0.06697368866377766,0.5892031455551134,4.240282168071113,0.6015495194198661,1.747854219431506,circle,nan,nan,25.603532689393255,102.00217492249787,34.29549168935262,148.64714576479375,31.180374778792654,25.603532689393255,102.00217492249787,34.29549168935262,148.64714576479375,31.180374778792654,135.88303015390446,135.88303015390446,1007,0.091260099560515,0.0,0.08,0.032728429548447936,0.03711102780495154,0.0350006432151424,0.02415088600756543,0.6927438115204032,0.08588701525493969,0.08588701525493969,0.08588701525493969,0.0605086757245884,0,0.39591775006814267,364,False,8.720679015172895,0.30410485467865755,interior_core,0.43284975112084567,-0.4214952294353311,27.165316750784946,45,0.0,0.30183050888593904,9.342275284010277,0.039464706153526,0.1577506253376364,0,99,250,6424,0,0,0,0,344,344,94,6424,443,0.3566313823163138,ccpfm,4.240282168071113,0.8286168390250968,1.9267428932381943,0.4050435865504359,0.4215987701767871,3.0029123863934206,0.4494984411331814,1.6740493499142837,0.5949564134495642,0.31240188383045525,4.240282168071113,0.6015495194198661,1.747854219431506,1.0,0.3566313823163138,1.0,6.765699112065704e-13,7.848920624553557e-09,4.284474997007237e-09,4.466539138547887e-09,7.521237854746232e-09,6.423173104508351e-09,5.138101499824188e-09,0.35,0.65,0.029906853328424174,0.03697379050114353,0.03393855618817704,0.02407053223294841,2.35,0,68,24,0.005823297004099004,ok,0.6775313539983472,7,False,
,,,,,,0.09357188300054986,,,,,,,,2.0,,0.0,0.0,,,,,,,,,0.0,,,,circle,,,,,,,,,,,,,,,1009,0.7237096435993982,0.0,0.2,1.227030092950017,1.1429660784145756,1.468273463138424,1.6934326546263274,1.0,4.337714270452896,2.082204763906117,4.337714270452896,4.337714270452896,,0.10999999999999999,45,False,34.97573910841668,0.08374891026090184,near_boundary_interior,1.8893813258482854e-13,0.8899999999999999,48.154400720463556,23,,0.32630531624311315,28.626340796660617,0.08159745955696313,0.054881095006206734,,40,19,0,,,,,55,55,36,,95,0.0,wls,,,,,,,,,,,,,,,,,1.2878587085651816e-14,8.881784197001252e-15,4.6629367034256575e-15,1.5654144647214707e-14,1.5626389071599078e-14,9.103828801926284e-15,1.2656542480726785e-14,,,1.3021660707346283,1.1786762120866907,1.7113815004173132,1.9342612037254132,,,,,0.0004288769996492192,ok,0.09400076000019908,9,False,
nan,nan,nan,0.0,nan,1.0,0.15576379299454857,0.0,1.0,4.3987344565956965,0.7389435248984545,2.15555128324554,0.7760299625468164,0.388996138996139,2.0,1e-13,1.4776235790492365e-12,8.333102220966962e-12,2.52822664005166,0.20868878889218997,1.3995121193938393,0.22397003745318353,0.19063545150501673,1.0,0.2916330226945478,0.05278856301451858,0.561526892571975,4.3987344565956965,0.6008690583641023,2.076637551465469,circle,nan,nan,4.260761440524072,18.322431937032974,6.8509299366618,28.79574381199758,4.562440856529403,4.260761440524072,18.322431937032974,6.8509299366618,28.79574381199758,4.562440856529403,19.943759922935417,19.943759922935417,1009,0.6224910319094926,0.0,0.2,0.162282321205443,0.17669738068583382,0.1941882494418692,0.20771520892089043,0.7065291946616298,0.4082304848970984,0.4082304848970984,0.4082304848970984,0.36378587937588547,0,0.5636658010284306,82,False,8.429662874696158,0.29003170304828874,interior_core,0.3758437672330542,0.225240703903092,26.544755335303634,51,0.0,0.32630531624311315,10.316245446037636,0.08159745955696313,0.17056472377821197,0,40,19,1335,0,0,0,0,55,55,36,1335,95,0.3445692883895131,ccpfm,4.3987344565956965,0.7389435248984545,2.15555128324554,0.7760299625468164,0.388996138996139,2.52822664005166,0.20868878889218997,1.3995121193938393,0.22397003745318353,0.19063545150501673,4.3987344565956965,0.6008690583641023,2.076637551465469,1.0,0.3445692883895131,1.0,8.837375276016246e-14,6.259925910967468e-11,6.472122837664074e-11,3.091571443292196e-11,6.412625985774412e-11,4.72660799388791e-11,3.15556469843159e-11,0.35,0.65,0.1356510623712314,0.18004933505834242,0.17828042357386156,0.17733971797623643,2.35,0,68,24,0.0003797790122916922,ok,0.15614357200684026,9,False,
nan,nan,nan,0.0,nan,1.0,0.4727396459929878,0.0,1.0,4.988684828156757,0.756196585828182,1.8471956701801735,0.4827902707664066,0.38022813688212925,2.0,1e-13,3.985721475086024e-11,2.720682266346569e-10,2.959472691258824,0.38327109917352936,1.6394006292190284,0.5172097292335934,0.2968056787932564,1.0,0.3070381754467044,0.05828201360900735,0.5804041509367361,4.988684828156757,0.5856407209881613,1.7271791978971671,circle,nan,nan,16.755736246865936,66.5239593481281,23.08193708205919,100.76955387213113,20.23442977882304,16.755736246865936,66.5239593481281,23.08193708205919,100.76955387213113,20.23442977882304,88.10310230585762,88.10310230585762,1008,0.20062140055601113,0.0,0.1,0.04981948298575119,0.056976070596968846,0.0542732719454221,0.04638463731174696,0.6816473202956483,0.13523667179706234,0.13523667179706234,0.13523667179706234,0.12337489873428886,0,0.3761486154478221,193,False,8.925316716119156,0.304836596661735,interior_core,-0.5901200565874766,-0.20396787824343954,26.394358872053022,45,0.0,0.2861320224997306,9.337520207398624,0.048524511071369125,0.16061350281638187,0,79,141,4358,0,0,0,0,223,223,82,4358,302,0.3370812299219826,ccpfm,4.988684828156757,0.756196585828182,1.8471956701801735,0.4827902707664066,0.38022813688212925,2.959472691258824,0.38327109917352936,1.6394006292190284,0.5172097292335934,0.2968056787932564,4.988684828156757,0.5856407209881613,1.7271791978971671,1.0,0.3370812299219826,1.0,3.979039320256561e-13,3.9688967667927955e-09,2.9292084313681244e-09,2.577820623628213e-09,3.134051497055007e-09,3.025173223036859e-09,2.7263024893198207e-09,0.35,0.65,0.04516598322833225,0.05626386317482416,0.052560865609470944,0.04549417011263425,2.35,0,68,24,0.0020621410076273605,ok,0.47480178700061515,8,False,
,,,,,,0.11377163900760934,,,,,,,,2.0,,0.0,0.0,,,,,,,,,0.0,,,,circle,,,,,,,,,,,,,,,1009,0.6104101195938659,0.0,0.16,0.5373555332194048,0.4950945522823672,0.6205365784865143,0.7783483315849826,1.0,3.611101532369978,1.423162503912276,3.611101532369978,3.611101532369978,,0.08800000000000001,63,False,61.47397810941381,0.0459305677796348,near_boundary_interior,-0.9048086075988283,-0.11430390901045093,78.8551473585363,23,,0.31031251209321264,42.90672461670439,0.0653021403104906,0.03288339919981928,,50,42,0,,,,,86,86,44,,136,0.0,wls,,,,,,,,,,,,,,,,,3.064215547965432e-14,1.1546319456101628e-14,7.993605777301127e-15,1.4099832412739488e-14,1.0574874309554616e-14,1.1324274851176597e-14,2.2648549702353193e-14,,,0.6225595736307773,0.4969201701337683,0.782890718931267,0.9809537562011583,,,,,0.000584000998060219,ok,0.11435564000566956,9,False,
,,,,,,0.4388609800080303,,,,,,,,2.0,,0.0,0.0,,,,,,,,,0.0,,,,circle,,,,,,,,,,,,,,,1008,0.13549465879248185,0.0,0.08,0.05443043541303204,0.060407949106521336,0.05815425182358291,0.04801062936668222,1.0,0.24968782423702546,0.24968782423702546,0.24968782423702546,0.15503733670049957,,0.5904577801909309,256,False,140.41544578013577,0.0167201083330845,interior_core,-0.02940906770129162,-0.408504302511141,317.4335587462705,23,,0.2905480524121287,159.26540984115366,0.03937543016532466,0.008038601977039409,,99,260,0,,,,,359,359,99,,458,0.0,wls,,,,,,,,,,,,,,,,,1.376676550535194e-13,5.906386491005833e-14,4.263256414560601e-14,9.281464485866309e-14,4.440892098500626e-14,5.306866057708248e-14,1.0302869668521453e-13,,,0.05112332107849044,0.06067730808685613,0.05774369535476171,0.049213485307368604,,,,,0.0029477039934135973,ok,0.4418086840014439,8,False,
nan,nan,nan,0.0,nan,1.0,0.16822705999948084,0.0,1.0,3.5585314132055843,0.6359794834097146,1.8921712088372231,0.6704841228526809,0.359472049689441,2.0,1e-13,2.244315844279754e-12,1.4619300642586e-11,2.8744754684032254,0.27838344665720943,1.599098657443964,0.3295158771473191,0.24960505529225907,1.0,0.33439302967953843,0.04668377797166803,0.5561971407541597,3.5585314132055843,0.5110630429523458,1.7859590369872749,circle,nan,nan,6.427819862163354,28.701797899461695,9.840883496186462,44.26021613238916,7.30255752456195,6.427819862163354,28.701797899461695,9.840883496186462,44.26021613238916,7.30255752456195,35.149486340292434,35.149486340292434,1009,0.21357238644032955,0.0,0.16,0.16953070677595042,0.22192199014985914,0.19577355815222458,0.145252071241314,0.6992099100363874,0.4030718136052628,0.4030718136052628,0.4030718136052628,0.28632728954412967,0,0.32519328766935246,79,False,9.642938574775165,0.2913686962117331,interior_core,0.5680148300877843,-0.36945378146405095,27.00653153719219,46,0.0,0.31031251209321264,9.714368249844952,0.0653021403104906,0.16362427415688138,0,50,42,1921,0,0,0,0,86,86,44,1921,136,0.323269130661114,ccpfm,3.5585314132055843,0.6359794834097146,1.8921712088372231,0.6704841228526809,0.359472049689441,2.8744754684032254,0.27838344665720943,1.599098657443964,0.3295158771473191,0.24960505529225907,3.5585314132055843,0.5110630429523458,1.7859590369872749,1.0,0.323269130661114,1.0,1.687538997430238e-13,2.5268942493994473e-10,2.0089618857355163e-10,1.8922385880415504e-10,1.596140164483728e-10,9.701373038240035e-11,1.0589751298084593e-10,0.35,0.65,0.14181880128294483,0.22047442400783968,0.17834216675338316,0.12556536120232958,2.35,0,68,24,0.0005737250030506402,ok,0.16880078500253148,9,False,
,,,,,,0.16174883999337908,,,,,,,,2.0,,0.0,0.0,,,,,,,,,0.0,,,,circle,,,,,,,,,,,,,,,1009,0.34992932264860405,0.0,0.12,0.14274496171776008,0.1517506549758052,0.1583797489048044,0.17341145619150128,1.0,0.8454923464315536,0.3956168649695281,0.8454923464315536,0.8454923464315536,,0.06599999999999995,98,False,96.84812574597626,0.029860166082857516,near_boundary_interior,0.9171213305540572,-0.17676064130570146,145.79071183120766,23,,0.2947287727257255,71.9421608184528,0.05785015364321054,0.017214076587572184,,66,92,0,,,,,154,154,62,,220,0.0,wls,,,,,,,,,,,,,,,,,4.04121180963557e-14,1.687538997430238e-14,1.4210854715202004e-14,3.6637359812630166e-14,2.0317081350640365e-14,1.687538997430238e-14,3.7636560534792807e-14,,,0.15158872983621685,0.15629208446062096,0.18118318675290856,0.21281930931049037,,,,,0.0015081320016179234,ok,0.163256971994997,9,False,
nan,nan,nan,0.0,nan,1.0,0.28100205199734773,0.0,1.0,4.889636439809377,0.6296157183970961,1.9481826980107175,0.5561160151324086,0.33390022675736963,2.0,1e-13,1.3451727579050221e-11,8.740146030862944e-11,2.565100668681859,0.3092706678965321,1.6919462448512712,0.44388398486759145,0.2627840909090909,1.0,0.30136203594557187,0.04657938192833694,0.5742974475338294,4.889636439809377,0.4982869892468683,1.7941073543821002,circle,nan,nan,11.41994755954089,47.574924390463444,16.203391488206908,71.99192485737899,13.551307171731462,11.41994755954089,47.574924390463444,16.203391488206908,71.99192485737899,13.551307171731462,59.73160641592275,59.73160641592275,1009,0.18018425696912999,0.0,0.12,0.08505013842677173,0.10153660755848394,0.09436563929299804,0.07414131337074674,0.7172804420836616,0.20195292101012463,0.20195292101012463,0.20195292101012463,0.15904392683191315,0,0.36114885880713876,159,False,8.619734229552844,0.3014152167113062,interior_core,-0.5677307296511964,0.29293807586848053,25.954513039973552,45,0.0,0.2947287727257255,9.448941237655319,0.05785015364321054,0.16422269306758874,0,66,92,3172,0,0,0,0,154,154,62,3172,220,0.30233291298865067,ccpfm,4.889636439809377,0.6296157183970961,1.9481826980107175,0.5561160151324086,0.33390022675736963,2.565100668681859,0.3092706678965321,1.6919462448512712,0.44388398486759145,0.2627840909090909,4.889636439809377,0.4982869892468683,1.7941073543821002,1.0,0.30233291298865067,1.0,3.268496584496461e-13,1.6986789752593268e-09,1.407862271207705e-09,1.073992450528749e-09,1.5713344375667404e-09,1.130622706568829e-09,9.46758088593569e-10,0.35,0.65,0.0756406364898808,0.10167169222417452,0.09040785276096863,0.07044959986559993,2.35,0,68,24,0.0012018720008200034,ok,0.28220392399816774,9,False,
nan,nan,nan,0.0,nan,1.0,0.683683019989985,0.0,1.0,4.43667064122993,0.8307288760755136,1.9270478387281993,0.3907116104868914,0.41756134969325154,2.0,1e-13,1.6152867932106574e-10,1.2408656496687493e-09,2.9870171442790605,0.44162616216324724,1.658233229002459,0.6092883895131086,0.31497418244406195,1.0,0.3162089929306391,0.06832449483466793,0.5899787534433887,4.43667064122993,0.6049697599889898,1.7486431793642678,circle,nan,nan,26.705340062710157,102.00217548353204,36.48140233577123,163.35496433911965,32.74089544704301,26.705340062710157,102.00217548353204,36.48140233577123,163.35496433911965,32.74089544704301,147.9352039468082,147.9352039468082,1008,0.09172662696102796,0.0,0.08,0.039654834935943975,0.04511000552179669,0.042367789994480924,0.028779176396972368,0.6974931388458111,0.10035443946829442,0.10035443946829442,0.10035443946829442,0.07204091240430399,0,0.5445519640579365,354,False,9.441030331861699,0.29846519300345337,interior_core,-0.09614450853626304,0.44520198213476636,27.046208769311562,45,0.0,0.2905480524121287,9.41061587378764,0.03937543016532466,0.16105600531187944,0,99,260,6675,0,0,0,0,359,359,99,6675,458,0.3550561797752809,ccpfm,4.43667064122993,0.8307288760755136,1.9270478387281993,0.3907116104868914,0.41756134969325154,2.9870171442790605,0.44162616216324724,1.658233229002459,0.6092883895131086,0.31497418244406195,4.43667064122993,0.6049697599889898,1.7486431793642678,1.0,0.3550561797752809,1.0,6.199485369506874e-13,9.84275771998e-09,7.3842105763333166e-09,6.6444520996356005e-09,8.904519788188736e-09,5.67113556115828e-09,6.621985307320166e-09,0.35,0.65,0.036628233263023904,0.04560156003806655,0.04137152083050185,0.027302049707913365,2.35,0,68,24,0.0037721110129496083,ok,0.6874551310029346,8,False,
,,,,,,0.2653515700076241,,,,,,,,2.0,,0.0,0.0,,,,,,,,,0.0,,,,circle,,,,,,,,,,,,,,,1009,0.2553553644012996,0.0,0.1,0.09542746918535065,0.10271008590873977,0.10393278428169665,0.10776413222403368,1.0,0.34784229842391323,0.34784229842391323,0.34784229842391323,0.3276431324252712,,0.47747578521433565,148,False,96.87824279843106,0.025870125814325528,interior_core,-0.019849691116932883,-0.5223264789588947,194.69592555630112,23,,0.31211746740200763,101.20192233047543,0.04859519341971738,0.013405918731559514,,79,149,0,,,,,223,223,74,,302,0.0,wls,,,,,,,,,,,,,,,,,6.23945339839338e-14,3.863576125695545e-14,3.3084646133829665e-14,5.384581669432009e-14,1.9984014443252818e-14,2.4646951146678475e-14,4.707345624410664e-14,,,0.09337753972209513,0.10329186000478857,0.10866594648153982,0.11875116864690738,,,,,0.001766285000485368,ok,0.2671178550081095,9,False,
,,,,,,0.07356708100996912,,,,,,,,2.0,,0.0,0.0,,,,,,,,,0.0,,,,ellipse,,,,,,,,,,,,,,,2000,0.9717544116768759,0.0,0.2,4.553119569520184,1.506421457162107,5.655302154446407,7.1856213128390625,1.0,34.058216052828165,2.3833833025659317,34.058216052828165,34.058216052828165,,0.11000000000000004,38,False,40.40063511879841,0.07245988389447305,near_boundary_interior,0.9624128762162308,0.5117240034366201,47.50852044105791,23,,0.2868307829991377,29.581886643378358,0.08279826313992898,0.05621434861305516,,38,12,0,,,,,45,45,33,,83,0.0,wls,,,,,,,,,,,,,,,,,1.6431300764452317e-14,5.773159728050814e-15,7.549516567451064e-15,1.429412144204889e-14,1.083855227790309e-14,2.886579864025407e-15,9.381384558082573e-15,,,6.163734970519122,1.5530023925512118,8.370988510994955,9.730245554423046,,,,,0.0003804439911618829,ok,0.073947525001131,0,True,linf_large
nan,nan,nan,0.0,nan,1.0,0.10217817900411319,0.0,1.0,6.462739084884396,0.728868904748806,2.418954962470142,0.8361990950226245,0.38852813852813856,2.0,1e-13,3.2419622542079196e-12,1.4371758201120876e-11,1.3693704486267784,0.1392991471831397,0.8292982445022817,0.16380090497737557,0.06077348066298342,1.0,0.3189064602847478,0.045687257925568686,0.5642785898718388,6.462739084884396,0.5530617720088246,2.2595810408701196,ellipse,nan,nan,4.181914136332736,18.202216365565892,6.810624784062386,26.927327194004597,4.576697893936247,4.181914136332736,18.202216365565892,6.810624784062386,26.927327194004597,4.576697893936247,21.58139216257771,21.58139216257771,2000,0.5742755195005232,0.0,0.2,0.16978581101737478,0.2180860219204926,0.21088619531732986,0.20598640356048933,0.789725376823849,0.3981243553864885,0.383539760372948,0.3981243553864885,0.3981243553864885,0,0.30968834832338354,66,False,10.298929396635767,0.2552338582204152,near_boundary_interior,-0.2541406789455527,0.3051703769719018,28.45029913694581,50,0.0,0.2868307829991377,11.077208419488015,0.08279826313992898,0.17172078835659493,0,38,12,1105,0,0,0,0,45,45,33,1105,83,0.334841628959276,ccpfm,6.462739084884396,0.728868904748806,2.418954962470142,0.8361990950226245,0.38852813852813856,1.3693704486267784,0.1392991471831397,0.8292982445022817,0.16380090497737557,0.06077348066298342,6.462739084884396,0.5530617720088246,2.2595810408701196,1.0,0.334841628959276,1.0,8.526512829121202e-14,3.9353098557626254e-10,3.08468806053952e-10,2.315556635323901e-10,1.3470247139935054e-10,2.574296331658843e-10,2.2742469019121359e-10,0.35,0.65,0.1345699783603065,0.22062204242136185,0.18275992529965818,0.1668754331351156,2.35,0,68,24,0.0003042720054509118,ok,0.1024824510095641,0,False,
nan,nan,nan,0.0,nan,1.0,0.47513054599403404,0.0,1.0,4.8333857822839255,0.7983793826925903,1.8174261299807626,0.4694824785333024,0.3944636678200692,2.0,1e-13,4.967713046477584e-11,3.148666578282179e-10,3.10333247294978,0.39608889678042325,1.645303166240069,0.5305175214666976,0.2996500437445319,1.0,0.32072141214686484,0.060855263223616465,0.583705851403287,4.8333857822839255,0.6005232109113691,1.7090592754022231,circle,nan,nan,16.736636229674378,66.73778493765872,22.982815309028137,95.1227725666559,20.02745751892946,16.736636229674378,66.73778493765872,22.982815309028137,95.1227725666559,20.02745751892946,89.00599490598513,89.00599490598513,1009,0.10698668236742406,0.0,0.1,0.05116603699376407,0.06030813551611115,0.05572639336262045,0.037400290691966674,0.670574886000492,0.13138571281761058,0.13138571281761058,0.13138571281761058,0.10362816339431934,0,0.40519097002827315,219,False,9.09687330829657,0.30246713102498257,interior_core,0.42553567885411875,0.41606465993579195,26.379998959377094,45,0.0,0.31211746740200763,9.383101965229791,0.04859519341971738,0.16197452607855733,0,79,149,4309,0,0,0,0,223,223,74,4309,302,0.34416337897424,ccpfm,4.8333857822839255,0.7983793826925903,1.8174261299807626,0.4694824785333024,0.3944636678200692,3.10333247294978,0.39608889678042325,1.645303166240069,0.5305175214666976,0.2996500437445319,4.8333857822839255,0.6005232109113691,1.7090592754022231,1.0,0.34416337897424,1.0,4.938272013532696e-13,4.016720733801549e-09,3.7530323293566425e-09,3.0626914337972266e-09,3.528780934125564e-09,2.57828935978921e-09,2.3611939070633525e-09,0.35,0.65,0.04622332014613899,0.059764720881130294,0.053791316928549306,0.03908589481055489,2.35,0,68,24,0.0020349749975139275,ok,0.47716552099154796,9,False,
,,,,,,0.1422215100028552,,,,,,,,2.0,,0.0,0.0,,,,,,,,,0.0,,,,ellipse,,,,,,,,,,,,,,,2000,0.9225903858941341,0.0,0.16,0.9411758884642677,0.43900940366175234,1.1148919644725994,1.513296937893391,1.0,6.990394316718012,1.0167066793253143,6.990394316718012,6.990394316718012,,0.08800000000000001,60,False,59.15330333685776,0.048861513177698504,near_boundary_interior,-0.9818377232591295,-0.5220523778179051,80.77595884610007,23,,0.27527440327534125,42.52329213670219,0.06574626142937477,0.03253360776484532,,48,27,0,,,,,71,71,44,,119,0.0,wls,,,,,,,,,,,,,,,,,3.730349362740526e-14,2.7533531010703882e-14,1.2434497875801753e-14,3.064215547965432e-14,2.3647750424515834e-14,8.881784197001252e-15,1.965094753586527e-14,,,1.2197292607205832,0.44341909761814535,1.5790931470688212,1.9756025747622745,,,,,0.0007096990011632442,ok,0.14293120900401846,0,False,
,,,,,,0.36343298200517893,,,,,,,,2.0,,0.0,0.0,,,,,,,,,0.0,,,,circle,,,,,,,,,,,,,,,1009,0.16579701983390224,0.0,0.08,0.04975667722941064,0.05419545753359254,0.05320178981932063,0.04891797483383594,1.0,0.16204983424340103,0.16204983424340103,0.16204983424340103,0.1252104807251475,,0.4245348329912793,303,False,144.58437284242703,0.016605576852972474,interior_core,-0.5565625939389448,-0.14802767989349702,304.57866554439676,23,,0.29775046786219106,154.5004809810655,0.03937153490905913,0.00849180561560653,,99,256,0,,,,,352,352,96,,451,0.0,wls,,,,,,,,,,,,,,,,,1.1723955140041653e-13,6.927791673660977e-14,7.105427357601002e-14,1.1191048088221578e-13,4.1300296516055823e-14,6.306066779870889e-14,9.237055564881302e-14,,,0.04691728338295892,0.05399455083202044,0.05310675883347848,0.05066331353605083,,,,,0.0031667889998061582,ok,0.3665997710049851,9,False,
nan,nan,nan,0.0,nan,1.0,0.17764855099085253,0.0,1.0,4.852407960247132,0.6425785761903694,2.193502072486896,0.7492428831011508,0.38237671786580435,2.0,1e-13,3.636581270491379e-12,1.61703860149502e-11,2.377060528371098,0.22492488212526549,1.4005784411613498,0.25075711689884916,0.20772946859903382,1.0,0.3084183029199725,0.04701169523642192,0.5620751450298851,4.852407960247132,0.5476273656988058,1.937982943222372,ellipse,nan,nan,6.3557728425180615,28.1066838498031,10.292849097273844,41.1879369879729,7.223659996736835,6.3557728425180615,28.1066838498031,10.292849097273844,41.1879369879729,7.223659996736835,34.281386679378826,34.281386679378826,2000,0.3307709032381428,0.0,0.16,0.15213360675183582,0.20864988426482295,0.18021343063793926,0.14646629960505628,0.7387746715805557,0.35189738853106994,0.35189738853106994,0.35189738853106994,0.27494285651453165,0,0.6314052576204725,115,False,8.972132143641401,0.3094718239896243,interior_core,0.07302105202825218,0.11217886548190031,26.741559641746512,47,0.0,0.27527440327534125,9.892136597572089,0.06574626142937477,0.16162463753356077,0,48,27,1651,0,0,0,0,71,71,44,1651,119,0.33858267716535434,ccpfm,4.852407960247132,0.6425785761903694,2.193502072486896,0.7492428831011508,0.38237671786580435,2.377060528371098,0.22492488212526549,1.4005784411613498,0.25075711689884916,0.20772946859903382,4.852407960247132,0.5476273656988058,1.937982943222372,1.0,0.33858267716535434,1.0,1.0658141036401503e-13,3.9718051070281035e-10,3.221056754654228e-10,2.7115909517760883e-10,1.7135725477457342e-10,1.436313290525959e-10,1.8535095680505265e-10,0.35,0.65,0.12414054764030732,0.20468649107266054,0.16071557382854854,0.12637310224252432,2.35,0,68,24,0.0004399370081955567,ok,0.17808848799904808,0,False,
,,,,,,0.17770388499775436,,,,,,,,2.0,,0.0,0.0,,,,,,,,,0.0,,,,ellipse,,,,,,,,,,,,,,,2000,0.28271668355681856,0.0,0.12,0.19370005697801995,0.23074997846732914,0.21873582789683552,0.19507332468139518,1.0,0.6149436970714808,0.566371877437992,0.6149436970714808,0.6149436970714808,,0.06600000000000006,67,False,104.36251174559442,0.025943283471906775,near_boundary_interior,0.575557875178881,0.765189585430897,160.18528093648894,23,,0.2468877081223122,73.95525979665952,0.05752248337873451,0.01655746092906774,,64,70,0,,,,,131,131,61,,195,0.0,wls,,,,,,,,,,,,,,,,,5.417888360170764e-14,2.3092638912203256e-14,2.5091040356528538e-14,4.04121180963557e-14,2.6423307986078726e-14,1.4876988529977098e-14,4.596323321948148e-14,,,0.1876126789790037,0.230255887679447,0.2288989722841233,0.22733187660601067,,,,,0.0007240550039568916,ok,0.17842794000171125,0,False,
nan,nan,nan,0.0,nan,1.0,0.29985443901387043,0.0,1.0,4.452049007738489,0.6352521210285829,2.0092132522567017,0.6050328227571116,0.3628691983122363,2.0,1e-13,7.073709673566242e-12,4.198229514395258e-11,2.4280657316583016,0.3444630266957397,1.550029392585076,0.3949671772428884,0.2594644506001847,1.0,0.2815588255589402,0.052597160950976204,0.5713693824141859,4.452049007738489,0.5148243050270727,1.811990070294219,ellipse,nan,nan,11.916746625633124,47.332798813048704,16.833880633782076,76.42304453267302,14.099480236750248,11.916746625633124,47.332798813048704,16.833880633782076,76.42304453267302,14.099480236750248,61.7147326775162,61.7147326775162,2000,0.25542889920248724,0.0,0.12,0.08655484117641842,0.10505361648815119,0.09774207162650121,0.08285501460486665,0.716448411602963,0.21393819322176894,0.21393819322176894,0.21393819322176894,0.19737705729131982,0,0.39702599943855843,135,False,9.360989323423423,0.2927196190764619,interior_core,0.226499561951325,-0.22023096628331928,26.925351415243657,45,0.0,0.2468877081223122,9.589642257601342,0.05752248337873451,0.165369917072512,0,64,70,2742,0,0,0,0,131,131,61,2742,195,0.32202771699489424,ccpfm,4.452049007738489,0.6352521210285829,2.0092132522567017,0.6050328227571116,0.3628691983122363,2.4280657316583016,0.3444630266957397,1.550029392585076,0.3949671772428884,0.2594644506001847,4.452049007738489,0.5148243050270727,1.811990070294219,1.0,0.32202771699489424,1.0,3.765876499528531e-13,7.037730398451458e-10,5.006643988281212e-10,5.303739669670904e-10,5.997522478651263e-10,7.041682792419124e-10,7.519365130548294e-10,0.35,0.65,0.07624210228617663,0.10698571099456787,0.0930200397598923,0.07380650115831358,2.35,0,68,24,0.0008340549975400791,ok,0.3006884940114105,0,False,
,,,,,,0.21254994500486646,,,,,,,,2.0,,0.0,0.0,,,,,,,,,0.0,,,,ellipse,,,,,,,,,,,,,,,2000,0.22981191638120357,0.0,0.1,0.09639806368350869,0.11083022448722173,0.10674015647814104,0.09574767653936729,1.0,0.3616164530050565,0.3616164530050565,0.3616164530050565,0.30073957761327796,,0.6738369120837606,242,False,89.05941259528824,0.02843729996594147,interior_core,-0.05178532767712751,-0.05546301622656488,192.94219808980372,23,,0.2572164526195495,99.96488190135254,0.048552045903792945,0.013162522658826895,,76,108,0,,,,,180,180,72,,256,0.0,wls,,,,,,,,,,,,,,,,,8.237854842718662e-14,2.9753977059954195e-14,2.0095036745715333e-14,5.084821452783217e-14,2.1316282072803006e-14,1.2878587085651816e-14,4.6407322429331543e-14,,,0.09204193344706442,0.1113622447933635,0.10976641064967871,0.10732817858865969,,,,,0.0014762630016775802,ok,0.21402620800654404,0,False,
nan,nan,nan,0.0,nan,1.0,0.749121594009921,0.0,1.0,4.742838474332379,0.8190472072264909,1.9219253984110904,0.39963503649635035,0.4170471841704718,2.0,1e-13,1.5675660769431943e-10,1.1886310500516043e-09,2.9188304593629666,0.42411248565168536,1.6714859898793286,0.6003649635036497,0.310790273556231,1.0,0.3138714005238193,0.06690264300227783,0.5914139013230909,4.742838474332379,0.6126872374472043,1.7535237604392908,circle,nan,nan,26.055663360908603,102.00217548353204,35.47409052600847,156.22548604919774,31.88364781728883,26.055663360908603,102.00217548353204,35.47409052600847,156.22548604919774,31.88364781728883,141.679547330321,141.679547330321,1009,0.10099500825336066,0.0,0.08,0.03557470569390248,0.04022518181494736,0.03803786990206152,0.02729731990652178,0.6990244123504232,0.10598267157798724,0.10598267157798724,0.10598267157798724,0.0777787879373737,0,0.3717890500705984,348,False,9.335168820890004,0.29049370137663066,interior_core,0.4657194190989529,0.42239337024391044,26.705695251541265,45,0.0,0.29775046786219106,9.355923628183653,0.03937153490905913,0.1618050092449546,0,99,256,6576,0,0,0,0,352,352,96,6576,451,0.35325425790754256,ccpfm,4.742838474332379,0.8190472072264909,1.9219253984110904,0.39963503649635035,0.4170471841704718,2.9188304593629666,0.42411248565168536,1.6714859898793286,0.6003649635036497,0.310790273556231,4.742838474332379,0.6126872374472043,1.7535237604392908,1.0,0.35325425790754256,1.0,7.815970093361102e-13,1.0036590225581676e-08,8.136377793732663e-09,6.684917508437138e-09,8.918169314142688e-09,5.261353575036765e-09,5.630807820011796e-09,0.35,0.65,0.0326721055318586,0.0402806744778193,0.0369823123581062,0.026231938610362823,2.35,0,68,24,0.0037820139987161383,ok,0.7529036080086371,9,False,
,,,,,,0.08236217699595727,,,,,,,,2.0,,0.0,0.0,,,,,,,,,0.0,,,,ellipse,,,,,,,,,,,,,,,2001,0.9710080444599075,0.0,0.2,11.470790209540384,3.688345248054794,14.377216649410622,18.940581598591926,1.0,98.98378162215515,9.357413085819704,98.98378162215515,98.98378162215515,,0.11000000000000004,38,False,36.50401822475459,0.08190727307383337,near_boundary_interior,0.9624128762162308,0.5117240034366201,47.68426659295386,23,,0.2960080502124649,29.735565137757437,0.08279826313992898,0.056229900937867866,,38,14,0,,,,,45,45,31,,83,0.0,wls,,,,,,,,,,,,,,,,,1.9539925233402755e-14,9.769962616701378e-15,1.0436096431476471e-14,2.398081733190338e-14,1.1879386363489175e-14,2.886579864025407e-15,7.993605777301127e-15,,,15.731080836247717,3.936849485294751,21.36443204901002,25.604164278728984,,,,,0.0003424699971219525,ok,0.08270464699307922,1,True,linf_large
nan,nan,nan,0.0,nan,1.0,0.08594063100463245,0.0,1.0,5.541095907772512,0.7447933016839761,2.3188835125014364,0.8324324324324325,0.4101731601731602,2.0,1e-13,2.819577904489279e-12,1.3268621002825885e-11,1.6458559370801984,0.1335518740960972,0.8650081939199934,0.16756756756756758,0.06989247311827956,1.0,0.2298537560552374,0.04685008974420611,0.5595346200806214,5.541095907772512,0.5442279173683895,2.124723760064413,ellipse,nan,nan,4.164189459460994,17.41934715875008,7.712873804883964,30.694079963400952,4.593907899491983,4.164189459460994,17.41934715875008,7.712873804883964,30.694079963400952,4.593907899491983,21.23471774405757,21.23471774405757,2001,0.5289083706779563,0.0,0.2,0.12407823479089677,0.16082285756153775,0.15551671946554058,0.15120786665146577,0.7929140446915258,0.346558657215129,0.333831038825404,0.346558657215129,0.346558657215129,0,0.23144320423193282,80,False,13.700025463170794,0.20378073179098877,near_boundary_interior,-0.4031385062410357,0.30194535371198855,27.08608558176516,50,0.0,0.2960080502124649,11.287854273656466,0.08279826313992898,0.16027387550497937,0,38,14,1110,0,0,0,0,45,45,31,1110,83,0.35315315315315315,ccpfm,5.541095907772512,0.7447933016839761,2.3188835125014364,0.8324324324324325,0.4101731601731602,1.6458559370801984,0.1335518740960972,0.8650081939199934,0.16756756756756758,0.06989247311827956,5.541095907772512,0.5442279173683895,2.124723760064413,1.0,0.35315315315315315,1.0,6.394884621840902e-14,2.6594859647843805e-10,1.8698864678867722e-10,1.3965140155391964e-10,1.502116209195492e-10,1.8496493225939048e-10,2.0411761170180398e-10,0.35,0.65,0.10743215877328546,0.15553873310770464,0.145903964252833,0.1413376579680436,2.35,0,68,24,0.0002874199999496341,ok,0.08622805100458208,1,False,
nan,nan,nan,0.0,nan,1.0,0.43800416600424796,0.0,1.0,5.018805922533569,0.6702493789541561,2.0297602628692557,0.5424747336793226,0.3544813695871098,2.0,1e-13,1.4976769824315284e-11,1.1301106700149399e-10,3.0122886720208166,0.35175644486269336,1.6334276535271943,0.4575252663206774,0.2782089552238806,1.0,0.30543846809562253,0.053072859119615325,0.5773615850964989,5.018805922533569,0.5240489210150923,1.782512724587402,ellipse,nan,nan,16.12589934490226,64.03040129318389,22.717118259466616,99.27999783673899,19.15669748594356,16.12589934490226,64.03040129318389,22.717118259466616,99.27999783673899,19.15669748594356,82.45599823313032,82.45599823313032,2000,0.23001375971213245,0.0,0.1,0.06652157112380991,0.0764707738570051,0.07365835619104848,0.06610176680711662,0.7191152898296503,0.1752094154907592,0.17383132506902754,0.1752094154907592,0.1752094154907592,0,0.18211373763022584,191,False,10.409681519762753,0.2479147077151379,near_boundary_interior,0.4193370407703049,-0.35125915788749695,27.281199829899503,46,0.0,0.2572164526195495,9.44292270707492,0.048552045903792945,0.16366142647268403,0,76,108,3661,0,0,0,0,180,180,72,3661,256,0.3195848128926523,ccpfm,5.018805922533569,0.6702493789541561,2.0297602628692557,0.5424747336793226,0.3544813695871098,3.0122886720208166,0.35175644486269336,1.6334276535271943,0.4575252663206774,0.2782089552238806,5.018805922533569,0.5240489210150923,1.782512724587402,1.0,0.3195848128926523,1.0,3.375077994860476e-13,1.7209353941893824e-09,1.6384942291836069e-09,1.3865300019233473e-09,1.5797940733364157e-09,1.3431824541498827e-09,1.434868224237107e-09,0.35,0.65,0.05803021375933597,0.0741726646725986,0.06920506811451672,0.06099981438403409,2.35,0,68,24,0.0012213279987918213,ok,0.4392254940030398,0,False,
,,,,,,0.31890707300044596,,,,,,,,2.0,,0.0,0.0,,,,,,,,,0.0,,,,ellipse,,,,,,,,,,,,,,,2000,0.13773390280331385,0.0,0.08,0.05534347720584011,0.06375086976557824,0.059806988838413594,0.04520177705328071,1.0,0.22341931995322126,0.22341931995322126,0.22341931995322126,0.1530443484151624,,0.37758585902676445,397,False,163.5892355518861,0.01557817574164088,interior_core,-0.516783017525989,0.0190263487640635,305.9621845113625,23,,0.25686759701724327,162.57051289952133,0.0388899013534311,0.008501655054759624,,95,205,0,,,,,303,303,98,,398,0.0,wls,,,,,,,,,,,,,,,,,1.2789769243681803e-13,6.039613253960852e-14,4.263256414560601e-14,7.815970093361102e-14,3.907985046680551e-14,2.55351295663786e-14,8.526512829121202e-14,,,0.05304084660415441,0.06492484906565407,0.06078979364832517,0.05106843299972268,,,,,0.0019503429939504713,ok,0.32085741599439643,0,False,
,,,,,,0.11725244799163193,,,,,,,,2.0,,0.0,0.0,,,,,,,,,0.0,,,,ellipse,,,,,,,,,,,,,,,2001,0.9359311383455361,0.0,0.16,1.3005870088280818,0.5524284535474793,1.53832019572597,2.097981928245358,1.0,10.74838177736791,1.339354877075409,10.74838177736791,10.74838177736791,,0.08800000000000001,60,False,64.16689171689548,0.044971472725145525,near_boundary_interior,-0.9818377232591295,-0.5220523778179051,81.87035320348862,23,,0.2769576910243007,45.313427661270794,0.06575695391227754,0.0322473810952602,,48,27,0,,,,,72,72,45,,120,0.0,wls,,,,,,,,,,,,,,,,,2.2648549702353193e-14,8.881784197001252e-15,9.103828801926284e-15,1.1324274851176597e-14,8.645861804268407e-15,6.8833827526759706e-15,1.3378187446733136e-14,,,1.7710199310580628,0.55982205741548,2.286376899596428,2.859368895688652,,,,,0.000474596003186889,ok,0.11772704399481881,1,True,linf_large
,,,,,,0.1460134919907432,,,,,,,,2.0,,0.0,0.0,,,,,,,,,0.0,,,,ellipse,,,,,,,,,,,,,,,2001,0.41297504947884844,0.0,0.12,0.15532673657744864,0.16959444976023963,0.17561065051930635,0.18538178566336183,1.0,0.5722338476753035,0.4042736723688498,0.5722338476753035,0.5722338476753035,,0.06600000000000004,92,False,119.28554855476311,0.023041566211958513,near_boundary_interior,0.8586798528935888,-0.10033277096236393,139.40971489098138,23,,0.27077182278618367,77.04012134753447,0.05750590804894778,0.018228061206144754,,64,71,0,,,,,134,134,63,,198,0.0,wls,,,,,,,,,,,,,,,,,4.618527782440651e-14,3.241851231905457e-14,1.7985612998927536e-14,3.730349362740526e-14,2.0872192862952943e-14,1.4654943925052066e-14,2.842170943040401e-14,,,0.15514810936508505,0.16862710184256463,0.1885934840091081,0.20881955578956574,,,,,0.0009050670050783083,ok,0.1469185589958215,1,False,
nan,nan,nan,0.0,nan,1.0,0.17534739700204227,0.0,1.0,4.500415004281158,0.6514904948783279,2.1092207075814926,0.7389486260454002,0.3581244947453517,2.0,1e-13,3.392286451742166e-12,1.572954850720023e-11,2.3139373756033024,0.23790403090791132,1.4412857490203121,0.26105137395459976,0.21967963386727687,1.0,0.2739193158794558,0.045019822519818065,0.5607595504948971,4.500415004281158,0.5236208984495009,1.9354141898527613,ellipse,nan,nan,6.545603371246591,26.672782376186156,10.39618913600146,46.45262978492426,7.422661587745424,6.545603371246591,26.672782376186156,10.39618913600146,46.45262978492426,7.422661587745424,34.68765422564758,34.68765422564758,2001,0.5581786774401799,0.0,0.16,0.08424403233502593,0.09396705278270309,0.0996429269481443,0.10494606286958004,0.7281733871973683,0.2520541621633588,0.2082674544256698,0.2520541621633588,0.2520541621633588,0,0.26798680768550037,104,False,10.16613533698031,0.25155583579899043,near_boundary_interior,0.37002586919899416,-0.2820174711070078,26.312982879992386,47,0.0,0.2769576910243007,10.014258478206647,0.06575695391227754,0.16097556501339336,0,48,27,1674,0,0,0,0,72,72,45,1674,120,0.32198327359617684,ccpfm,4.500415004281158,0.6514904948783279,2.1092207075814926,0.7389486260454002,0.3581244947453517,2.3139373756033024,0.23790403090791132,1.4412857490203121,0.26105137395459976,0.21967963386727687,4.500415004281158,0.5236208984495009,1.9354141898527613,1.0,0.32198327359617684,1.0,1.5920598173124745e-13,3.6700331662586905e-10,3.330975495430266e-10,2.8937074958435005e-10,1.693056805862625e-10,1.485811473855847e-10,2.1834400953935074e-10,0.35,0.65,0.07455338376756282,0.09372983649310838,0.09624800457839373,0.09772776507779711,2.35,0,68,24,0.00038285400660242885,ok,0.1757302510086447,1,False,
nan,nan,nan,0.0,nan,1.0,0.2811615589889698,0.0,1.0,5.079086662118616,0.6853920460129075,2.0159718934979565,0.5963855421686747,0.3689839572192513,2.0,1e-13,9.187810234845273e-12,4.617110296949793e-11,2.576898697119136,0.3185640694698983,1.6313244727365719,0.4036144578313253,0.266900790166813,1.0,0.2883514494433255,0.051864265060077366,0.5714810828852248,5.079086662118616,0.5184228646563418,1.8207640163335137,ellipse,nan,nan,12.057631690667055,48.82454315426259,17.745279990050612,81.8335505476919,14.21675125753523,12.057631690667055,48.82454315426259,17.745279990050612,81.8335505476919,14.21675125753523,62.48851678608725,62.48851678608725,2001,0.27298925258943907,0.0,0.12,0.08329518297645724,0.10121093552491389,0.09417259120954216,0.08082609513222404,0.7250929155063025,0.21087119061280135,0.21087119061280135,0.21087119061280135,0.193590024035037,0,0.40518005610751184,162,False,8.478151624801374,0.3083582087303556,interior_core,-0.3271766660047031,0.14285142858011438,27.956557573099683,46,0.0,0.27077182278618367,9.545955326070342,0.05750590804894778,0.15496928146336214,0,64,71,2822,0,0,0,0,134,134,63,2822,198,0.32778171509567683,ccpfm,5.079086662118616,0.6853920460129075,2.0159718934979565,0.5963855421686747,0.3689839572192513,2.576898697119136,0.3185640694698983,1.6313244727365719,0.4036144578313253,0.266900790166813,5.079086662118616,0.5184228646563418,1.8207640163335137,1.0,0.32778171509567683,1.0,2.3092638912203256e-13,1.15484777296615e-09,8.91851925644005e-10,9.621246022106789e-10,9.773163944792884e-10,8.446803256845214e-10,8.856857469652368e-10,0.35,0.65,0.07396573683340797,0.10211261576444415,0.08991057682751528,0.07377875091290641,2.35,0,68,24,0.00097347900737077,ok,0.28213503799634054,1,False,
,,,,,,0.23132670699851587,,,,,,,,2.0,,0.0,0.0,,,,,,,,,0.0,,,,ellipse,,,,,,,,,,,,,,,2001,0.25511043102391706,0.0,0.1,0.10322821865567823,0.11697420482775797,0.11404679556991862,0.10661292448658773,1.0,0.330493949937507,0.330493949937507,0.330493949937507,0.30453556779374014,,0.47013041293411767,261,False,95.69968201227384,0.026086623303164812,interior_core,-0.552904040154572,-0.16561037591745084,205.8393944200181,23,,0.27090913172579456,103.19388379385427,0.048219632379478766,0.01267468150369469,,76,117,0,,,,,190,190,73,,266,0.0,wls,,,,,,,,,,,,,,,,,7.105427357601002e-14,4.085620730620576e-14,2.930988785010413e-14,5.684341886080802e-14,4.0190073491430667e-14,1.0658141036401503e-14,3.8191672047105385e-14,,,0.09816574495334902,0.11667477598938006,0.11615127582228425,0.11530728416637887,,,,,0.0014695560093969107,ok,0.23279626300791278,1,False,
nan,nan,nan,0.0,nan,1.0,0.6603256139933364,0.0,1.0,6.439312706091269,0.6872965256000785,2.0336646114426538,0.4362532523850824,0.3709741550695825,2.0,1e-13,1.201045929377642e-10,8.544640668497456e-10,2.85523478218934,0.4038176480388085,1.6674718317677746,0.5637467476149176,0.30246153846153845,1.0,0.31489894123025547,0.059032343244131896,0.58837847357972,6.439312706091269,0.5379149859931441,1.8011474450293012,ellipse,nan,nan,26.818973369899723,115.65885343396579,36.5626239674874,162.21574691035704,32.68540113917685,26.818973369899723,115.65885343396579,36.5626239674874,162.21574691035704,32.68540113917685,147.35940874207208,147.35940874207208,2000,0.13821813496828456,0.0,0.08,0.03947653356139065,0.045460761098301376,0.04266035893090232,0.03229908090717677,0.7213979830601674,0.09181587717132975,0.08917268001747819,0.09181587717132975,0.09181587717132975,0,0.04399999999999998,141,False,22.192324349320568,0.20055182359544813,near_boundary_interior,1.0648089663999387,0.3770712810540478,27.34519122859009,45,0.0,0.25686759701724327,9.469218277770393,0.0388899013534311,0.15539347137011789,0,95,205,5765,0,0,0,0,303,303,98,5765,398,0.3323503902862099,ccpfm,6.439312706091269,0.6872965256000785,2.0336646114426538,0.4362532523850824,0.3709741550695825,2.85523478218934,0.4038176480388085,1.6674718317677746,0.5637467476149176,0.30246153846153845,6.439312706091269,0.5379149859931441,1.8011474450293012,1.0,0.3323503902862099,1.0,5.826450433232822e-13,6.519250028702572e-09,4.854303181645037e-09,4.884845417052475e-09,6.463255264321788e-09,3.4670768478406444e-09,5.035023287192075e-09,0.35,0.65,0.03603601810954662,0.0452405857527814,0.041300662508940184,0.03150396451032047,2.35,0,68,24,0.003280072007328272,ok,0.6636056860006647,0,False,
,,,,,,0.07308538199868053,,,,,,,,2.0,,0.0,0.0,,,,,,,,,0.0,,,,ellipse,,,,,,,,,,,,,,,2002,0.9654374850173119,0.0,0.2,7.662665498193608,3.017878091098508,9.530106121029377,11.567198735044789,1.0,55.63761722866395,7.433181622246372,55.63761722866395,55.63761722866395,,0.11000000000000004,38,False,37.14595172337216,0.0800292173038714,near_boundary_interior,0.9624128762162308,0.5117240034366201,47.775254542673316,23,,0.29325795917656855,29.075700903480353,0.08279826313992898,0.05454546034636041,,38,11,0,,,,,45,45,34,,83,0.0,wls,,,,,,,,,,,,,,,,,1.5654144647214707e-14,7.993605777301127e-15,6.8833827526759706e-15,1.4876988529977098e-14,6.356026815979021e-15,4.884981308350689e-15,9.547918011776346e-15,,,10.422020982643604,2.9556727103359526,14.15418059412607,16.196623885881646,,,,,0.00025825299962889403,ok,0.07334363499830943,2,True,linf_large
nan,nan,nan,0.0,nan,1.0,0.09914265001134481,0.0,1.0,5.323091517163557,0.7571148280215514,2.4301285251024254,0.8396143733567046,0.3903966597077244,2.0,1e-13,2.836612889023371e-12,1.3367195571128086e-11,2.0264644697404024,0.11063127519344193,0.7759275416004651,0.16038562664329536,0.03825136612021858,1.0,0.2267074556745638,0.04680821229747521,0.5536261605937499,5.323091517163557,0.5563451855004483,2.2068152307995885,ellipse,nan,nan,4.045747330395418,17.419347158749673,7.506556793304454,31.67063188805087,4.499999641717453,4.045747330395418,17.419347158749673,7.506556793304454,31.67063188805087,4.499999641717453,21.04338492700707,21.04338492700707,2002,0.6624693303581369,0.0,0.2,0.14649463799987153,0.18030073854792783,0.18219631884357684,0.18318540481160023,0.7956065099082598,0.374694648890643,0.3403757687392447,0.374694648890643,0.374694648890643,0,0.32714042281999384,69,False,9.925189612433787,0.2509444507666146,near_boundary_interior,0.4135762402590055,-0.18244207562593795,27.174592610901957,51,0.0,0.29325795917656855,11.136525063965731,0.08279826313992898,0.17262856502081106,0,38,11,1141,0,0,0,0,45,45,34,1141,83,0.3339176161262051,ccpfm,5.323091517163557,0.7571148280215514,2.4301285251024254,0.8396143733567046,0.3903966597077244,2.0264644697404024,0.11063127519344193,0.7759275416004651,0.16038562664329536,0.03825136612021858,5.323091517163557,0.5563451855004483,2.2068152307995885,1.0,0.3339176161262051,1.0,7.016609515630989e-14,2.842224233745583e-10,1.970761331904214e-10,1.702611385212549e-10,1.7864176804494036e-10,1.898803336786159e-10,2.1131230099058484e-10,0.35,0.65,0.12195415909506369,0.1746844756967117,0.16562634012261057,0.1625877571058975,2.35,0,68,24,0.00046952399134170264,ok,0.09961217400268652,2,False,
nan,nan,nan,0.0,nan,1.0,0.40179901699593756,0.0,1.0,5.321459420025825,0.6528406717211079,2.0378487079096086,0.5200744482850306,0.36349693251533743,2.0,1e-13,1.664113291610647e-11,1.1537722979442694e-10,2.5343838932596587,0.36173797150217996,1.6300422839290671,0.4799255517149694,0.29085872576177285,1.0,0.29060396176687525,0.054818325841925516,0.5756681683631858,5.321459420025825,0.5146922208337315,1.780576451986265,ellipse,nan,nan,16.924726194484755,66.67127576142016,24.205320223186774,104.97979038141966,20.49340897691249,16.924726194484755,66.67127576142016,24.205320223186774,104.97979038141966,20.49340897691249,91.37914498841889,91.37914498841889,2001,0.22051255236924647,0.0,0.1,0.0493984311116947,0.057261595030458474,0.0545755109197582,0.047432621662363665,0.7234789936270127,0.1351673451783899,0.1351673451783899,0.1351673451783899,0.1180697015934962,0,0.2003052147799417,148,False,9.202069418427618,0.29937600323924085,interior_core,0.37580041202877584,-0.35911117380390256,26.750123338483718,46,0.0,0.27090913172579456,9.417276823232882,0.048219632379478766,0.15432742464716906,0,76,117,3761,0,0,0,0,190,190,73,3761,266,0.32863600106354696,ccpfm,5.321459420025825,0.6528406717211079,2.0378487079096086,0.5200744482850306,0.36349693251533743,2.5343838932596587,0.36173797150217996,1.6300422839290671,0.4799255517149694,0.29085872576177285,5.321459420025825,0.5146922208337315,1.780576451986265,1.0,0.32863600106354696,1.0,3.979039320256561e-13,1.9762529390732197e-09,1.4803127612594835e-09,1.5070220626967057e-09,1.9733383815889738e-09,1.1310501424333097e-09,1.6337171615532498e-09,0.35,0.65,0.045708369965098,0.057689734780234925,0.05408287269379081,0.04773693742146578,2.35,0,68,24,0.0021487490012077615,ok,0.4039477659971453,1,False,
,,,,,,0.09889585099881515,,,,,,,,2.0,,0.0,0.0,,,,,,,,,0.0,,,,ellipse,,,,,,,,,,,,,,,2002,0.7522295465693226,0.0,0.16,0.6767349354047717,0.5526477992576777,0.8035158919594219,1.0098614885370618,1.0,4.297087245643828,1.4589647017031036,4.297087245643828,4.297087245643828,,0.08800000000000004,48,False,66.62130895393199,0.04277840007629733,near_boundary_interior,0.9818377232591271,0.5220523778179099,75.36840653832739,23,,0.2743503407232711,44.07361767928662,0.06576764639518032,0.03472293701063025,,48,30,0,,,,,73,73,43,,121,0.0,wls,,,,,,,,,,,,,,,,,2.6201263381153694e-14,1.3322676295501878e-14,1.3988810110276972e-14,1.8207657603852567e-14,1.8235413179468196e-14,6.8833827526759706e-15,1.4210854715202004e-14,,,0.8075546039802682,0.5605928698074422,1.0396882900070423,1.2711608508651833,,,,,0.0004517640045378357,ok,0.09934761500335298,2,False,
nan,nan,nan,0.0,nan,1.0,0.1624411929951748,0.0,1.0,4.506255512850248,0.7058397527854461,2.0414573842372974,0.7299355594610427,0.36998394863563405,2.0,1e-13,2.843800715746081e-12,1.470200038933975e-11,2.5130939655919624,0.2590829924187604,1.457553284369631,0.27006444053895723,0.22125813449023862,1.0,0.2754926851673981,0.04824740562571661,0.5616019060095584,4.506255512850248,0.5599205333306344,1.8411400088671306,ellipse,nan,nan,6.429829846940583,26.41112867466068,10.381142653598271,48.63283846995628,7.3362672281381975,6.429829846940583,26.41112867466068,10.381142653598271,48.63283846995628,7.3362672281381975,32.68773179746136,32.68773179746136,2002,0.4686726324102651,0.0,0.16,0.10306821463498197,0.12325681366506919,0.12237723232887014,0.12140248318970354,0.7241094134882893,0.2449979694723268,0.2449979694723268,0.2449979694723268,0.23892733275323208,0,0.40390787515934023,81,False,9.286309049179371,0.29349790087577726,interior_core,0.24682637954261769,-0.19969927441171725,26.951749601349558,47,0.0,0.2743503407232711,9.757330750299055,0.06576764639518032,0.15903709360002677,0,48,30,1707,0,0,0,0,73,73,43,1707,121,0.3298183948447569,ccpfm,4.506255512850248,0.7058397527854461,2.0414573842372974,0.7299355594610427,0.36998394863563405,2.5130939655919624,0.2590829924187604,1.457553284369631,0.27006444053895723,0.22125813449023862,4.506255512850248,0.5599205333306344,1.8411400088671306,1.0,0.3298183948447569,1.0,1.8829382497642655e-13,3.0370950199198887e-10,2.8488744696630874e-10,2.493055761831897e-10,1.4392676807306604e-10,1.433386742633047e-10,1.4369760936716602e-10,0.35,0.65,0.09141231596238461,0.1240944637336113,0.11768902560901917,0.11300530084113981,2.35,0,68,24,0.0005311620043357834,ok,0.16297235499951057,2,False,
,,,,,,0.4215609899983974,,,,,,,,2.0,,0.0,0.0,,,,,,,,,0.0,,,,ellipse,,,,,,,,,,,,,,,2001,0.14177900683961636,0.0,0.08,0.05827414270144058,0.06725522414112138,0.06309273959481054,0.04802278405014929,1.0,0.24212720216040734,0.24212720216040734,0.24212720216040734,0.14321257004075547,,0.6842974438586333,355,False,135.55006637341197,0.01816726649550343,interior_core,0.034397922995623276,0.03544175149816982,317.99543162602737,23,,0.26026390545041655,155.89958116047586,0.03887146597045325,0.008411131890461464,,95,195,0,,,,,291,291,96,,386,0.0,wls,,,,,,,,,,,,,,,,,1.1368683772161603e-13,7.549516567451064e-14,4.440892098500626e-14,8.881784197001252e-14,5.3290705182007514e-14,2.786659791809143e-14,7.105427357601002e-14,,,0.05453295251370696,0.06756178017280418,0.06280672811833649,0.0518217604193033,,,,,0.0021524289913941175,ok,0.42371341898979153,1,False,
,,,,,,0.22291049599880353,,,,,,,,2.0,,0.0,0.0,,,,,,,,,0.0,,,,ellipse,,,,,,,,,,,,,,,2002,0.48478858720788115,0.0,0.12,0.174190816540138,0.17322885791537437,0.19655203441074776,0.23584268352851512,1.0,1.1892564933967746,0.5331120950276267,1.1892564933967746,1.1892564933967746,,0.06600000000000007,64,False,103.37088366506151,0.028083808148665543,near_boundary_interior,1.0012625703020233,0.5323807521991999,129.3137677559072,23,,0.26664573277994313,74.87308102253586,0.05746887743085297,0.020389356713919952,,64,74,0,,,,,134,134,60,,198,0.0,wls,,,,,,,,,,,,,,,,,6.039613253960852e-14,2.7977620220553945e-14,2.90878432451791e-14,5.1514348342607263e-14,1.5210055437364645e-14,1.3322676295501878e-14,2.275957200481571e-14,,,0.19544524649255793,0.1757405729107476,0.23757750010549225,0.2965889344698156,,,,,0.0013215090002631769,ok,0.2242320049990667,2,False,
,,,,,,0.2339952310139779,,,,,,,,2.0,,0.0,0.0,,,,,,,,,0.0,,,,ellipse,,,,,,,,,,,,,,,2002,0.32760222044299303,0.0,0.1,0.08175902164665061,0.08801509091838637,0.09044109004131021,0.09612184727876219,1.0,0.3416547299779221,0.2477180228426792,0.3416547299779221,0.3416547299779221,,0.05499999999999991,76,False,163.07935375117262,0.01699317314142898,near_boundary_interior,1.0109749938234716,0.5375449393898448,193.26727035412708,23,,0.25440240400045455,103.31864846598315,0.04808358724746785,0.013302420713088573,,76,115,0,,,,,188,188,73,,264,0.0,wls,,,,,,,,,,,,,,,,,8.79296635503124e-14,3.9968028886505635e-14,3.652633751016765e-14,8.704148513061227e-14,2.353672812205332e-14,1.3766765505351941e-14,4.884981308350689e-14,,,0.08116699670396677,0.08799187966081694,0.09618392944904378,0.10783408269522453,,,,,0.0012136819859733805,ok,0.23520891299995128,2,False,
nan,nan,nan,0.0,nan,1.0,0.644142502991599,0.0,1.0,6.469771866895739,0.6947785100526561,1.8917163609262047,0.44563470808784145,0.3762019230769231,2.0,1e-13,6.343804648256679e-11,4.435935275727445e-10,2.729350155806052,0.3955506199465482,1.6527487742738962,0.5543652919121586,0.2995169082125604,1.0,0.2836814957266584,0.05765308225635491,0.5800256838145667,6.469771866895739,0.551320270693037,1.7579906075393568,ellipse,nan,nan,26.140029452751072,107.27630814852388,34.63971164648888,153.56990104187537,31.377688152377324,26.140029452751072,107.27630814852388,34.63971164648888,153.56990104187537,31.377688152377324,138.59617073094276,138.59617073094276,2001,0.23388460715976067,0.0,0.08,0.03244069282414467,0.035374293861752816,0.03512316251678466,0.03433653102218994,0.709145561132167,0.09529718085578834,0.09529718085578834,0.09529718085578834,0.09355832365580719,0,0.18848130669034963,143,False,8.868543941936995,0.30733717623623197,interior_core,0.9033869028224635,0.4545264879738991,25.61516912107174,45,0.0,0.26026390545041655,9.479613263938248,0.03887146597045325,0.15864032310113324,0,95,195,5601,0,0,0,0,291,291,96,5601,386,0.33369041242635245,ccpfm,6.469771866895739,0.6947785100526561,1.8917163609262047,0.44563470808784145,0.3762019230769231,2.729350155806052,0.3955506199465482,1.6527487742738962,0.5543652919121586,0.2995169082125604,6.469771866895739,0.551320270693037,1.7579906075393568,1.0,0.33369041242635245,1.0,6.394884621840902e-13,6.883854375416831e-09,5.2719038023951725e-09,4.040606071953334e-09,5.75895509058455e-09,3.686889904486179e-09,3.6504523848179815e-09,0.35,0.65,0.030747442716973928,0.03578035281111956,0.035412465051726474,0.03465317129567798,2.35,0,68,24,0.0029921250097686425,ok,0.6471346280013677,1,False,
nan,nan,nan,0.0,nan,1.0,0.28845535399159417,0.0,1.0,5.28794067900174,0.6662547203853492,1.8796786751936212,0.5928853754940712,0.37212121212121213,2.0,1e-13,8.052227287724811e-12,4.7732730635005636e-11,2.750636331091836,0.3329371232314758,1.5827525617669826,0.40711462450592883,0.28067078552515445,1.0,0.3118222592504713,0.05315181856113392,0.5733071928303076,5.28794067900174,0.5178131603692343,1.762835307380105,ellipse,nan,nan,11.811024958166357,48.950285619454725,17.558650349027346,79.62938303637537,14.316271205988164,11.811024958166357,48.950285619454725,17.558650349027346,79.62938303637537,14.316271205988164,64.43422005835046,64.43422005835046,2002,0.24399353207365299,0.0,0.12,0.08755989944643122,0.10548003359448346,0.09880013602801456,0.08410375191902422,0.7181173426778841,0.2251682085886073,0.2251682085886073,0.2251682085886073,0.1872454933093909,0,0.35704474053843566,146,False,8.853202029778052,0.30046322206689274,interior_core,-0.3351836335928746,0.19822321248117875,25.754320372896718,46,0.0,0.26664573277994313,9.559739937699998,0.05746887743085297,0.1616901077203719,0,64,74,2783,0,0,0,0,134,134,60,2783,198,0.3348904060366511,ccpfm,5.28794067900174,0.6662547203853492,1.8796786751936212,0.5928853754940712,0.37212121212121213,2.750636331091836,0.3329371232314758,1.5827525617669826,0.40711462450592883,0.28067078552515445,5.28794067900174,0.5178131603692343,1.762835307380105,1.0,0.3348904060366511,1.0,1.6697754290362354e-13,8.557297093148009e-10,5.240889944246874e-10,6.66891875056308e-10,8.195172318536947e-10,5.505369493619128e-10,7.977738469833184e-10,0.35,0.65,0.07743875820014706,0.10632222832573573,0.0941322795751145,0.07646697874441358,2.35,0,68,24,0.000973311995039694,ok,0.28942866598663386,2,False,
,,,,,,0.06458959600422531,,,,,,,,2.0,,0.0,0.0,,,,,,,,,0.0,,,,ellipse,,,,,,,,,,,,,,,2003,0.9155761561732486,0.0,0.2,3.60753569037291,2.1276290815506913,4.485081626733621,5.429157173523598,1.0,25.40366169484087,4.545472594122707,25.40366169484087,25.40366169484087,,0.11000000000000004,38,False,38.863627296320146,0.07530259445906398,near_boundary_interior,0.9624128762162308,0.5117240034366201,48.05858494427085,23,,0.277297472107502,30.92955228337849,0.08279826313992898,0.0556445239787273,,38,13,0,,,,,46,46,33,,84,0.0,wls,,,,,,,,,,,,,,,,,1.84297022087776e-14,1.1546319456101628e-14,5.773159728050814e-15,2.0039525594484076e-14,1.6459056340067946e-14,7.993605777301127e-15,1.1185496973098452e-14,,,4.692424786588263,2.155935601427647,6.341004295258146,7.363214617490895,,,,,0.0003979159955633804,ok,0.0649875119997887,3,True,linf_large
nan,nan,nan,0.0,nan,1.0,0.12543842301238328,0.0,1.0,7.1726545928363015,0.7947368643695542,2.3213869005100265,0.8278026905829596,0.39869989165763814,2.0,1e-13,2.7068763897020176e-12,1.2939783266957804e-11,1.6875892979312686,0.14099058598589786,0.8765918025839542,0.17219730941704037,0.0625,1.0,0.22747863672800162,0.04952611398904855,0.5645394089862971,7.1726545928363015,0.6112876673301706,2.127318475273096,ellipse,nan,nan,4.210897403802925,19.34268194319089,7.647767484264914,31.157461476403988,4.683933374394818,4.210897403802925,19.34268194319089,7.647767484264914,31.157461476403988,4.683933374394818,22.206227381052397,22.206227381052397,2003,0.6603077614623888,0.0,0.2,0.1319912488161012,0.15614952608947916,0.16409859132773466,0.16869137577415333,0.7829741592678605,0.3215544156331569,0.2861348275329567,0.3215544156331569,0.3215544156331569,0,0.23952842820922,58,False,13.075421530059412,0.2133005180189099,near_boundary_interior,-0.38866460883045606,0.30238151201712526,27.167813347210235,50,0.0,0.277297472107502,11.221688633507494,0.08279826313992898,0.16633451186667378,0,38,13,1115,0,0,0,0,46,46,33,1115,84,0.34080717488789236,ccpfm,7.1726545928363015,0.7947368643695542,2.3213869005100265,0.8278026905829596,0.39869989165763814,1.6875892979312686,0.14099058598589786,0.8765918025839542,0.17219730941704037,0.0625,7.1726545928363015,0.6112876673301706,2.127318475273096,1.0,0.34080717488789236,1.0,9.414691248821327e-14,3.223052935652504e-10,2.2500135088421302e-10,1.8313706107164762e-10,1.2877982014103395e-10,1.7292300924509618e-10,1.655187098492661e-10,0.35,0.65,0.11239495814157617,0.157758015779165,0.15188243706710045,0.1495044283990712,2.35,0,68,24,0.00033651498961262405,ok,0.1257749380019959,3,False,
,,,,,,0.11290107299282681,,,,,,,,2.0,,0.0,0.0,,,,,,,,,0.0,,,,ellipse,,,,,,,,,,,,,,,2003,0.8925575613160626,0.0,0.16,0.7498658942517431,0.4000404194573833,0.8872054407495387,1.2206341015954145,1.0,4.3564699971248455,0.7068902207730489,4.3564699971248455,4.3564699971248455,,0.08800000000000001,60,False,69.3746329930871,0.04098008719060967,near_boundary_interior,-0.9818377232591295,-0.5220523778179051,81.6150839244016,23,,0.2676236250370729,45.36268379729461,0.06576764639518042,0.03162841355306431,,48,31,0,,,,,75,75,44,,123,0.0,wls,,,,,,,,,,,,,,,,,3.197442310920451e-14,1.021405182655144e-14,1.021405182655144e-14,2.4202861936828413e-14,1.491862189340054e-14,8.215650382226158e-15,2.1649348980190553e-14,,,0.9366981653413216,0.39750773284270713,1.1995589451311797,1.5301681457333887,,,,,0.0004769200022565201,ok,0.11337799299508333,3,False,
nan,nan,nan,0.0,nan,1.0,0.436251753999386,0.0,1.0,4.771973453413015,0.6620344334262882,2.0015835803809146,0.5320378151260504,0.36426456071076013,2.0,1e-13,1.557935030982449e-11,1.1823126681781091e-10,2.7736538393525656,0.35674008041615185,1.6597414755424404,0.4679621848739496,0.2867564534231201,1.0,0.30027921373282407,0.05263411966819741,0.578705062711798,4.771973453413015,0.5203401014255649,1.7973991420112878,ellipse,nan,nan,16.51240055834954,69.74900533028301,23.479549802930745,103.08478698559087,19.88674882091985,16.51240055834954,69.74900533028301,23.479549802930745,103.08478698559087,19.88674882091985,91.13590950781052,91.13590950781052,2002,0.20654905100415563,0.0,0.1,0.051937869971021615,0.0607368826004043,0.05745320186075711,0.04848514971595412,0.740617828576088,0.13928083345192677,0.13928083345192677,0.13928083345192677,0.1276319486317563,0,0.269185240456409,183,False,9.20492191451771,0.29419561938102845,interior_core,0.3197576824122255,-0.3120583528945008,28.345430068082287,46,0.0,0.25440240400045455,9.413655572648718,0.04808358724746785,0.16059617373442997,0,76,115,3808,0,0,0,0,188,188,73,3808,264,0.3279936974789916,ccpfm,4.771973453413015,0.6620344334262882,2.0015835803809146,0.5320378151260504,0.36426456071076013,2.7736538393525656,0.35674008041615185,1.6597414755424404,0.4679621848739496,0.2867564534231201,4.771973453413015,0.5203401014255649,1.7973991420112878,1.0,0.3279936974789916,1.0,5.346834086594754e-13,1.9147727847723672e-09,1.5222205718146142e-09,1.4986270002737001e-09,1.9918585669742583e-09,1.4319194718837025e-09,1.4908398959789793e-09,0.35,0.65,0.04698501431134412,0.06049156743649019,0.05567784302981084,0.047107099686069256,2.35,0,68,24,0.002192490006564185,ok,0.43844424400595017,2,False,
,,,,,,0.4333117060014047,,,,,,,,2.0,,0.0,0.0,,,,,,,,,0.0,,,,ellipse,,,,,,,,,,,,,,,2002,0.1383888747519894,0.0,0.08,0.05407849686659849,0.06284799764268505,0.05854318773417531,0.043351070559977126,1.0,0.24152967153845473,0.1955327900714684,0.24152967153845473,0.24152967153845473,,0.044000000000000004,120,False,246.42205714110568,0.011262355832047554,near_boundary_interior,-0.9307408253705127,-0.6537705821317134,303.9753201300083,23,,0.24273271880314504,155.23871008529483,0.03908493938706946,0.008603165233648654,,95,194,0,,,,,294,294,100,,389,0.0,wls,,,,,,,,,,,,,,,,,1.2145839889399213e-13,5.684341886080802e-14,6.394884621840902e-14,1.0524914273446484e-13,6.0285110237146e-14,3.4638958368304884e-14,7.72715225139109e-14,,,0.05140471457812348,0.06384015432541543,0.05912948378976886,0.04870845017253984,,,,,0.00341145099082496,ok,0.43672315699222963,2,False,
nan,nan,nan,0.0,nan,1.0,0.1625645500025712,0.0,1.0,4.404714882832461,0.6912386970488884,2.184212324378872,0.7250287026406429,0.37767220902612825,2.0,1e-13,3.2542579742056432e-12,1.6388785745089442e-11,2.4340538577548894,0.2552733773946342,1.513846716265683,0.27497129735935705,0.21085594989561587,1.0,0.3037474696164052,0.047921186446646113,0.5660467774014738,4.404714882832461,0.557829407255179,1.9412520598045875,ellipse,nan,nan,6.476034417911047,26.97757336355043,10.657730907860195,46.451357987748686,7.5819356709300925,6.476034417911047,26.97757336355043,10.657730907860195,46.451357987748686,7.5819356709300925,35.318126158222526,35.318126158222526,2003,0.3884690235012972,0.0,0.16,0.1201572116878554,0.15292955196828245,0.14216426266610613,0.1290362756576711,0.7316046376404903,0.27689865355030413,0.27689865355030413,0.27689865355030413,0.2703240531442349,0,0.32601447840233594,93,False,9.540429371923167,0.2885529285790059,interior_core,0.3023645478487875,-0.25900528929587036,26.534202206189143,47,0.0,0.2676236250370729,9.998708489797282,0.06576764639518042,0.163896541422822,0,48,31,1742,0,0,0,0,75,75,44,1742,123,0.33180252583237657,ccpfm,4.404714882832461,0.6912386970488884,2.184212324378872,0.7250287026406429,0.37767220902612825,2.4340538577548894,0.2552733773946342,1.513846716265683,0.27497129735935705,0.21085594989561587,4.404714882832461,0.557829407255179,1.9412520598045875,1.0,0.33180252583237657,1.0,1.305622276959184e-13,3.395075331980024e-10,3.1507618736270615e-10,2.826967548941184e-10,1.272715439981642e-10,1.22729382212583e-10,1.4967205252958138e-10,0.35,0.65,0.10450322074474483,0.1543621949583658,0.13382942112809418,0.11722310146563163,2.35,0,68,24,0.0006808090111007914,ok,0.163245359013672,3,False,
,,,,,,0.2013952120032627,,,,,,,,2.0,,0.0,0.0,,,,,,,,,0.0,,,,ellipse,,,,,,,,,,,,,,,2003,0.398021697949,0.0,0.12,0.14744805338885408,0.1591902815804404,0.16650807399131598,0.17978507576440067,1.0,0.63990276660686,0.38162850650274294,0.63990276660686,0.63990276660686,,0.06600000000000003,86,False,117.76269572244145,0.0229896312289774,near_boundary_interior,-0.04044032058646568,-0.7007250029650066,137.97750639328243,23,,0.2603905715263849,76.00064027591739,0.05750776264197312,0.019157452788734618,,64,72,0,,,,,132,132,60,,196,0.0,wls,,,,,,,,,,,,,,,,,6.039613253960852e-14,3.952393967665557e-14,2.886579864025407e-14,4.973799150320701e-14,2.731148640577885e-14,1.2545520178264269e-14,3.2862601528904634e-14,,,0.15311707741338945,0.1591021159531053,0.18657983346036972,0.21496580053141479,,,,,0.0012560600007418543,ok,0.20265127200400457,3,False,
nan,nan,nan,0.0,nan,1.0,0.6762242609984241,0.0,1.0,5.999332675391216,0.7094015582440426,1.9278314652955604,0.4479613733905579,0.38243512974051896,2.0,1e-13,7.66952473751914e-11,5.664466626291499e-10,3.273752625579083,0.4116225158124843,1.6414148553345047,0.552038626609442,0.3006154842889537,1.0,0.3027242077229258,0.06054174386984949,0.5825893748689331,5.999332675391216,0.5508904671248054,1.7548552597593294,ellipse,nan,nan,27.54867854547343,113.14565084119823,34.40144747621217,151.3448130039586,32.03028164770241,27.54867854547343,113.14565084119823,34.40144747621217,151.3448130039586,32.03028164770241,140.78756436160927,140.78756436160927,2002,0.12431353066807414,0.0,0.08,0.04973258270240437,0.05826751785333752,0.05383847729411548,0.03778547101137564,0.7093059565821987,0.12331356016957973,0.12331356016957973,0.12331356016957973,0.11437556330822285,0,0.21183930434980588,224,False,8.563248636416171,0.30228026065002356,interior_core,0.4038638394001596,-0.3256140747790307,26.437372275535907,45,0.0,0.24273271880314504,9.411937735810364,0.03908493938706946,0.15576843173686927,0,95,194,5592,0,0,0,0,294,294,100,5592,389,0.3372675250357654,ccpfm,5.999332675391216,0.7094015582440426,1.9278314652955604,0.4479613733905579,0.38243512974051896,3.273752625579083,0.4116225158124843,1.6414148553345047,0.552038626609442,0.3006154842889537,5.999332675391216,0.5508904671248054,1.7548552597593294,1.0,0.3372675250357654,1.0,6.465938895416912e-13,5.549068760046794e-09,4.567551670220382e-09,3.5419631672084506e-09,4.4607588733924786e-09,4.110405349422308e-09,4.0842245141448075e-09,0.35,0.65,0.045001495466655446,0.05818072886152593,0.051764030177951365,0.0362060627866447,2.35,0,68,24,0.0027995559939881787,ok,0.6790238169924123,2,False,
nan,nan,nan,0.0,nan,1.0,0.27047694800421596,0.0,1.0,4.609016514360642,0.6420093820294618,1.9880552565491074,0.603671706263499,0.3601669648181276,2.0,1e-13,6.5452365749507635e-12,4.4785077247117005e-11,2.876888047088795,0.3274006829441547,1.5758861440836243,0.3963282937365011,0.25885558583106266,1.0,0.29125298351866996,0.049743195187921654,0.5731583130357351,4.609016514360642,0.5016735222788439,1.8149790682197524,ellipse,nan,nan,11.792117321846813,49.37236936297582,17.168740419988268,72.40796440411698,14.007697888370908,11.792117321846813,49.37236936297582,17.168740419988268,72.40796440411698,14.007697888370908,61.27113267114589,61.27113267114589,2003,0.3156900850226965,0.0,0.12,0.06338727102295576,0.0729651634623959,0.07158109022818576,0.06883253207648489,0.7289374378416756,0.15651039647560094,0.15651039647560094,0.15651039647560094,0.12952509279632318,0,0.25855792184735094,180,False,8.796159260849715,0.3043486415598669,interior_core,0.30741272563811595,-0.3348521862607676,27.58911582682459,46,0.0,0.2603905715263849,9.547923436704249,0.05750776264197312,0.15956391989573399,0,64,72,2778,0,0,0,0,132,132,60,2778,196,0.32001439884809213,ccpfm,4.609016514360642,0.6420093820294618,1.9880552565491074,0.603671706263499,0.3601669648181276,2.876888047088795,0.3274006829441547,1.5758861440836243,0.3963282937365011,0.25885558583106266,4.609016514360642,0.5016735222788439,1.8149790682197524,1.0,0.32001439884809213,1.0,2.55351295663786e-13,7.920544220496595e-10,6.273286334845807e-10,6.375309169470711e-10,7.696158293990507e-10,4.5455506025859904e-10,6.691380782797296e-10,0.35,0.65,0.05696338975848041,0.07297613128026187,0.06941237355112953,0.0648779765439905,2.35,0,68,24,0.000976698996964842,ok,0.2714536470011808,3,False,
,,,,,,0.30656646798888687,,,,,,,,2.0,,0.0,0.0,,,,,,,,,0.0,,,,ellipse,,,,,,,,,,,,,,,2003,0.3238581761872664,0.0,0.1,0.09545882107324051,0.10332867778944411,0.10553909690988156,0.11065200542280505,1.0,0.39490479872967355,0.27563650366603276,0.39490479872967355,0.39490479872967355,,0.05500000000000001,77,False,172.09258965062912,0.016727326177971586,near_boundary_interior,0.9233221902096416,0.6456457100866606,189.10856307860183,23,,0.26836524808056694,103.2587835405473,0.048278535124867544,0.013684302428134301,,76,115,0,,,,,189,189,74,,265,0.0,wls,,,,,,,,,,,,,,,,,7.105427357601002e-14,2.6645352591003757e-14,3.1308289294429414e-14,5.950795411990839e-14,2.6201263381153694e-14,1.709743457922741e-14,5.995204332975845e-14,,,0.09591046194921171,0.10365466223871396,0.11356853345443832,0.12745392347390172,,,,,0.0020064400014234707,ok,0.30857290799031034,3,False,
,,,,,,0.08528893900802359,,,,,,,,2.0,,0.0,0.0,,,,,,,,,0.0,,,,ellipse,,,,,,,,,,,,,,,2004,0.9450548137779207,0.0,0.2,2.711453499541742,1.3864268418156156,3.3730120611408814,3.991755324368908,1.0,15.199485478098628,2.2665540534479685,15.199485478098628,15.199485478098628,,0.11000000000000004,38,False,39.48357466575141,0.07216639201983333,near_boundary_interior,0.9624128762162308,0.5117240034366201,48.11842194297686,23,,0.28023996008164187,30.3451018237063,0.08279826313992898,0.053718874192023466,,38,11,0,,,,,46,46,35,,84,0.0,wls,,,,,,,,,,,,,,,,,1.6431300764452317e-14,6.217248937900877e-15,5.440092820663267e-15,1.021405182655144e-14,5.162537064506978e-15,2.6645352591003757e-15,6.050715484207103e-15,,,3.569363167338447,1.4164720822655774,4.823379852591184,5.472318293143049,,,,,0.0004620449908543378,ok,0.08575098399887793,4,True,linf_large
nan,nan,nan,0.0,nan,1.0,0.4382126300042728,0.0,1.0,4.466907761352347,0.6557850547049574,1.9978987259962753,0.5215654952076677,0.37417049515058703,2.0,1e-13,1.5905827002726802e-11,1.1203228653217182e-10,2.5865273742497905,0.36819221192711366,1.642620579695527,0.4784345047923323,0.29104062326099056,1.0,0.29964547865016505,0.05524586659798865,0.5770916828526046,4.466907761352347,0.5278406483344906,1.7702032884921497,ellipse,nan,nan,17.040685257005777,69.01443354261926,23.65728435698211,105.61355340267194,20.231255068194546,17.040685257005777,69.01443354261926,23.65728435698211,105.61355340267194,20.231255068194546,90.65998712863222,90.65998712863222,2003,0.1879428225441476,0.0,0.1,0.06489861969392961,0.07698651666168482,0.07175179450351735,0.05730785091761574,0.7208002331101634,0.15757573159554283,0.15757573159554283,0.15757573159554283,0.142400226984012,0,0.36123568237593384,155,False,9.008150160193816,0.2967118189326252,interior_core,0.16930527303562237,-0.2938614956630958,26.149561442167712,46,0.0,0.26836524808056694,9.440787281699814,0.048278535124867544,0.15636797685812526,0,76,115,3756,0,0,0,0,189,189,74,3756,265,0.3343982960596379,ccpfm,4.466907761352347,0.6557850547049574,1.9978987259962753,0.5215654952076677,0.37417049515058703,2.5865273742497905,0.36819221192711366,1.642620579695527,0.4784345047923323,0.29104062326099056,4.466907761352347,0.5278406483344906,1.7702032884921497,1.0,0.3343982960596379,1.0,3.197442310920451e-13,1.4759122812790793e-09,1.1679546219056647e-09,1.1096994434467433e-09,1.3572975521292108e-09,1.3073038207522814e-09,1.3381500352238618e-09,0.35,0.65,0.05786560499617555,0.07638193257928154,0.0685192393333425,0.05407708801858642,2.35,0,68,24,0.00238339499628637,ok,0.44059602500055917,3,False,
nan,nan,nan,0.0,nan,1.0,0.08492915000533685,0.0,1.0,4.953965461932598,0.7313472158847513,2.3359401158842292,0.8303571428571429,0.3989247311827957,2.0,1e-13,3.5994193736677005e-12,1.4155057462069582e-11,1.572784906291245,0.14487848896104824,0.9415385133739487,0.16964285714285715,0.06842105263157895,1.0,0.24310183669923235,0.04862326618727709,0.56489255697974,4.953965461932598,0.5492751318822324,2.1437062960707682,ellipse,nan,nan,4.234474659155743,18.510655708748864,7.249283828444851,29.614666338926313,4.667147492385684,4.234474659155743,18.510655708748864,7.249283828444851,29.614666338926313,4.667147492385684,22.206227381052333,22.206227381052333,2004,0.6393815817730223,0.0,0.2,0.13303728715633129,0.17427187533242255,0.1654966143566941,0.16109671859406283,0.77520442028519,0.37894409928285255,0.3189601726079966,0.37894409928285255,0.37894409928285255,0,0.28417952869480745,64,False,11.923550198296143,0.2255354403277208,near_boundary_interior,-0.3512908042177686,0.2750605170125049,27.398185314589625,51,0.0,0.28023996008164187,12.070534820555656,0.08279826313992898,0.16798137491939,0,38,11,1120,0,0,0,0,46,46,35,1120,84,0.34285714285714286,ccpfm,4.953965461932598,0.7313472158847513,2.3359401158842292,0.8303571428571429,0.3989247311827957,1.572784906291245,0.14487848896104824,0.9415385133739487,0.16964285714285715,0.06842105263157895,4.953965461932598,0.5492751318822324,2.1437062960707682,1.0,0.34285714285714286,1.0,7.271960811294775e-14,4.290523492045395e-10,3.398692438594253e-10,2.530404774603312e-10,2.178271452102365e-10,2.2701729385232738e-10,2.667309706438914e-10,0.35,0.65,0.11427569828515455,0.18039180107787803,0.154423933600573,0.14530729383931582,2.35,0,68,24,0.000324573993566446,ok,0.0852537239989033,4,False,
,,,,,,0.34978135200799443,,,,,,,,2.0,,0.0,0.0,,,,,,,,,0.0,,,,ellipse,,,,,,,,,,,,,,,2003,0.1569335216830559,0.0,0.08,0.05076406557544717,0.05767808278081405,0.05497731751975082,0.045019255558948264,1.0,0.20864616197849017,0.20864616197849017,0.20864616197849017,0.19598189442357755,,0.452065189206014,302,False,128.5308233950448,0.018298183088687033,interior_core,-0.5621002058104524,-0.14757460007433515,301.12038868601917,23,,0.25524178680076004,155.53178479488247,0.03909757916940717,0.008443802328597934,,95,195,0,,,,,289,289,94,,384,0.0,wls,,,,,,,,,,,,,,,,,1.5010215292932116e-13,7.149836278586008e-14,7.061018436615996e-14,1.4432899320127035e-13,5.928590951498336e-14,3.1530333899354446e-14,7.105427357601002e-14,,,0.04816942667975793,0.05823284771147457,0.05552494897308867,0.04943674017534894,,,,,0.0021924999891780317,ok,0.35197385199717246,3,False,
,,,,,,0.10603273399465252,,,,,,,,2.0,,0.0,0.0,,,,,,,,,0.0,,,,ellipse,,,,,,,,,,,,,,,2004,0.8415400279029295,0.0,0.16,0.7228458611640906,0.4691965126703044,0.8560812930252184,1.142513393420084,1.0,4.907722352476229,1.3609424141328865,4.907722352476229,4.907722352476229,,0.08800000000000005,49,False,67.26197611357149,0.04107842088551238,near_boundary_interior,0.8369150967716281,0.6659768798215457,82.26858161874199,23,,0.2544620177432353,44.683126371867694,0.06576764639518037,0.031433112282165186,,48,30,0,,,,,74,74,44,,122,0.0,wls,,,,,,,,,,,,,,,,,3.552713678800501e-14,1.2434497875801753e-14,1.1324274851176597e-14,2.042810365310288e-14,1.199040866595169e-14,6.661338147750939e-15,1.7319479184152442e-14,,,0.8891864091064546,0.4724300967413971,1.1417128038374709,1.42831667824737,,,,,0.0005857670039404184,ok,0.10661850099859294,4,False,
nan,nan,nan,0.0,nan,1.0,0.14442690799478441,0.0,1.0,4.6059404326723765,0.6819916246893115,2.2390274876806866,0.7348618459729571,0.3712,2.0,1e-13,3.6076454323907825e-12,1.5570517152642468e-11,2.516004058779731,0.2333215719413888,1.4300057443762777,0.26513815402704294,0.1973392461197339,1.0,0.28670528534479406,0.047766969927394,0.5645978252629601,4.6059404326723765,0.5515738458868981,1.978854487409769,ellipse,nan,nan,6.723615526318645,26.365180415319212,10.551135485217245,47.29183298417679,7.611599969004821,6.723615526318645,26.365180415319212,10.551135485217245,47.29183298417679,7.611599969004821,34.67801198343014,34.67801198343014,2004,0.3292573193985111,0.0,0.16,0.1354902006855204,0.1809402334928204,0.16046384495902374,0.1339534234270095,0.7403692625013056,0.3403505110409858,0.3403505110409858,0.3403505110409858,0.2956939512491341,0,0.4416781795955772,112,False,8.8955284024687,0.30878394887378074,interior_core,0.2511207250052076,-0.15525187510828767,26.030331220929114,46,0.0,0.2544620177432353,9.952387901547656,0.06576764639518037,0.1555832075947278,0,48,30,1701,0,0,0,0,74,74,44,1701,122,0.32510288065843623,ccpfm,4.6059404326723765,0.6819916246893115,2.2390274876806866,0.7348618459729571,0.3712,2.516004058779731,0.2333215719413888,1.4300057443762777,0.26513815402704294,0.1973392461197339,4.6059404326723765,0.5515738458868981,1.978854487409769,1.0,0.32510288065843623,1.0,1.829647544582258e-13,3.6676484072017956e-10,3.4076763633095197e-10,3.0263525019336157e-10,1.3984058355731577e-10,1.7982415556616616e-10,2.2656754250505173e-10,0.35,0.65,0.11491655624159995,0.1802273964734434,0.14755252924500767,0.12028866647478789,2.35,0,68,24,0.00043735900544561446,ok,0.14486426700023003,4,False,
,,,,,,0.15828294199309312,,,,,,,,2.0,,0.0,0.0,,,,,,,,,0.0,,,,ellipse,,,,,,,,,,,,,,,2004,0.47523199958712786,0.0,0.12,0.17344023379502707,0.17619934012039187,0.19513477759489994,0.22533549231837394,1.0,0.9897837526561524,0.435370994178063,0.9897837526561524,0.9897837526561524,,0.06600000000000007,64,False,103.78780753215223,0.027433151027866465,near_boundary_interior,1.0012625703020233,0.5323807521991999,141.80307570064133,23,,0.26120796490562465,75.53566361391658,0.05750549210500458,0.018270053320765162,,64,72,0,,,,,133,133,61,,197,0.0,wls,,,,,,,,,,,,,,,,,8.171241461241152e-14,2.3092638912203256e-14,1.8984813721090177e-14,3.552713678800501e-14,2.9976021664879227e-14,1.687538997430238e-14,4.3520742565306136e-14,,,0.18149054859901353,0.17906372652967856,0.22088249842107419,0.2617830562537811,,,,,0.000803151007858105,ok,0.15908609300095122,4,False,
nan,nan,nan,0.0,nan,1.0,0.6882651080086362,0.0,1.0,6.429264528844962,0.7375180830222351,1.8971030594407545,0.4544308357348703,0.37772493063812923,2.0,1e-13,6.356535415218134e-11,4.92648885626095e-10,2.818889281195318,0.38844169373139276,1.6472416989760208,0.5455691642651297,0.3007593265103995,1.0,0.2944406668008828,0.0588807945792265,0.584455429907488,6.429264528844962,0.5424481133065,1.7538931638252986,ellipse,nan,nan,26.14161570421679,104.85830789109993,34.66105606006988,152.71439401593398,31.34347028382399,26.14161570421679,104.85830789109993,34.66105606006988,152.71439401593398,31.34347028382399,138.55045341752216,138.55045341752216,2003,0.16304235434067907,0.0,0.08,0.037518090764099746,0.042473297447369066,0.040631969982923746,0.033913686491711136,0.717788421497662,0.1061279678697774,0.1061279678697774,0.1061279678697774,0.08884052660435479,0,0.1663780796083223,153,False,8.969505949260908,0.30088364105376625,interior_core,0.29707702491188176,-0.44585933120805726,26.764563247665603,45,0.0,0.25524178680076004,9.388750372784589,0.03909757916940717,0.14950397881597238,0,95,195,5552,0,0,0,0,289,289,94,5552,384,0.3357348703170029,ccpfm,6.429264528844962,0.7375180830222351,1.8971030594407545,0.4544308357348703,0.37772493063812923,2.818889281195318,0.38844169373139276,1.6472416989760208,0.5455691642651297,0.3007593265103995,6.429264528844962,0.5424481133065,1.7538931638252986,1.0,0.3357348703170029,1.0,9.9298347322474e-13,7.847155814033613e-09,5.8980127448649e-09,4.640344997142165e-09,6.111365635774746e-09,2.741219251589655e-09,3.620879596155646e-09,0.35,0.65,0.035050675451273224,0.043210036455165024,0.040402950586125135,0.033845271897659755,2.35,0,68,24,0.0025925949885277078,ok,0.6908577029971639,3,False,
,,,,,,0.28444776000105776,,,,,,,,2.0,,0.0,0.0,,,,,,,,,0.0,,,,ellipse,,,,,,,,,,,,,,,2004,0.20881372171359452,0.0,0.1,0.11345316661542469,0.13566252976708107,0.12566206152417017,0.10132644924401463,1.0,0.4673794977322502,0.4673794977322502,0.4673794977322502,0.3055375597962789,,0.4685267799938985,233,False,87.95648930963742,0.027985490542725134,interior_core,-0.4633810700537035,-0.05644876057254228,186.12133766448272,23,,0.28111855167048544,101.61210837954881,0.048363034451420976,0.01372085714327802,,76,107,0,,,,,183,183,76,,259,0.0,wls,,,,,,,,,,,,,,,,,6.572520305780927e-14,5.284661597215745e-14,3.774758283725532e-14,6.394884621840902e-14,3.885780586188048e-14,1.4432899320127035e-14,5.240252676230739e-14,,,0.10864878668956715,0.1368442200208461,0.1292555553534592,0.11774539340288613,,,,,0.0014139429986244068,ok,0.28586170299968217,4,False,
nan,nan,nan,0.0,nan,1.0,0.34721184900263324,0.0,1.0,4.171985603258076,0.6421645143771133,1.9482557007077745,0.5942293644996348,0.35586969883220654,2.0,1e-13,7.025442727570663e-12,4.4492746354528824e-11,2.557828621927739,0.3078467310036396,1.6006105842876734,0.40577063550036524,0.2709270927092709,1.0,0.3070984692654866,0.050646457711616674,0.5688307542066778,4.171985603258076,0.5080182384466798,1.7907805471425597,ellipse,nan,nan,12.152466527028997,48.065460452211205,17.46155395471983,78.46269904757067,14.418573994582747,12.152466527028997,48.065460452211205,17.46155395471983,78.46269904757067,14.418573994582747,68.42939023226523,68.42939023226523,2004,0.3069936063958345,0.0,0.12,0.058828063269254556,0.06867899424303159,0.06618649428223863,0.061429379738379065,0.7171428986616418,0.14992562050581082,0.14108444671103879,0.14992562050581082,0.14992562050581082,0,0.06600000000000004,89,False,24.207142349070367,0.17035468498350223,near_boundary_interior,0.45552042773489565,-0.4662255004761402,26.231351410904512,45,0.0,0.26120796490562465,9.5296489395032,0.05750549210500458,0.16115016679247382,0,64,72,2738,0,0,0,0,133,133,61,2738,197,0.32140248356464574,ccpfm,4.171985603258076,0.6421645143771133,1.9482557007077745,0.5942293644996348,0.35586969883220654,2.557828621927739,0.3078467310036396,1.6006105842876734,0.40577063550036524,0.2709270927092709,4.171985603258076,0.5080182384466798,1.7907805471425597,1.0,0.32140248356464574,1.0,2.984279490192421e-13,7.956648673257405e-10,5.046540962894142e-10,5.446949558063352e-10,6.394391682817968e-10,6.695559662261985e-10,7.640466037628357e-10,0.35,0.65,0.05303296823888668,0.06899578408490525,0.06454360634047053,0.05885680663693211,2.35,0,68,24,0.000951306996284984,ok,0.34816315599891823,4,False,
,,,,,,0.09632535799755715,,,,,,,,2.0,,0.0,0.0,,,,,,,,,0.0,,,,ellipse,,,,,,,,,,,,,,,2005,0.9233461886712793,0.0,0.2,2.533291709141334,1.3590251010690615,3.142623602170056,3.9310344050442305,1.0,15.790428633730935,2.566615475135479,15.790428633730935,15.790428633730935,,0.11000000000000004,38,False,40.8710429442279,0.06822868174140236,near_boundary_interior,0.9624128762162308,0.5117240034366201,50.84469471911543,23,,0.307824970998139,30.07007265410457,0.08286972514368396,0.0496449336966402,,38,15,0,,,,,48,48,33,,86,0.0,wls,,,,,,,,,,,,,,,,,1.3766765505351941e-14,1.1102230246251565e-14,7.105427357601002e-15,1.532107773982716e-14,1.2823075934420558e-14,3.774758283725532e-15,8.715250743307479e-15,,,3.1883477366376964,1.3456313433932714,4.267703985839835,5.066459570821348,,,,,0.0004253739898558706,ok,0.09675073198741302,5,True,linf_large
nan,nan,nan,0.0,nan,1.0,0.40602346300147474,0.0,1.0,4.423899459753425,0.64175121665124,2.0045536250016975,0.5372282608695652,0.3581183611532625,2.0,1e-13,1.2398048950326701e-11,9.951290335095805e-11,2.7794141206707126,0.3556668371902024,1.6360341360276949,0.4627717391304348,0.28302994715208457,1.0,0.3171265491938322,0.052545644128937,0.5769424319889755,4.423899459753425,0.5112450471227885,1.778305730707376,ellipse,nan,nan,16.01657700351272,66.95790535160886,23.185538226370184,100.78364363006769,19.507935390046217,16.01657700351272,66.95790535160886,23.185538226370184,100.78364363006769,19.507935390046217,86.45901770161912,86.45901770161912,2004,0.14094593203042974,0.0,0.1,0.09496402885891095,0.1183241236550659,0.10518327511740971,0.06968063331530178,0.7145305377108757,0.20263601309009993,0.20263601309009993,0.20263601309009993,0.16044777873288085,0,0.388184616193233,189,False,9.209828470457735,0.309519538344618,interior_core,-0.3538114495453635,0.14465067573009105,26.745174862229,45,0.0,0.28111855167048544,9.431085437583999,0.048363034451420976,0.15892096897647603,0,76,107,3680,0,0,0,0,183,183,76,3680,259,0.3233695652173913,ccpfm,4.423899459753425,0.64175121665124,2.0045536250016975,0.5372282608695652,0.3581183611532625,2.7794141206707126,0.3556668371902024,1.6360341360276949,0.4627717391304348,0.28302994715208457,4.423899459753425,0.5112450471227885,1.778305730707376,1.0,0.3233695652173913,1.0,3.526068326209497e-13,2.0083543716964414e-09,1.631092150233826e-09,1.5763106722688214e-09,1.990014625308234e-09,1.1449206027691616e-09,1.555232054251121e-09,0.35,0.65,0.083623524028178,0.11903181496817206,0.09948390008034382,0.06231521930948734,2.35,0,68,24,0.0014685409987578169,ok,0.40749200400023255,4,False,
nan,nan,nan,0.0,nan,1.0,0.11940514198795427,0.0,1.0,3.987781591063119,0.6829881511597681,2.2346075024620307,0.7984496124031008,0.3883495145631068,2.0,1e-13,3.0591779109911954e-12,1.1863868537758503e-11,1.9393623034342065,0.18687964193160134,1.2009099524293794,0.20155038759689922,0.1581196581196581,1.0,0.21806879574015642,0.0503862828933079,0.5595578424437181,3.987781591063119,0.5577724959553588,2.0974608731437203,ellipse,nan,nan,4.342935209023723,17.51479777199191,7.710000746149443,35.77915436482246,4.890599737326484,4.342935209023723,17.51479777199191,7.710000746149443,35.77915436482246,4.890599737326484,23.19494898482174,23.19494898482174,2005,0.6141939123456571,0.0,0.2,0.11343513703538212,0.13652353904145056,0.14071965643609902,0.1435620715583977,0.7539256424942085,0.307688589414342,0.2386964231177296,0.307688589414342,0.307688589414342,0,0.34539065573867384,80,False,9.942748779236963,0.24797283088207966,near_boundary_interior,0.2851172405348159,-0.25291596354773743,26.070818651921506,48,0.0,0.307824970998139,9.99449672255915,0.08286972514368396,0.1670363049521416,0,38,15,1161,0,0,0,0,48,48,33,1161,86,0.34194659776055125,ccpfm,3.987781591063119,0.6829881511597681,2.2346075024620307,0.7984496124031008,0.3883495145631068,1.9393623034342065,0.18687964193160134,1.2009099524293794,0.20155038759689922,0.1581196581196581,3.987781591063119,0.5577724959553588,2.0974608731437203,1.0,0.34194659776055125,1.0,7.66053886991358e-14,2.635291984631749e-10,2.20312879051221e-10,1.8585971650608712e-10,1.5339123027313661e-10,1.522200143710961e-10,1.8742818408412631e-10,0.35,0.65,0.09966733074581635,0.13748368031095967,0.13340786508139646,0.1315134710313968,2.35,0,68,24,0.0002610320079838857,ok,0.11966617399593815,5,False,
,,,,,,0.09830544800206553,,,,,,,,2.0,,0.0,0.0,,,,,,,,,0.0,,,,ellipse,,,,,,,,,,,,,,,2005,0.8453581544228238,0.0,0.16,0.874427978620242,0.5744346602614673,1.038340807534651,1.3573043345142384,1.0,5.990276211102575,1.391913306944512,5.990276211102575,5.990276211102575,,0.08800000000000004,48,False,60.19411957849538,0.04748395380372454,near_boundary_interior,0.9818377232591271,0.5220523778179099,75.0576130182573,23,,0.26379773271215734,41.40427763770057,0.06574626142937413,0.035057925131606035,,48,26,0,,,,,69,69,43,,117,0.0,wls,,,,,,,,,,,,,,,,,3.6415315207705135e-14,1.7763568394002505e-14,1.7763568394002505e-14,3.8746783559417963e-14,1.0602629885170245e-14,5.440092820663267e-15,1.7763568394002505e-14,,,1.108848112093805,0.582547834711465,1.443911072958289,1.7720914749034447,,,,,0.0005478289967868477,ok,0.09885327699885238,5,False,
nan,nan,nan,0.0,nan,1.0,0.11706330999732018,0.0,1.0,4.714291880077611,0.6684078259435997,2.131021819040459,0.7530413625304136,0.3861066235864297,2.0,1e-13,3.144616511630005e-12,1.52796656778649e-11,2.5007728826415376,0.22937062388121626,1.4243415528309358,0.24695863746958638,0.19458128078817735,1.0,0.2690553204558274,0.04565142479847423,0.5606243831943144,4.714291880077611,0.5439830200572258,1.9524131384766041,ellipse,nan,nan,6.14596996454728,26.12934349408768,9.84881450502727,40.82059609904749,6.927681415149086,6.14596996454728,26.12934349408768,9.84881450502727,40.82059609904749,6.927681415149086,31.27567421911249,31.27567421911249,2005,0.35040622247061315,0.0,0.16,0.15608340700064635,0.2101506529590593,0.18534147446143834,0.15598234996990507,0.7480472858505143,0.36854728884262244,0.3553619836049462,0.36854728884262244,0.36854728884262244,0,0.3103469572115535,92,False,8.61173395810197,0.26604824444820174,near_boundary_interior,0.25269253913331685,-0.30664049360061896,26.52639973305507,47,0.0,0.26379773271215734,9.975933231821125,0.06574626142937413,0.1654164255075589,0,48,26,1644,0,0,0,0,69,69,43,1644,117,0.33880778588807786,ccpfm,4.714291880077611,0.6684078259435997,2.131021819040459,0.7530413625304136,0.3861066235864297,2.5007728826415376,0.22937062388121626,1.4243415528309358,0.24695863746958638,0.19458128078817735,4.714291880077611,0.5439830200572258,1.9524131384766041,1.0,0.33880778588807786,1.0,1.7541523789077473e-13,4.4077985705825995e-10,3.351303679011153e-10,2.831380685464069e-10,2.0934017019857976e-10,1.7229551119157804e-10,1.8041412808145196e-10,0.35,0.65,0.127705551154374,0.20498205588449275,0.1662946055270395,0.13772740923859117,2.35,0,68,24,0.00046683500113431364,ok,0.11753014499845449,5,False,
,,,,,,0.3905050650064368,,,,,,,,2.0,,0.0,0.0,,,,,,,,,0.0,,,,ellipse,,,,,,,,,,,,,,,2004,0.14232745271605912,0.0,0.08,0.06347525921844105,0.07268569941653238,0.0685962271887993,0.05325696008830154,1.0,0.20665531861979758,0.20665531861979758,0.20665531861979758,0.19600310214421124,,0.5371681935812196,330,False,169.61404304475892,0.014143629237669304,interior_core,-0.01573776096243186,0.17462064070671682,306.84640800960676,23,,0.25487841591768035,159.27760138018687,0.03907023803320452,0.008452152629146737,,95,203,0,,,,,298,298,95,,393,0.0,wls,,,,,,,,,,,,,,,,,1.1368683772161603e-13,4.3520742565306136e-14,3.907985046680551e-14,6.572520305780927e-14,4.3298697960381105e-14,3.5083047578154947e-14,8.704148513061227e-14,,,0.05906635525479561,0.07312282091591397,0.06783101508374248,0.05483771852296942,,,,,0.002398523996816948,ok,0.39290358900325373,4,False,
,,,,,,0.2139511020068312,,,,,,,,2.0,,0.0,0.0,,,,,,,,,0.0,,,,ellipse,,,,,,,,,,,,,,,2005,0.3522571143740321,0.0,0.12,0.152243266969871,0.172607595911257,0.1717836704523719,0.17029891165790725,1.0,0.5267566744023799,0.45883043304983406,0.5267566744023799,0.5267566744023799,,0.06600000000000007,64,False,118.79260764612721,0.023413721460726327,near_boundary_interior,1.0012625703020233,0.5323807521991999,145.82874191886773,23,,0.25246521406662537,77.07184495097036,0.05751151584206733,0.01877094812043974,,64,70,0,,,,,133,133,63,,197,0.0,wls,,,,,,,,,,,,,,,,,5.684341886080802e-14,2.042810365310288e-14,1.3766765505351941e-14,2.9753977059954195e-14,2.930988785010413e-14,1.3766765505351941e-14,4.440892098500626e-14,,,0.15310214016103652,0.17540265545890438,0.18633247567673636,0.19776954122419527,,,,,0.0012427509936969727,ok,0.21519385300052818,5,False,
nan,nan,nan,0.0,nan,1.0,0.2633862910006428,0.0,1.0,4.646338555717088,0.6502562182700029,1.9892554427823645,0.6043399638336348,0.36804308797127466,2.0,1e-13,7.63514251822528e-12,4.7425117039104443e-11,2.56690823425455,0.32736566497452346,1.6114948564810379,0.3956600361663653,0.253199268738574,1.0,0.3132344128477334,0.05283440832471423,0.5730236712732737,4.646338555717088,0.5107662648643782,1.7840255241859995,ellipse,nan,nan,12.152466527028933,50.173898590077926,17.534537716287602,76.56695323412272,14.16390084881427,12.152466527028933,50.173898590077926,17.534537716287602,76.56695323412272,14.16390084881427,65.8472645107855,65.8472645107855,2005,0.24480418137274249,0.0,0.12,0.08734575396651578,0.10692815402734186,0.09855657010938496,0.08145075322139901,0.7225057210497079,0.2039610038821109,0.2039610038821109,0.2039610038821109,0.1839800699418983,0,0.42431313664714027,138,False,9.199233659704008,0.30220309341080986,interior_core,0.12692969044246916,-0.24475568695678454,26.77981801244478,45,0.0,0.25246521406662537,9.741218636157724,0.05751151584206733,0.15638150647776253,0,64,70,2765,0,0,0,0,133,133,63,2765,197,0.32260397830018084,ccpfm,4.646338555717088,0.6502562182700029,1.9892554427823645,0.6043399638336348,0.36804308797127466,2.56690823425455,0.32736566497452346,1.6114948564810379,0.3956600361663653,0.253199268738574,4.646338555717088,0.5107662648643782,1.7840255241859995,1.0,0.32260397830018084,1.0,3.019806626980426e-13,8.787024441403446e-10,6.305505007020429e-10,6.637987937097023e-10,8.527984984851855e-10,6.71888322756331e-10,7.885141428687348e-10,0.35,0.65,0.07616063891152662,0.1065720443577241,0.09269106481842831,0.07428550782881198,2.35,0,68,24,0.0010232990025542676,ok,0.2644095900031971,5,False,
nan,nan,nan,0.0,nan,1.0,0.634169244003715,0.0,1.0,7.745793505655131,0.7385269849820305,1.9898150961649794,0.4424253014153416,0.38507109004739337,2.0,1e-13,6.892394988078365e-11,5.815024156600895e-10,2.8614679167515185,0.4196164220700307,1.639188708040174,0.5575746985846584,0.31056095267941086,1.0,0.33187732627230604,0.06291764598990054,0.5891407390020159,7.745793505655131,0.5774024641625473,1.760884217273718,ellipse,nan,nan,26.099125984058414,105.49514144003881,35.939035080052356,160.22094991049025,32.155159565507766,26.099125984058414,105.49514144003881,35.939035080052356,160.22094991049025,32.155159565507766,142.0175021909373,142.0175021909373,2004,0.13915144633758114,0.0,0.08,0.04065550641194165,0.04664085339784594,0.04393545435886964,0.03372801553537081,0.7100285459436757,0.08969570986571312,0.08969570986571312,0.08969570986571312,0.08168006742108669,0,0.48944915838507436,371,False,9.736739311168296,0.28900898963434446,interior_core,0.46200955431005053,0.08614335822438826,26.721273659967025,46,0.0,0.25487841591768035,9.360941646335856,0.03907023803320452,0.1586606375461572,0,95,203,5723,0,0,0,0,298,298,95,5723,393,0.343526122662939,ccpfm,7.745793505655131,0.7385269849820305,1.9898150961649794,0.4424253014153416,0.38507109004739337,2.8614679167515185,0.4196164220700307,1.639188708040174,0.5575746985846584,0.31056095267941086,7.745793505655131,0.5774024641625473,1.760884217273718,1.0,0.343526122662939,1.0,7.998046669399628e-13,7.927148715225485e-09,5.884186915494638e-09,4.45258052650388e-09,7.030813264918834e-09,3.851659879927638e-09,3.9679131091929776e-09,0.35,0.65,0.036769749939075114,0.04604849575087738,0.04222589072889079,0.032587940713075976,2.35,0,68,24,0.002640791004523635,ok,0.6368100350082386,4,False,
,,,,,,0.3144894029974239,,,,,,,,2.0,,0.0,0.0,,,,,,,,,0.0,,,,ellipse,,,,,,,,,,,,,,,2005,0.3681426876167907,0.0,0.1,0.09297640580993162,0.09807531381154262,0.10286865166263644,0.11304032838115878,1.0,0.38382445883765215,0.2715959409716181,0.38382445883765215,0.38382445883765215,,0.05500000000000001,77,False,165.97539027607428,0.01754313454763251,near_boundary_interior,0.9233221902096416,0.6456457100866606,193.08935501724804,23,,0.2676717610961783,101.74792286583411,0.048387840287325165,0.013474190637971653,,76,109,0,,,,,182,182,73,,258,0.0,wls,,,,,,,,,,,,,,,,,6.794564910705958e-14,4.085620730620576e-14,3.064215547965432e-14,6.927791673660977e-14,1.9984014443252818e-14,1.2212453270876722e-14,3.863576125695545e-14,,,0.09303997229483588,0.09792175107684375,0.11077550317113614,0.1275799854032924,,,,,0.0019177600042894483,ok,0.31640716300171334,5,False,
,,,,,,0.0693085310049355,,,,,,,,2.0,,0.0,0.0,,,,,,,,,0.0,,,,ellipse,,,,,,,,,,,,,,,2006,0.9032181622358082,0.0,0.2,3.124173480478945,1.8894574187262223,3.8769482741091,4.786659647491506,1.0,22.70235798015376,3.2536867893654016,22.70235798015376,22.70235798015376,,0.11000000000000004,38,False,41.33021123132832,0.06926857962436937,near_boundary_interior,0.9624128762162308,0.5117240034366201,52.529949210578394,23,,0.2919270132743945,30.474884926906228,0.08286972514368396,0.049644381946933595,,38,14,0,,,,,48,48,34,,86,0.0,wls,,,,,,,,,,,,,,,,,1.865174681370263e-14,9.325873406851315e-15,7.993605777301127e-15,1.532107773982716e-14,9.936496070395151e-15,1.2434497875801753e-14,1.0658141036401503e-14,,,4.014939089811271,1.9268673765562319,5.374122577533261,6.26455443358344,,,,,0.0004038259939989075,ok,0.06971235699893441,6,True,linf_large
nan,nan,nan,0.0,nan,1.0,0.1380835309973918,0.0,1.0,7.0649479511836075,0.6985365446658012,2.432813238149532,0.8065630397236615,0.3961456102783726,2.0,1e-13,2.8472953161884362e-12,1.2786957985147657e-11,1.8845510418284355,0.1533193572588281,1.0031956296535822,0.19343696027633853,0.10714285714285714,1.0,0.2428964385907416,0.04946916680337727,0.5686165984874826,7.0649479511836075,0.5537712108242001,2.2382239663944947,ellipse,nan,nan,4.330874462059098,18.088770464212907,7.835679325095478,32.52158240912711,4.8905997373263865,4.330874462059098,18.088770464212907,7.835679325095478,32.52158240912711,4.8905997373263865,23.636189827361203,23.636189827361203,2006,0.39875735037524046,0.0,0.2,0.18921591269726518,0.285224995601498,0.23480780140710386,0.19262519151438975,0.77017077656403,0.4776339549642288,0.45345160460784867,0.4776339549642288,0.4776339549642288,0,0.34329485924572234,75,False,10.734627417414158,0.268359160096412,near_boundary_interior,-0.2907154809793888,0.2503822104458796,26.518541387947746,49,0.0,0.2919270132743945,10.726000316674817,0.08286972514368396,0.16546723029620983,0,38,14,1158,0,0,0,0,48,48,34,1158,86,0.34024179620034545,ccpfm,7.0649479511836075,0.6985365446658012,2.432813238149532,0.8065630397236615,0.3961456102783726,1.8845510418284355,0.1533193572588281,1.0031956296535822,0.19343696027633853,0.10714285714285714,7.0649479511836075,0.5537712108242001,2.2382239663944947,1.0,0.34024179620034545,1.0,9.392486788328824e-14,3.388569425055721e-10,2.41954900559449e-10,1.9590234989763644e-10,1.2853584863137257e-10,1.5207590742249977e-10,1.6628320942402297e-10,0.35,0.65,0.15558203207114524,0.2833441964479411,0.20825145600187642,0.167834042438379,2.35,0,68,24,0.0005216429999563843,ok,0.13860517399734817,6,False,
,,,,,,0.34922341599303763,,,,,,,,2.0,,0.0,0.0,,,,,,,,,0.0,,,,ellipse,,,,,,,,,,,,,,,2005,0.2067373269510652,0.0,0.08,0.06184511518085396,0.06854539078772298,0.06690020898965278,0.06153506462641909,1.0,0.2944701962335443,0.2944701962335443,0.2944701962335443,0.2852994387750648,,0.3992279267282994,273,False,140.9866070201072,0.017803159698028963,interior_core,0.701703288665678,0.38220047637301247,305.58011469313254,23,,0.2660186608462498,158.14919596894666,0.039069758298220625,0.008395352339601305,,95,199,0,,,,,297,297,98,,392,0.0,wls,,,,,,,,,,,,,,,,,1.1368683772161603e-13,9.50350909079134e-14,6.039613253960852e-14,1.2168044349891716e-13,6.039613253960852e-14,2.4868995751603507e-14,9.059419880941277e-14,,,0.059910168269751526,0.06970228199935656,0.06882803141336664,0.06701768451345816,,,,,0.0028028069937136024,ok,0.35202622298675124,5,False,
,,,,,,0.12189476199273486,,,,,,,,2.0,,0.0,0.0,,,,,,,,,0.0,,,,ellipse,,,,,,,,,,,,,,,2006,0.9765120810888412,0.0,0.16,6.650483401778437,1.6520505793593068,7.870150721878397,11.381104039934748,1.0,65.86811259455033,6.064783332452594,65.86811259455033,65.86811259455033,,0.08800000000000004,48,False,62.15709521757294,0.047855727991563714,near_boundary_interior,0.9818377232591271,0.5220523778179099,77.88829849569612,23,,0.26947653909483393,42.587589038236445,0.06574626142937477,0.03259824429677034,,48,28,0,,,,,71,71,43,,119,0.0,wls,,,,,,,,,,,,,,,,,3.352873534367973e-14,1.176836406102666e-14,7.771561172376096e-15,2.4313884239290928e-14,1.0769163338864018e-14,8.881784197001252e-15,2.398081733190338e-14,,,9.547728272296148,1.6968223513584533,12.360736739193372,15.824118281511772,,,,,0.00046054599806666374,ok,0.12235530799080152,6,True,linf_large
nan,nan,nan,0.0,nan,1.0,0.5360753390123136,0.0,1.0,4.543906516777482,0.658856172852468,1.9892874276055852,0.5381668946648427,0.3726487036095577,2.0,1e-13,1.2972099089347822e-11,1.0168412509067617e-10,2.7585372502354835,0.3604842236566772,1.6270400862380359,0.4618331053351573,0.278436018957346,1.0,0.297185751643795,0.05417103432461213,0.574586917565685,4.543906516777482,0.5113736262818862,1.786456454886941,ellipse,nan,nan,16.54964156373596,69.0144335426189,22.842576294350067,99.02686023508683,19.709064058633732,16.54964156373596,69.0144335426189,22.842576294350067,99.02686023508683,19.709064058633732,84.6799517757668,84.6799517757668,2005,0.17922427291757018,0.0,0.1,0.0738075375117409,0.0887340722638454,0.08166030726002993,0.06261115236134912,0.7182931739041025,0.18410099774394978,0.18410099774394978,0.18410099774394978,0.13057553885249323,0,0.44448608228897807,186,False,9.449258836691444,0.29817883614063456,interior_core,-0.35633478765359294,0.07290009090998056,26.213109035348044,46,0.0,0.2676717610961783,9.502422419587795,0.048387840287325165,0.1572532915263818,0,76,109,3655,0,0,0,0,182,182,73,3655,258,0.32913816689466485,ccpfm,4.543906516777482,0.658856172852468,1.9892874276055852,0.5381668946648427,0.3726487036095577,2.7585372502354835,0.3604842236566772,1.6270400862380359,0.4618331053351573,0.278436018957346,4.543906516777482,0.5113736262818862,1.786456454886941,1.0,0.32913816689466485,1.0,3.4283687000424834e-13,1.7228098947441595e-09,1.0027023655823086e-09,1.0289351592973617e-09,1.2569739693546467e-09,1.4455947550118253e-09,1.426312734587043e-09,0.35,0.65,0.06535939509170395,0.0891582543191811,0.07781837955949665,0.05681925871638701,2.35,0,68,24,0.002149819993064739,ok,0.5382251590053784,5,False,
nan,nan,nan,0.0,nan,1.0,0.15716300399799366,0.0,1.0,5.261009017891685,0.6630161399758534,2.12329715255134,0.7373552711761121,0.3743801652892562,2.0,1e-13,2.9586263994296758e-12,1.4322957596056785e-11,2.792800230226192,0.252217627319254,1.4713312433720425,0.2626447288238879,0.21577726218097448,1.0,0.2829708677070868,0.0474207483586204,0.5607588522083438,5.261009017891685,0.5505652966184381,1.950989094907637,ellipse,nan,nan,6.416455942532103,26.129343494086676,10.185799584538199,42.16431725826744,7.317873499436601,6.416455942532103,26.129343494086676,10.185799584538199,42.16431725826744,7.317873499436601,32.050536401044596,32.050536401044596,2006,0.24549154224298056,0.0,0.16,0.17280391869897885,0.24329517675751924,0.20449534316986676,0.1482737335201625,0.7332645437562983,0.40290889616766334,0.40290889616766334,0.40290889616766334,0.3102481508990654,0,0.5205449534622784,109,False,8.857075337387158,0.29794202667063074,interior_core,-0.13748755638268464,0.13053405725293654,25.484803323869105,47,0.0,0.26947653909483393,9.878736671482848,0.06574626142937477,0.16259232111317395,0,48,28,1641,0,0,0,0,71,71,43,1641,119,0.3327239488117002,ccpfm,5.261009017891685,0.6630161399758534,2.12329715255134,0.7373552711761121,0.3743801652892562,2.792800230226192,0.252217627319254,1.4713312433720425,0.2626447288238879,0.21577726218097448,5.261009017891685,0.5505652966184381,1.950989094907637,1.0,0.3327239488117002,1.0,1.9806378759312793e-13,3.480593591120851e-10,2.9142421809069674e-10,2.608917526458754e-10,2.2971114940761872e-10,1.9729240463561837e-10,2.0152690627384118e-10,0.35,0.65,0.1422498969713551,0.2426463737921503,0.1841604073235152,0.1328931721179483,2.35,0,68,24,0.000398260002839379,ok,0.15756126400083303,6,False,
,,,,,,0.15399661900300998,,,,,,,,2.0,,0.0,0.0,,,,,,,,,0.0,,,,ellipse,,,,,,,,,,,,,,,2006,0.36973921105300966,0.0,0.12,0.1485779261103947,0.16465531659624483,0.16775249885120955,0.17346053895992836,1.0,0.6367931407950347,0.5639847064509301,0.6367931407950347,0.6367931407950347,,0.06600000000000007,64,False,107.4234130928799,0.026624435688933745,near_boundary_interior,1.0012625703020233,0.5323807521991999,137.91423964363398,23,,0.272466039196343,73.83995541439381,0.05745222299310387,0.01844029556474702,,64,72,0,,,,,131,131,59,,195,0.0,wls,,,,,,,,,,,,,,,,,4.440892098500626e-14,2.708944180085382e-14,2.042810365310288e-14,4.0190073491430667e-14,3.064215547965432e-14,1.2434497875801753e-14,3.708144902248023e-14,,,0.154401244857257,0.16706196716813573,0.1883789862153755,0.21150196127200957,,,,,0.0007775909907650203,ok,0.154774209993775,6,False,
nan,nan,nan,0.0,nan,1.0,0.6478861299983691,0.0,1.0,6.441632706263444,0.7066633087445539,1.9647029666607054,0.44316775676153436,0.3849222177901875,2.0,1e-13,7.78243788857047e-11,5.832962539368735e-10,2.8099638063521346,0.41466415616435726,1.6484008312159206,0.5568322432384656,0.2993650793650794,1.0,0.29290026724571666,0.06161764569096391,0.5852038073151814,6.441632706263444,0.5463227421856293,1.7603029117995705,ellipse,nan,nan,26.615409769013667,107.75295444529146,35.76620517825748,158.57223400413827,32.049892762979006,26.615409769013667,107.75295444529146,35.76620517825748,158.57223400413827,32.049892762979006,143.86045184220583,143.86045184220583,2005,0.20045024806665662,0.0,0.08,0.03668540643176479,0.040820697940481834,0.039683996868279864,0.035942182410890776,0.7113018249507757,0.10252524655222617,0.09747380568730901,0.10252524655222617,0.10252524655222617,0,0.15567237456846225,177,False,8.456045620482996,0.2779168191286935,near_boundary_interior,0.3361012287153158,-0.43573769165289594,26.729472622707743,45,0.0,0.2660186608462498,9.472861907004228,0.039069758298220625,0.160950081285689,0,95,199,5657,0,0,0,0,297,297,98,5657,392,0.3372812444758706,ccpfm,6.441632706263444,0.7066633087445539,1.9647029666607054,0.44316775676153436,0.3849222177901875,2.8099638063521346,0.41466415616435726,1.6484008312159206,0.5568322432384656,0.2993650793650794,6.441632706263444,0.5463227421856293,1.7603029117995705,1.0,0.3372812444758706,1.0,6.039613253960852e-13,6.523993789642191e-09,3.978499307777383e-09,3.3381475361693447e-09,5.727288865386981e-09,4.353160498737907e-09,4.387356478119386e-09,0.35,0.65,0.03391643043093181,0.040820586514270195,0.038965023910775276,0.03489479390072367,2.35,0,68,24,0.004170127009274438,ok,0.6520562570076436,5,False,
nan,nan,nan,0.0,nan,1.0,0.30332849800470285,0.0,1.0,4.078893785792541,0.6609560279373214,1.9598474928562968,0.596125730994152,0.3635806253832005,2.0,1e-13,6.125728396755292e-12,4.111660023198119e-11,2.5388565941340877,0.3437280567892061,1.6425639331042552,0.40387426900584794,0.26334841628959277,1.0,0.2971960037179061,0.052031856088074355,0.5693118714861062,4.078893785792541,0.5138103367132811,1.7910880571303858,ellipse,nan,nan,11.823096111203771,46.96422146055606,17.033945414574333,73.80720272936288,14.09024621993786,11.823096111203771,46.96422146055606,17.033945414574333,73.80720272936288,14.09024621993786,64.3722158969565,64.3722158969565,2006,0.3225468231666091,0.0,0.12,0.05619650847782231,0.0645669537724965,0.06344889157265159,0.0612779689358019,0.7222282152146783,0.16724040166989718,0.14026077288466204,0.16724040166989718,0.16724040166989718,0,0.23501590325717955,103,False,8.810347511267988,0.270022802541964,near_boundary_interior,0.2998697057532531,-0.3647069286554697,26.149033507451332,46,0.0,0.272466039196343,9.5575400394649,0.05745222299310387,0.16339465839353087,0,64,72,2736,0,0,0,0,131,131,59,2736,195,0.3230994152046784,ccpfm,4.078893785792541,0.6609560279373214,1.9598474928562968,0.596125730994152,0.3635806253832005,2.5388565941340877,0.3437280567892061,1.6425639331042552,0.40387426900584794,0.26334841628959277,4.078893785792541,0.5138103367132811,1.7910880571303858,1.0,0.3230994152046784,1.0,4.3431924723336124e-13,7.025016124373451e-10,5.303046890503538e-10,5.796763763443735e-10,6.855876378761283e-10,4.5380987856447064e-10,6.0555783304439e-10,0.35,0.65,0.051089634668708285,0.06517962626110187,0.062332486981582905,0.05867112813723388,2.35,0,68,24,0.0009336490038549528,ok,0.3042621470085578,6,False,
,,,,,,0.25553499700617976,,,,,,,,2.0,,0.0,0.0,,,,,,,,,0.0,,,,ellipse,,,,,,,,,,,,,,,2006,0.27040553529980316,0.0,0.1,0.09163178872297804,0.10426232800201772,0.10141408563747567,0.0947587172578131,1.0,0.2836951027756278,0.2616129137888986,0.2836951027756278,0.2836951027756278,,0.05500000000000005,97,False,163.4937527247779,0.016534869609892425,near_boundary_interior,-0.8014535099237665,-0.7204859348095849,199.93709364033745,23,,0.25984817827675477,100.96170955785357,0.04840648245377768,0.012889461130572193,,76,108,0,,,,,184,184,76,,260,0.0,wls,,,,,,,,,,,,,,,,,6.350475700855895e-14,3.9968028886505635e-14,2.9753977059954195e-14,6.52811138479592e-14,2.398081733190338e-14,1.865174681370263e-14,3.730349362740526e-14,,,0.0877270837950767,0.10665330450853977,0.10428250510108363,0.1008176157428226,,,,,0.0013255300000309944,ok,0.25686052700621076,6,False,
,,,,,,0.059723139987909235,,,,,,,,2.0,,0.0,0.0,,,,,,,,,0.0,,,,ellipse,,,,,,,,,,,,,,,2007,0.9280322892477906,0.0,0.2,30.11637574594149,16.412438267000322,37.40585032945698,45.53799125988228,1.0,238.84951111668607,32.991716023922805,238.84951111668607,238.84951111668607,,0.11000000000000004,38,False,36.35323430307491,0.0818694746297577,near_boundary_interior,0.9624128762162308,0.5117240034366201,49.82584823680601,23,,0.30892532837660946,30.249710000505182,0.08279826313992898,0.05263497241803175,,38,13,0,,,,,47,47,34,,85,0.0,wls,,,,,,,,,,,,,,,,,2.042810365310288e-14,9.325873406851315e-15,8.881784197001252e-15,9.71445146547012e-15,7.993605777301127e-15,3.9968028886505635e-15,8.18789480661053e-15,,,39.84959540057416,16.527775244611064,53.59008553016013,62.17338089997417,,,,,0.00040933700802270323,ok,0.06013247699593194,7,True,linf_large
nan,nan,nan,0.0,nan,1.0,0.40547410600993317,0.0,1.0,4.616825289861125,0.6502546990004399,2.0238338641285467,0.5392895586652314,0.3592814371257485,2.0,1e-13,1.217080602966547e-11,1.0106052845988992e-10,2.77514474950356,0.35369063639337994,1.6367854740388557,0.4607104413347686,0.2733644859813084,1.0,0.29515276112331085,0.05363298649368066,0.5770012440139712,4.616825289861125,0.5142442026027485,1.799695899173153,ellipse,nan,nan,16.976173253892803,67.28503210873448,22.80970838722736,99.50018014256435,19.768656441673166,16.976173253892803,67.28503210873448,22.80970838722736,99.50018014256435,19.768656441673166,86.31798578187525,86.31798578187525,2006,0.21076211796877367,0.0,0.1,0.056227978725977415,0.06654216413415459,0.062230685761004836,0.05133504757489431,0.7225599136072309,0.13883810338457525,0.13883810338457525,0.13883810338457525,0.1285933778844282,0,0.28612214551503906,179,False,8.844742480826808,0.29618009495084074,interior_core,0.2853653993793298,-0.31627173804731423,26.87233179146458,46,0.0,0.25984817827675477,9.423401580943137,0.04840648245377768,0.1499210686822536,0,76,108,3716,0,0,0,0,184,184,76,3716,260,0.31969860064585576,ccpfm,4.616825289861125,0.6502546990004399,2.0238338641285467,0.5392895586652314,0.3592814371257485,2.77514474950356,0.35369063639337994,1.6367854740388557,0.4607104413347686,0.2733644859813084,4.616825289861125,0.5142442026027485,1.799695899173153,1.0,0.31969860064585576,1.0,4.742872761198669e-13,2.420135647440702e-09,1.365380697393448e-09,1.464169230303014e-09,2.0077139950558376e-09,1.724253850809987e-09,1.679912209340273e-09,0.35,0.65,0.05061331740132999,0.06612330007449044,0.06016481229919977,0.05050229877513932,2.35,0,68,24,0.00156322299153544,ok,0.4070373290014686,6,False,
nan,nan,nan,0.0,nan,1.0,0.16883933599456213,0.0,1.0,7.201600691207462,0.7427016959316228,2.4038360714684996,0.8126064735945485,0.4025157232704403,2.0,1e-13,3.1575801001659798e-12,1.3340108945389697e-11,1.7168183720720356,0.15849467374004766,0.9816694655829665,0.18739352640545145,0.09545454545454546,1.0,0.25903052719977476,0.049298505500373735,0.5681580985271147,7.201600691207462,0.5544272153047574,2.1015746213645174,ellipse,nan,nan,4.181914136332736,17.29539694598323,7.928653570237477,31.120716944509564,4.607046408686162,4.181914136332736,17.29539694598323,7.928653570237477,31.120716944509564,4.607046408686162,22.20622738105241,22.20622738105241,2007,0.5467120295179465,0.0,0.2,0.1397472429457466,0.1911313379079074,0.1735721621246974,0.1621855591514649,0.7729258641352312,0.3509569444792012,0.3509569444792012,0.3509569444792012,0.3324595780603018,0,0.42664053167414945,64,False,9.10090291901266,0.2918935750192291,interior_core,-0.16253444400032285,0.22369886154231627,27.40970506582647,50,0.0,0.30892532837660946,9.954153922392342,0.08279826313992898,0.16502367260499845,0,38,13,1174,0,0,0,0,47,47,34,1174,85,0.34497444633730834,ccpfm,7.201600691207462,0.7427016959316228,2.4038360714684996,0.8126064735945485,0.4025157232704403,1.7168183720720356,0.15849467374004766,0.9816694655829665,0.18739352640545145,0.09545454545454546,7.201600691207462,0.5544272153047574,2.1015746213645174,1.0,0.34497444633730834,1.0,1.0036416142611415e-13,3.9105252369608934e-10,3.019038352647385e-10,2.2789475861983988e-10,1.5423783431001148e-10,1.9984769394909563e-10,2.2587081857650126e-10,0.35,0.65,0.12025190358590361,0.18659449559965638,0.16171581501779292,0.15112486574875283,2.35,0,68,24,0.0002964140003314242,ok,0.16913574999489356,7,False,
,,,,,,0.3627837259991793,,,,,,,,2.0,,0.0,0.0,,,,,,,,,0.0,,,,ellipse,,,,,,,,,,,,,,,2006,0.10280257957493885,0.0,0.08,0.05304805692693264,0.06199687888517441,0.05740423849503402,0.03831096388707058,1.0,0.19844741433947988,0.19844741433947988,0.19844741433947988,0.10175681903587357,,0.36678367545203033,251,False,139.5685714822381,0.017267916139629774,interior_core,0.5660456156014424,0.464049948085809,302.1428443750878,23,,0.26381100312297867,158.53935202467878,0.0390491615122615,0.00842103452817088,,95,201,0,,,,,295,295,94,,390,0.0,wls,,,,,,,,,,,,,,,,,1.412203687323199e-13,7.283063041541027e-14,9.059419880941277e-14,1.2789769243681803e-13,5.3290705182007514e-14,1.8096635301390052e-14,9.059419880941277e-14,,,0.048894785854317446,0.06248156822007833,0.05621909418858067,0.039636622443854665,,,,,0.0025416069984203205,ok,0.3653253329975996,6,False,
,,,,,,0.0887210770015372,,,,,,,,2.0,,0.0,0.0,,,,,,,,,0.0,,,,ellipse,,,,,,,,,,,,,,,2007,0.9574834168802182,0.0,0.16,1.4122214503789343,0.47472615775215093,1.6657437876724244,2.3611678564202996,1.0,13.4886524266307,1.530697384875231,13.4886524266307,13.4886524266307,,0.08800000000000004,48,False,72.95826826849513,0.03962621842098331,near_boundary_interior,0.9818377232591271,0.5220523778179099,76.7937865041999,23,,0.2542698420562843,44.78103974926821,0.06576764639518032,0.03392001061518791,,48,29,0,,,,,73,73,44,,121,0.0,wls,,,,,,,,,,,,,,,,,2.842170943040401e-14,9.769962616701378e-15,9.658940314238862e-15,1.709743457922741e-14,1.678865380050354e-14,8.881784197001252e-15,1.9539925233402755e-14,,,1.9279047819103723,0.4945227074284778,2.4820860609566546,3.1717603732891027,,,,,0.000449468003353104,ok,0.0891705450048903,7,True,linf_large
nan,nan,nan,0.0,nan,1.0,0.1351803360012127,0.0,1.0,4.832918858844305,0.6255736200403504,2.13564515306982,0.7498542274052478,0.3678071539657854,2.0,1e-13,3.420319583113951e-12,1.5463522320549036e-11,2.538473471070282,0.21356177485495126,1.3242950327509473,0.2501457725947522,0.18414918414918416,1.0,0.3363566712824242,0.044856449478112737,0.5632911501613338,4.832918858844305,0.5147123258070989,1.982208696178883,ellipse,nan,nan,6.503971025962883,27.669488981544845,10.237566858503662,45.04664230425879,7.441670023678193,6.503971025962883,27.669488981544845,10.237566858503662,45.04664230425879,7.441670023678193,34.57330907268363,34.57330907268363,2007,0.5059616571590339,0.0,0.16,0.11194424786481208,0.12827537472926906,0.13204050639256196,0.1360564120659759,0.7330783015345619,0.29560545795396354,0.27550448580425324,0.29560545795396354,0.29560545795396354,0,0.2807259093224157,81,False,10.875270114920049,0.2619088050008588,near_boundary_interior,0.4654727111045757,-0.1938528698607797,26.648736261590976,47,0.0,0.2542698420562843,10.131713012980589,0.06576764639518032,0.15584478290389076,0,48,29,1715,0,0,0,0,73,73,44,1715,121,0.321865889212828,ccpfm,4.832918858844305,0.6255736200403504,2.13564515306982,0.7498542274052478,0.3678071539657854,2.538473471070282,0.21356177485495126,1.3242950327509473,0.2501457725947522,0.18414918414918416,4.832918858844305,0.5147123258070989,1.982208696178883,1.0,0.321865889212828,1.0,1.723066134218243e-13,3.5924596630820815e-10,3.382307767196835e-10,2.8749358449431384e-10,1.5530651591155742e-10,1.3571299639636436e-10,1.6368054654714026e-10,0.35,0.65,0.09494900127258182,0.12703394156608466,0.12224234037476822,0.11897878028697,2.35,0,68,24,0.00041978000081144273,ok,0.13560011600202415,7,False,
,,,,,,0.15250337398902047,,,,,,,,2.0,,0.0,0.0,,,,,,,,,0.0,,,,ellipse,,,,,,,,,,,,,,,2007,0.47257524177778076,0.0,0.12,0.1498449661607197,0.15664638925531493,0.16880241779647578,0.1864040521648105,1.0,0.5622145502593539,0.4125844787784174,0.5622145502593539,0.5622145502593539,,0.066,81,False,110.97763039552783,0.024830210159249574,near_boundary_interior,-0.8955570760759451,-0.6537898351999187,134.8411965281463,23,,0.25201589559356374,73.35420753731964,0.057703288014363474,0.018952326516883177,,64,67,0,,,,,132,132,65,,196,0.0,wls,,,,,,,,,,,,,,,,,3.552713678800501e-14,2.375877272697835e-14,1.532107773982716e-14,2.842170943040401e-14,1.887379141862766e-14,1.0658141036401503e-14,2.4868995751603507e-14,,,0.1584663869165121,0.16108437975646706,0.19309820027536562,0.22130191307327804,,,,,0.0008098910038825125,ok,0.153313264992903,7,False,
nan,nan,nan,0.0,nan,1.0,0.27934054798970465,0.0,1.0,4.830142042456842,0.6529501718355467,1.9505248654009117,0.6006588579795022,0.3711151736745887,2.0,1e-13,8.471320433328655e-12,5.049737605787154e-11,2.7161519884806404,0.3142924341163476,1.623085552476254,0.3993411420204978,0.26306141154903756,1.0,0.30538224563450284,0.05136709913420716,0.5701120867143171,4.830142042456842,0.5097648555925709,1.7913293744606729,ellipse,nan,nan,12.08287877687835,50.53169707629651,16.959226811142493,75.25434126723115,14.201476551006794,12.08287877687835,50.53169707629651,16.959226811142493,75.25434126723115,14.201476551006794,63.55238739506705,63.55238739506705,2007,0.309545525487702,0.0,0.12,0.07364151748966702,0.08808221512324158,0.08295818352098816,0.07414172786342155,0.7207801908738547,0.171362502355639,0.16260948095601258,0.171362502355639,0.171362502355639,0,0.1858365625895196,121,False,10.5539260651966,0.27294359537944046,near_boundary_interior,0.35556021893748696,-0.3943344490384747,26.336391384938295,45,0.0,0.25201589559356374,9.591890833898868,0.057703288014363474,0.15464954714640303,0,64,67,2732,0,0,0,0,132,132,65,2732,196,0.3279648609077599,ccpfm,4.830142042456842,0.6529501718355467,1.9505248654009117,0.6006588579795022,0.3711151736745887,2.7161519884806404,0.3142924341163476,1.623085552476254,0.3993411420204978,0.26306141154903756,4.830142042456842,0.5097648555925709,1.7913293744606729,1.0,0.3279648609077599,1.0,4.689582056016661e-13,1.0377165793329368e-09,8.303557841315978e-10,6.928861651100959e-10,1.000024341113459e-09,5.473208553041786e-10,8.661814598909245e-10,0.35,0.65,0.06527283462862919,0.08807381879718343,0.0795377943481497,0.06965271875809959,2.35,0,68,24,0.001302647011470981,ok,0.2806431950011756,7,False,
,,,,,,0.22739483098848723,,,,,,,,2.0,,0.0,0.0,,,,,,,,,0.0,,,,ellipse,,,,,,,,,,,,,,,2007,0.2585215771346204,0.0,0.1,0.08632803415909478,0.09709624786845354,0.09544029248300868,0.09112321362820129,1.0,0.29537247767091035,0.29537247767091035,0.29537247767091035,0.26224606125297506,,0.398330664626703,182,False,108.79759258589384,0.021458271900571823,interior_core,0.6331760818088338,0.4171168233411835,203.20746806393444,23,,0.2612252724713919,103.56376624791507,0.04835523922316057,0.013234863273111307,,76,115,0,,,,,187,187,72,,263,0.0,wls,,,,,,,,,,,,,,,,,7.815970093361102e-14,3.952393967665557e-14,3.3306690738754696e-14,6.927791673660977e-14,3.774758283725532e-14,2.2870594307278225e-14,5.240252676230739e-14,,,0.08485348936341093,0.09782443569620501,0.10062983883684314,0.10495527020885677,,,,,0.0012612240097951144,ok,0.22865605499828234,7,False,
nan,nan,nan,0.0,nan,1.0,0.6534678579919273,0.0,1.0,7.154583239521337,0.705556395459457,1.9810579278577005,0.4432,0.3666265543521861,2.0,1e-13,7.501166354728639e-11,6.174510195274416e-10,2.675692274270228,0.4069707801321131,1.6455508728817316,0.5568,0.30140485312899107,1.0,0.2875964467678269,0.06039236122398813,0.587891774800638,7.154583239521337,0.5557090654163767,1.7848739798470625,ellipse,nan,nan,25.971693649611147,102.2764538221842,35.9511329884842,160.54671526611304,31.913753911866586,25.971693649611147,102.2764538221842,35.9511329884842,160.54671526611304,31.913753911866586,140.30611343767833,140.30611343767833,2006,0.17459374756668483,0.0,0.08,0.040312128837485396,0.0451882942180636,0.043622465969242345,0.03794037931523499,0.7268966182465608,0.11446057232274437,0.09505315316111078,0.11446057232274437,0.11446057232274437,0,0.05531278195913462,142,False,23.39244802166541,0.19267825057517776,near_boundary_interior,1.0472932733881988,0.46438115433576815,26.47964859370803,46,0.0,0.26381100312297867,9.369574900696264,0.0390491615122615,0.15320463732188855,0,95,201,5625,0,0,0,0,295,295,94,5625,390,0.3303111111111111,ccpfm,7.154583239521337,0.705556395459457,1.9810579278577005,0.4432,0.3666265543521861,2.675692274270228,0.4069707801321131,1.6455508728817316,0.5568,0.30140485312899107,7.154583239521337,0.5557090654163767,1.7848739798470625,1.0,0.3303111111111111,1.0,7.336353746723034e-13,6.68689725813465e-09,5.024737514958133e-09,3.99669497497257e-09,5.493655308441703e-09,3.61239749224751e-09,3.506801959929362e-09,0.35,0.65,0.03726590497290525,0.0456574368332985,0.04284823800919586,0.036115459569162525,2.35,0,68,24,0.0031401340092998,ok,0.6566079920012271,6,False,
,,,,,,0.06606667100277264,,,,,,,,2.0,,0.0,0.0,,,,,,,,,0.0,,,,ellipse,,,,,,,,,,,,,,,2008,0.9767776618776298,0.0,0.2,49.63134268056573,16.016321576260804,61.670754379429276,75.2705384994107,1.0,419.9056515255488,42.70865059100123,419.9056515255488,419.9056515255488,,0.11000000000000004,38,False,38.08783096910484,0.07875036242802354,near_boundary_interior,0.9624128762162308,0.5117240034366201,50.10049675297819,23,,0.29995510170500117,29.916533472094127,0.08279826313992898,0.051079397646829276,,38,12,0,,,,,46,46,34,,84,0.0,wls,,,,,,,,,,,,,,,,,2.0872192862952943e-14,9.325873406851315e-15,6.217248937900877e-15,1.8207657603852567e-14,6.966649479522857e-15,3.6637359812630166e-15,9.992007221626409e-15,,,67.92691593520556,16.301536406000512,91.79153322603302,106.32810696432813,,,,,0.0004433150024851784,ok,0.06650998600525782,8,True,linf_large
nan,nan,nan,0.0,nan,1.0,0.10721858400211204,0.0,1.0,5.040705970374136,0.7364068380580111,2.4366287806840163,0.825,0.4069264069264069,2.0,1e-13,2.745283167460144e-12,1.2482552213094495e-11,1.7521966427723759,0.1539224284842517,0.8992260233200713,0.175,0.07142857142857142,1.0,0.2397406955419488,0.04975002065913238,0.559679511867925,5.040705970374136,0.5745480912813236,2.2191789472178147,ellipse,nan,nan,4.234450537751112,17.84933397388619,7.802031957513705,33.54213191613249,4.786939327615222,4.234450537751112,17.84933397388619,7.802031957513705,33.54213191613249,4.786939327615222,21.987157856970477,21.987157856970477,2008,0.7173821381735772,0.0,0.2,0.1522340045007615,0.17138202038874195,0.1891624403592778,0.19786003899894983,0.7572589549109788,0.43714759444619034,0.2840970237915258,0.43714759444619034,0.43714759444619034,0,0.37489582159986723,78,False,8.418315814964426,0.2749935610030412,near_boundary_interior,-0.32514248672196516,0.1815233931914168,27.115052500607927,50,0.0,0.29995510170500117,10.772036619692972,0.08279826313992898,0.17145293432804626,0,38,12,1120,0,0,0,0,46,46,34,1120,84,0.3482142857142857,ccpfm,5.040705970374136,0.7364068380580111,2.4366287806840163,0.825,0.4069264069264069,1.7521966427723759,0.1539224284842517,0.8992260233200713,0.175,0.07142857142857142,5.040705970374136,0.5745480912813236,2.2191789472178147,1.0,0.3482142857142857,1.0,5.773159728050814e-14,3.384208469014993e-10,2.613069760570852e-10,1.9932530712779561e-10,1.6665524515957486e-10,1.5230483541017747e-10,1.8032231263731546e-10,0.35,0.65,0.12805660329926916,0.17333774282123088,0.17304645433586655,0.17294352949833303,2.35,0,68,24,0.0003142950008623302,ok,0.10753287900297437,8,False,
,,,,,,0.10726285800046753,,,,,,,,2.0,,0.0,0.0,,,,,,,,,0.0,,,,ellipse,,,,,,,,,,,,,,,2008,0.8736557606853425,0.0,0.16,0.9109888189886528,0.5312642526218913,1.0716567683090639,1.436982289738068,1.0,5.726569588792581,1.4478121486963071,5.726569588792581,5.726569588792581,,0.08800000000000001,60,False,63.9602769150889,0.04347335334242792,near_boundary_interior,-0.9818377232591295,-0.5220523778179051,82.3408876502519,23,,0.2641988997547824,45.146180905441234,0.06576764639518032,0.030633014771993716,,48,28,0,,,,,73,73,45,,121,0.0,wls,,,,,,,,,,,,,,,,,2.930988785010413e-14,1.1546319456101628e-14,9.325873406851315e-15,1.9317880628477724e-14,8.43769498715119e-15,7.993605777301127e-15,2.2648549702353193e-14,,,1.1948052142138588,0.5429976539120034,1.5382551024225943,1.9118286698523155,,,,,0.0006037669954821467,ok,0.10786662499594968,8,False,
nan,nan,nan,0.0,nan,1.0,0.5215967349940911,0.0,1.0,4.872725718085897,0.6897178817943124,1.9216087346125084,0.5291455948895395,0.3702213279678068,2.0,1e-13,1.4339945897390294e-11,1.173056755828708e-10,2.656479377194058,0.36236054309420185,1.6310731973474384,0.47085440511046045,0.2866026003391747,1.0,0.29569820997856294,0.05439804557665415,0.5764641111579785,4.872725718085897,0.5302777896468563,1.7715854348570506,ellipse,nan,nan,17.031379436313486,70.14385062719528,22.94286667674725,100.11146761005878,20.188863304989233,17.031379436313486,70.14385062719528,22.94286667674725,100.11146761005878,20.188863304989233,87.863740973968,87.863740973968,2007,0.13219645581936673,0.0,0.1,0.06763529902633622,0.08229727621928358,0.0747744667665321,0.05105192213823372,0.7168353999653296,0.1709629014031338,0.1709629014031338,0.1709629014031338,0.11723826856909059,0,0.5104184818217499,186,False,8.751241333915647,0.3029485346231063,interior_core,0.12380510751906629,-0.14894991834328308,25.616701816856995,46,0.0,0.2612252724713919,9.420431757791135,0.04835523922316057,0.1628055899374009,0,76,115,3757,0,0,0,0,187,187,72,3757,263,0.33084908171413363,ccpfm,4.872725718085897,0.6897178817943124,1.9216087346125084,0.5291455948895395,0.3702213279678068,2.656479377194058,0.36236054309420185,1.6310731973474384,0.47085440511046045,0.2866026003391747,4.872725718085897,0.5302777896468563,1.7715854348570506,1.0,0.33084908171413363,1.0,5.151434834260726e-13,1.5319723267737118e-09,9.889742358382136e-10,1.1356675599927257e-09,1.3914115276625338e-09,1.0509393355562224e-09,1.4630894273892636e-09,0.35,0.65,0.06035203014019192,0.08229879355636903,0.0715729560687059,0.04986609154098496,2.35,0,68,24,0.0015361219993792474,ok,0.5231328569934703,7,False,
nan,nan,nan,0.0,nan,1.0,0.14135251399420667,0.0,1.0,5.374241855986234,0.6668178672062186,2.071945739174289,0.7399527186761229,0.36661341853035145,2.0,1e-13,3.652189661806915e-12,1.599067890192851e-11,2.251210690526117,0.20943130796067816,1.4009681922071524,0.26004728132387706,0.2159090909090909,1.0,0.30080610187467016,0.04716169741408141,0.5596531412603601,5.374241855986234,0.5484402603348955,1.8794949868997637,ellipse,nan,nan,6.6621269139973975,27.89687463053657,10.295014558896455,44.95214717698729,7.552303455684019,6.6621269139973975,27.89687463053657,10.295014558896455,44.95214717698729,7.552303455684019,35.6425004072166,35.6425004072166,2008,0.6270918723173063,0.0,0.16,0.07729833306872497,0.07744455314141861,0.09093117290294565,0.10330085378363302,0.7238198181129532,0.20896150853486234,0.16258412297897765,0.20896150853486234,0.20896150853486234,0,0.31889478197766097,112,False,9.441213407630336,0.2990912009614394,near_boundary_interior,-0.24961123533649815,0.2982851704280854,26.29466860177993,47,0.0,0.2641988997547824,10.072279411980986,0.06576764639518032,0.15940352039286634,0,48,28,1692,0,0,0,0,73,73,45,1692,121,0.32742316784869974,ccpfm,5.374241855986234,0.6668178672062186,2.071945739174289,0.7399527186761229,0.36661341853035145,2.251210690526117,0.20943130796067816,1.4009681922071524,0.26004728132387706,0.2159090909090909,5.374241855986234,0.5484402603348955,1.8794949868997637,1.0,0.32742316784869974,1.0,1.8118839761882555e-13,4.163274169854958e-10,3.942259851896779e-10,3.1870150962731714e-10,2.2708787628111793e-10,1.889834955193237e-10,2.651406871834183e-10,0.35,0.65,0.07083210519809334,0.07886566041898038,0.09119297935772033,0.09808448233017532,2.35,0,68,24,0.000507646007463336,ok,0.14186016000167,8,False,
,,,,,,0.48333758099761326,,,,,,,,2.0,,0.0,0.0,,,,,,,,,0.0,,,,ellipse,,,,,,,,,,,,,,,2007,0.10628769882623736,0.0,0.08,0.06096783401607844,0.07071073977403369,0.06604315934616664,0.04586513687392888,1.0,0.28464632303881054,0.28464632303881054,0.28464632303881054,0.11048239242086527,,0.5482271212050988,366,False,139.81057409224977,0.016285199655145667,interior_core,-0.4316768143695543,-0.13995606448666995,319.7251899566463,23,,0.25492371262675495,157.25762484040695,0.038948568837105325,0.008098965477262248,,95,201,0,,,,,291,291,90,,386,0.0,wls,,,,,,,,,,,,,,,,,1.1013412404281553e-13,4.8405723873656825e-14,4.75175454539567e-14,7.72715225139109e-14,4.796163466380676e-14,3.064215547965432e-14,6.972200594645983e-14,,,0.05640122203322569,0.07198254835501036,0.06495845272438444,0.04551249255567697,,,,,0.0020735090074595064,ok,0.48541109000507277,7,False,
,,,,,,0.14943285299523268,,,,,,,,2.0,,0.0,0.0,,,,,,,,,0.0,,,,ellipse,,,,,,,,,,,,,,,2008,0.44153239438575753,0.0,0.12,0.16386712821605634,0.17411843390171902,0.18512069984563873,0.20257453761606348,1.0,0.8988828252859298,0.3860361120942776,0.8988828252859298,0.8988828252859298,,0.06600000000000007,64,False,104.61118465212753,0.027267085943258315,near_boundary_interior,1.0012625703020233,0.5323807521991999,146.20769404006177,23,,0.26056255547106916,75.68341638772594,0.05743243195588484,0.017443783309489386,,64,68,0,,,,,131,131,63,,195,0.0,wls,,,,,,,,,,,,,,,,,6.52811138479592e-14,2.842170943040401e-14,4.618527782440651e-14,8.526512829121202e-14,1.8318679906315083e-14,1.942890293094024e-14,4.196643033083092e-14,,,0.17236813458439657,0.1712887063055905,0.21029969336622145,0.24554743094612,,,,,0.0008211450040107593,ok,0.15025399799924344,8,False,
nan,nan,nan,0.0,nan,1.0,0.6822576639970066,0.0,1.0,6.68546926095194,0.7238307988372605,1.9910042172413693,0.4548865463641236,0.37509819324430477,2.0,1e-13,6.287950715666568e-11,5.196636752437672e-10,2.7919717249228864,0.40895781905349504,1.660359159977602,0.5451134536358764,0.2962962962962963,1.0,0.3314139981499491,0.06025489647754341,0.5861203866544191,6.68546926095194,0.5592385713012639,1.7765435102424105,ellipse,nan,nan,25.707191817921498,104.34307555076674,35.01069100852096,158.6757414633497,31.32899683089039,25.707191817921498,104.34307555076674,35.01069100852096,158.6757414633497,31.32899683089039,136.8061561867187,136.8061561867187,2007,0.0850905585438796,0.0,0.08,0.05001285340376478,0.058688962839374026,0.05417622095333485,0.03366376960513327,0.7163324558276233,0.12238293610973061,0.12238293610973061,0.12238293610973061,0.11523983813033686,0,0.5211759152949836,378,False,9.938657795127185,0.2769787805447787,interior_core,0.07798883104466298,-0.16108538221208252,26.46840193042438,46,0.0,0.25492371262675495,9.423676344363306,0.038948568837105325,0.16124283299432632,0,95,201,5597,0,0,0,0,291,291,90,5597,386,0.33214221904591745,ccpfm,6.68546926095194,0.7238307988372605,1.9910042172413693,0.4548865463641236,0.37509819324430477,2.7919717249228864,0.40895781905349504,1.660359159977602,0.5451134536358764,0.2962962962962963,6.68546926095194,0.5592385713012639,1.7765435102424105,1.0,0.33214221904591745,1.0,6.643574579356937e-13,5.413559822642355e-09,4.118005936248892e-09,3.792337111008237e-09,5.135248559717809e-09,3.0043614263064455e-09,4.038465561961857e-09,0.35,0.65,0.04515174987758679,0.058295263377843166,0.05200220321677859,0.033971359730487434,2.35,0,68,24,0.0034971230052178726,ok,0.6857547870022245,7,False,
,,,,,,0.2660126039991155,,,,,,,,2.0,,0.0,0.0,,,,,,,,,0.0,,,,ellipse,,,,,,,,,,,,,,,2008,0.2774424853873661,0.0,0.1,0.1001941792269823,0.11307267554036284,0.1108586008506079,0.10565185343047588,1.0,0.4743267223775983,0.28477028135394056,0.4743267223775983,0.4743267223775983,,0.05500000000000001,77,False,160.8743246250291,0.017612291598198732,near_boundary_interior,0.9233221902096416,0.6456457100866606,202.28162001049293,23,,0.26151819990155656,102.33624388131868,0.04840034325337533,0.013118052172149161,,76,112,0,,,,,189,189,77,,265,0.0,wls,,,,,,,,,,,,,,,,,8.171241461241152e-14,4.085620730620576e-14,5.062616992290714e-14,6.572520305780927e-14,2.5757174171303632e-14,1.3100631690576847e-14,3.1530333899354446e-14,,,0.09885950631270185,0.11374758197066692,0.11706052626363786,0.12171849242466234,,,,,0.00112498999806121,ok,0.26713759399717674,8,False,
nan,nan,nan,0.0,nan,1.0,0.2791162810026435,0.0,1.0,4.97026014369922,0.6830063996761586,2.0102068240963766,0.6087751371115173,0.3771771771771772,2.0,1e-13,8.158689002168984e-12,5.140214007817941e-11,2.469565646065876,0.3109983528005118,1.6160033876271722,0.3912248628884826,0.25981308411214954,1.0,0.2860835581785323,0.052447055294333,0.5722495459659895,4.97026014369922,0.5291269188704495,1.819309689078096,ellipse,nan,nan,12.101260294853372,51.077447466215645,16.84160817192371,75.70390671370956,14.067107875847753,12.101260294853372,51.077447466215645,16.84160817192371,75.70390671370956,14.067107875847753,60.795374341777716,60.795374341777716,2008,0.4384685890292041,0.0,0.12,0.050662512246297114,0.053979351836699704,0.05723344166138748,0.062411941463973754,0.7241505897893254,0.14975198179092597,0.13063038449577324,0.14975198179092597,0.14975198179092597,0,0.1781366682379169,180,False,11.647634993146756,0.2282523174130708,near_boundary_interior,0.3585211040224774,-0.4014761689592728,27.141708607214632,46,0.0,0.26056255547106916,9.469179903805488,0.05743243195588484,0.15951151104063632,0,64,68,2735,0,0,0,0,131,131,63,2735,195,0.33126142595978064,ccpfm,4.97026014369922,0.6830063996761586,2.0102068240963766,0.6087751371115173,0.3771771771771772,2.469565646065876,0.3109983528005118,1.6160033876271722,0.3912248628884826,0.25981308411214954,4.97026014369922,0.5291269188704495,1.819309689078096,1.0,0.33126142595978064,1.0,3.3928415632544784e-13,9.250049615161515e-10,7.900509135794209e-10,7.232303644855165e-10,8.489269287537127e-10,6.960823029089624e-10,8.210232493865988e-10,0.35,0.65,0.04670124167759797,0.053859823322392565,0.05697837844739148,0.06016330769268038,2.35,0,68,24,0.001067714998498559,ok,0.2801839960011421,8,False,
,,,,,,0.07533418100501876,,,,,,,,2.0,,0.0,0.0,,,,,,,,,0.0,,,,ellipse,,,,,,,,,,,,,,,2009,0.9694527029596102,0.0,0.2,3.306461476672543,1.2302869688707392,4.136240201880334,5.033166133013118,1.0,22.36674410505865,1.83002205457366,22.36674410505865,22.36674410505865,,0.11000000000000004,38,False,41.32508689929373,0.06773781734383856,near_boundary_interior,0.9624128762162308,0.5117240034366201,53.028223845933724,23,,0.3044350878392095,29.738519568604744,0.08279826313992898,0.05044456962266015,,38,11,0,,,,,46,46,35,,84,0.0,wls,,,,,,,,,,,,,,,,,1.199040866595169e-14,5.329070518200751e-15,3.885780586188048e-15,1.021405182655144e-14,4.65599780952175e-15,5.995204332975845e-15,7.549516567451064e-15,,,4.337601398745762,1.2300422289582609,5.861521569653671,6.684307790627397,,,,,0.00031209598819259554,ok,0.07564627699321136,9,True,linf_large
nan,nan,nan,0.0,nan,1.0,0.38347143899591174,0.0,1.0,5.220010163910585,0.6623828984316,2.037672917464219,0.5295207836907598,0.3655,2.0,1e-13,1.841889141207531e-11,1.2057532350328228e-10,2.817802844834073,0.3522171389517426,1.659111122406588,0.4704792163092401,0.2746201463140124,1.0,0.3036254399664891,0.054143631661621,0.5804774646813571,5.220010163910585,0.5135443109565863,1.8026764160525675,ellipse,nan,nan,17.031379436313486,70.08237349835592,23.447165306104637,102.87683173403045,20.21990601279583,17.031379436313486,70.08237349835592,23.447165306104637,102.87683173403045,20.21990601279583,90.27713738452742,90.27713738452742,2008,0.1786780789510876,0.0,0.1,0.07102273966348085,0.08545413722300925,0.07858222511942226,0.06010093152163425,0.7323542158325657,0.19678050261027885,0.19678050261027885,0.19678050261027885,0.14589690329931837,0,0.3575767934905467,173,False,9.242819493544346,0.29218048626843085,interior_core,-0.33469700287459564,0.19596863319631241,26.21603865353676,46,0.0,0.26151819990155656,9.556382726007227,0.04840034325337533,0.15917172753166794,0,76,112,3777,0,0,0,0,189,189,77,3777,265,0.3227429176595181,ccpfm,5.220010163910585,0.6623828984316,2.037672917464219,0.5295207836907598,0.3655,2.817802844834073,0.3522171389517426,1.659111122406588,0.4704792163092401,0.2746201463140124,5.220010163910585,0.5135443109565863,1.8026764160525675,1.0,0.3227429176595181,1.0,3.126388037344441e-13,2.0368222664046698e-09,1.5005561238012888e-09,1.5805451392125747e-09,2.0585095988900903e-09,1.078710454294196e-09,1.6096889376981949e-09,0.35,0.65,0.06373058481948453,0.08619804794254364,0.07546402036907335,0.05630956683729762,2.35,0,68,24,0.0024743499961914495,ok,0.3859457889921032,8,False,
nan,nan,nan,0.0,nan,1.0,0.0937132980034221,0.0,1.0,6.645813203969821,0.7244327222844025,2.3780643228024303,0.832014072119613,0.39112050739957716,2.0,1e-13,3.183906263637404e-12,1.4111523164692745e-11,1.55235760067435,0.11610175207090952,0.7609183743931965,0.167985927880387,0.03664921465968586,1.0,0.25071382918033325,0.04795168133138196,0.5653520764557367,6.645813203969821,0.5797131720569066,2.185155391479969,ellipse,nan,nan,4.182469659576894,18.21643880433954,7.322304682816756,32.604558845545725,4.716102588373904,4.182469659576894,18.21643880433954,7.322304682816756,32.604558845545725,4.716102588373904,22.067614022532943,22.067614022532943,2009,0.661729758267635,0.0,0.2,0.16359106545248234,0.20255736589093148,0.20464534257146194,0.20573794580207605,0.7902678782150608,0.40915812741823365,0.3431979913819997,0.40915812741823365,0.40915812741823365,0,0.3424427930854999,82,False,9.469062534157736,0.2636773646676007,near_boundary_interior,-0.23803517257064277,0.2766346028530836,27.20278785003512,50,0.0,0.3044350878392095,10.437786190961695,0.08279826313992898,0.17549696070294066,0,38,11,1137,0,0,0,0,46,46,35,1137,84,0.33157431838170626,ccpfm,6.645813203969821,0.7244327222844025,2.3780643228024303,0.832014072119613,0.39112050739957716,1.55235760067435,0.11610175207090952,0.7609183743931965,0.167985927880387,0.03664921465968586,6.645813203969821,0.5797131720569066,2.185155391479969,1.0,0.33157431838170626,1.0,6.561418075534675e-14,3.2844615915905706e-10,2.598459225566785e-10,1.9217333280252547e-10,1.592350713092161e-10,2.41466180384009e-10,2.1377959125157275e-10,0.35,0.65,0.13701715239685466,0.21047651080053895,0.1851550938772097,0.17644803578979926,2.35,0,68,24,0.00029345499933697283,ok,0.09400675300275907,9,False,
,,,,,,0.07511476299259812,,,,,,,,2.0,,0.0,0.0,,,,,,,,,0.0,,,,ellipse,,,,,,,,,,,,,,,2009,0.826546941036438,0.0,0.16,0.7458873133280658,0.48525012709799487,0.8884499392057588,1.2485213274909073,1.0,4.60770158690675,1.3752271777174663,4.60770158690675,4.60770158690675,,0.08800000000000004,48,False,61.79381077213029,0.0458603603680645,near_boundary_interior,0.9818377232591271,0.5220523778179099,86.79652511719156,23,,0.28345199531445964,44.43846799496866,0.06574626142937477,0.030728711344468865,,48,32,0,,,,,71,71,39,,119,0.0,wls,,,,,,,,,,,,,,,,,3.108624468950438e-14,1.199040866595169e-14,9.880984919163893e-15,1.9095836023552692e-14,1.0880185641326534e-14,6.661338147750939e-15,1.9872992140790302e-14,,,0.9531195025311171,0.4912899551627396,1.2339332368687945,1.6043232562010392,,,,,0.000439827999798581,ok,0.0755545909923967,9,False,
nan,nan,nan,0.0,nan,1.0,0.15002840400848072,0.0,1.0,5.106300071316069,0.6694283500795299,2.113172988727961,0.7488038277511961,0.3761980830670926,2.0,1e-13,3.560124417489874e-12,1.5905134485224553e-11,2.548051670195217,0.20776061996025552,1.3501052843215025,0.2511961722488038,0.20238095238095238,1.0,0.30554571475058034,0.04673563443461763,0.5626268011973445,5.106300071316069,0.553904992611745,1.944181408090233,ellipse,nan,nan,6.246535945160982,25.919789077116388,10.610653934961489,47.75776729476498,7.140328081608124,6.246535945160982,25.919789077116388,10.610653934961489,47.75776729476498,7.140328081608124,31.19974695451107,31.19974695451107,2009,0.41838694535302284,0.0,0.16,0.07610925259281068,0.09066840708539892,0.09065613482198648,0.09063908303241915,0.7459677190498026,0.19695518414207847,0.17310957655170792,0.19695518414207847,0.19695518414207847,0,0.08800000000000001,67,False,25.158334507050835,0.16672135010801534,near_boundary_interior,0.49331470870215377,-0.4138998579578028,26.57707947819061,47,0.0,0.28345199531445964,9.867967771912605,0.06574626142937477,0.16672135010801534,0,48,32,1672,0,0,0,0,71,71,39,1672,119,0.33253588516746413,ccpfm,5.106300071316069,0.6694283500795299,2.113172988727961,0.7488038277511961,0.3761980830670926,2.548051670195217,0.20776061996025552,1.3501052843215025,0.2511961722488038,0.20238095238095238,5.106300071316069,0.553904992611745,1.944181408090233,1.0,0.33253588516746413,1.0,1.758593271006248e-13,4.666658171004201e-10,3.652624869232568e-10,3.0821123431223896e-10,2.1522517101857375e-10,2.0182722160200228e-10,2.0349455454038434e-10,0.35,0.65,0.06910210847839522,0.0914647758522581,0.08946138250530762,0.08778343092425522,2.35,0,68,24,0.00046114399447105825,ok,0.15048954800295178,9,False,
,,,,,,0.44412166699476074,,,,,,,,2.0,,0.0,0.0,,,,,,,,,0.0,,,,ellipse,,,,,,,,,,,,,,,2008,0.14106042505357572,0.0,0.08,0.055171483485073405,0.06325891695770686,0.05975293935705054,0.04642973307518507,1.0,0.24184675057776384,0.24184675057776384,0.24184675057776384,0.18513889152707458,,0.43775289145347807,373,False,158.08464834645528,0.015927987792599806,interior_core,-0.04726401812349288,-0.3107204222354405,314.32272146544466,23,,0.25005886519538706,154.163081280539,0.03886852175790247,0.008400086568180346,,95,198,0,,,,,292,292,94,,387,0.0,wls,,,,,,,,,,,,,,,,,1.2789769243681803e-13,7.016609515630989e-14,4.263256414560601e-14,7.638334409421077e-14,4.618527782440651e-14,3.552713678800501e-14,8.526512829121202e-14,,,0.05213854208884284,0.06382554181617237,0.06002372447724384,0.05109845648517479,,,,,0.003023194003617391,ok,0.44714486099837814,8,False,
,,,,,,0.18778732600912917,,,,,,,,2.0,,0.0,0.0,,,,,,,,,0.0,,,,ellipse,,,,,,,,,,,,,,,2009,0.5083188461704186,0.0,0.12,0.19436366177118442,0.19245216581375896,0.2204260149699105,0.2637669380897638,1.0,1.0034784776307515,0.49022058849557476,1.0034784776307515,1.0034784776307515,,0.06600000000000002,65,False,109.71395188451329,0.025663834387134214,near_boundary_interior,0.8955570760759359,0.6537898351999256,138.81632495934477,23,,0.24938158696913906,72.36604255582535,0.049337185746829805,0.019231270458036766,,64,67,0,,,,,127,127,60,,191,0.0,wls,,,,,,,,,,,,,,,,,4.796163466380676e-14,1.7985612998927536e-14,1.554312234475219e-14,3.197442310920451e-14,2.5091040356528538e-14,1.0658141036401503e-14,3.7969627442180354e-14,,,0.2000221154845284,0.1936845741603286,0.24529734032145542,0.29235454675505745,,,,,0.0008669480012031272,ok,0.1886542740103323,9,False,
nan,nan,nan,0.0,nan,1.0,0.26914880200638436,0.0,1.0,4.531167101830497,0.6638439419741737,1.980957423320295,0.6211453744493393,0.34929078014184395,2.0,1e-13,5.807174185967767e-12,3.881709665313403e-11,2.7838212700537333,0.3128925091123633,1.5998797267664167,0.3788546255506608,0.25775193798449614,1.0,0.2973917420816951,0.04796546039823691,0.569684254189276,4.531167101830497,0.5212842289639785,1.8179381565239057,ellipse,nan,nan,11.25157438696816,46.22029156785215,16.083935603179306,71.85586320355908,13.302109764718223,11.25157438696816,46.22029156785215,16.083935603179306,71.85586320355908,13.302109764718223,56.74556867324364,56.74556867324364,2009,0.32997933585351535,0.0,0.12,0.06775751720812545,0.0783190718321547,0.07684316793755996,0.0740863221425527,0.716404532494346,0.17050413100794642,0.17050413100794642,0.17050413100794642,0.16752439551881382,0,0.32356208005359705,135,False,8.68493850046295,0.2726498804630883,interior_core,-0.4027393522118303,0.19025561571660965,26.038966850969672,46,0.0,0.24938158696913906,9.517604927600898,0.049337185746829805,0.1629572138890704,0,64,67,2724,0,0,0,0,127,127,60,2724,191,0.3146108663729809,ccpfm,4.531167101830497,0.6638439419741737,1.980957423320295,0.6211453744493393,0.34929078014184395,2.7838212700537333,0.3128925091123633,1.5998797267664167,0.3788546255506608,0.25775193798449614,4.531167101830497,0.5212842289639785,1.8179381565239057,1.0,0.3146108663729809,1.0,2.8421709430404007e-13,7.078839736607279e-10,4.5332049225521587e-10,5.200817554396053e-10,6.536636787402017e-10,4.660676289347521e-10,5.949569725771653e-10,0.35,0.65,0.059376458663728884,0.07637290370144519,0.07281638509140816,0.06862746364395558,2.35,0,68,24,0.001029093997203745,ok,0.2701778960035881,9,False,
,,,,,,0.24152439000317827,,,,,,,,2.0,,0.0,0.0,,,,,,,,,0.0,,,,ellipse,,,,,,,,,,,,,,,2009,0.27215864193623135,0.0,0.1,0.09236391148759038,0.1021844211409744,0.10189642690160829,0.1011380404375923,1.0,0.39027455440133463,0.2657635136545111,0.39027455440133463,0.39027455440133463,,0.055000000000000014,96,False,151.07708152894244,0.01834758130638838,near_boundary_interior,-0.9233221902096491,-0.6456457100866541,199.30566311019098,23,,0.2657911743432584,105.96913547746416,0.048202857954186065,0.013116112607524577,,76,119,0,,,,,192,192,73,,268,0.0,wls,,,,,,,,,,,,,,,,,7.016609515630989e-14,3.4638958368304884e-14,2.3092638912203256e-14,4.529709940470639e-14,2.1760371282653068e-14,1.5987211554602254e-14,3.863576125695545e-14,,,0.09344052168428371,0.1025162452017534,0.1103956693751959,0.12215547300572782,,,,,0.0012741909886244684,ok,0.24279858099180274,9,False,
nan,nan,nan,0.0,nan,1.0,0.7956287440028973,0.0,1.0,6.222367625350794,0.7208975326822455,1.974646399796111,0.45165303945965163,0.3825265643447462,2.0,1e-13,6.230813087704234e-11,4.739825159128504e-10,2.9147098050543163,0.392150524436468,1.6848648934834733,0.5483469605403484,0.2959481361426256,1.0,0.2955968012849783,0.057783895090155406,0.5858299213405502,6.222367625350794,0.5446230993775791,1.7943746397445546,ellipse,nan,nan,25.922037715973993,113.27869463343535,34.95879387942919,149.32696547747824,31.23914517494176,25.922037715973993,113.27869463343535,34.95879387942919,149.32696547747824,31.23914517494176,136.4278603073697,136.4278603073697,2008,0.10740252516949278,0.0,0.08,0.056430257522460524,0.06595772128011941,0.06111624235289207,0.04143794498539885,0.730262248936917,0.13183257344407218,0.13183257344407218,0.13183257344407218,0.10578618004242857,0,0.21919422203769226,168,False,8.340695684775117,0.3171564462879752,interior_core,0.31772637362504935,-0.3722532863039245,26.9567645125426,46,0.0,0.25005886519538706,9.368208296370872,0.03886852175790247,0.15565052973949914,0,95,198,5626,0,0,0,0,292,292,94,5626,387,0.33505154639175255,ccpfm,6.222367625350794,0.7208975326822455,1.974646399796111,0.45165303945965163,0.3825265643447462,2.9147098050543163,0.392150524436468,1.6848648934834733,0.5483469605403484,0.2959481361426256,6.222367625350794,0.5446230993775791,1.7943746397445546,1.0,0.33505154639175255,1.0,7.371880883511039e-13,5.450729645417596e-09,4.874120662634596e-09,3.867416609182328e-09,4.453376334367931e-09,2.602892124059508e-09,3.91186816273148e-09,0.35,0.65,0.051137520935808395,0.0661183170846358,0.05887131369860626,0.03946985292524903,2.35,0,68,24,0.004455118993064389,ok,0.8000838629959617,8,False,
,,,,,,0.056188574992120266,,,,,,,,2.0,,0.0,0.0,,,,,,,,,0.0,,,,star,,,,,,,,,,,,,,,3000,0.970492418572657,0.0,0.2,1.0908382319588645,1.1637919112595272,1.5164383239118273,1.532786765889553,1.0,8.26343939345165,1.1637919112595272,8.26343939345165,8.26343939345165,,0.10999999999999999,66,False,40.698082188423285,0.07359219532430403,near_boundary_interior,0.30413942001062766,-0.8248744727342502,50.985371888684604,23,,0.11000000000000003,38.070441856549635,0.05720000000000002,0.046769513963896586,,48,1,0,,,,,36,36,35,,84,0.0,wls,,,,,,,,,,,,,,,,,1.7541523789077473e-14,5.773159728050814e-15,4.884981308350689e-15,7.854827899222983e-15,3.774758283725532e-15,2.220446049250313e-15,6.716849298982197e-15,,,1.2878509116425365,1.1637919112595272,1.9672247621399361,1.985408384901072,,,,,0.00028099800692871213,ok,0.05646957299904898,0,False,
nan,nan,nan,0.0,nan,1.0,0.09548352399724536,0.0,1.0,4.158221820918823,0.4787273460440744,2.173490294470253,0.933,0.31511254019292606,2.0,1e-13,3.4070524179696804e-12,1.1161652386125287e-11,1.8008574282804084,0.11595596969791637,0.8073313746144755,0.067,0.07462686567164178,1.0,0.2073598195735114,0.03443565727943923,0.5210454811670131,4.158221820918823,0.40512637414426833,2.1083055122676146,star,nan,nan,5.5324577971317845,30.779809938772456,7.306223856336508,26.864518189280385,5.646373405418027,5.5324577971317845,30.779809938772456,7.306223856336508,26.864518189280385,5.646373405418027,30.422650947408478,30.422650947408478,3000,0.9123882720603814,0.0,0.2,0.09600366740289999,0.17648878897391718,0.13346033923326237,0.13079856775824683,0.8501178010793373,0.2898992362582259,0.17648878897391718,0.2898992362582259,0.2898992362582259,0,0.2755262038848085,82,False,10.63865604468196,0.2921825003810206,near_boundary_interior,-0.4217246589064314,-0.32453592159419853,28.708601740807147,50,0.0,0.11000000000000003,15.269227176806115,0.05720000000000002,0.16950727234290236,0,48,1,1000,0,0,0,0,36,36,35,1000,84,0.299,ccpfm,4.158221820918823,0.4787273460440744,2.173490294470253,0.933,0.31511254019292606,1.8008574282804084,0.11595596969791637,0.8073313746144755,0.067,0.07462686567164178,4.158221820918823,0.40512637414426833,2.1083055122676146,1.0,0.299,1.0,5.551115123125783e-14,2.284554767584268e-10,1.9837065323713432e-10,1.9945822771205712e-10,6.686251552423528e-11,8.706768639399343e-11,7.745934449410186e-11,0.35,0.65,0.08633665153413503,0.17648878897391718,0.131881413634733,0.13038286136377186,2.35,0,68,24,0.0003176379977958277,ok,0.09580116199504118,0,False,
nan,nan,nan,0.0,nan,1.0,0.5521461559983436,0.0,1.0,5.583843934585721,0.6739953110268183,1.9828691562494516,0.5183150183150184,0.3624432104997476,2.0,1e-13,1.9315965493760245e-11,1.331217915976523e-10,3.077549562700432,0.350793807855907,1.6599287856854437,0.4816849816849817,0.28028245518739814,1.0,0.3050239941208207,0.054555262998401105,0.5798027356233117,5.583843934585721,0.5334871379957394,1.8044719468486512,ellipse,nan,nan,17.0134291995386,69.92401048866562,24.03452011808274,107.18006214034304,20.546662960302314,17.0134291995386,69.92401048866562,24.03452011808274,107.18006214034304,20.546662960302314,95.72059344880566,95.72059344880566,2009,0.13738389050640096,0.0,0.1,0.07034892231030176,0.08472864062598019,0.07760935742486054,0.05473013356811688,0.7232055634922263,0.18741371202359247,0.18741371202359247,0.18741371202359247,0.14828713026595475,0,0.5019111875992169,235,False,9.563753612716717,0.29646881781642975,interior_core,0.007474484551084043,-0.21795688033197638,26.51895513953716,46,0.0,0.2657911743432584,9.454076977214573,0.048202857954186065,0.16671222389322898,0,76,119,3822,0,0,0,0,192,192,73,3822,268,0.3228676085818943,ccpfm,5.583843934585721,0.6739953110268183,1.9828691562494516,0.5183150183150184,0.3624432104997476,3.077549562700432,0.350793807855907,1.6599287856854437,0.4816849816849817,0.28028245518739814,5.583843934585721,0.5334871379957394,1.8044719468486512,1.0,0.3228676085818943,1.0,5.080380560684716e-13,2.173809576788699e-09,2.0469119732524632e-09,1.6924914802984858e-09,1.6520713685963528e-09,1.4027430328411583e-09,1.735559251869745e-09,0.35,0.65,0.06274133110623273,0.08478512128474205,0.07412599073843087,0.052282386882843465,2.35,0,68,24,0.0015789669996593148,ok,0.5537251229980029,9,False,
,,,,,,0.4085743210016517,,,,,,,,2.0,,0.0,0.0,,,,,,,,,0.0,,,,ellipse,,,,,,,,,,,,,,,2009,0.11942756967438223,0.0,0.08,0.058034430617861635,0.06695299608337195,0.06278787933459112,0.045685462373674206,1.0,0.19811928298268078,0.19811928298268078,0.19811928298268078,0.15967993878805486,,0.3498896938913978,228,False,123.81251116043089,0.017498920007658313,interior_core,0.447348689225804,0.4862140443139171,326.2731452454919,23,,0.25690081524762093,154.79232752781263,0.03908095820522403,0.008088740697477427,,95,196,0,,,,,289,289,93,,384,0.0,wls,,,,,,,,,,,,,,,,,1.474376176702208e-13,5.3290705182007514e-14,5.995204332975845e-14,9.947598300641403e-14,6.217248937900877e-14,2.9753977059954195e-14,9.059419880941277e-14,,,0.05171078133267623,0.06410241444347041,0.05960707221915025,0.048795211135909206,,,,,0.0025454179994994774,ok,0.4111197390011512,9,False,
,,,,,,0.05941163298848551,,,,,,,,2.0,,0.0,0.0,,,,,,,,,0.0,,,,star,,,,,,,,,,,,,,,3000,0.939279415095076,0.0,0.16,0.531343559500393,0.35553444217833996,0.6841865380428773,0.75315301815394,1.0,5.037501004618829,0.583307911312236,5.037501004618829,5.037501004618829,,0.08800000000000005,66,False,57.91886709775175,0.05213873111618271,near_boundary_interior,0.32811991510654137,0.8286748229899237,91.55953934963998,23,,0.08800000000000005,54.792414589816076,0.04576000000000004,0.02667433877143664,,60,8,0,,,,,56,56,48,,116,0.0,wls,,,,,,,,,,,,,,,,,3.730349362740526e-14,1.3322676295501878e-14,9.325873406851315e-15,1.9290125052862095e-14,1.2365108936762681e-14,9.325873406851315e-15,2.842170943040401e-14,,,0.6680528110601904,0.3546930024624858,0.961492225382625,1.028385787719665,,,,,0.0004027480026707053,ok,0.05981438099115621,0,False,
,,,,,,0.10537826499785297,,,,,,,,2.0,,0.0,0.0,,,,,,,,,0.0,,,,star,,,,,,,,,,,,,,,3000,0.79983334428128,0.0,0.12,0.1530521781075196,0.13633820039753955,0.18306073537638878,0.204785542768833,1.0,0.9536376866356638,0.3133806023986272,0.9536376866356638,0.9536376866356638,,0.066,81,False,117.23191508496663,0.024528924949694005,near_boundary_interior,0.8791552635756316,0.09795156282756037,152.70854930577428,23,,0.17808240523373722,86.09642605325713,0.043890827050049055,0.017718141181011303,,80,27,0,,,,,103,103,76,,183,0.0,wls,,,,,,,,,,,,,,,,,4.707345624410664e-14,1.4876988529977098e-14,1.1324274851176597e-14,4.3520742565306136e-14,1.6708856520608606e-14,1.5987211554602254e-14,3.197442310920451e-14,,,0.18402517983664612,0.13695905704046105,0.24529245130939922,0.27364219044361826,,,,,0.0006792329950258136,ok,0.10605749799287878,0,False,
nan,nan,nan,0.0,nan,1.0,0.16844038100680336,0.0,1.0,5.216728767637764,0.49223211080050117,2.130457990441837,0.8897290485192186,0.29107648725212465,2.0,1e-13,4.578032397617449e-12,2.0385283243020065e-11,2.7122068711901166,0.2504651656607943,1.2928260108078402,0.11027095148078135,0.2,1.0,0.2706921282241659,0.037465771896625866,0.5284667789162094,5.216728767637764,0.4561839958131448,2.0489047428526694,star,nan,nan,7.32864198335794,38.97345795512402,10.312422049986301,45.82219811986081,7.7812981310808915,7.32864198335794,38.97345795512402,10.312422049986301,45.82219811986081,7.7812981310808915,40.436041769022744,40.436041769022744,3000,0.8497619824977068,0.0,0.16,0.0704513354148011,0.0741510724871158,0.09071692771297186,0.0949835234776851,0.8246866617796946,0.23338591157735622,0.13944056135680183,0.23338591157735622,0.23338591157735622,0,0.08799999999999998,76,False,13.919091478211735,0.31662416885505246,near_boundary_interior,-0.5447280326474833,-0.1485706795091492,29.4548367766093,57,0.0,0.08800000000000005,12.827425950332973,0.04576000000000004,0.17433632235164614,0,60,8,1587,0,0,0,0,56,56,48,1587,116,0.2810333963453056,ccpfm,5.216728767637764,0.49223211080050117,2.130457990441837,0.8897290485192186,0.29107648725212465,2.7122068711901166,0.2504651656607943,1.2928260108078402,0.11027095148078135,0.2,5.216728767637764,0.4561839958131448,2.0489047428526694,1.0,0.2810333963453056,1.0,1.7186252421197423e-13,4.878295545296396e-10,4.898534911035313e-10,2.985908464925302e-10,2.4940133985795754e-10,4.0254166666642277e-10,2.3609425525705774e-10,0.35,0.65,0.06852482022425699,0.07279877495588419,0.09862406205102987,0.10229636493463512,2.35,0,68,24,0.0003989849938079715,ok,0.16883936600061134,0,False,
nan,nan,nan,0.0,nan,1.0,0.2382808390102582,0.0,1.0,4.905749527370856,0.5280135718533641,1.896171811116078,0.7872991583779648,0.30903790087463556,2.0,1e-13,1.1546201494905262e-11,4.221019477355477e-11,2.3531476396331836,0.2910059783658153,1.4635571256106144,0.2127008416220352,0.22841726618705036,1.0,0.2762628010503042,0.04121738238828529,0.5330274584072198,4.905749527370856,0.4733271830334346,1.7906097779627836,star,nan,nan,12.995662964695658,60.65613667243136,18.931549232555945,80.74222259076987,14.22971639827146,12.995662964695658,60.65613667243136,18.931549232555945,80.74222259076987,14.22971639827146,67.21817291621694,67.21817291621694,3000,0.7783947349429282,0.0,0.12,0.05456180688134187,0.051140027520849285,0.06525960371597109,0.07201927004301444,0.7581718601557486,0.1907160078184833,0.12051569312119115,0.1907160078184833,0.1907160078184833,0,0.066,99,False,15.822159177147464,0.27219111061602275,near_boundary_interior,-0.6052276252050963,0.18229539949497314,33.32840739307484,53,0.0,0.17808240523373722,9.88226847921593,0.043890827050049055,0.15512266653008255,0,80,27,2614,0,0,0,0,103,103,76,2614,183,0.29188982402448355,ccpfm,4.905749527370856,0.5280135718533641,1.896171811116078,0.7872991583779648,0.30903790087463556,2.3531476396331836,0.2910059783658153,1.4635571256106144,0.2127008416220352,0.22841726618705036,4.905749527370856,0.4733271830334346,1.7906097779627836,1.0,0.29188982402448355,1.0,3.1441516057384433e-13,1.364409252246901e-09,1.3933501019636196e-09,8.771481319058694e-10,8.604477130802479e-10,1.076726485749191e-09,7.563740744842562e-10,0.35,0.65,0.053306415693441626,0.05043040815118864,0.07105365356832696,0.07706293820527035,2.35,0,68,24,0.001091013997211121,ok,0.23937185300746933,0,False,
,,,,,,0.1925946270057466,,,,,,,,2.0,,0.0,0.0,,,,,,,,,0.0,,,,star,,,,,,,,,,,,,,,3000,0.9657022103053018,0.0,0.1,0.38747535902982067,0.11910167216065795,0.44978557397170443,0.618415191407228,1.0,4.272759906023918,0.30301815557191564,4.272759906023918,4.272759906023918,,0.05500000000000005,96,False,156.57555944804807,0.018489795964278095,near_boundary_interior,0.9025779187977131,0.09090308216614809,214.67661405039905,23,,0.1614515267699077,115.08679112095183,0.037260844920742185,0.012518444531257254,,95,55,0,,,,,146,146,91,,241,0.0,wls,,,,,,,,,,,,,,,,,6.88338275267597e-14,3.2862601528904634e-14,2.3203661214665772e-14,4.907185768843192e-14,1.9539925233402755e-14,1.354472090042691e-14,5.417888360170764e-14,,,0.5361964519233027,0.12003360347826018,0.6888997533703697,0.8675888998389981,,,,,0.0009316789946751669,ok,0.19352630600042176,0,False,
nan,nan,nan,0.0,nan,1.0,0.7465070960024605,0.0,1.0,6.235485955728062,0.7074475414972179,1.9824399866529114,0.4550359712230216,0.37272727272727274,2.0,1e-13,5.556795908828738e-11,3.8361002455702275e-10,2.8987373199935487,0.39922536294105115,1.6373091589195292,0.5449640287769785,0.2953795379537954,1.0,0.28160836555345614,0.05822194567188146,0.5770909373729859,6.235485955728062,0.5367577842494995,1.7746237850095778,ellipse,nan,nan,25.636516623823375,104.58517113487113,34.660494771520746,154.54373417747578,30.84137615654146,25.636516623823375,104.58517113487113,34.660494771520746,154.54373417747578,30.84137615654146,138.09080321083272,138.09080321083272,2009,0.08947183498755963,0.0,0.08,0.06311942932589208,0.07404768780608921,0.06828937701273156,0.04300770175924982,0.7284324538416181,0.15435549663467582,0.15435549663467582,0.15435549663467582,0.11522811376533787,0,0.556016875908756,257,False,9.652420055061887,0.2954454517582154,interior_core,0.043235049325099154,-0.14015021186213067,27.117747992928404,46,0.0,0.25690081524762093,9.416746081578404,0.03908095820522403,0.1565990105365444,0,95,196,5560,0,0,0,0,289,289,93,5560,384,0.33057553956834534,ccpfm,6.235485955728062,0.7074475414972179,1.9824399866529114,0.4550359712230216,0.37272727272727274,2.8987373199935487,0.39922536294105115,1.6373091589195292,0.5449640287769785,0.2953795379537954,6.235485955728062,0.5367577842494995,1.7746237850095778,1.0,0.33057553956834534,1.0,6.052935930256353e-13,4.869789016481718e-09,4.310630075110566e-09,3.7156837606744375e-09,4.6455743696327545e-09,2.801578080635636e-09,4.362474714803e-09,0.35,0.65,0.057676532739652446,0.07545002673516749,0.0664838001623891,0.04168973623142278,2.35,0,68,24,0.0030486140021821484,ok,0.7495557100046426,9,False,
,,,,,,0.03744587900291663,,,,,,,,2.0,,0.0,0.0,,,,,,,,,0.0,,,,star,,,,,,,,,,,,,,,3001,0.9992696577146373,0.0,0.2,1.0550363941566854,0.1861745533632621,1.47989445264361,1.5147168611938373,1.0,7.824080016722547,0.1861745533632621,7.824080016722547,7.824080016722547,,0.10999999999999999,66,False,40.288146209620564,0.07436751308163346,near_boundary_interior,0.30413942001062766,-0.8248744727342502,47.26583730022333,23,,0.11000000000000003,37.35486371736522,0.05720000000000002,0.05057652893334257,,48,1,0,,,,,35,35,34,,83,0.0,wls,,,,,,,,,,,,,,,,,1.354472090042691e-14,7.771561172376096e-15,6.217248937900877e-15,1.1352030426792226e-14,6.8035854727810374e-15,5.329070518200751e-15,9.929557176491244e-15,,,1.239854431325711,0.1861745533632621,1.909306814399061,1.9369182385683328,,,,,0.0003335859946673736,ok,0.037779464997584,1,False,
nan,nan,nan,0.0,nan,1.0,0.3180663539969828,0.0,1.0,6.0906274587282025,0.5664944520963142,2.090869539305831,0.7220465651049152,0.3160828025477707,2.0,1e-13,1.1715739489659427e-11,5.3319344951982805e-11,2.249550703026668,0.31854611142356387,1.5329006546572916,0.2779534348950848,0.250258531540848,1.0,0.29464075149829233,0.04345908317816767,0.5552130693965229,6.0906274587282025,0.4921428109040621,1.8930469495781306,star,nan,nan,18.11434747236993,86.14318251494224,25.360837530934624,112.86990495155923,19.92524671412648,18.11434747236993,86.14318251494224,25.360837530934624,112.86990495155923,19.92524671412648,93.03731454190817,93.03731454190817,3000,0.6617496097824115,0.0,0.1,0.04247465822820304,0.04100055628980406,0.04930504117283486,0.05611657898189341,0.7662026548964865,0.17221582920170447,0.08861823193249219,0.17221582920170447,0.17221582920170447,0,0.05500000000000003,121,False,16.228514647897963,0.2635741350981126,near_boundary_interior,-0.6196603863066784,-0.1816906060376642,34.336302804140466,54,0.0,0.1614515267699077,9.870274094447497,0.037260844920742185,0.150761135469416,0,95,55,3479,0,0,0,0,146,146,91,3479,241,0.2977867203219316,ccpfm,6.0906274587282025,0.5664944520963142,2.090869539305831,0.7220465651049152,0.3160828025477707,2.249550703026668,0.31854611142356387,1.5329006546572916,0.2779534348950848,0.250258531540848,6.0906274587282025,0.4921428109040621,1.8930469495781306,1.0,0.2977867203219316,1.0,4.050093593832571e-13,1.265392235438867e-09,1.1369338803746132e-09,1.0982192932829093e-09,7.661192791275084e-10,6.472700153636879e-10,7.368023968723492e-10,0.35,0.65,0.04188570815061679,0.04066781822339656,0.05381433224931262,0.06038798500924022,2.35,0,68,24,0.0011341810022713616,ok,0.31920053499925416,0,False,
nan,nan,nan,0.0,nan,1.0,0.07210383900383022,0.0,1.0,4.7289358698230055,0.4696309438597706,2.1532866594502913,0.9244897959183673,0.31567328918322296,2.0,1e-13,3.3683611455614937e-12,1.054801132620746e-11,2.2023193250364583,0.12208881257880932,0.8918126877814958,0.07551020408163266,0.08108108108108109,1.0,0.22787359299256843,0.03469614835961454,0.5196486077033142,4.7289358698230055,0.4036775698073508,2.1091733882993835,star,nan,nan,5.334299584461153,30.326110729830887,7.321277519499535,29.342413484260216,5.479063297778099,5.334299584461153,30.326110729830887,7.321277519499535,29.342413484260216,5.479063297778099,30.289696726210423,30.289696726210423,3001,0.9999636194555767,0.0,0.2,0.08028562550721276,0.003162001332754835,0.1126162589965604,0.1153061744532538,0.8348571191308913,0.23702034257294352,0.003162001332754835,0.23702034257294352,0.23702034257294352,0,0.11000000000000006,60,False,15.472562453620329,0.3195824418676282,near_boundary_interior,-0.5470711752408862,-0.18358034994141717,28.93106667403725,50,0.0,0.11000000000000003,14.800506190037057,0.05720000000000002,0.1670270574847252,0,48,1,980,0,0,0,0,35,35,34,980,83,0.2979591836734694,ccpfm,4.7289358698230055,0.4696309438597706,2.1532866594502913,0.9244897959183673,0.31567328918322296,2.2023193250364583,0.12208881257880932,0.8918126877814958,0.07551020408163266,0.08108108108108109,4.7289358698230055,0.4036775698073508,2.1091733882993835,1.0,0.2979591836734694,1.0,8.79296635503124e-14,1.9703527698311518e-10,1.7015322484326134e-10,1.8206858243274837e-10,6.961162896113038e-11,6.533218410709196e-11,7.622949493857334e-11,0.35,0.65,0.07683075420969676,0.003162001332754835,0.118315085111356,0.1200411791500943,2.35,0,68,24,0.00025246699806302786,ok,0.07235630600189324,1,False,
,,,,,,0.2716767790116137,,,,,,,,2.0,,0.0,0.0,,,,,,,,,0.0,,,,star,,,,,,,,,,,,,,,3000,0.8966702878354597,0.0,0.08,0.10046518784638847,0.0466378138684489,0.11262444536508553,0.16917017226483186,1.0,1.2630102591059031,0.10901204344088661,1.2630102591059031,1.2630102591059031,,0.04400000000000007,131,False,267.5734111161141,0.011137996074686725,near_boundary_interior,0.32534790656364776,0.8942381701283242,333.0444525235451,23,,0.1555756464338486,170.2753096278209,0.029826002731608233,0.007835558630945578,,119,109,0,,,,,226,226,117,,345,0.0,wls,,,,,,,,,,,,,,,,,1.1901590823981678e-13,5.3734794391857577e-14,5.3734794391857577e-14,5.684341886080802e-14,3.552713678800501e-14,4.3076653355456074e-14,1.2168044349891716e-13,,,0.14126564496289457,0.04684526774072378,0.1745387593455785,0.23832778765616638,,,,,0.0022157259954838082,ok,0.2738925050070975,0,False,
,,,,,,0.08266087100491859,,,,,,,,2.0,,0.0,0.0,,,,,,,,,0.0,,,,star,,,,,,,,,,,,,,,3001,0.9096399961720948,0.0,0.16,0.5350738407401114,0.47413941172588975,0.6876054942167966,0.7286887523139781,1.0,4.718476131843216,0.8759334096072312,4.718476131843216,4.718476131843216,,0.08800000000000005,66,False,57.31046095018852,0.05274891432390215,near_boundary_interior,0.32811991510654137,0.8286748229899237,89.11669425510175,23,,0.08800000000000005,55.36599723098336,0.04576000000000004,0.02700172264143952,,60,7,0,,,,,57,57,50,,117,0.0,wls,,,,,,,,,,,,,,,,,1.7763568394002505e-14,1.0658141036401503e-14,8.659739592076221e-15,2.1316282072803006e-14,7.105427357601002e-15,5.995204332975845e-15,1.6014967130217883e-14,,,0.6642435596685602,0.45413661631669966,0.9516622785500182,1.0017884188160555,,,,,0.0005111899954499677,ok,0.08317206100036856,1,False,
nan,nan,nan,0.0,nan,1.0,0.12877924999338575,0.0,1.0,4.438394414199869,0.51570272447259,2.1031228538255826,0.885,0.2951977401129944,2.0,1e-13,4.762138600122867e-12,2.0436323981219614e-11,2.5184147225083473,0.2897177815106039,1.3768903873241882,0.115,0.19021739130434784,1.0,0.24728977599736973,0.03833837186237676,0.5306479365077446,4.438394414199869,0.4836455673269944,2.0282106619201623,star,nan,nan,7.584957934979834,38.97345795512419,11.154054145223714,48.53046825395292,7.900253669369931,7.584957934979834,38.97345795512419,11.154054145223714,48.53046825395292,7.900253669369931,41.080553173293495,41.080553173293495,3001,0.6933951299683726,0.0,0.16,0.08879952178675088,0.14494537704866076,0.11411329505463673,0.1055831448240511,0.8202673877138229,0.23693558418926758,0.2078212017682697,0.23693558418926758,0.23693558418926758,0,0.08799999999999998,76,False,13.843320435111298,0.31770433015940003,near_boundary_interior,-0.5447280326474833,-0.1485706795091492,28.738954330857826,55,0.0,0.08800000000000005,12.000689669157492,0.04576000000000004,0.178589250344166,0,60,7,1600,0,0,0,0,57,57,50,1600,117,0.283125,ccpfm,4.438394414199869,0.51570272447259,2.1031228538255826,0.885,0.2951977401129944,2.5184147225083473,0.2897177815106039,1.3768903873241882,0.115,0.19021739130434784,4.438394414199869,0.4836455673269944,2.0282106619201623,1.0,0.283125,1.0,2.5224267119483557e-13,6.292186771617025e-10,6.319270662302756e-10,3.865636699629249e-10,2.726067913072505e-10,4.3056147536191247e-10,2.475601945661765e-10,0.35,0.65,0.07940329132149947,0.14375840219428712,0.11376115890546845,0.10890417120516441,2.35,0,68,24,0.0007103789976099506,ok,0.1294896289909957,1,False,
,,,,,,0.12307575601153076,,,,,,,,2.0,,0.0,0.0,,,,,,,,,0.0,,,,star,,,,,,,,,,,,,,,3001,0.9870765607502967,0.0,0.12,7.804133920637344,1.7196528388916974,9.343741711694603,11.804289601207664,1.0,103.58609487831382,4.32100927414959,103.58609487831382,103.58609487831382,,0.06600000000000006,80,False,86.15162436313457,0.03619410792552305,near_boundary_interior,0.9339999999999999,-8.095834594526952e-16,145.87507849262516,23,,0.1778730190655341,88.44096361900924,0.04389082705004873,0.017954636036386896,,80,27,0,,,,,100,100,73,,180,0.0,wls,,,,,,,,,,,,,,,,,5.728750807065808e-14,1.7763568394002505e-14,1.176836406102666e-14,3.1530333899354446e-14,1.6542323066914832e-14,1.4432899320127035e-14,2.942091015256665e-14,,,10.631723877585888,1.7484056835032282,14.263954384973818,16.660799107584687,,,,,0.0005910990003030747,ok,0.12366685501183383,1,True,linf_large
nan,nan,nan,0.0,nan,1.0,0.23045405799348373,0.0,1.0,4.897472312317421,0.5392954358039711,1.9515298759235122,0.8024980483996877,0.30836575875486383,2.0,1e-13,9.910058884621264e-12,3.903421536941129e-11,2.453473795454807,0.2564817336306267,1.4398391763217315,0.19750195160031225,0.21541501976284586,1.0,0.2906573328139631,0.04040849917154984,0.525301488772285,4.897472312317421,0.49250524412907654,1.8169799856000683,star,nan,nan,12.704478741999383,60.74622660363495,18.797037693289152,81.83857256548202,13.691068005992918,12.704478741999383,60.74622660363495,18.797037693289152,81.83857256548202,13.691068005992918,66.38476484847979,66.38476484847979,3001,0.6861420860427753,0.0,0.12,0.05814167916729,0.06313659073588354,0.06961193110573966,0.0733220033210538,0.7649825856621595,0.1857395522690528,0.16356983050582297,0.1857395522690528,0.1857395522690528,0,0.17994163866996798,160,False,10.026571383969458,0.2500628169265918,near_boundary_interior,-0.49112965464281944,-0.2205965018873756,33.19322204525587,53,0.0,0.1778730190655341,10.042649981429163,0.04389082705004873,0.15835699686156704,0,80,27,2562,0,0,0,0,100,100,73,2562,180,0.290007806401249,ccpfm,4.897472312317421,0.5392954358039711,1.9515298759235122,0.8024980483996877,0.30836575875486383,2.453473795454807,0.2564817336306267,1.4398391763217315,0.19750195160031225,0.21541501976284586,4.897472312317421,0.49250524412907654,1.8169799856000683,1.0,0.290007806401249,1.0,3.836930773104541e-13,1.794061343929343e-09,1.8011450109156613e-09,1.2509344671229883e-09,8.412060076290473e-10,1.1165283142489102e-09,8.363350012530191e-10,0.35,0.65,0.056105394608659875,0.06477698401242815,0.07527328574964821,0.07880209283741826,2.35,0,68,24,0.0007870410045143217,ok,0.23124109899799805,1,False,
,,,,,,0.17626144899986684,,,,,,,,2.0,,0.0,0.0,,,,,,,,,0.0,,,,star,,,,,,,,,,,,,,,3001,0.9136056330702644,0.0,0.1,0.17565585775553538,0.08696929816456991,0.20342399649396609,0.26775663844283915,1.0,1.59445220740493,0.1639304979747237,1.59445220740493,1.59445220740493,,0.054999999999999986,114,False,181.86626820962198,0.016034216500159817,near_boundary_interior,-0.7277305686804637,0.5869891044016182,214.4847692343221,23,,0.16520614123253136,115.98035842594031,0.037260844920742206,0.011620109915064215,,95,55,0,,,,,147,147,92,,242,0.0,wls,,,,,,,,,,,,,,,,,8.659739592076221e-14,3.3084646133829665e-14,1.865174681370263e-14,4.973799150320701e-14,2.4244495300251856e-14,2.1094237467877974e-14,6.483702463810914e-14,,,0.23792834871855295,0.08771582085644063,0.3052777879398943,0.37988015845424256,,,,,0.000970250999671407,ok,0.17723169999953825,1,False,
nan,nan,nan,0.0,nan,1.0,0.5158194399991771,0.0,1.0,5.429740275284445,0.6244840924140471,2.00041274751898,0.648271679805943,0.3579669473027752,2.0,1e-13,3.6848246676157714e-11,1.8230094457853367e-10,2.783153837841767,0.3635500768532373,1.5303406185123993,0.35172832019405703,0.27241379310344827,1.0,0.2944722372431403,0.049019386589713304,0.5672224191475521,5.429740275284445,0.5230527458408581,1.8068681919443852,star,nan,nan,28.4378279197284,128.63517710655952,38.16250968030933,162.25883113284667,31.676757431273565,28.4378279197284,128.63517710655952,38.16250968030933,162.25883113284667,31.676757431273565,141.98754718241915,141.98754718241915,3000,0.4713652682010376,0.0,0.08,0.02030084156727585,0.021315811102057634,0.02275784349753851,0.024784755145594632,0.7319797546257287,0.07417786265326731,0.06757643211122488,0.07417786265326731,0.07417786265326731,0,0.04400000000000004,152,False,16.721456979873782,0.26484055792246375,near_boundary_interior,-0.603226368170765,-0.1479045430654605,29.660918337390658,49,0.0,0.1555756464338486,9.516493085915823,0.029826002731608233,0.16681187437489522,0,119,109,4947,0,0,0,0,226,226,117,4947,345,0.3278754800889428,ccpfm,5.429740275284445,0.6244840924140471,2.00041274751898,0.648271679805943,0.3579669473027752,2.783153837841767,0.3635500768532373,1.5303406185123993,0.35172832019405703,0.27241379310344827,5.429740275284445,0.5230527458408581,1.8068681919443852,1.0,0.3278754800889428,1.0,6.536993168992922e-13,6.662375540145149e-09,6.364163196437289e-09,6.067035762669093e-09,4.044127699387445e-09,5.71122416026526e-09,5.252491108720392e-09,0.35,0.65,0.019430363138138843,0.021508131926858753,0.024006908945593965,0.026120625422875913,2.35,0,68,24,0.002156172995455563,ok,0.5179756129946327,0,False,
,,,,,,0.04041310200409498,,,,,,,,2.0,,0.0,0.0,,,,,,,,,0.0,,,,star,,,,,,,,,,,,,,,3002,0.9596400977860412,0.0,0.2,0.9416170810772557,0.8086754290532847,1.3552895093574953,1.4099801174018753,1.0,6.5915094945708,0.8507373469657663,6.5915094945708,6.5915094945708,,0.10999999999999999,66,False,37.70353687835106,0.07924147929818787,near_boundary_interior,0.30413942001062766,-0.8248744727342502,46.64434207777533,23,,0.11000000000000003,37.73048910289651,0.05720000000000002,0.05002943940234281,,48,2,0,,,,,34,34,32,,82,0.0,wls,,,,,,,,,,,,,,,,,1.354472090042691e-14,1.0658141036401503e-14,4.884981308350689e-15,9.96425164601078e-15,5.732393726365359e-15,4.884981308350689e-15,7.904267518288322e-15,,,1.1074234674027137,0.8000265743056156,1.7198128520333462,1.7614236724651358,,,,,0.00023613999655935913,ok,0.04064924200065434,2,False,
nan,nan,nan,0.0,nan,1.0,0.10108927100372966,0.0,1.0,4.8099959708308635,0.4543322428365487,2.1774476109771115,0.9456521739130435,0.30344827586206896,2.0,1e-13,3.1567873315374584e-12,1.1727651812829324e-11,0.5890628365114275,0.06021552954915689,0.3040625622441727,0.05434782608695652,0.0,1.0,0.20562951206298685,0.03277022813594274,0.5141275086735213,4.8099959708308635,0.3994646468995189,2.12909363657495,star,nan,nan,5.375849754313776,31.22652148655459,7.874438881713246,35.597955453626085,5.703707685616466,5.375849754313776,31.22652148655459,7.874438881713246,35.597955453626085,5.703707685616466,31.41021096773839,31.41021096773839,3002,0.9252773040060671,0.0,0.2,0.08541640009649219,0.09981421539792544,0.12294164295046436,0.12559191603312458,0.8564616887886989,0.2964810840266324,0.1520021566979031,0.2964810840266324,0.2964810840266324,0,0.11000000000000006,60,False,15.959129603204433,0.31617420543142893,near_boundary_interior,-0.5470711752408862,-0.18358034994141717,28.695670271413363,47,0.0,0.11000000000000003,15.23578593797529,0.05720000000000002,0.1677728225470477,0,48,2,920,0,0,0,0,34,34,32,920,82,0.28695652173913044,ccpfm,4.8099959708308635,0.4543322428365487,2.1774476109771115,0.9456521739130435,0.30344827586206896,0.5890628365114275,0.06021552954915689,0.3040625622441727,0.05434782608695652,0.0,4.8099959708308635,0.3994646468995189,2.12909363657495,1.0,0.28695652173913044,1.0,6.905587213168474e-14,2.1601298527684776e-10,1.6258372426136702e-10,1.6091350474312094e-10,1.1841466696083103e-10,1.0183387466611293e-10,1.2658518677710617e-10,0.35,0.65,0.08126871940996436,0.10879261662139987,0.12620916227949358,0.12721855247580477,2.35,0,68,24,0.000360783000360243,ok,0.1014500540040899,2,False,
nan,nan,nan,0.0,nan,1.0,0.3590758240025025,0.0,1.0,6.491439770471584,0.5909835973748035,2.008345879568782,0.7231298366294067,0.3218390804597701,2.0,1e-13,1.1650361231296813e-11,5.476458938971729e-11,2.5382481969926824,0.29946300561308914,1.5292472225778342,0.2768701633705933,0.2484472049689441,1.0,0.3056387389622455,0.04522238558593011,0.5519570735955956,6.491439770471584,0.5078263002121128,1.839109966687174,star,nan,nan,18.11434747237053,82.44554509416696,26.499671289026942,114.85056653101603,20.094868005146683,18.11434747237053,82.44554509416696,26.499671289026942,114.85056653101603,20.094868005146683,93.03731454191266,93.03731454191266,3001,0.5547609297139509,0.0,0.1,0.042697395789619154,0.04799087139607104,0.04944711211109758,0.05071688205798739,0.7636331069030337,0.18124991366283727,0.10729667154163536,0.18124991366283727,0.18124991366283727,0,0.05500000000000003,121,False,16.304162755081506,0.259561741222162,near_boundary_interior,-0.6196603863066784,-0.1816906060376642,33.97506645140418,54,0.0,0.16520614123253136,9.605833041159052,0.037260844920742206,0.14500005133866506,0,95,55,3489,0,0,0,0,147,147,92,3489,242,0.3015190599025509,ccpfm,6.491439770471584,0.5909835973748035,2.008345879568782,0.7231298366294067,0.3218390804597701,2.5382481969926824,0.29946300561308914,1.5292472225778342,0.2768701633705933,0.2484472049689441,6.491439770471584,0.5078263002121128,1.839109966687174,1.0,0.3015190599025509,1.0,4.1033842990145786e-13,1.1880749717363415e-09,9.941349965458812e-10,9.79444969573251e-10,4.62850591187447e-10,1.232665192141269e-09,8.306084708920025e-10,0.35,0.65,0.0418101338079505,0.04838670487795069,0.0536451634750779,0.05655577253581935,2.35,0,68,24,0.0010873179999180138,ok,0.3601631420024205,1,False,
,,,,,,0.06659617800323758,,,,,,,,2.0,,0.0,0.0,,,,,,,,,0.0,,,,star,,,,,,,,,,,,,,,3002,0.9477196595676805,0.0,0.16,0.5284983163634714,0.34403503683578235,0.683940194132137,0.747510077187498,1.0,4.865709095768224,0.5341316365166526,4.865709095768224,4.865709095768224,,0.08800000000000005,66,False,57.428694988288875,0.052721313858675664,near_boundary_interior,0.32811991510654137,0.8286748229899237,84.39161324742359,23,,0.08800000000000005,53.99441442985065,0.04576000000000004,0.029589678500105677,,60,8,0,,,,,57,57,49,,117,0.0,wls,,,,,,,,,,,,,,,,,3.374384105470085e-14,8.43769498715119e-15,7.549516567451064e-15,1.454392162258955e-14,1.2378986724570495e-14,6.106226635438361e-15,1.5432100042289676e-14,,,0.6587318299800619,0.33953391138979827,0.9437656190224116,1.0086085158307574,,,,,0.0003802900027949363,ok,0.06697646800603252,2,False,
,,,,,,0.27029901900095865,,,,,,,,2.0,,0.0,0.0,,,,,,,,,0.0,,,,star,,,,,,,,,,,,,,,3001,0.9949043582269509,0.0,0.08,0.9166952267603735,0.09451739223062817,1.0301005109805013,1.6353438168025098,1.0,16.552972565731903,0.49961741738571885,16.552972565731903,16.552972565731903,,0.04400000000000007,144,False,260.2403895058247,0.011427967446391055,near_boundary_interior,-0.7565095719141108,0.5803991501298414,328.05396548781806,23,,0.15242049129334798,173.139133321246,0.029826002731608615,0.0075508774582295855,,119,110,0,,,,,227,227,117,,346,0.0,wls,,,,,,,,,,,,,,,,,1.006972283335017e-13,3.9968028886505635e-14,3.197442310920451e-14,7.904787935331115e-14,4.8405723873656825e-14,2.4646951146678475e-14,6.483702463810914e-14,,,1.3295383990616503,0.0952074621716945,1.6414437540558546,2.2845028709636743,,,,,0.0017552119970787317,ok,0.2720542309980374,1,True,linf_large
nan,nan,nan,0.0,nan,1.0,0.11204356601228938,0.0,1.0,4.670508606119178,0.5169720331265338,2.0607630018006873,0.8834469931804092,0.29964912280701755,2.0,1e-13,4.15382311880208e-12,1.9957546489424063e-11,2.9184317568611906,0.25359997151168856,1.4423571053542146,0.11655300681959083,0.2074468085106383,1.0,0.29707383997825154,0.03781538991939014,0.5340049396828379,4.670508606119178,0.4869216604209588,1.9999241890497002,star,nan,nan,7.440986766049835,38.914732734662415,10.466877384913566,45.20662919916541,7.912902616967855,7.440986766049835,38.914732734662415,10.466877384913566,45.20662919916541,7.912902616967855,40.43604176902114,40.43604176902114,3002,0.7831148372538033,0.0,0.16,0.07566948659188018,0.10032878915395414,0.09792538925315439,0.0972897331752854,0.8090071740714031,0.2505198550236664,0.16144756967163615,0.2505198550236664,0.2505198550236664,0,0.08799999999999998,76,False,14.010918011729744,0.31579456623620616,near_boundary_interior,-0.5447280326474833,-0.1485706795091492,28.525569257049806,56,0.0,0.08800000000000005,11.930377176885028,0.04576000000000004,0.17936445805110807,0,60,8,1613,0,0,0,0,57,57,49,1613,117,0.2889026658400496,ccpfm,4.670508606119178,0.5169720331265338,2.0607630018006873,0.8834469931804092,0.29964912280701755,2.9184317568611906,0.25359997151168856,1.4423571053542146,0.11655300681959083,0.2074468085106383,4.670508606119178,0.4869216604209588,1.9999241890497002,1.0,0.2889026658400496,1.0,1.5376588891058418e-13,4.5226467015879734e-10,4.323049695997838e-10,2.694564571470437e-10,2.8829360253224134e-10,4.759792560093956e-10,2.934104625929024e-10,0.35,0.65,0.07225959915486549,0.100439670073311,0.10352638543178805,0.1040216414685798,2.35,0,68,24,0.0005695189902326092,ok,0.11261308500252198,2,False,
,,,,,,0.11039476298901718,,,,,,,,2.0,,0.0,0.0,,,,,,,,,0.0,,,,star,,,,,,,,,,,,,,,3002,0.7841410395147057,0.0,0.12,0.1749722965218559,0.15099412611239027,0.211793259479855,0.24726296914463505,1.0,1.1756836473411663,0.3105312201236392,1.1756836473411663,1.1756836473411663,,0.06599999999999998,113,False,111.34731606249306,0.02569968350103631,near_boundary_interior,0.3648313892474991,-0.8058576447194922,147.89834366379358,23,,0.17083626096867432,87.79985983819795,0.04389082705004867,0.018086983270333357,,80,30,0,,,,,99,99,69,,179,0.0,wls,,,,,,,,,,,,,,,,,4.707345624410664e-14,2.042810365310288e-14,1.1546319456101628e-14,4.8627768478581856e-14,1.6653345369377348e-14,1.5987211554602254e-14,6.394884621840902e-14,,,0.20505955572974316,0.15023968821262873,0.2757331170120015,0.31507274321032364,,,,,0.0009951670072041452,ok,0.11138992999622133,2,False,
nan,nan,nan,0.0,nan,1.0,0.2284026499983156,0.0,1.0,5.466110219002519,0.5313137994562253,1.960322051942449,0.8101018010963195,0.305461575640406,2.0,1e-13,9.827392372097066e-12,3.6311741118843835e-11,2.111262524671337,0.25001652156225607,1.4812064045574604,0.1898981989036805,0.21443298969072164,1.0,0.29150155042445,0.03878924774755664,0.5293151844539029,5.466110219002519,0.47784007912114884,1.8325764418932142,star,nan,nan,12.381734901029782,59.85566299345004,18.09953066508092,77.66667033028563,13.469651802550885,12.381734901029782,59.85566299345004,18.09953066508092,77.66667033028563,13.469651802550885,63.678763896363414,63.678763896363414,3002,0.7571133787615293,0.0,0.12,0.05594907581592365,0.051215384102876314,0.06772293310135444,0.07769017027870014,0.7767285059471613,0.18203992865952956,0.124619376467491,0.18203992865952956,0.18203992865952956,0,0.06599999999999999,90,False,27.003789295015125,0.1856106968350085,near_boundary_interior,0.07288032225929839,0.767427065547308,33.78671914036551,53,0.0,0.17083626096867432,10.488663615008605,0.04389082705004867,0.15336755976464922,0,80,30,2554,0,0,0,0,99,99,69,2554,179,0.28817541111981204,ccpfm,5.466110219002519,0.5313137994562253,1.960322051942449,0.8101018010963195,0.305461575640406,2.111262524671337,0.25001652156225607,1.4812064045574604,0.1898981989036805,0.21443298969072164,5.466110219002519,0.47784007912114884,1.8325764418932142,1.0,0.28817541111981204,1.0,4.085620730620576e-13,1.5011749621152148e-09,1.5015468868284643e-09,1.0437655184603045e-09,7.230795961987724e-10,1.1123109100452666e-09,7.986669103843269e-10,0.35,0.65,0.05542635272347362,0.05144782934010282,0.07452898718454255,0.08257592455662925,2.35,0,68,24,0.0006958759913686663,ok,0.22909852598968428,2,False,
nan,nan,nan,0.0,nan,1.0,0.4709691120078787,0.0,1.0,5.196059307317704,0.6290183180223514,2.05804237043273,0.6529058116232465,0.3542050337630448,2.0,1e-13,3.4846084351336515e-11,1.8176497523384193e-10,2.3919956135791574,0.34979519203510223,1.5206923150426357,0.3470941883767535,0.2754041570438799,1.0,0.26671092815777936,0.04882663678854056,0.5696764380807163,5.196059307317704,0.5142453364400559,1.7999623824566857,star,nan,nan,28.69427126903242,127.50936414827817,38.602622261864745,164.9918241102969,31.83646120508601,28.69427126903242,127.50936414827817,38.602622261864745,164.9918241102969,31.83646120508601,146.01416797493573,146.01416797493573,3001,0.26305285999165606,0.0,0.08,0.02864782052572672,0.035521972383517994,0.032191871082735336,0.02627886100225421,0.7321930847644467,0.09230289669886049,0.09078693383340264,0.09230289669886049,0.09230289669886049,0,0.04400000000000004,152,False,16.40963423620879,0.2635690667869866,near_boundary_interior,-0.603226368170765,-0.1479045430654605,29.416038594401265,50,0.0,0.15242049129334798,9.469995454535866,0.029826002731608615,0.16716900076747912,0,119,110,4990,0,0,0,0,227,227,117,4990,346,0.32685370741482966,ccpfm,5.196059307317704,0.6290183180223514,2.05804237043273,0.6529058116232465,0.3542050337630448,2.3919956135791574,0.34979519203510223,1.5206923150426357,0.3470941883767535,0.2754041570438799,5.196059307317704,0.5142453364400559,1.7999623824566857,1.0,0.32685370741482966,1.0,8.171241461241152e-13,6.871274216280199e-09,5.331480590342608e-09,5.325873075889831e-09,3.604860243644481e-09,6.64306076814114e-09,6.053326284671812e-09,0.35,0.65,0.025478282503499646,0.03635576650976273,0.031455404153017494,0.02601969057332141,2.35,0,68,24,0.002677947995834984,ok,0.4736470600037137,1,False,
,,,,,,0.2569935869978508,,,,,,,,2.0,,0.0,0.0,,,,,,,,,0.0,,,,star,,,,,,,,,,,,,,,3002,0.9368596734203808,0.0,0.1,0.21167974868875622,0.08885732763925035,0.24589709559008144,0.33118438708667536,1.0,1.930764624302129,0.22191894620781044,1.930764624302129,1.930764624302129,,0.054999999999999986,114,False,153.39851313104163,0.019501115330724125,near_boundary_interior,-0.7277305686804637,0.5869891044016182,213.9404618091414,23,,0.16546602685395662,115.09497482875285,0.037260844920742164,0.011642609519380237,,95,54,0,,,,,144,144,90,,239,0.0,wls,,,,,,,,,,,,,,,,,7.460698725481052e-14,3.108624468950438e-14,2.4424906541753444e-14,4.707345624410664e-14,2.398081733190338e-14,1.7985612998927536e-14,5.5067062021407764e-14,,,0.2871159934106771,0.08883692856935883,0.3698921284913102,0.46279271691022605,,,,,0.0012857969995820895,ok,0.2582793839974329,2,False,
,,,,,,0.04683425498660654,,,,,,,,2.0,,0.0,0.0,,,,,,,,,0.0,,,,star,,,,,,,,,,,,,,,3003,0.9108289629640592,0.0,0.2,0.8731697586721547,0.9691381788870507,1.1992373405158716,1.2316935527806663,1.0,5.092052758166389,1.3828914085665562,5.092052758166389,5.092052758166389,,0.11000000000000003,52,False,39.50167688813096,0.07341976622786275,near_boundary_interior,0.3374840457948018,0.7479494562408507,50.30045075316569,23,,0.11000000000000003,37.73032755088185,0.05720000000000003,0.0473566343110758,,48,3,0,,,,,37,37,34,,85,0.0,wls,,,,,,,,,,,,,,,,,1.509903313490213e-14,5.329070518200751e-15,5.329070518200751e-15,8.881784197001252e-15,1.2434497875801753e-14,3.9968028886505635e-15,7.105427357601002e-15,,,1.0259960861266488,0.9878702399189919,1.555085618078433,1.5954818054408897,,,,,0.0003301750111859292,ok,0.04716442999779247,3,False,
nan,nan,nan,0.0,nan,1.0,0.34648637600184884,0.0,1.0,6.216841390937165,0.5763207237352389,2.0704424566164508,0.7291907514450867,0.3135156559651209,2.0,1e-13,1.0258547483710245e-11,5.024638330209921e-11,2.493207925568738,0.3193245831529983,1.4939136106176836,0.2708092485549133,0.25400213447171827,1.0,0.2645295191598365,0.04327739986903075,0.551310850961088,6.216841390937165,0.498505032852009,1.8755099877708337,star,nan,nan,17.854043817915496,82.44554509416794,24.850471960974687,108.58244307739018,19.739501524766176,17.854043817915496,82.44554509416794,24.850471960974687,108.58244307739018,19.739501524766176,92.50930942726086,92.50930942726086,3002,0.5987452547734109,0.0,0.1,0.04298329364028209,0.04548522067289456,0.04993140406918106,0.0537618251191528,0.7608473224729999,0.16984124883396778,0.10504042220316523,0.16984124883396778,0.16984124883396778,0,0.05500000000000003,118,False,16.308898868824297,0.26239192105375725,near_boundary_interior,-0.6196603863066787,0.18169060603766468,34.028729093949124,54,0.0,0.16546602685395662,9.746152341251989,0.037260844920742164,0.15338007439917792,0,95,54,3460,0,0,0,0,144,144,90,3460,239,0.2973988439306358,ccpfm,6.216841390937165,0.5763207237352389,2.0704424566164508,0.7291907514450867,0.3135156559651209,2.493207925568738,0.3193245831529983,1.4939136106176836,0.2708092485549133,0.25400213447171827,6.216841390937165,0.498505032852009,1.8755099877708337,1.0,0.2973988439306358,1.0,3.232969447708456e-13,1.0411680406718915e-09,9.850467108662997e-10,1.0965610641733292e-09,9.051195348774854e-10,4.684361787354874e-10,5.658199464519953e-10,0.35,0.65,0.04286665061495004,0.04625751372259174,0.055225194698845896,0.05996549726103539,2.35,0,68,24,0.0019394779956201091,ok,0.34842585399746895,2,False,
nan,nan,nan,0.0,nan,1.0,0.11448924899741542,0.0,1.0,4.486587261922817,0.472242961594309,2.223631633668168,0.9087415946205571,0.33403805496828753,2.0,1e-13,2.8128610551902966e-12,1.0673218514767651e-11,1.9069296339989652,0.14138894247364792,1.0198258561146083,0.09125840537944284,0.10526315789473684,1.0,0.2270124618104856,0.03443826841063531,0.5274501496274178,4.486587261922817,0.4092737664368917,2.144470910968457,star,nan,nan,5.500222570640123,30.326701986513832,7.163586187888651,28.735663725304587,5.625811354586084,5.500222570640123,30.326701986513832,7.163586187888651,28.735663725304587,5.625811354586084,30.281775738671193,30.281775738671193,3003,0.87133733710727,0.0,0.2,0.09456653871839774,0.12607787183725208,0.12988049948832828,0.13047167012528726,0.8288865046286147,0.28580869215021154,0.18949872561612993,0.28580869215021154,0.28580869215021154,0,0.24130504026750652,84,False,11.179150568110192,0.2861416299611581,near_boundary_interior,-0.4624727497323765,-0.3741893883469894,28.98763537936176,51,0.0,0.11000000000000003,14.591402954971704,0.05720000000000003,0.16726760422366777,0,48,3,1041,0,0,0,0,37,37,34,1041,85,0.31316042267050914,ccpfm,4.486587261922817,0.472242961594309,2.223631633668168,0.9087415946205571,0.33403805496828753,1.9069296339989652,0.14138894247364792,1.0198258561146083,0.09125840537944284,0.10526315789473684,4.486587261922817,0.4092737664368917,2.144470910968457,1.0,0.31316042267050914,1.0,8.415490526658687e-14,1.5440848599723722e-10,1.3618839389550885e-10,1.552624695477789e-10,7.206185648200858e-11,1.3705148127485245e-10,8.351230817993383e-11,0.35,0.65,0.08439830458455864,0.11792435228343548,0.127921140659643,0.1287659545613407,2.35,0,68,24,0.00043522199848666787,ok,0.11492447099590208,3,False,
,,,,,,0.09657184900424909,,,,,,,,2.0,,0.0,0.0,,,,,,,,,0.0,,,,star,,,,,,,,,,,,,,,3003,0.9505781036131271,0.0,0.16,0.5505526100406593,0.3402507097465827,0.7076253660798523,0.7780723017998319,1.0,4.992021864188439,0.691797627267454,4.992021864188439,4.992021864188439,,0.08800000000000005,66,False,59.10366347029403,0.05085935701933006,near_boundary_interior,0.32811991510654137,0.8286748229899237,82.43391093437525,23,,0.08800000000000005,55.617008178775244,0.04576000000000004,0.028962724927782544,,60,8,0,,,,,57,57,49,,117,0.0,wls,,,,,,,,,,,,,,,,,4.618527782440651e-14,1.021405182655144e-14,8.881784197001252e-15,2.4868995751603507e-14,1.1546319456101628e-14,6.8833827526759706e-15,1.5987211554602254e-14,,,0.6947853440295797,0.3452920698101641,0.9954195174015233,1.0645034099769095,,,,,0.0004995709896320477,ok,0.09707141999388114,3,False,
,,,,,,0.34551394800655544,,,,,,,,2.0,,0.0,0.0,,,,,,,,,0.0,,,,star,,,,,,,,,,,,,,,3002,0.7456349087626247,0.0,0.08,0.06686347237350586,0.047866883814842484,0.07527244820056486,0.1067135392027857,1.0,0.8251628994781621,0.13977457450816605,0.8251628994781621,0.8251628994781621,,0.044000000000000004,170,False,255.27551535822792,0.011467533781350701,near_boundary_interior,0.32534790656365015,-0.8942381701283225,316.1691489135904,23,,0.1583785645949327,167.21422413279282,0.02982277133526383,0.007920924063780171,,119,109,0,,,,,220,220,111,,339,0.0,wls,,,,,,,,,,,,,,,,,1.2789769243681803e-13,7.993605777301127e-14,4.440892098500626e-14,9.592326932761353e-14,6.750155989720952e-14,6.616929226765933e-14,1.2256862191861728e-13,,,0.08645357214377,0.049100592681501215,0.10731772339955015,0.14303581080814037,,,,,0.0015903720050118864,ok,0.3471043200115673,2,False,
nan,nan,nan,0.0,nan,1.0,0.13088571700791363,0.0,1.0,4.907913969289995,0.5003673835430744,2.080490168009833,0.8760124610591901,0.29445234708392604,2.0,1e-13,4.779815432343071e-12,1.958553052767411e-11,4.032291483906749,0.25753431061031157,1.4494652400348595,0.12398753894080997,0.21105527638190955,1.0,0.35563087261693854,0.03766365444838951,0.5305226349592763,4.907913969289995,0.481063629710145,1.9988589257358311,star,nan,nan,7.3677087728591495,38.97345795512345,10.46079952262265,44.451475776284745,7.84229455047355,7.3677087728591495,38.97345795512345,10.46079952262265,44.451475776284745,7.84229455047355,40.43604176902288,40.43604176902288,3003,0.9034973267894414,0.0,0.16,0.06834548578475776,0.0590228284545999,0.08784446484555371,0.0941673821246096,0.8143715179843747,0.2248518653254742,0.09675942467956654,0.2248518653254742,0.2248518653254742,0,0.08799999999999998,76,False,13.678298976653457,0.30029054700415564,near_boundary_interior,-0.5447280326474833,-0.1485706795091492,28.48913270126922,57,0.0,0.08800000000000005,12.18615748077102,0.04576000000000004,0.17824620695044313,0,60,8,1605,0,0,0,0,57,57,49,1605,117,0.2841121495327103,ccpfm,4.907913969289995,0.5003673835430744,2.080490168009833,0.8760124610591901,0.29445234708392604,4.032291483906749,0.25753431061031157,1.4494652400348595,0.12398753894080997,0.21105527638190955,4.907913969289995,0.481063629710145,1.9988589257358311,1.0,0.2841121495327103,1.0,1.2789769243681803e-13,5.73949554549813e-10,5.798500568587883e-10,3.421471994613512e-10,2.7179913875130524e-10,5.624261056880187e-10,3.409938997833706e-10,0.35,0.65,0.0681614123085268,0.05883815685332757,0.09765490986331371,0.10260723721822577,2.35,0,68,24,0.00042546199983917177,ok,0.1313111790077528,3,False,
,,,,,,0.15751512900169473,,,,,,,,2.0,,0.0,0.0,,,,,,,,,0.0,,,,star,,,,,,,,,,,,,,,3003,0.8642855206698086,0.0,0.12,0.17431589857343124,0.12770038169297876,0.2088558223927337,0.24328400993095928,1.0,1.6743306783265959,0.39757652895975226,1.6743306783265959,1.6743306783265959,,0.06599999999999998,88,False,97.04858826086318,0.031368670300533474,near_boundary_interior,0.3325788237646691,0.8585999531986871,141.42706449578108,23,,0.17854767204574729,86.68954282057113,0.043890827050048924,0.01895539964903124,,80,28,0,,,,,102,102,74,,182,0.0,wls,,,,,,,,,,,,,,,,,6.88338275267597e-14,2.531308496145357e-14,2.1760371282653068e-14,2.6978419498391304e-14,1.6209256159527285e-14,1.9317880628477724e-14,5.3512749786932545e-14,,,0.21973777826402263,0.1282342157494979,0.29352178323389877,0.3354581659836313,,,,,0.0009199250052915886,ok,0.15843505400698632,3,False,
nan,nan,nan,0.0,nan,1.0,0.5213395540049532,0.0,1.0,6.085725263136918,0.6287879430588948,2.029516328656818,0.6563595135023707,0.353643216080402,2.0,1e-13,4.182322543844208e-11,1.9797594512519007e-10,2.626002287301595,0.3403750689758093,1.5642933998107211,0.34364048649762935,0.26874625074985004,1.0,0.29294897619462834,0.04804232504821928,0.5682312990248325,6.085725263136918,0.5115123490331823,1.8331872634096886,star,nan,nan,27.82338005029859,122.81362218257507,38.12745896060362,162.19489924818492,30.99222716094009,27.82338005029859,122.81362218257507,38.12745896060362,162.19489924818492,30.99222716094009,142.3067839903867,142.3067839903867,3002,0.3679431549389077,0.0,0.08,0.0254090987041217,0.028673770435457234,0.028604632666174475,0.028487025544628886,0.7418680225971275,0.0849328185874903,0.06976000142468541,0.0849328185874903,0.0849328185874903,0,0.04400000000000004,149,False,15.599938903317735,0.27472059710017915,near_boundary_interior,-0.6032263681707651,0.1479045430654605,31.127824531113845,49,0.0,0.1583785645949327,9.559257554626091,0.02982277133526383,0.16403043170768145,0,119,109,4851,0,0,0,0,220,220,111,4851,339,0.32446918161203875,ccpfm,6.085725263136918,0.6287879430588948,2.029516328656818,0.6563595135023707,0.353643216080402,2.626002287301595,0.3403750689758093,1.5642933998107211,0.34364048649762935,0.26874625074985004,6.085725263136918,0.5115123490331823,1.8331872634096886,1.0,0.32446918161203875,1.0,7.407408020299044e-13,8.431254361340734e-09,7.757913644823589e-09,6.650927253382122e-09,3.739707654659696e-09,8.228240755414618e-09,7.265347434781688e-09,0.35,0.65,0.023279291552549566,0.029090463718977617,0.028897366642287772,0.028706484827208216,2.35,0,68,24,0.0017256840073969215,ok,0.5230652380123502,2,False,
,,,,,,0.1677460110076936,,,,,,,,2.0,,0.0,0.0,,,,,,,,,0.0,,,,star,,,,,,,,,,,,,,,3003,0.9721510963475447,0.0,0.1,0.3567286464970365,0.09675652672878472,0.41538750332894525,0.587057654287585,1.0,4.470729413162297,0.21357333038548498,4.470729413162297,4.470729413162297,,0.05499999999999997,124,False,162.1422477023654,0.018103102970611216,near_boundary_interior,-0.7831409257838239,-0.5107232906777002,213.47177403433605,23,,0.15645897400082395,114.7596003908202,0.03726084492074215,0.012160718683141822,,95,55,0,,,,,143,143,88,,238,0.0,wls,,,,,,,,,,,,,,,,,7.105427357601002e-14,3.019806626980426e-14,2.2426505097428162e-14,7.105427357601002e-14,3.197442310920451e-14,2.4868995751603507e-14,4.973799150320701e-14,,,0.4879882550698637,0.0979469792973782,0.6295494216590004,0.798776729777943,,,,,0.000974429989582859,ok,0.16872044099727646,3,False,
nan,nan,nan,0.0,nan,1.0,0.2485878449951997,0.0,1.0,4.892771809282765,0.5314484801026796,1.989431201205338,0.7952877558903051,0.305973773676542,2.0,1e-13,1.272677102592823e-11,4.1665180744569587e-11,2.2804300349470097,0.28406054538186243,1.4788403572789783,0.20471224410969485,0.2320754716981132,1.0,0.26024138958395665,0.040576230551034265,0.5292716485974336,4.892771809282765,0.4934304287095329,1.8055663524870107,star,nan,nan,12.797340278268132,60.115409157852625,19.333157389189033,80.36776022543161,13.993196716713054,12.797340278268132,60.115409157852625,19.333157389189033,80.36776022543161,13.993196716713054,67.39312011122011,67.39312011122011,3003,0.5852300202180938,0.0,0.12,0.06193052191561045,0.07931411847946644,0.0742017807426057,0.07112396928208606,0.7653098261604723,0.19351558074881758,0.19351558074881758,0.19351558074881758,0.1812930057491024,0,0.27031634774301144,166,False,8.48919824798207,0.2962266741722165,interior_core,-0.3880917218206826,-0.24667745301514368,33.04451932033703,53,0.0,0.17854767204574729,9.849655230467253,0.043890827050048924,0.15410011543984373,0,80,28,2589,0,0,0,0,102,102,74,2589,182,0.2908458864426419,ccpfm,4.892771809282765,0.5314484801026796,1.989431201205338,0.7952877558903051,0.305973773676542,2.2804300349470097,0.28406054538186243,1.4788403572789783,0.20471224410969485,0.2320754716981132,4.892771809282765,0.4934304287095329,1.8055663524870107,1.0,0.2908458864426419,1.0,3.232969447708456e-13,1.6975998384793911e-09,1.725734888324837e-09,1.1188538984185925e-09,8.918756289055807e-10,1.1937220101287949e-09,8.70775451744521e-10,0.35,0.65,0.05915038267723934,0.07861560866429629,0.07901202032510697,0.07916149626936986,2.35,0,68,24,0.0009158500033663586,ok,0.24950369499856606,3,False,
,,,,,,0.04101352700672578,,,,,,,,2.0,,0.0,0.0,,,,,,,,,0.0,,,,star,,,,,,,,,,,,,,,3004,0.9832007620405351,0.0,0.2,0.990322909423558,0.4288332119164996,1.3788993451012308,1.504120003696301,1.0,6.715200091149434,0.7587447505535353,6.715200091149434,6.715200091149434,,0.10999999999999999,66,False,38.98395438317931,0.0768067911121343,near_boundary_interior,0.30413942001062766,-0.8248744727342502,53.09685682877971,23,,0.11000000000000003,37.41735995954153,0.05720000000000003,0.0461232474227938,,48,4,0,,,,,37,37,33,,85,0.0,wls,,,,,,,,,,,,,,,,,1.5210055437364645e-14,1.2878587085651816e-14,4.440892098500626e-15,1.0436096431476471e-14,2.5174307083375425e-14,9.325873406851315e-15,1.4363510381087963e-14,,,1.1683695740102806,0.43088604974916633,1.7708788032545508,1.869125407807881,,,,,0.0002631279930938035,ok,0.041276654999819584,4,False,
nan,nan,nan,0.0,nan,1.0,0.07895419599663,0.0,1.0,4.437770865347871,0.49122112527168194,2.2004635391047858,0.9118217054263565,0.3198724760892667,2.0,1e-13,2.8794466810921904e-12,1.0749816190449302e-11,2.0550332252288146,0.12189087594999763,1.088654146914034,0.08817829457364341,0.14285714285714285,1.0,0.2141753615570366,0.03432703908199654,0.5250849079564577,4.437770865347871,0.4176327023805513,2.1301528232839315,star,nan,nan,5.50446665088688,30.37162823435647,8.171098223847663,35.07901341222335,5.5736618554827455,5.50446665088688,30.37162823435647,8.171098223847663,35.07901341222335,5.5736618554827455,31.267796869961575,31.267796869961575,3004,0.8758090661489454,0.0,0.2,0.08615518921955312,0.10143624946056494,0.1199601997100769,0.12350106903980794,0.842244917728007,0.2274432787824121,0.14718584624494988,0.2274432787824121,0.2274432787824121,0,0.11000000000000001,51,False,18.201074076353127,0.25484364942296156,near_boundary_interior,0.33833156837183165,0.5029784241309382,27.376313893293023,50,0.0,0.11000000000000003,14.406780778522727,0.05720000000000003,0.17358769691801376,0,48,4,1032,0,0,0,0,37,37,33,1032,85,0.30426356589147285,ccpfm,4.437770865347871,0.49122112527168194,2.2004635391047858,0.9118217054263565,0.3198724760892667,2.0550332252288146,0.12189087594999763,1.088654146914034,0.08817829457364341,0.14285714285714285,4.437770865347871,0.4176327023805513,2.1301528232839315,1.0,0.30426356589147285,1.0,9.015010959956271e-14,1.796773840823107e-10,1.8223123010585596e-10,1.6044365835909957e-10,7.41166295004092e-11,1.4228451750142312e-10,1.3572187818056136e-10,0.35,0.65,0.07930202050760447,0.10106270085405461,0.12019678558570437,0.12231283918760169,2.35,0,68,24,0.00029004100360907614,ok,0.07924423700023908,4,False,
,,,,,,0.07807567399868276,,,,,,,,2.0,,0.0,0.0,,,,,,,,,0.0,,,,star,,,,,,,,,,,,,,,3004,0.929784333835923,0.0,0.16,0.4202529776811902,0.322132404386723,0.5342941944035786,0.5735600885074763,1.0,4.263695857839604,0.5976796750538059,4.263695857839604,4.263695857839604,,0.08800000000000005,66,False,58.02670514563391,0.05190898172417272,near_boundary_interior,0.32811991510654137,0.8286748229899237,89.68911330145649,23,,0.1361035058379143,55.8008911658761,0.051833636384901856,0.026994280819478248,,60,8,0,,,,,60,60,52,,120,0.0,wls,,,,,,,,,,,,,,,,,3.907985046680551e-14,1.2434497875801753e-14,8.43769498715119e-15,1.9539925233402755e-14,8.881784197001252e-15,7.993605777301127e-15,2.531308496145357e-14,,,0.5323405672179038,0.31756198813704495,0.7528432499609459,0.799033221248186,,,,,0.0003786160086747259,ok,0.07845429000735749,4,False,
nan,nan,nan,0.0,nan,1.0,0.3490748050098773,0.0,1.0,5.97917032510776,0.5636270380128376,2.0661581916401195,0.7397140355996499,0.31005917159763313,2.0,1e-13,9.161435499116521e-12,5.077595313757969e-11,2.3653461614988918,0.31117920656978937,1.4953485596390927,0.2602859644003502,0.24887892376681614,1.0,0.2959953496679536,0.04264680987354656,0.5528818285253253,5.97917032510776,0.5076351567767091,1.8866981881267524,star,nan,nan,18.006082769882696,82.44554509416602,24.355998943673686,111.26783875563194,19.57286126074508,18.006082769882696,82.44554509416602,24.355998943673686,111.26783875563194,19.57286126074508,92.02900541537899,92.02900541537899,3003,0.6901829107820648,0.0,0.1,0.0409637242398723,0.03705871458038979,0.047699615116828895,0.05680118792535441,0.7572252936847943,0.18045392468141297,0.09147831793183892,0.18045392468141297,0.18045392468141297,0,0.05500000000000003,118,False,16.768094616194745,0.25175217979821696,near_boundary_interior,-0.6196603863066787,0.18169060603766468,35.17854358254619,51,0.0,0.15645897400082395,9.941192258848522,0.03726084492074215,0.1446033283173748,0,95,55,3427,0,0,0,0,143,143,88,3427,238,0.2941348117887365,ccpfm,5.97917032510776,0.5636270380128376,2.0661581916401195,0.7397140355996499,0.31005917159763313,2.3653461614988918,0.31117920656978937,1.4953485596390927,0.2602859644003502,0.24887892376681614,5.97917032510776,0.5076351567767091,1.8866981881267524,1.0,0.2941348117887365,1.0,4.725109192804666e-13,6.879909975054943e-10,4.2999492855244625e-10,5.128586444413941e-10,8.829768027851514e-10,7.639705534856489e-10,6.880962466482288e-10,0.35,0.65,0.04196217305807112,0.0372148644956794,0.05413503605016373,0.06242304959790889,2.35,0,68,24,0.002018175000557676,ok,0.351092980010435,3,False,
,,,,,,0.3374298540002201,,,,,,,,2.0,,0.0,0.0,,,,,,,,,0.0,,,,star,,,,,,,,,,,,,,,3003,0.9502065485834819,0.0,0.08,0.16182784702687023,0.051318409303639734,0.1815158821550775,0.28815473548321974,1.0,2.944869503304375,0.15645066288145082,2.944869503304375,2.944869503304375,,0.044000000000000004,157,False,272.2093255686294,0.010820073566715752,near_boundary_interior,-0.7565095719141083,-0.5803991501298438,332.86815232531796,23,,0.16158374397620362,174.90193658023324,0.029826570309323744,0.007732912348187373,,119,117,0,,,,,231,231,114,,350,0.0,wls,,,,,,,,,,,,,,,,,1.580957587066223e-13,6.261657858885883e-14,3.26405569239796e-14,8.992806499463768e-14,5.10702591327572e-14,5.1514348342607263e-14,1.0169642905566434e-13,,,0.2347249815592258,0.052083195916905724,0.2889264795022148,0.4078845166914359,,,,,0.0015967259969329461,ok,0.339026579997153,3,False,
nan,nan,nan,0.0,nan,1.0,0.1542208120081341,0.0,1.0,3.9897861295010904,0.5052182778678613,1.9890574271219088,0.8704819277108434,0.30726643598615916,2.0,1e-13,5.484165205293934e-12,2.418714732314256e-11,3.0652556234946466,0.2709447112964801,1.5019552593964922,0.12951807228915663,0.24651162790697675,1.0,0.32198098505782025,0.03916071628215664,0.5311996034983386,3.9897861295010904,0.47030962005849414,1.9387307668432483,star,nan,nan,7.8569681788240295,40.43604176901979,11.780333210478897,50.45413045154513,8.303698052491107,7.8569681788240295,40.43604176901979,11.780333210478897,50.45413045154513,8.303698052491107,44.22949344753069,44.22949344753069,3004,0.9755704563561427,0.0,0.16,0.06614097257267447,0.029904383836466725,0.08408920230089305,0.0924649008460031,0.7967978447366466,0.22843803961056414,0.06190664967950572,0.22843803961056414,0.22843803961056414,0,0.08800000000000001,74,False,17.451640039098763,0.2704014103500758,near_boundary_interior,-0.6253106680311513,0.23715149736382163,28.097138326408416,55,0.0,0.1361035058379143,11.269888807956391,0.051833636384901856,0.18128723563469124,0,60,8,1660,0,0,0,0,60,60,52,1660,120,0.2993975903614458,ccpfm,3.9897861295010904,0.5052182778678613,1.9890574271219088,0.8704819277108434,0.30726643598615916,3.0652556234946466,0.2709447112964801,1.5019552593964922,0.12951807228915663,0.24651162790697675,3.9897861295010904,0.47030962005849414,1.9387307668432483,1.0,0.2993975903614458,1.0,1.5987211554602254e-13,6.686398101862778e-10,6.518332540395022e-10,3.9736480772489813e-10,3.653492794755686e-10,6.700225929634485e-10,4.445228629634812e-10,0.35,0.65,0.0663095392766934,0.02979001838782876,0.09377584975981124,0.10005143276624738,2.35,0,68,24,0.0004168229934293777,ok,0.15463763500156347,4,False,
,,,,,,0.12247543201374356,,,,,,,,2.0,,0.0,0.0,,,,,,,,,0.0,,,,star,,,,,,,,,,,,,,,3004,0.92732310421286,0.0,0.12,0.2509610954104719,0.12736011950251033,0.30277715244634357,0.37982904906871656,1.0,2.760842804705783,0.2945271454222709,2.760842804705783,2.760842804705783,,0.06600000000000006,80,False,96.00198123775124,0.031811403122536906,near_boundary_interior,0.9339999999999999,-8.095834594526952e-16,156.54684368354793,23,,0.17850222657722886,87.2207466515743,0.04389082705004873,0.017113390630861154,,80,30,0,,,,,100,100,70,,180,0.0,wls,,,,,,,,,,,,,,,,,6.039613253960852e-14,1.6431300764452317e-14,8.215650382226158e-15,3.1530333899354446e-14,1.6653345369377348e-14,1.3433698597964394e-14,3.4638958368304884e-14,,,0.32197492087116275,0.1290746464664682,0.4319746860708214,0.5093469910411224,,,,,0.0009507239883532748,ok,0.12342615600209683,4,False,
nan,nan,nan,0.0,nan,1.0,0.24836101199616678,0.0,1.0,5.00453857494014,0.5375277814616755,1.9071731344077916,0.7976653696498055,0.3102439024390244,2.0,1e-13,1.0221108681651714e-11,3.875519775904456e-11,2.331926613649167,0.2694985428057069,1.4732303227352375,0.20233463035019456,0.22884615384615384,1.0,0.29904799345022215,0.03965065828089085,0.5280091011092084,5.00453857494014,0.4827490386204882,1.8053310475380207,star,nan,nan,12.497498891126535,59.84083940112518,18.756020482397965,86.47307971012454,13.721665067223743,12.497498891126535,59.84083940112518,18.756020482397965,86.47307971012454,13.721665067223743,65.80594864297615,65.80594864297615,3004,0.7374945282043717,0.0,0.12,0.05608897602104817,0.05409729672089976,0.06766969364517518,0.07570475309864119,0.7678824950596257,0.18692235554780653,0.13642997349117802,0.18692235554780653,0.18692235554780653,0,0.06599999999999999,90,False,26.968436872938327,0.18388134143111776,near_boundary_interior,0.07288032225929839,0.767427065547308,33.94456669807697,53,0.0,0.17850222657722886,9.87027002794466,0.04389082705004873,0.15239917535356431,0,80,30,2570,0,0,0,0,100,100,70,2570,180,0.29377431906614787,ccpfm,5.00453857494014,0.5375277814616755,1.9071731344077916,0.7976653696498055,0.3102439024390244,2.331926613649167,0.2694985428057069,1.4732303227352375,0.20233463035019456,0.22884615384615384,5.00453857494014,0.4827490386204882,1.8053310475380207,1.0,0.29377431906614787,1.0,3.7836400679225335e-13,1.7454329093169463e-09,1.759230094933173e-09,1.2138348104429042e-09,8.504938983980304e-10,1.2204572907847933e-09,9.135239231738979e-10,0.35,0.65,0.05561021522874985,0.0545788416114285,0.0746089328969272,0.08170362714911016,2.35,0,68,24,0.001287781007704325,ok,0.2496487930038711,4,False,
,,,,,,0.1756849400117062,,,,,,,,2.0,,0.0,0.0,,,,,,,,,0.0,,,,star,,,,,,,,,,,,,,,3004,0.9446173083464607,0.0,0.1,0.23308127528651665,0.09204746002577605,0.2711644266862974,0.36569965120108583,1.0,2.302676401063051,0.19779278332472805,2.302676401063051,2.302676401063051,,0.055000000000000035,115,False,171.76401221929194,0.017053693909683428,near_boundary_interior,-0.7831409257838237,0.510723290677701,213.1660065330842,23,,0.16016985841218004,116.31565490758523,0.03726084492074215,0.01231273028643444,,95,52,0,,,,,143,143,91,,238,0.0,wls,,,,,,,,,,,,,,,,,1.1723955140041653e-13,3.3084646133829665e-14,2.930988785010413e-14,8.08242361927114e-14,3.019806626980426e-14,1.9761969838327786e-14,7.105427357601002e-14,,,0.32076106832427187,0.09167298335406966,0.41381107630419944,0.5140900327047084,,,,,0.0013793739926768467,ok,0.17706431400438305,4,False,
nan,nan,nan,0.0,nan,1.0,0.6484048800048186,0.0,1.0,5.002541388153653,0.6295761497919766,1.9493631984769477,0.6396110339353046,0.35494880546075086,2.0,1e-13,3.039794804760021e-11,1.6325889478838632e-10,2.3936223983026386,0.33840641260733084,1.5620038865115111,0.3603889660646954,0.27037444933920707,1.0,0.26955121010522015,0.050178919467403556,0.5681426596683825,5.002541388153653,0.5238164906587404,1.7832725532312839,star,nan,nan,29.066987641947776,126.77264002833908,38.83719878527128,176.84635523765797,32.71844513517782,29.066987641947776,126.77264002833908,38.83719878527128,176.84635523765797,32.71844513517782,151.38322069738112,151.38322069738112,3003,0.3569866845091471,0.0,0.08,0.02062197772595572,0.02350033815048882,0.02313085508755288,0.022507114347050376,0.7254261169308005,0.07250191718522969,0.0627688545306414,0.07250191718522969,0.07250191718522969,0,0.04400000000000004,152,False,16.30906009607275,0.26626199594423766,near_boundary_interior,-0.603226368170765,-0.1479045430654605,28.033681931931607,49,0.0,0.16158374397620362,9.574321789886696,0.029826570309323744,0.1718153808617041,0,119,117,5039,0,0,0,0,231,231,114,5039,350,0.32446914070252036,ccpfm,5.002541388153653,0.6295761497919766,1.9493631984769477,0.6396110339353046,0.35494880546075086,2.3936223983026386,0.33840641260733084,1.5620038865115111,0.3603889660646954,0.27037444933920707,5.002541388153653,0.5238164906587404,1.7832725532312839,1.0,0.32446914070252036,1.0,6.288303211476887e-13,5.4082072153960326e-09,4.669406195034753e-09,4.699749922565388e-09,3.790958214011653e-09,4.327934011172374e-09,4.725430713392598e-09,0.35,0.65,0.01885859043208133,0.023239381820245385,0.023213320140534694,0.023186542167373345,2.35,0,68,24,0.003067969999392517,ok,0.6514728500042111,3,False,
,,,,,,0.03532957300194539,,,,,,,,2.0,,0.0,0.0,,,,,,,,,0.0,,,,star,,,,,,,,,,,,,,,3005,0.993614864602663,0.0,0.2,0.9076562360055238,0.4532026746104778,1.267071849447726,1.2957699716556341,1.0,5.117510663132201,0.4532026746104778,5.117510663132201,5.117510663132201,,0.10999999999999999,66,False,38.12029554680164,0.07817992458627168,near_boundary_interior,0.30413942001062766,-0.8248744727342502,49.41304043244987,23,,0.11000000000000003,36.71365807507718,0.05720000000000003,0.04849719966142473,,48,1,0,,,,,36,36,35,,84,0.0,wls,,,,,,,,,,,,,,,,,1.509903313490213e-14,7.993605777301127e-15,5.773159728050814e-15,9.2148511043888e-15,5.6066262743570405e-15,3.219646771412954e-15,7.0915495697931874e-15,,,1.03907439828132,0.4532026746104778,1.5872123609382807,1.6079033212716638,,,,,0.00022225300199352205,ok,0.03555182600393891,5,False,
nan,nan,nan,0.0,nan,1.0,0.34261196899751667,0.0,1.0,6.1138650864794,0.5732289626646876,2.0657728958176764,0.7370262390670554,0.310126582278481,2.0,1e-13,9.621288141192785e-12,4.986236839025274e-11,2.5268235413134637,0.28770748713126104,1.5108335068570162,0.2629737609329446,0.25609756097560976,1.0,0.27919791609619105,0.04297343544680937,0.5500055917472361,6.1138650864794,0.5144416648720989,1.8628015453689875,star,nan,nan,18.06129263557751,80.14534486043709,24.697561069241537,113.87118704586481,19.707163401307568,18.06129263557751,80.14534486043709,24.697561069241537,113.87118704586481,19.707163401307568,90.97251562357697,90.97251562357697,3004,0.6010461417791904,0.0,0.1,0.04244499966740485,0.04498888844729365,0.049380088496442716,0.05312141714149788,0.7619935186359756,0.1803471439024663,0.1152428087261661,0.1803471439024663,0.1803471439024663,0,0.05500000000000003,118,False,15.906419645651955,0.26632936355401354,near_boundary_interior,-0.6196603863066787,0.18169060603766468,34.47826709436536,53,0.0,0.16016985841218004,9.599987143127361,0.03726084492074215,0.15386475825969578,0,95,52,3430,0,0,0,0,143,143,91,3430,238,0.29591836734693877,ccpfm,6.1138650864794,0.5732289626646876,2.0657728958176764,0.7370262390670554,0.310126582278481,2.5268235413134637,0.28770748713126104,1.5108335068570162,0.2629737609329446,0.25609756097560976,6.1138650864794,0.5144416648720989,1.8628015453689875,1.0,0.29591836734693877,1.0,3.2596148002994596e-13,7.319163053409738e-10,7.9085338278162e-10,5.499749544668475e-10,6.564362386995981e-10,6.266145380351418e-10,4.667803921165614e-10,0.35,0.65,0.04298045921921874,0.0455223096088481,0.05544871820782563,0.06039281079648956,2.35,0,68,24,0.001013557004625909,ok,0.3436255260021426,4,False,
nan,nan,nan,0.0,nan,1.0,0.09150709401001222,0.0,1.0,4.2065764898611615,0.4859172670885215,2.1821449113937748,0.9236180904522613,0.31556039173014144,2.0,1e-13,2.3678559113449182e-12,9.810868738655328e-12,2.4057343148967796,0.12117226056955561,0.6315339303307849,0.0763819095477387,0.05263157894736842,1.0,0.21714773833725703,0.03413296761068388,0.5247000728709686,4.2065764898611615,0.4065100539319481,2.166901891067939,star,nan,nan,5.5324577971317845,30.298800227115542,8.29188855248414,34.30623740059343,5.730530257927175,5.5324577971317845,30.298800227115542,8.29188855248414,34.30623740059343,5.730530257927175,30.881812493448233,30.881812493448233,3005,0.9831383030685286,0.0,0.2,0.08582777289340673,0.06964091937200922,0.11981403379392022,0.12188005096986264,0.8481278058826038,0.23453821968671618,0.06964091937200922,0.23453821968671618,0.23453821968671618,0,0.2619027039797627,74,False,10.831598059555533,0.29192355670634434,near_boundary_interior,-0.4494795693311517,-0.3489215837737764,28.611346069580577,50,0.0,0.11000000000000003,14.530403282333776,0.05720000000000003,0.16746990506910606,0,48,1,995,0,0,0,0,36,36,35,995,84,0.29547738693467335,ccpfm,4.2065764898611615,0.4859172670885215,2.1821449113937748,0.9236180904522613,0.31556039173014144,2.4057343148967796,0.12117226056955561,0.6315339303307849,0.0763819095477387,0.05263157894736842,4.2065764898611615,0.4065100539319481,2.166901891067939,1.0,0.29547738693467335,1.0,1.2234657731369225e-13,1.5048362556058237e-10,1.516122782874163e-10,1.2623013745383105e-10,7.205569474422191e-11,1.1831491342206846e-10,7.665135193235528e-11,0.35,0.65,0.07901055930395989,0.06964091937200922,0.12069062290373121,0.12183528632626271,2.35,0,68,24,0.00025677499070297927,ok,0.0917638690007152,5,False,
,,,,,,0.09895028600294609,,,,,,,,2.0,,0.0,0.0,,,,,,,,,0.0,,,,star,,,,,,,,,,,,,,,3005,0.9280121381409361,0.0,0.16,0.4124453742305588,0.3204009804443969,0.5329737673413136,0.57374627068677,1.0,3.2539998645806683,0.7519743959744414,3.2539998645806683,3.2539998645806683,,0.08800000000000005,66,False,58.73633359334932,0.051847237865653366,near_boundary_interior,0.32811991510654137,0.8286748229899237,87.10131728983326,23,,0.08800000000000005,55.567886833564884,0.04576000000000004,0.028102513791226625,,60,7,0,,,,,58,58,51,,118,0.0,wls,,,,,,,,,,,,,,,,,2.930988785010413e-14,1.199040866595169e-14,1.0880185641326534e-14,1.532107773982716e-14,6.328271240363392e-15,1.2434497875801753e-14,2.4202861936828413e-14,,,0.5062421895080552,0.33573694988235053,0.7220800440832952,0.7599295778397303,,,,,0.0005044759891461581,ok,0.09945476199209224,5,False,
,,,,,,0.327923124001245,,,,,,,,2.0,,0.0,0.0,,,,,,,,,0.0,,,,star,,,,,,,,,,,,,,,3004,0.3436882566660018,0.0,0.08,0.04348996067332046,0.05096217471096433,0.04882227758681884,0.04538903710252965,1.0,0.197176990592498,0.14783091523981196,0.197176990592498,0.197176990592498,,0.04400000000000002,130,False,284.5632109659656,0.010125852315091399,near_boundary_interior,0.381192328749914,0.8232048424058057,329.7526228002859,23,,0.1567682305774671,179.70109841625214,0.029826002731608615,0.007967325765129553,,119,110,0,,,,,227,227,117,,346,0.0,wls,,,,,,,,,,,,,,,,,1.8207657603852567e-13,5.3290705182007514e-14,4.107825191113079e-14,7.815970093361102e-14,4.6407322429331543e-14,3.4638958368304884e-14,8.260059303211165e-14,,,0.04363178012414132,0.050948318934892496,0.053867652873852194,0.05647485800795771,,,,,0.0023950079921633005,ok,0.3303181319934083,4,False,
nan,nan,nan,0.0,nan,1.0,0.11896056499972474,0.0,1.0,5.90057365028118,0.5257789441086651,2.156332600485829,0.8746943765281173,0.3018867924528302,2.0,1e-13,4.1163357444862214e-12,1.985829268789033e-11,2.9959579900662705,0.2705987352321328,1.4032718127932782,0.12530562347188265,0.2,1.0,0.264492246769546,0.039107734780022926,0.5333387723404621,5.90057365028118,0.5003993914987599,2.0838674764095546,star,nan,nan,7.6235801295739725,37.42869052495398,10.770899343335257,45.10002918298404,8.10491676589394,7.6235801295739725,37.42869052495398,10.770899343335257,45.10002918298404,8.10491676589394,39.8549836666806,39.8549836666806,3005,0.9144230457883703,0.0,0.16,0.06971102680302887,0.059044255965228484,0.09008259251241414,0.09626128864996801,0.8198123455057136,0.2316878504798262,0.07779016565613325,0.2316878504798262,0.2316878504798262,0,0.08800000000000001,74,False,17.5726751996626,0.2738843120850117,near_boundary_interior,-0.6253106680311513,0.23715149736382163,28.690668143703768,57,0.0,0.08800000000000005,11.981947258368132,0.04576000000000004,0.17747651217298482,0,60,7,1636,0,0,0,0,58,58,51,1636,118,0.289119804400978,ccpfm,5.90057365028118,0.5257789441086651,2.156332600485829,0.8746943765281173,0.3018867924528302,2.9959579900662705,0.2705987352321328,1.4032718127932782,0.12530562347188265,0.2,5.90057365028118,0.5003993914987599,2.0838674764095546,1.0,0.289119804400978,1.0,1.6076029396572267e-13,5.266334035525233e-10,5.31112709367676e-10,3.1750668760821554e-10,3.722366859193471e-10,4.098341666036731e-10,2.5694824046240683e-10,0.35,0.65,0.06890190111825263,0.05830939772486357,0.0982784304193182,0.10255575167936155,2.35,0,68,24,0.0003696790081448853,ok,0.11933024400786962,5,False,
,,,,,,0.15115055200294591,,,,,,,,2.0,,0.0,0.0,,,,,,,,,0.0,,,,star,,,,,,,,,,,,,,,3005,0.8820652514258045,0.0,0.12,0.1700400624802898,0.11223550913646248,0.2033169601975355,0.24389294823625016,1.0,1.3476722586192391,0.26231225557308174,1.3476722586192391,1.3476722586192391,,0.06600000000000002,97,False,95.59772469421033,0.031201882505462356,near_boundary_interior,-0.7688260329959119,0.4375100194519778,153.90737530569655,23,,0.1715103309493246,89.03745277936552,0.04389082705004909,0.016796224035827666,,80,30,0,,,,,104,104,74,,184,0.0,wls,,,,,,,,,,,,,,,,,5.639932965095795e-14,2.6201263381153694e-14,1.2434497875801753e-14,3.154421168716226e-14,2.2648549702353193e-14,1.7763568394002505e-14,3.197442310920451e-14,,,0.2124522497966317,0.1136563471984949,0.2825879092905916,0.3270978735228896,,,,,0.0009358499955851585,ok,0.15208640199853107,5,False,
nan,nan,nan,0.0,nan,1.0,0.5117483150097542,0.0,1.0,5.593493963671782,0.6324908767864079,2.050521880067285,0.6466180639935196,0.35389915440025055,2.0,1e-13,3.5735260237035327e-11,1.8048908276451172e-10,2.4251826332539457,0.3517749680862375,1.5326584005042168,0.3533819360064804,0.27392550143266475,1.0,0.2942337483609363,0.04921925242348377,0.5656774533354264,5.593493963671782,0.504174435546451,1.832352587443815,star,nan,nan,28.80750467819606,126.773418934187,39.38350200726772,172.05038615739582,32.08276124584058,28.80750467819606,126.773418934187,39.38350200726772,172.05038615739582,32.08276124584058,148.1065000659594,148.1065000659594,3004,0.3414470268324,0.0,0.08,0.023960791402963214,0.028125507366155315,0.026898631108511793,0.02492541707530759,0.742501718792854,0.09386257834769696,0.09386257834769696,0.09386257834769696,0.07546849380502241,0,0.16065950188669892,230,False,8.615211998402145,0.27309564109239176,interior_core,-0.49339523405730107,-0.19805689715916736,30.686172896390094,49,0.0,0.1567682305774671,9.458284157038163,0.029826002731608615,0.16456209282456347,0,119,110,4938,0,0,0,0,227,227,117,4938,346,0.32563791008505466,ccpfm,5.593493963671782,0.6324908767864079,2.050521880067285,0.6466180639935196,0.35389915440025055,2.4251826332539457,0.3517749680862375,1.5326584005042168,0.3533819360064804,0.27392550143266475,5.593493963671782,0.504174435546451,1.832352587443815,1.0,0.32563791008505466,1.0,9.379164112033322e-13,6.682979947214562e-09,5.584269047176349e-09,5.642888822876557e-09,3.876440612948784e-09,6.4528009602327074e-09,5.924825741132622e-09,0.35,0.65,0.021891740799933185,0.02819051173751143,0.02702747150952637,0.02588640080466306,2.35,0,68,24,0.0028499920008471236,ok,0.5145983070106013,4,False,
,,,,,,0.20033124000474345,,,,,,,,2.0,,0.0,0.0,,,,,,,,,0.0,,,,star,,,,,,,,,,,,,,,3005,0.9222537013934121,0.0,0.1,0.16344197911752525,0.07525355012215566,0.189707873715132,0.25613518012912445,1.0,1.8201183348081047,0.2328671565496253,1.8201183348081047,1.8201183348081047,,0.05499999999999997,124,False,153.78926783025133,0.01945389587374417,near_boundary_interior,-0.7831409257838239,-0.5107232906777002,213.62715605308156,23,,0.16850605049165682,117.28521198078096,0.03726084492074218,0.012048307941289598,,95,55,0,,,,,145,145,90,,240,0.0,wls,,,,,,,,,,,,,,,,,9.769962616701378e-14,3.530509218307998e-14,2.1316282072803006e-14,5.595524044110789e-14,3.885780586188048e-14,1.4765966227514582e-14,5.5289106626332796e-14,,,0.22261241881810698,0.07630943402618481,0.2863986775505442,0.3585966044986231,,,,,0.001349753001704812,ok,0.20168099300644826,5,False,
nan,nan,nan,0.0,nan,1.0,0.22570449199702125,0.0,1.0,4.93962114984291,0.5547982707345002,1.9441619822645613,0.7871287128712872,0.32268988872762455,2.0,1e-13,1.1697500607033007e-11,4.0812777914005476e-11,2.139941842559887,0.2783947717725745,1.4769643694792398,0.21287128712871287,0.2182468694096601,1.0,0.29502020574525584,0.041340168174140775,0.5331810066581081,4.93962114984291,0.49402534103560763,1.8178736538985363,star,nan,nan,13.032468281142197,61.98869917607156,19.491863759942724,83.92673138879825,14.167012113964251,13.032468281142197,61.98869917607156,19.491863759942724,83.92673138879825,14.167012113964251,69.34237657608978,69.34237657608978,3005,0.7315937149333311,0.0,0.12,0.0556804985660498,0.05544438726154645,0.06657719096077566,0.07273370807898463,0.7650198284262326,0.20053649275788965,0.15631221227309655,0.20053649275788965,0.20053649275788965,0,0.066,99,False,16.31171415340025,0.2653427882843662,near_boundary_interior,-0.6052276252050963,0.18229539949497314,33.344783092003894,54,0.0,0.1715103309493246,9.933817100038372,0.04389082705004909,0.15339889570285428,0,80,30,2626,0,0,0,0,104,104,74,2626,184,0.30045696877380046,ccpfm,4.93962114984291,0.5547982707345002,1.9441619822645613,0.7871287128712872,0.32268988872762455,2.139941842559887,0.2783947717725745,1.4769643694792398,0.21287128712871287,0.2182468694096601,4.93962114984291,0.49402534103560763,1.8178736538985363,1.0,0.30045696877380046,1.0,5.071498776487715e-13,1.7392260964754769e-09,1.7563559495670233e-09,1.1810534772394021e-09,8.419122499853104e-10,1.0477201328740193e-09,7.423590631105981e-10,0.35,0.65,0.05453293427137406,0.05674466076081596,0.07253558339805902,0.0780322207860544,2.35,0,68,24,0.0008483860001433641,ok,0.22655287799716461,5,False,
,,,,,,0.05992984600015916,,,,,,,,2.0,,0.0,0.0,,,,,,,,,0.0,,,,star,,,,,,,,,,,,,,,3006,0.9112287331016362,0.0,0.2,0.8460143940280096,0.9393059580596507,1.202202169739841,1.2414062391850527,1.0,4.896168047766141,1.3863404026577124,4.896168047766141,4.896168047766141,,0.11000000000000003,52,False,38.03346414129884,0.07616292692457477,near_boundary_interior,0.3374840457948018,0.7479494562408507,48.502262077070284,23,,0.11000000000000003,36.32395808005297,0.05720000000000002,0.048905480452984235,,48,3,0,,,,,35,35,32,,83,0.0,wls,,,,,,,,,,,,,,,,,1.765254609153999e-14,6.8833827526759706e-15,2.4424906541753444e-15,7.077671781985373e-15,1.7541523789077473e-14,5.329070518200751e-15,8.590350653037149e-15,,,0.9808173254511668,0.945032579468382,1.5104040892624913,1.5528900297244161,,,,,0.0003491020033834502,ok,0.06027894800354261,6,False,
nan,nan,nan,0.0,nan,1.0,0.10400221300369594,0.0,1.0,5.046994114644873,0.4524950988698001,2.1913466825077275,0.9244897959183673,0.30242825607064017,2.0,1e-13,3.376188217885101e-12,1.154839963966556e-11,2.411183515131743,0.1495426776043178,0.9195757041110124,0.07551020408163266,0.0945945945945946,1.0,0.21654657040647543,0.03191650339599306,0.5206119646778199,5.046994114644873,0.4033214664719712,2.1577084479366175,star,nan,nan,5.476717946066344,31.26779686996153,6.35334488368117,29.328614857360762,5.53012296710992,5.476717946066344,31.26779686996153,6.35334488368117,29.328614857360762,5.53012296710992,31.280696762488635,31.280696762488635,3006,0.9885658071279498,0.0,0.2,0.07784640114290527,0.03101947281693328,0.11062118212298443,0.1189772156247372,0.8485394234232129,0.2240413017518954,0.04301669944750877,0.2240413017518954,0.2240413017518954,0,0.11000000000000006,60,False,16.38424702050149,0.3113040247787376,near_boundary_interior,-0.5470711752408862,-0.18358034994141717,28.905330995127137,49,0.0,0.11000000000000003,16.080961510879956,0.05720000000000002,0.1682450839049298,0,48,3,980,0,0,0,0,35,35,32,980,83,0.286734693877551,ccpfm,5.046994114644873,0.4524950988698001,2.1913466825077275,0.9244897959183673,0.30242825607064017,2.411183515131743,0.1495426776043178,0.9195757041110124,0.07551020408163266,0.0945945945945946,5.046994114644873,0.4033214664719712,2.1577084479366175,1.0,0.286734693877551,1.0,8.79296635503124e-14,2.018274436466072e-10,1.7503598570556278e-10,1.777080704812306e-10,9.566614167511034e-11,8.581180210853745e-11,1.1074741124161847e-10,0.35,0.65,0.0762131282698641,0.03019989032111461,0.11736397554084678,0.12239338425366825,2.35,0,68,24,0.0002726499951677397,ok,0.10427486299886368,6,False,
nan,nan,nan,0.0,nan,1.0,0.36007202899781987,0.0,1.0,6.866351829923314,0.5825005749716607,2.062014202385839,0.7282734646581692,0.3229912490055688,2.0,1e-13,7.550265967992686e-12,4.6848660568589064e-11,2.6738065530612474,0.29952228206163856,1.491821613201141,0.27172653534183083,0.255863539445629,1.0,0.2765717845002728,0.044738502149749566,0.5529783810620647,6.866351829923314,0.5046904946564081,1.8905970807565247,star,nan,nan,18.232388620707216,82.1500001292177,25.236245117685755,108.7744621547855,20.01659027442293,18.232388620707216,82.1500001292177,25.236245117685755,108.7744621547855,20.01659027442293,92.3110389254678,92.3110389254678,3005,0.5690873853001961,0.0,0.1,0.04254029815548642,0.04611249835018055,0.049376724106369695,0.05236853512172848,0.7683017895113418,0.18630154613978978,0.14313498020335547,0.18630154613978978,0.18630154613978978,0,0.05500000000000003,118,False,15.698457611437902,0.26717480970506746,near_boundary_interior,-0.6196603863066787,0.18169060603766468,34.703480825353694,52,0.0,0.16850605049165682,9.73502377840978,0.03726084492074218,0.15451148172329593,0,95,55,3452,0,0,0,0,145,145,90,3452,240,0.3047508690614137,ccpfm,6.866351829923314,0.5825005749716607,2.062014202385839,0.7282734646581692,0.3229912490055688,2.6738065530612474,0.29952228206163856,1.491821613201141,0.27172653534183083,0.255863539445629,6.866351829923314,0.5046904946564081,1.8905970807565247,1.0,0.3047508690614137,1.0,3.339550858072471e-13,5.840883332552949e-10,4.81481299274833e-10,5.214144671583654e-10,5.22689003190635e-10,5.576894501757579e-10,6.344258451917995e-10,0.35,0.65,0.04167434244774157,0.04685941393532107,0.05361550190321583,0.05735376954951468,2.35,0,68,24,0.0011337839969201013,ok,0.36120581299473997,5,False,
,,,,,,0.07682492899766658,,,,,,,,2.0,,0.0,0.0,,,,,,,,,0.0,,,,star,,,,,,,,,,,,,,,3006,0.9165371782301732,0.0,0.16,0.4680119052911134,0.4237167049543514,0.6046400002725112,0.6353620522143835,1.0,4.274413622397121,0.8971990172284507,4.274413622397121,4.274413622397121,,0.08800000000000005,66,False,60.49638768581962,0.04942366793270569,near_boundary_interior,0.32811991510654137,0.8286748229899237,92.76585180842606,23,,0.08800000000000005,53.83621488986976,0.04576000000000004,0.02611069887204262,,60,6,0,,,,,57,57,51,,117,0.0,wls,,,,,,,,,,,,,,,,,3.3306690738754696e-14,1.0658141036401503e-14,9.325873406851315e-15,1.865174681370263e-14,9.769962616701378e-15,9.880984919163893e-15,2.7922109069322687e-14,,,0.5789077310671666,0.42504129433816634,0.8294015687446,0.8646288587902135,,,,,0.0003289860032964498,ok,0.07715391500096302,6,False,
,,,,,,0.34369087500090245,,,,,,,,2.0,,0.0,0.0,,,,,,,,,0.0,,,,star,,,,,,,,,,,,,,,3005,0.8192586338040789,0.0,0.08,0.12105642790976084,0.0741275497094455,0.1361002382843708,0.19707697693637588,1.0,1.6108364878544772,0.3738580127533943,1.6108364878544772,1.6108364878544772,,0.044000000000000004,157,False,256.49085622082384,0.011434510881038284,near_boundary_interior,-0.7565095719141083,-0.5803991501298438,334.93155177855544,23,,0.15286277374848173,170.6579113926261,0.029824127092130902,0.00786296303413515,,119,109,0,,,,,224,224,115,,343,0.0,wls,,,,,,,,,,,,,,,,,1.4166445794216997e-13,4.951594689828198e-14,2.986499936241671e-14,1.0746958878371515e-13,4.163336342344337e-14,3.9745984281580604e-14,8.881784197001252e-14,,,0.16217581249058216,0.07659038204403737,0.20068232932392513,0.26997322820709263,,,,,0.002281232998939231,ok,0.3459721079998417,5,False,
,,,,,,0.16177248299936764,,,,,,,,2.0,,0.0,0.0,,,,,,,,,0.0,,,,star,,,,,,,,,,,,,,,3006,0.7599672917869598,0.0,0.12,0.13296377954329022,0.12897984156879033,0.1598747901754255,0.17542549826719187,1.0,0.9217134543352751,0.2928215912691975,0.9217134543352751,0.9217134543352751,,0.066,81,False,119.61657709831393,0.023694923668093323,near_boundary_interior,0.8791552635756316,0.09795156282756037,145.49960480976583,23,,0.17443048593112517,89.47104553237058,0.043890827050048924,0.01772306519351124,,80,27,0,,,,,102,102,75,,182,0.0,wls,,,,,,,,,,,,,,,,,6.039613253960852e-14,2.7533531010703882e-14,1.3877787807814457e-14,3.197442310920451e-14,1.2989609388114332e-14,2.4646951146678475e-14,5.617728504603292e-14,,,0.1532947676877433,0.12885445610295596,0.20476840135367688,0.22593734537182467,,,,,0.0009456429979763925,ok,0.16271812599734403,6,False,
nan,nan,nan,0.0,nan,1.0,0.14161542600777466,0.0,1.0,5.196156853641527,0.4990413467848552,2.1585399241874588,0.8857677902621723,0.30021141649048627,2.0,1e-13,4.454686619581594e-12,1.9898228072763907e-11,2.5084571296821103,0.2645207710826478,1.4774542837582134,0.11423220973782772,0.19672131147540983,1.0,0.24404101525740174,0.03804453190312373,0.5292745963652404,5.196156853641527,0.4559467108633164,2.0356094981594226,star,nan,nan,7.530221044431428,38.97345795512302,11.347895163897187,48.374815512321355,8.026427604913618,7.530221044431428,38.97345795512302,11.347895163897187,48.374815512321355,8.026427604913618,40.43604176902543,40.43604176902543,3006,0.9313614575884165,0.0,0.16,0.07010730596134271,0.05755982416501032,0.09057393843262171,0.09594265622864862,0.8284501783894274,0.22667314853748988,0.09656321004301538,0.22667314853748988,0.22667314853748988,0,0.08800000000000001,74,False,18.371344962252536,0.2651863010252633,near_boundary_interior,-0.6253106680311513,0.23715149736382163,28.988098186907887,56,0.0,0.08800000000000005,11.913507642008659,0.04576000000000004,0.17707181052664936,0,60,6,1602,0,0,0,0,57,57,51,1602,117,0.2883895131086142,ccpfm,5.196156853641527,0.4990413467848552,2.1585399241874588,0.8857677902621723,0.30021141649048627,2.5084571296821103,0.2645207710826478,1.4774542837582134,0.11423220973782772,0.19672131147540983,5.196156853641527,0.4559467108633164,2.0356094981594226,1.0,0.2883895131086142,1.0,1.318944953254686e-13,4.374651751959391e-10,4.2273218259225587e-10,2.5293095395895193e-10,2.585534009114099e-10,4.626142802166555e-10,2.8203697710615927e-10,0.35,0.65,0.07058645434684759,0.057449485645423196,0.10112926952879467,0.10508107994229894,2.35,0,68,24,0.00041157899249810725,ok,0.14202700500027277,6,False,
nan,nan,nan,0.0,nan,1.0,0.25140304400702007,0.0,1.0,4.95135803865436,0.5431679358035839,1.9253919825451344,0.7948322406478981,0.3158660844250364,2.0,1e-13,1.100131444276009e-11,3.875562552506445e-11,2.554725980454704,0.2710605645628932,1.4063329622041518,0.20516775935210183,0.24060150375939848,1.0,0.31506303063649327,0.041611416817077654,0.5300847475724015,4.95135803865436,0.48769368344478814,1.798767506653179,star,nan,nan,13.182179029995115,60.1154091578465,19.219844196152362,87.28442773652439,14.20008044187122,13.182179029995115,60.1154091578465,19.219844196152362,87.28442773652439,14.20008044187122,66.38674693994646,66.38674693994646,3006,0.6716229760826242,0.0,0.12,0.05662378920179932,0.06424488924376467,0.06808407860147969,0.07023015348326324,0.7608597847542576,0.19097842594161318,0.1473764303554458,0.19097842594161318,0.19097842594161318,0,0.06599999999999999,90,False,26.656514427382337,0.18222062996382452,near_boundary_interior,0.07288032225929839,0.767427065547308,33.27068539483103,53,0.0,0.17443048593112517,9.837135087744283,0.043890827050048924,0.1534141921645928,0,80,27,2593,0,0,0,0,102,102,75,2593,182,0.30042421905129196,ccpfm,4.95135803865436,0.5431679358035839,1.9253919825451344,0.7948322406478981,0.3158660844250364,2.554725980454704,0.2710605645628932,1.4063329622041518,0.20516775935210183,0.24060150375939848,4.95135803865436,0.48769368344478814,1.798767506653179,1.0,0.30042421905129196,1.0,3.730349362740526e-13,1.4773331447059945e-09,1.5025669597434899e-09,9.510539022983266e-10,8.32933971794958e-10,1.1407355060555346e-09,7.92291232620812e-10,0.35,0.65,0.05477088714031197,0.06154987027484271,0.07316196873261623,0.07691434871664687,2.35,0,68,24,0.0013064709928585216,ok,0.2527095149998786,6,False,
nan,nan,nan,0.0,nan,1.0,0.5806630909937667,0.0,1.0,5.701877212489222,0.6455135583140461,2.0199633787206577,0.6455773955773956,0.36473200126863303,2.0,1e-13,5.0931266148968035e-11,1.8514865766643447e-10,2.568240623457778,0.3583993693059762,1.5427878996556796,0.3544226044226044,0.268630849220104,1.0,0.2749004182461956,0.049900263470250505,0.5688692653354184,5.701877212489222,0.52651349808801,1.8030324625705902,star,nan,nan,28.566119034789924,126.71560974746492,38.58152823348965,167.2890099227737,31.62733869302545,28.566119034789924,126.71560974746492,38.58152823348965,167.2890099227737,31.62733869302545,143.4073438674453,143.4073438674453,3005,0.3432946322668799,0.0,0.08,0.02440968873405906,0.028491186403828958,0.027443106578604822,0.02572369025246114,0.7280534839172537,0.07934073673031872,0.07000654373134274,0.07934073673031872,0.07934073673031872,0,0.04400000000000002,124,False,17.72658194648669,0.2490856407102682,near_boundary_interior,0.5399221604437827,0.24200684562526484,29.864327316070504,49,0.0,0.15286277374848173,9.588022559476371,0.029824127092130902,0.16472304696821824,0,119,109,4884,0,0,0,0,224,224,115,4884,343,0.33067158067158064,ccpfm,5.701877212489222,0.6455135583140461,2.0199633787206577,0.6455773955773956,0.36473200126863303,2.568240623457778,0.3583993693059762,1.5427878996556796,0.3544226044226044,0.268630849220104,5.701877212489222,0.52651349808801,1.8030324625705902,1.0,0.33067158067158064,1.0,8.597567102697212e-13,1.056627407791666e-08,1.0395706517840608e-08,9.121674082734899e-09,3.5369409623342563e-09,5.917996537263548e-09,5.470884190117431e-09,0.35,0.65,0.022213932390361846,0.029111199031316516,0.02748833890257762,0.025856294777108355,2.35,0,68,24,0.0026899560034507886,ok,0.5833530469972175,5,False,
,,,,,,0.1801039489946561,,,,,,,,2.0,,0.0,0.0,,,,,,,,,0.0,,,,star,,,,,,,,,,,,,,,3006,0.9335306889451257,0.0,0.1,0.20304749134709782,0.08758193438643813,0.2354788829383318,0.31566375455521045,1.0,2.5542624370533544,0.18940419204622094,2.5542624370533544,2.5542624370533544,,0.055000000000000035,115,False,172.29136756251125,0.017053046833242894,near_boundary_interior,-0.7831409257838237,0.510723290677701,210.15542251761124,23,,0.160408528205326,117.34077702681569,0.03726084492074218,0.012383035243541748,,95,53,0,,,,,145,145,92,,240,0.0,wls,,,,,,,,,,,,,,,,,7.904787935331115e-14,2.842170943040401e-14,2.1316282072803006e-14,7.815970093361102e-14,1.9095836023552692e-14,2.6645352591003757e-14,5.3290705182007514e-14,,,0.27908320857076085,0.08637739444379278,0.35905032740575604,0.4459668182860227,,,,,0.0011769660050049424,ok,0.18128091499966104,6,False,
,,,,,,0.04121796599065419,,,,,,,,2.0,,0.0,0.0,,,,,,,,,0.0,,,,star,,,,,,,,,,,,,,,3007,0.9781060527854586,0.0,0.2,1.102411061549282,0.6201108473932758,1.5320637369499648,1.6278740921530945,1.0,7.952714577203859,0.7851031155881005,7.952714577203859,7.952714577203859,,0.10999999999999999,66,False,39.066970881516276,0.07700605751243275,near_boundary_interior,0.30413942001062766,-0.8248744727342502,49.02021254218097,23,,0.11000000000000003,37.92596864621479,0.05720000000000003,0.05201829447362929,,48,3,0,,,,,37,37,34,,85,0.0,wls,,,,,,,,,,,,,,,,,1.4210854715202004e-14,1.2434497875801753e-14,1.0658141036401503e-14,9.769962616701378e-15,9.992007221626409e-15,3.3306690738754696e-15,8.881784197001252e-15,,,1.2965393457960617,0.6156568428385855,1.965143646436282,2.041835343273351,,,,,0.0002524730080040172,ok,0.04147043899865821,7,False,
nan,nan,nan,0.0,nan,1.0,0.11344130500219762,0.0,1.0,4.824245370675161,0.4488422445249276,2.242998213917173,0.9136760426770126,0.31528662420382164,2.0,1e-13,2.7032057148268507e-12,1.1078835125824694e-11,1.9595337825710575,0.14099586432803962,1.0732244671323257,0.0863239573229874,0.12359550561797752,1.0,0.22951693895995842,0.03407652956099419,0.5329862301574422,4.824245370675161,0.4064389453711031,2.182193970257957,star,nan,nan,5.711737984161228,31.2632107162496,6.550045301739217,29.783521585432283,5.775975552856966,5.711737984161228,31.2632107162496,6.550045301739217,29.783521585432283,5.775975552856966,31.267796869961476,31.267796869961476,3007,0.9538089638936488,0.0,0.2,0.08059623310549731,0.06585023498003233,0.11200773502958788,0.11752485389707341,0.8365742318747055,0.24942615262946388,0.09665938783207796,0.24942615262946388,0.24942615262946388,0,0.251683985424692,84,False,11.364331580724215,0.2808315839343415,near_boundary_interior,-0.4712393896747157,-0.3662586930149111,29.285105833856807,51,0.0,0.11000000000000003,14.59657667185481,0.05720000000000003,0.1670806952310056,0,48,3,1031,0,0,0,0,37,37,34,1031,85,0.2987390882638215,ccpfm,4.824245370675161,0.4488422445249276,2.242998213917173,0.9136760426770126,0.31528662420382164,1.9595337825710575,0.14099586432803962,1.0732244671323257,0.0863239573229874,0.12359550561797752,4.824245370675161,0.4064389453711031,2.182193970257957,1.0,0.2987390882638215,1.0,6.483702463810914e-14,1.5941070685698833e-10,1.258144699534114e-10,1.4550671778579272e-10,7.928679934821048e-11,1.2430545481834088e-10,7.358957887504403e-11,0.35,0.65,0.07658365488676513,0.06392440653607644,0.11607660292730357,0.119591312318653,2.35,0,68,24,0.0003021119919139892,ok,0.11374341699411161,7,False,
nan,nan,nan,0.0,nan,1.0,0.3782311170070898,0.0,1.0,6.539089171563431,0.5915550857423708,2.064899196508914,0.7314218841427735,0.3172,2.0,1e-13,9.04935501533366e-12,5.308885124984735e-11,2.4349260875487397,0.3198153790719832,1.5239980610562314,0.26857811585722646,0.24074074074074073,1.0,0.28384632546628574,0.045342210280484865,0.5552617001586765,6.539089171563431,0.514925429308599,1.8881060579461795,star,nan,nan,18.54658948608858,82.4455450941671,25.62314081920906,113.08456372589566,20.25021588265769,18.54658948608858,82.4455450941671,25.62314081920906,113.08456372589566,20.25021588265769,94.2972590200672,94.2972590200672,3006,0.5284529843410687,0.0,0.1,0.043605274235888496,0.050096552343517994,0.05057004742665789,0.05100408835589402,0.7560184895371325,0.18258399760606442,0.11684124559652015,0.18258399760606442,0.18258399760606442,0,0.05500000000000003,121,False,15.916160318348622,0.2639710042747644,near_boundary_interior,-0.6196603863066784,-0.1816906060376642,33.692412121998544,53,0.0,0.160408528205326,9.702379680047416,0.03726084492074218,0.15425811228821837,0,95,53,3418,0,0,0,0,145,145,92,3418,240,0.296664716208309,ccpfm,6.539089171563431,0.5915550857423708,2.064899196508914,0.7314218841427735,0.3172,2.4349260875487397,0.3198153790719832,1.5239980610562314,0.26857811585722646,0.24074074074074073,6.539089171563431,0.514925429308599,1.8881060579461795,1.0,0.296664716208309,1.0,3.8902214782865485e-13,1.2068599453129991e-09,8.423057806794532e-10,1.0265921446261927e-09,5.309457318247723e-10,1.1453868964395042e-09,1.2373887470218392e-09,0.35,0.65,0.042760507985400556,0.050269038606555676,0.05501289192861547,0.05756857059874712,2.35,0,68,24,0.0017063919949578121,ok,0.3799375090020476,6,False,
,,,,,,0.27406285899633076,,,,,,,,2.0,,0.0,0.0,,,,,,,,,0.0,,,,star,,,,,,,,,,,,,,,3006,0.6695648783697862,0.0,0.08,0.05021435537343303,0.041262146281668154,0.056327816177430615,0.07435865470125286,1.0,0.4288227809320708,0.10417124855568105,0.4288227809320708,0.4288227809320708,,0.044000000000000004,145,False,256.0654519032318,0.011107674382481406,near_boundary_interior,-0.7949005148315749,0.5068897584480837,342.3960646149356,23,,0.1538511729797993,171.4810159910273,0.029826002731608615,0.007521319411614749,,119,111,0,,,,,227,227,116,,346,0.0,wls,,,,,,,,,,,,,,,,,1.1013412404281553e-13,5.861977570020827e-14,3.375077994860476e-14,8.637535131583718e-14,3.8191672047105385e-14,5.1514348342607263e-14,8.526512829121202e-14,,,0.06251718450975699,0.04202524219820309,0.07718351129017648,0.09983893940266064,,,,,0.0014903390110703185,ok,0.2755531980074011,6,False,
,,,,,,0.07107244699727744,,,,,,,,2.0,,0.0,0.0,,,,,,,,,0.0,,,,star,,,,,,,,,,,,,,,3007,0.919126876369885,0.0,0.16,0.3946777954356305,0.3019881623877016,0.5071186327707038,0.5533560974952535,1.0,3.2979743313221612,0.445164313678613,3.2979743313221612,3.2979743313221612,,0.08800000000000005,66,False,58.42864926404542,0.05239780478042215,near_boundary_interior,0.32811991510654137,0.8286748229899237,83.39605449868088,23,,0.08800000000000005,55.568514191251246,0.04576000000000004,0.028757620321928454,,60,8,0,,,,,57,57,49,,117,0.0,wls,,,,,,,,,,,,,,,,,2.7755575615628914e-14,1.0436096431476471e-14,7.549516567451064e-15,1.4210854715202004e-14,1.2035511476327088e-14,6.661338147750939e-15,1.1546319456101628e-14,,,0.491239084515908,0.31110372268424896,0.7037986287989015,0.7485996294321439,,,,,0.0003695759951369837,ok,0.07144202299241442,7,False,
nan,nan,nan,0.0,nan,1.0,0.12648539399378933,0.0,1.0,5.40271425156423,0.5032738385045749,2.102703873226532,0.8828270303781773,0.29985955056179775,2.0,1e-13,5.110533524144145e-12,1.932038368114108e-11,2.9342517598008144,0.26273151758475466,1.3241366374504737,0.11717296962182269,0.17989417989417988,1.0,0.28612468178697303,0.038057035615140955,0.5320567060346999,5.40271425156423,0.4773967706174422,2.0378812663309165,star,nan,nan,7.589044296648602,38.55886832550083,10.534840300568208,45.393657408723215,7.926822240683206,7.589044296648602,38.55886832550083,10.534840300568208,45.393657408723215,7.926822240683206,40.43604176902301,40.43604176902301,3007,0.8246266134631769,0.0,0.16,0.07455490640747825,0.08400462366373516,0.0957950577431824,0.0990100263615912,0.8067601062399002,0.22319965207339132,0.1446412902083425,0.22319965207339132,0.22319965207339132,0,0.08800000000000001,74,False,18.219609434938317,0.2656957306309045,near_boundary_interior,-0.6253106680311513,0.23715149736382163,29.455090723141456,54,0.0,0.08800000000000005,12.357170113380965,0.04576000000000004,0.17513974124459303,0,60,8,1613,0,0,0,0,57,57,49,1613,117,0.28580285182889026,ccpfm,5.40271425156423,0.5032738385045749,2.102703873226532,0.8828270303781773,0.29985955056179775,2.9342517598008144,0.26273151758475466,1.3241366374504737,0.11717296962182269,0.17989417989417988,5.40271425156423,0.4773967706174422,2.0378812663309165,1.0,0.28580285182889026,1.0,1.3322676295501878e-13,7.208200702990553e-10,7.217778597023994e-10,4.5755105260170126e-10,2.8864069467893216e-10,3.5758207506120243e-10,2.135500665190193e-10,0.35,0.65,0.07112170146732472,0.08419873470173748,0.10189611850586984,0.10450127093173642,2.35,0,68,24,0.00040279301174450666,ok,0.12688818700553384,7,False,
,,,,,,0.1379395699914312,,,,,,,,2.0,,0.0,0.0,,,,,,,,,0.0,,,,star,,,,,,,,,,,,,,,3007,0.8214663812908466,0.0,0.12,0.16829684148944196,0.1297972324965935,0.20172869919217745,0.24243769182485153,1.0,1.2539869487360125,0.3473556438261501,1.2539869487360125,1.2539869487360125,,0.066,81,False,111.33769732239864,0.02619099934248055,near_boundary_interior,0.8791552635756316,0.09795156282756037,151.62052597122494,23,,0.17755837559067242,89.56856440524204,0.043890827050049055,0.017954834806110848,,80,32,0,,,,,103,103,71,,183,0.0,wls,,,,,,,,,,,,,,,,,4.440892098500626e-14,2.2426505097428162e-14,2.886579864025407e-14,3.6193270602780103e-14,1.837419105754634e-14,1.2878587085651816e-14,3.064215547965432e-14,,,0.20387238123416174,0.1291586912235858,0.271747356484601,0.31561207005586056,,,,,0.000708598003257066,ok,0.13864816799468827,7,False,
,,,,,,0.22080195200396702,,,,,,,,2.0,,0.0,0.0,,,,,,,,,0.0,,,,star,,,,,,,,,,,,,,,3007,0.8306976182370294,0.0,0.1,0.12479531271855603,0.0855536181912649,0.14503921463555217,0.1844896128248888,1.0,1.066305839003232,0.172197189113316,1.066305839003232,1.066305839003232,,0.055000000000000035,115,False,159.72472498238972,0.018204787844417886,near_boundary_interior,-0.7831409257838237,0.510723290677701,204.63444648019615,23,,0.1634830470001376,112.73040043490258,0.037260844920742144,0.01296080599276538,,95,54,0,,,,,142,142,88,,237,0.0,wls,,,,,,,,,,,,,,,,,1.0480505352461478e-13,5.3290705182007514e-14,2.886579864025407e-14,7.72715225139109e-14,2.4868995751603507e-14,3.197442310920451e-14,9.547918011776346e-14,,,0.16173244577959234,0.08678683783563994,0.20894267716206044,0.25656326594988393,,,,,0.000936633994570002,ok,0.22173858599853702,7,False,
nan,nan,nan,0.0,nan,1.0,0.5921370400028536,0.0,1.0,5.932049283606431,0.6406811071562606,2.039933787465701,0.6462006079027356,0.3505801191596112,2.0,1e-13,3.527781886059067e-11,1.7676601257214018e-10,2.5419469782184425,0.34815187807706444,1.5539310234417965,0.35379939209726446,0.27319587628865977,1.0,0.2871823024508976,0.04887794235218637,0.5665567290524434,5.932049283606431,0.5208113687612691,1.82958711947167,star,nan,nan,28.85175187398695,125.84657883816843,38.708761789138734,167.01918006845398,32.29180962511779,28.85175187398695,125.84657883816843,38.708761789138734,167.01918006845398,32.29180962511779,147.6536706212649,147.6536706212649,3006,0.38030738777961925,0.0,0.08,0.02190759435726556,0.024652653514565574,0.024574784215962434,0.02444946562782262,0.7373720746742489,0.07558810403828686,0.07558810403828686,0.07558810403828686,0.07447082086333134,0,0.16242516159873743,215,False,8.881585945276262,0.30157947881103087,interior_core,-0.44961109342032224,0.14300364738106353,28.77441453127906,49,0.0,0.1538511729797993,9.440431612546051,0.029826002731608615,0.17319898524185084,0,119,111,4935,0,0,0,0,227,227,116,4935,346,0.3232016210739615,ccpfm,5.932049283606431,0.6406811071562606,2.039933787465701,0.6462006079027356,0.3505801191596112,2.5419469782184425,0.34815187807706444,1.5539310234417965,0.35379939209726446,0.27319587628865977,5.932049283606431,0.5208113687612691,1.82958711947167,1.0,0.3232016210739615,1.0,6.750155989720952e-13,6.173431543743391e-09,5.761137567006358e-09,5.773037159428895e-09,3.589487374000555e-09,4.6480117532610166e-09,4.48207959635738e-09,0.35,0.65,0.019975479044181472,0.02494994324552475,0.024661661020461353,0.024382613730507943,2.35,0,68,24,0.002943579005659558,ok,0.5950806190085132,6,False,
nan,nan,nan,0.0,nan,1.0,0.29430895499535836,0.0,1.0,5.341339026937258,0.5680404734622968,1.9704522945401393,0.7928790199081164,0.30758087880251084,2.0,1e-13,1.1738714167375264e-11,4.1492316945794225e-11,2.308408099956575,0.2510823921933881,1.4253252322631267,0.20712098009188362,0.23105360443622922,1.0,0.2932842379041932,0.04117580342977285,0.5358721401929577,5.341339026937258,0.5022064976551872,1.819149250587431,star,nan,nan,13.17069074671434,61.98869917607209,19.361233428716286,85.74139734930347,14.270113286942518,13.17069074671434,61.98869917607209,19.361233428716286,85.74139734930347,14.270113286942518,68.37791782199074,68.37791782199074,3007,0.6680922620626942,0.0,0.12,0.055032246318438255,0.05787025450588282,0.06596430072716783,0.07149320045011902,0.766941640810642,0.16945449229109277,0.1423700159125435,0.16945449229109277,0.16945449229109277,0,0.066,99,False,16.17420409721694,0.2682270384179087,near_boundary_interior,-0.6052276252050963,0.18229539949497314,33.00182790986719,53,0.0,0.17755837559067242,10.078913727568814,0.043890827050049055,0.15681855861169264,0,80,32,2612,0,0,0,0,103,103,71,2612,183,0.29173047473200614,ccpfm,5.341339026937258,0.5680404734622968,1.9704522945401393,0.7928790199081164,0.30758087880251084,2.308408099956575,0.2510823921933881,1.4253252322631267,0.20712098009188362,0.23105360443622922,5.341339026937258,0.5022064976551872,1.819149250587431,1.0,0.29173047473200614,1.0,4.227729277772596e-13,1.4998806641131068e-09,1.528592141752938e-09,1.0286864693398456e-09,9.454586141766086e-10,1.2369727464545122e-09,8.471401358178809e-10,0.35,0.65,0.05378336842795249,0.055681674824562946,0.07168939757635208,0.0778352102245797,2.35,0,68,24,0.0007381360046565533,ok,0.2950470910000149,7,False,
,,,,,,0.047764655988430604,,,,,,,,2.0,,0.0,0.0,,,,,,,,,0.0,,,,star,,,,,,,,,,,,,,,3008,0.9747697942170637,0.0,0.2,0.982711585394467,0.5852455550835965,1.36936681502674,1.45629593915103,1.0,7.703540524886898,0.7131404627612637,7.703540524886898,7.703540524886898,,0.10999999999999999,66,False,39.01660098987817,0.07694175163279046,near_boundary_interior,0.30413942001062766,-0.8248744727342502,46.804255524505415,23,,0.11000000000000003,38.77940673139706,0.05720000000000003,0.05076198088555046,,48,3,0,,,,,36,36,33,,84,0.0,wls,,,,,,,,,,,,,,,,,1.7763568394002505e-14,7.105427357601002e-15,3.552713678800501e-15,1.1018963519404679e-14,9.735268147181841e-15,5.773159728050814e-15,1.2989609388114332e-14,,,1.1601576657515231,0.5935953499292848,1.7721701071298772,1.8422981503792526,,,,,0.0002619540027808398,ok,0.048026609991211444,8,False,
nan,nan,nan,0.0,nan,1.0,0.3681972790072905,0.0,1.0,5.80224409009696,0.5629243320652944,2.0720263374489543,0.7369190295235312,0.31654105513685044,2.0,1e-13,1.405391081288343e-11,4.981235615083593e-11,2.4857895008488318,0.3122986538543733,1.5279826291340735,0.2630809704764689,0.23777777777777778,1.0,0.27031887303435653,0.04309514599862554,0.5494719020435953,5.80224409009696,0.4941290731062807,1.8712624770794424,star,nan,nan,17.56149033397434,82.44554509416533,24.802541416912653,107.39377388908505,19.572861260744766,17.56149033397434,82.44554509416533,24.802541416912653,107.39377388908505,19.572861260744766,91.10446351161872,91.10446351161872,3007,0.6016226983444548,0.0,0.1,0.04228053697566334,0.04446275416884798,0.0491391522945221,0.05319303424097684,0.7647668131644249,0.19078818363932937,0.14237864417691004,0.19078818363932937,0.19078818363932937,0,0.05500000000000003,118,False,16.03645725803733,0.25757755733651294,near_boundary_interior,-0.6196603863066787,0.18169060603766468,33.69382784607062,54,0.0,0.1634830470001376,9.529794931034758,0.037260844920742144,0.15269191165737842,0,95,54,3421,0,0,0,0,142,142,88,3421,237,0.2958199356913183,ccpfm,5.80224409009696,0.5629243320652944,2.0720263374489543,0.7369190295235312,0.31654105513685044,2.4857895008488318,0.3122986538543733,1.5279826291340735,0.2630809704764689,0.23777777777777778,5.80224409009696,0.4941290731062807,1.8712624770794424,1.0,0.2958199356913183,1.0,3.730349362740526e-13,1.951248052023402e-09,5.619962273328838e-10,6.225668869319634e-10,8.491736203097844e-10,1.8912840182849777e-09,1.8831745052239057e-09,0.35,0.65,0.04190040690482883,0.043611570707086385,0.05413127310771993,0.05967538323354182,2.35,0,68,24,0.0013308149937074631,ok,0.36952809400099795,7,False,
nan,nan,nan,0.0,nan,1.0,0.1317795540089719,0.0,1.0,3.9505740031045287,0.48268003855581476,2.1327876998161277,0.9193548387096774,0.3201754385964912,2.0,1e-13,2.4999152054006046e-12,1.0215061992638662e-11,2.238029214444367,0.1041550660477838,0.7227121858999682,0.08064516129032258,0.075,1.0,0.21867689005076246,0.034444038262528426,0.5196418414344134,3.9505740031045287,0.4094935828946302,2.0953486978260134,star,nan,nan,5.500222570640123,29.49146249046603,7.931367282335415,37.181795371856055,5.775060109319108,5.500222570640123,29.49146249046603,7.931367282335415,37.181795371856055,5.775060109319108,31.267796869961575,31.267796869961575,3008,0.8334312017551648,0.0,0.2,0.09200823705504796,0.14079109513770904,0.12820956667741112,0.12607649248946587,0.8310790073486466,0.2349862475954067,0.1986882645476744,0.2349862475954067,0.2349862475954067,0,0.11000000000000006,60,False,15.429724124128207,0.32291888207287217,near_boundary_interior,-0.5470711752408862,-0.18358034994141717,29.164097556049555,50,0.0,0.11000000000000003,14.550899046472727,0.05720000000000003,0.16564554953934107,0,48,3,992,0,0,0,0,36,36,33,992,84,0.3004032258064516,ccpfm,3.9505740031045287,0.48268003855581476,2.1327876998161277,0.9193548387096774,0.3201754385964912,2.238029214444367,0.1041550660477838,0.7227121858999682,0.08064516129032258,0.075,3.9505740031045287,0.4094935828946302,2.0953486978260134,1.0,0.3004032258064516,1.0,5.684341886080802e-14,1.4567747008698007e-10,1.4785173085840597e-10,1.40734819631394e-10,6.969842064608045e-11,1.1007417199948577e-10,7.669043178282209e-11,0.35,0.65,0.08145440601593763,0.13810570263651142,0.12442366041856687,0.12310445755267929,2.35,0,68,24,0.00023636099649593234,ok,0.13201591500546783,8,False,
,,,,,,0.0622569600091083,,,,,,,,2.0,,0.0,0.0,,,,,,,,,0.0,,,,star,,,,,,,,,,,,,,,3008,0.8651643273319664,0.0,0.16,0.3710631421074493,0.39168595512498894,0.47541769753646024,0.49398345275069333,1.0,2.5978799954061054,0.6914578411222712,2.5978799954061054,2.5978799954061054,,0.08800000000000005,66,False,62.03830383771208,0.04812352500784339,near_boundary_interior,0.32811991510654137,0.8286748229899237,81.55191355390184,23,,0.08800000000000005,56.471973342390356,0.04576000000000004,0.02911798456826166,,60,7,0,,,,,58,58,51,,118,0.0,wls,,,,,,,,,,,,,,,,,2.353672812205332e-14,1.2434497875801753e-14,1.0658141036401503e-14,2.2148949341271873e-14,1.7319479184152442e-14,7.993605777301127e-15,1.8540724511240114e-14,,,0.4404838171771876,0.38868778242040847,0.6282853952460254,0.6543597357391646,,,,,0.00033510499633848667,ok,0.06259206500544678,8,False,
nan,nan,nan,0.0,nan,1.0,0.14063730799534824,0.0,1.0,6.385580508593624,0.5215507686273555,2.004730874455574,0.8795107033639143,0.29763560500695413,2.0,1e-13,4.970208272725429e-12,2.0767277980555296e-11,2.7795490115549577,0.27022557672881914,1.367092891410877,0.12048929663608562,0.20812182741116753,1.0,0.2779375329439467,0.03856998287078433,0.5338288464630361,6.385580508593624,0.4936395376427572,1.956447888224914,star,nan,nan,7.739130771531363,39.36535094585919,10.309060476843014,45.18899716417056,7.9779186900202355,7.739130771531363,39.36535094585919,10.309060476843014,45.18899716417056,7.9779186900202355,40.43604176902466,40.43604176902466,3008,0.9642719911014951,0.0,0.16,0.06297670389189966,0.034219378047426925,0.08068772175182123,0.08851053871820383,0.8126553414137196,0.20804888512733666,0.06384148401025105,0.20804888512733666,0.20804888512733666,0,0.08799999999999998,76,False,14.245366872796122,0.3126772644265528,near_boundary_interior,-0.5447280326474833,-0.1485706795091492,28.30272487676976,56,0.0,0.08800000000000005,12.012879623789786,0.04576000000000004,0.18189897230429292,0,60,7,1635,0,0,0,0,58,58,51,1635,118,0.2868501529051988,ccpfm,6.385580508593624,0.5215507686273555,2.004730874455574,0.8795107033639143,0.29763560500695413,2.7795490115549577,0.27022557672881914,1.367092891410877,0.12048929663608562,0.20812182741116753,6.385580508593624,0.4936395376427572,1.956447888224914,1.0,0.2868501529051988,1.0,1.2789769243681803e-13,5.4333315624433e-10,5.133875546903255e-10,3.398969716794653e-10,2.806510995823075e-10,5.724141161067564e-10,3.624976985250328e-10,0.35,0.65,0.06471360716670305,0.033844983447865185,0.09230444495574475,0.09763357186047955,2.35,0,68,24,0.00039685801311861724,ok,0.14103416600846685,8,False,
,,,,,,0.3469419909961289,,,,,,,,2.0,,0.0,0.0,,,,,,,,,0.0,,,,star,,,,,,,,,,,,,,,3007,0.9363457265925887,0.0,0.08,0.13925747789787496,0.05103956066255799,0.15647921648621593,0.2389075342336148,1.0,1.8587618513698159,0.22417215341616414,1.8587618513698159,1.8587618513698159,,0.04400000000000007,144,False,251.3318763210176,0.011697833554594405,near_boundary_interior,-0.7565095719141108,0.5803991501298414,364.1998152080757,23,,0.15372325109528304,171.89177044375606,0.029826002731608996,0.007472525455688685,,119,109,0,,,,,228,228,119,,347,0.0,wls,,,,,,,,,,,,,,,,,1.1191048088221578e-13,5.950795411990839e-14,3.7414515929867775e-14,6.661338147750939e-14,4.39648317751562e-14,6.394884621840902e-14,1.1368683772161603e-13,,,0.19714500841347934,0.05268519317736632,0.2432109361431563,0.33285120496006726,,,,,0.002442905999487266,ok,0.34938489699561615,7,False,
,,,,,,0.11321210299502127,,,,,,,,2.0,,0.0,0.0,,,,,,,,,0.0,,,,star,,,,,,,,,,,,,,,3008,0.8654729358533602,0.0,0.12,0.18497608699806103,0.1256069379524629,0.22321292485599906,0.27381053416097223,1.0,1.823465717459021,0.2737735311692125,1.823465717459021,1.823465717459021,,0.06599999999999998,88,False,100.54223666815813,0.029794474481020603,near_boundary_interior,0.3325788237646691,0.8585999531986871,142.362972907336,23,,0.17521396828433808,83.6898668868599,0.043890827050047904,0.018468616595833574,,80,29,0,,,,,96,96,67,,176,0.0,wls,,,,,,,,,,,,,,,,,4.796163466380676e-14,2.1316282072803006e-14,1.2434497875801753e-14,3.341771304121721e-14,1.8318679906315083e-14,1.2656542480726785e-14,3.708144902248023e-14,,,0.23278228407035106,0.1276568501047047,0.31518870261773496,0.367817773725318,,,,,0.0006333990022540092,ok,0.11384550199727528,8,False,
,,,,,,0.21611521601153072,,,,,,,,2.0,,0.0,0.0,,,,,,,,,0.0,,,,star,,,,,,,,,,,,,,,3008,0.9048875745727788,0.0,0.1,0.17307203712351257,0.08659299280095449,0.20039520070143926,0.27215376134890634,1.0,2.003421585770411,0.2328532804793746,2.003421585770411,2.003421585770411,,0.05500000000000001,125,False,167.17714787176493,0.01720002890760407,near_boundary_interior,-0.7277305686804616,-0.5869891044016194,216.4365427699319,23,,0.1621905684019837,116.454811496137,0.03726084492074218,0.01151729411330117,,95,57,0,,,,,145,145,88,,240,0.0,wls,,,,,,,,,,,,,,,,,8.926193117986259e-14,3.6415315207705135e-14,2.4424906541753444e-14,5.062616992290714e-14,2.6256774532384952e-14,1.9761969838327786e-14,4.440892098500626e-14,,,0.23634112639257857,0.08767753241585999,0.30406114092380043,0.38387278600531755,,,,,0.0008194809925043955,ok,0.21693469700403512,8,False,
nan,nan,nan,0.0,nan,1.0,0.25099638100073207,0.0,1.0,5.374803248803359,0.5321579049811993,1.8935538594474572,0.8117932148626817,0.3169154228855721,2.0,1e-13,9.767808090144214e-12,3.7858207947871096e-11,2.4473627152894393,0.2748292574137805,1.4558057853466582,0.18820678513731826,0.20815450643776823,1.0,0.29142640692016547,0.03857376006908638,0.521989075287735,5.374803248803359,0.47561554977916043,1.8026598123357258,star,nan,nan,11.98435624964168,59.84083940112518,18.215422798359857,71.41784465173357,13.274520440593548,11.98435624964168,59.84083940112518,18.215422798359857,71.41784465173357,13.274520440593548,63.60874354934689,63.60874354934689,3008,0.7067216133768833,0.0,0.12,0.05537039496841127,0.055515065793247394,0.06681613830149043,0.07406442008144362,0.7676047632689429,0.18792255984670897,0.15703890769441076,0.18792255984670897,0.18792255984670897,0,0.066,99,False,16.572197470728305,0.26386497156399746,near_boundary_interior,-0.6052276252050963,0.18229539949497314,34.15375316727846,54,0.0,0.17521396828433808,9.933104759197926,0.043890827050047904,0.15161248181641113,0,80,29,2476,0,0,0,0,96,96,67,2476,176,0.2964458804523425,ccpfm,5.374803248803359,0.5321579049811993,1.8935538594474572,0.8117932148626817,0.3169154228855721,2.4473627152894393,0.2748292574137805,1.4558057853466582,0.18820678513731826,0.20815450643776823,5.374803248803359,0.47561554977916043,1.8026598123357258,1.0,0.2964458804523425,1.0,3.3217872896784684e-13,1.3812406773894281e-09,1.4017407234945267e-09,8.972729226286447e-10,8.731916543991414e-10,1.348434364167872e-09,9.871858885901474e-10,0.35,0.65,0.0545475776283591,0.05653004889352481,0.07385776925544177,0.0802052759283926,2.35,0,68,24,0.0006625100068049505,ok,0.251658891007537,8,False,
nan,nan,nan,0.0,nan,1.0,0.6226047250092961,0.0,1.0,5.415167276875977,0.6211745534413703,2.0155750364786273,0.6462462462462463,0.35687732342007433,2.0,1e-13,3.53262627483808e-11,1.7092531901149708e-10,2.2899215650721754,0.35287960079256403,1.554699129750664,0.35375375375375373,0.26881720430107525,1.0,0.26202764131801703,0.04858192353322742,0.5684917442971756,5.415167276875977,0.518366438229767,1.8009305677997463,star,nan,nan,28.653602424445463,126.77293211803374,38.96877423146739,170.93500916357632,31.8888394988022,28.653602424445463,126.77293211803374,38.96877423146739,170.93500916357632,31.8888394988022,145.5608813948189,145.5608813948189,3007,0.317813088151637,0.0,0.08,0.023882029204565742,0.028654810189921293,0.02683547967723463,0.023869884548886895,0.732172331623402,0.07726789550390306,0.07433441400829602,0.07726789550390306,0.07726789550390306,0,0.04400000000000004,149,False,16.731828476916377,0.26091207246466197,near_boundary_interior,-0.6032263681707651,0.1479045430654605,29.119007121620697,50,0.0,0.15372325109528304,9.478621909830213,0.029826002731608996,0.1719188428357011,0,119,109,4995,0,0,0,0,228,228,119,4995,347,0.3257257257257257,ccpfm,5.415167276875977,0.6211745534413703,2.0155750364786273,0.6462462462462463,0.35687732342007433,2.2899215650721754,0.35287960079256403,1.554699129750664,0.35375375375375373,0.26881720430107525,5.415167276875977,0.518366438229767,1.8009305677997463,1.0,0.3257257257257257,1.0,8.455458555545192e-13,6.6315681834794304e-09,6.005886454829579e-09,5.889569720807231e-09,3.3877860516895453e-09,3.90624066426426e-09,4.262343367145149e-09,0.35,0.65,0.021742887811432972,0.029273506953284827,0.02682344403051431,0.024364025916367337,2.35,0,68,24,0.003074409003602341,ok,0.6256791340128984,7,False,
,,,,,,0.07732766499975696,,,,,,,,2.0,,0.0,0.0,,,,,,,,,0.0,,,,star,,,,,,,,,,,,,,,3009,0.9642296538781595,0.0,0.2,0.8489813296257303,0.7434227241625043,1.1652274755063514,1.198047793249772,1.0,4.757144667323505,0.7791776285034331,4.757144667323505,4.757144667323505,,0.11000000000000003,52,False,38.35225643897325,0.07686105999199673,near_boundary_interior,0.3374840457948018,0.7479494562408507,48.92318043960031,23,,0.11000000000000003,36.44718063930341,0.05720000000000003,0.04960264329193769,,48,2,0,,,,,37,37,35,,85,0.0,wls,,,,,,,,,,,,,,,,,1.84297022087776e-14,5.773159728050814e-15,4.218847493575595e-15,1.2545520178264269e-14,4.145989107584569e-15,4.884981308350689e-15,1.2045919817182948e-14,,,0.9944362158604675,0.7418142520551635,1.5072508348633815,1.5395380676512869,,,,,0.00036452199856285006,ok,0.07769218699831981,9,False,
nan,nan,nan,0.0,nan,1.0,0.3604097679926781,0.0,1.0,6.634211750738825,0.5682728289123653,2.0595903664623023,0.7285879629629629,0.3204924543288324,2.0,1e-13,1.0657228571853139e-11,5.157093759014608e-11,2.565912119365304,0.2896577720216599,1.5367424730431423,0.27141203703703703,0.2462686567164179,1.0,0.2762230711539394,0.04290014118017012,0.5523700430876437,6.634211750738825,0.4877290036111723,1.8715193848049028,star,nan,nan,18.07626264360507,82.23823923010302,26.0727331743465,116.40968082791248,19.927893320450213,18.07626264360507,82.23823923010302,26.0727331743465,116.40968082791248,19.927893320450213,94.19918284865413,94.19918284865413,3008,0.516498595668466,0.0,0.1,0.04648059270501643,0.052433366588627676,0.053818559362055415,0.0552199937252765,0.7658461795847253,0.15756602488389498,0.11962016100637907,0.15756602488389498,0.15756602488389498,0,0.05500000000000003,118,False,16.075338628308526,0.2682368735253771,near_boundary_interior,-0.6196603863066787,0.18169060603766468,33.69818821310977,54,0.0,0.1621905684019837,9.657756193978889,0.03726084492074218,0.15101194888298583,0,95,57,3456,0,0,0,0,145,145,88,3456,240,0.3003472222222222,ccpfm,6.634211750738825,0.5682728289123653,2.0595903664623023,0.7285879629629629,0.3204924543288324,2.565912119365304,0.2896577720216599,1.5367424730431423,0.27141203703703703,0.2462686567164179,6.634211750738825,0.4877290036111723,1.8715193848049028,1.0,0.3003472222222222,1.0,3.632649736573512e-13,1.1260739007923348e-09,9.914917775688536e-10,9.838556636054818e-10,6.917975081677241e-10,5.828026949927789e-10,7.114477895697746e-10,0.35,0.65,0.044590969969083884,0.05282509266649394,0.057367845413316604,0.060127435785129475,2.35,0,68,24,0.0011946580052608624,ok,0.36160442599793896,8,False,
nan,nan,nan,0.0,nan,1.0,0.09818362198711839,0.0,1.0,4.034817260025057,0.45985811856305847,2.1504403439206032,0.9130434782608695,0.32063492063492066,2.0,1e-13,2.819702804579549e-12,1.0705269003872779e-11,1.8614960700545509,0.1422952499970711,1.0401908476491435,0.08695652173913043,0.12222222222222222,1.0,0.2232070309249608,0.03432505904175575,0.5275050605688126,4.034817260025057,0.4191403511128575,2.0875286972672966,star,nan,nan,5.625811354586084,31.496965309617313,6.634496658661957,29.152653505478696,5.739727384575397,5.625811354586084,31.496965309617313,6.634496658661957,29.152653505478696,5.739727384575397,31.267796869961543,31.267796869961543,3009,0.9053399962592007,0.0,0.2,0.10998572084767325,0.15667355048608808,0.15095547967065265,0.15039310341739823,0.83050026365397,0.31322281047447975,0.20593049143176978,0.31322281047447975,0.31322281047447975,0,0.2512432296558448,84,False,11.04658250417955,0.2897070022528918,near_boundary_interior,-0.45945202255163625,-0.36277583431109345,26.740847381694003,51,0.0,0.11000000000000003,14.461557873616417,0.05720000000000003,0.17583060856345817,0,48,2,1035,0,0,0,0,37,37,35,1035,85,0.3033816425120773,ccpfm,4.034817260025057,0.45985811856305847,2.1504403439206032,0.9130434782608695,0.32063492063492066,1.8614960700545509,0.1422952499970711,1.0401908476491435,0.08695652173913043,0.12222222222222222,4.034817260025057,0.4191403511128575,2.0875286972672966,1.0,0.3033816425120773,1.0,7.72715225139109e-14,1.7070256319584587e-10,1.715735331586643e-10,1.5959947252675022e-10,8.161070430556805e-11,1.016304818080016e-10,6.999645307814717e-11,0.35,0.65,0.09458477030870072,0.15895638715540913,0.14336060145375257,0.14241783894931154,2.35,0,68,24,0.0002693880087463185,ok,0.0984530099958647,9,False,
,,,,,,0.11226029600948095,,,,,,,,2.0,,0.0,0.0,,,,,,,,,0.0,,,,star,,,,,,,,,,,,,,,3009,0.952796228929427,0.0,0.16,0.6920722975340363,0.39109313093669745,0.885320168325324,0.9925082369750255,1.0,6.5921602747248444,0.778096877422199,6.5921602747248444,6.5921602747248444,,0.08800000000000005,66,False,58.50228638886785,0.05254045969901003,near_boundary_interior,0.32811991510654137,0.8286748229899237,90.38721722018994,23,,0.08800000000000006,55.976403111037676,0.04576000000000004,0.027391537465876692,,60,9,0,,,,,59,59,50,,119,0.0,wls,,,,,,,,,,,,,,,,,4.3076653355456074e-14,1.1546319456101628e-14,6.217248937900877e-15,1.8096635301390052e-14,9.63812363252714e-15,8.43769498715119e-15,3.375077994860476e-14,,,0.8735782497458555,0.38855133479873466,1.2406500213498994,1.3375708339754568,,,,,0.00031891799881123006,ok,0.11257921400829218,9,False,
,,,,,,0.2958752089907648,,,,,,,,2.0,,0.0,0.0,,,,,,,,,0.0,,,,star,,,,,,,,,,,,,,,3008,0.9352798694718932,0.0,0.08,0.1307221040215232,0.047554933301498514,0.14692920775583304,0.22985132225289828,1.0,1.7316396553798215,0.17090577566068987,1.7316396553798215,1.7316396553798215,,0.044000000000000004,157,False,275.46246754311875,0.010617077331648413,near_boundary_interior,-0.7565095719141083,-0.5803991501298438,343.19998531996214,23,,0.160609328848906,172.5154820853626,0.029826002731608233,0.007526001723156702,,119,113,0,,,,,226,226,113,,345,0.0,wls,,,,,,,,,,,,,,,,,1.0835776720341528e-13,5.639932965095795e-14,3.8191672047105385e-14,8.881784197001252e-14,4.6629367034256575e-14,3.3306690738754696e-14,9.059419880941277e-14,,,0.18110498370469244,0.047303860836807946,0.22376168795619772,0.3128912442749805,,,,,0.0019023269996978343,ok,0.29777753599046264,8,False,
,,,,,,0.11287531699053943,,,,,,,,2.0,,0.0,0.0,,,,,,,,,0.0,,,,star,,,,,,,,,,,,,,,3009,0.8044761657691094,0.0,0.12,0.1906616556770463,0.1662561166841249,0.2291613164852197,0.25926021228663126,1.0,1.6420964793865478,0.4230240497878046,1.6420964793865478,1.6420964793865478,,0.066,81,False,117.77700612456165,0.024936240863891596,near_boundary_interior,0.8791552635756316,0.09795156282756037,149.6369092226936,23,,0.17944498437235068,88.71164307201462,0.043890827050048924,0.017752396349073486,,80,28,0,,,,,102,102,74,,182,0.0,wls,,,,,,,,,,,,,,,,,6.52811138479592e-14,2.3092638912203256e-14,1.3322676295501878e-14,3.730349362740526e-14,1.4765966227514582e-14,2.142730437526552e-14,4.196643033083092e-14,,,0.2259389240263415,0.16847436016993128,0.30180516252638506,0.3388387810066672,,,,,0.0006777579983463511,ok,0.11355307498888578,9,False,
nan,nan,nan,0.0,nan,1.0,0.20889689700561576,0.0,1.0,5.072623686597019,0.5329884534450142,2.028274101445396,0.8746177370030581,0.3083916083916084,2.0,1e-13,4.376415462664651e-12,2.2839414880622955e-11,2.9649682279312786,0.291813245317273,1.4384946988522618,0.12538226299694188,0.1951219512195122,1.0,0.269349975795529,0.039193205370118306,0.5344621155866738,5.072623686597019,0.4906321239932905,1.950902350925769,star,nan,nan,7.854310151097984,40.43604176902339,11.494518692102734,44.62837280155227,8.275367495904929,7.854310151097984,40.43604176902339,11.494518692102734,44.62837280155227,8.275367495904929,43.67654153618243,43.67654153618243,3009,0.9248004469718173,0.0,0.16,0.06640349276968972,0.047362970009051555,0.08494539025145696,0.09382046441714235,0.794949223889652,0.22356393435239857,0.09992501667546116,0.22356393435239857,0.22356393435239857,0,0.08799999999999998,76,False,13.945517720846105,0.316166036011234,near_boundary_interior,-0.5447280326474833,-0.1485706795091492,28.605737981679155,57,0.0,0.08800000000000006,11.447021544048141,0.04576000000000004,0.17896487239177028,0,60,9,1635,0,0,0,0,59,59,50,1635,119,0.2941896024464832,ccpfm,5.072623686597019,0.5329884534450142,2.028274101445396,0.8746177370030581,0.3083916083916084,2.9649682279312786,0.291813245317273,1.4384946988522618,0.12538226299694188,0.1951219512195122,5.072623686597019,0.4906321239932905,1.950902350925769,1.0,0.2941896024464832,1.0,1.3589129821411916e-13,4.997080527147091e-10,5.010097892110821e-10,3.214122301642419e-10,3.8498743082371334e-10,4.456477409320314e-10,2.720610403628143e-10,0.35,0.65,0.0662064749505488,0.047934197237546355,0.09402599547870626,0.10009327613148325,2.35,0,68,24,0.000733074004529044,ok,0.2096299710101448,9,False,
nan,nan,nan,0.0,nan,1.0,0.20581363599922042,0.0,1.0,4.952231056219699,0.5393764328519313,1.9275286766896986,0.7993827160493827,0.31322393822393824,2.0,1e-13,1.2419419659348563e-11,4.133296387565932e-11,2.3672634571398117,0.25973199733391483,1.4976345933404636,0.2006172839506173,0.2403846153846154,1.0,0.2915538042408315,0.0404219315071048,0.5307473056228288,4.952231056219699,0.47865839792198217,1.8060460728872008,star,nan,nan,12.83026503223423,59.84083940112552,19.02402760273812,87.2156584130741,14.200080441871105,12.83026503223423,59.84083940112552,19.02402760273812,87.2156584130741,14.200080441871105,66.38674693995199,66.38674693995199,3009,0.8354413510917015,0.0,0.12,0.05459394389526837,0.04367362545073054,0.06561791363204919,0.07565164468687645,0.7705715651477283,0.17691477505848885,0.12856199488467002,0.17691477505848885,0.17691477505848885,0,0.066,99,False,15.697243421338337,0.27202717269198917,near_boundary_interior,-0.6052276252050963,0.18229539949497314,34.038130312313186,53,0.0,0.17944498437235068,9.795336896025074,0.043890827050048924,0.15232590314669384,0,80,28,2592,0,0,0,0,102,102,74,2592,182,0.2986111111111111,ccpfm,4.952231056219699,0.5393764328519313,1.9275286766896986,0.7993827160493827,0.31322393822393824,2.3672634571398117,0.25973199733391483,1.4976345933404636,0.2006172839506173,0.2403846153846154,4.952231056219699,0.47865839792198217,1.8060460728872008,1.0,0.2986111111111111,1.0,3.2862601528904634e-13,1.568233320980994e-09,1.583812636596349e-09,1.0525411653361516e-09,8.32386326532486e-10,1.1906270414030473e-09,8.53733084227315e-10,0.35,0.65,0.05394317486609265,0.04405830837066519,0.07205632552163625,0.080138719750614,2.35,0,68,24,0.0008294680010294542,ok,0.20664310400024988,9,False,
,,,,,,0.1504530729871476,,,,,,,,2.0,,0.0,0.0,,,,,,,,,0.0,,,,star,,,,,,,,,,,,,,,3009,0.99487419055221,0.0,0.1,0.8095166600292516,0.0946288313974639,0.9421156057892741,1.3397902252459752,1.0,11.419962862103656,0.27229180286648313,11.419962862103656,11.419962862103656,,0.05499999999999997,124,False,169.6521361185044,0.017014456416603003,near_boundary_interior,-0.7831409257838239,-0.5107232906777002,219.40544980440387,23,,0.16448919376671303,114.87104632810954,0.03726084492074218,0.012562973607812474,,95,57,0,,,,,145,145,88,,240,0.0,wls,,,,,,,,,,,,,,,,,8.881784197001252e-14,2.708944180085382e-14,3.064215547965432e-14,7.815970093361102e-14,3.5638159090467525e-14,1.7763568394002505e-14,5.5788706987414116e-14,,,1.140143006637465,0.09548993982501353,1.4668339307084126,1.881315163201218,,,,,0.0013449050020426512,ok,0.15179797798919026,9,True,linf_large
nan,nan,nan,0.0,nan,1.0,0.5960724909964483,0.0,1.0,5.922764194590189,0.5993082062359658,2.0381922048996794,0.6530776992936428,0.3510506798516687,2.0,1e-13,3.983238738847206e-11,1.8880323283103363e-10,2.2849842189139418,0.34585562370299894,1.5041642210761688,0.3469223007063572,0.2675974403723095,1.0,0.28489135571050817,0.04786962634803725,0.5687168386031529,5.922764194590189,0.5149519526756414,1.8081031033099557,star,nan,nan,28.31301596782598,125.94603558271307,39.0095086299674,169.67341701185546,31.59132424593855,28.31301596782598,125.94603558271307,39.0095086299674,169.67341701185546,31.59132424593855,146.21803993989607,146.21803993989607,3008,0.4780410471167251,0.0,0.08,0.02191190116329467,0.02263732422807507,0.024628568385167027,0.027544813640767815,0.7423440099330088,0.08005230891216725,0.06293813578129426,0.08005230891216725,0.08005230891216725,0,0.11763109965193877,213,False,10.475276247414937,0.28588235841692755,near_boundary_interior,-0.48477535089947027,0.11301383813764099,29.28740538353647,49,0.0,0.160609328848906,9.599300975814746,0.029826002731608233,0.1719144840537137,0,119,113,4955,0,0,0,0,226,226,113,4955,345,0.32209889001009084,ccpfm,5.922764194590189,0.5993082062359658,2.0381922048996794,0.6530776992936428,0.3510506798516687,2.2849842189139418,0.34585562370299894,1.5041642210761688,0.3469223007063572,0.2675974403723095,5.922764194590189,0.5149519526756414,1.8081031033099557,1.0,0.32209889001009084,1.0,1.021405182655144e-12,7.81763720425488e-09,6.267813379423615e-09,6.291503318323066e-09,3.310610452444962e-09,7.634664678235481e-09,6.804477870048231e-09,0.35,0.65,0.020489027108400004,0.022558727881207698,0.025314926163664084,0.027799186493945315,2.35,0,68,24,0.0019513340084813535,ok,0.5980238250049297,8,False,
,,,,,,0.0789155429956736,,,,,,,,2.0,,0.0,0.0,,,,,,,,,0.0,,,,annulus,,,,,,,,,,,,,,,4000,1.0,0.0,0.2,0.6352892980722931,nan,0.8684401503281136,0.8684401503281136,1.0,2.4146878404562004,nan,2.4146878404562004,2.4146878404562004,,0.10999999999999999,57,False,45.10149690679135,0.057238759732236445,near_boundary_interior,0.5231288745403727,0.7200251249936511,49.25813489042546,23,,0.11000000000000004,36.40583949069638,0.05720000000000003,0.051354549251069304,,54,0,0,,,,,49,49,49,,103,0.0,wls,,,,,,,,,,,,,,,,,1.454392162258955e-14,9.325873406851315e-15,9.658940314238862e-15,1.199040866595169e-14,8.737802148495177e-15,5.329070518200751e-15,9.395262345890387e-15,,,0.6499247415759165,nan,0.9422879611035084,0.9422879611035084,,,,,0.00038027099799364805,ok,0.07929581399366725,0,False,
nan,nan,nan,0.0,nan,1.0,0.09530687499500345,0.0,1.0,5.331076695659205,0.29903368153049337,2.232490415769998,0.9365537130497477,0.24249422632794457,2.0,1e-13,1.435691843187925e-12,8.804063183619503e-12,1.8909029452816388,0.030666993407365332,0.855798785123707,0.06344628695025234,0.10227272727272728,1.0,0.20054244970765395,0.022582357892006175,0.4466354178896309,5.331076695659205,0.26620174233325683,2.1898449649047316,annulus,nan,nan,4.957771724688351,21.999822039982398,6.6444393061540525,35.19118524637886,4.978760453180975,4.957771724688351,21.999822039982398,6.6444393061540525,35.19118524637886,4.978760453180975,23.826196294303628,23.826196294303628,4000,1.0,0.0,0.2,0.1741173022825665,nan,0.23801826447860386,0.23801826447860386,0.955174849795815,0.4172325131785559,nan,0.4172325131785559,0.4172325131785559,0,0.2201139193178348,87,False,15.546648492747131,0.2963375188091424,near_boundary_interior,-0.40258023071761934,0.39389892833591766,32.18685500317529,54,0.0,0.11000000000000004,12.818363082117614,0.05720000000000003,0.16212537031242982,0,54,0,1387,0,0,0,0,49,49,49,1387,103,0.2335976928622927,ccpfm,5.331076695659205,0.29903368153049337,2.232490415769998,0.9365537130497477,0.24249422632794457,1.8909029452816388,0.030666993407365332,0.855798785123707,0.06344628695025234,0.10227272727272728,5.331076695659205,0.26620174233325683,2.1898449649047316,1.0,0.2335976928622927,1.0,1.0169642905566434e-13,9.142397949801762e-11,9.287937086099873e-11,6.494271787005346e-11,5.714106965371002e-11,8.46147596433866e-11,5.2828186269948674e-11,0.35,0.65,0.1499284907384847,nan,0.21737257071754487,0.21737257071754487,2.35,0,68,24,0.00042110300273634493,ok,0.0957279779977398,0,False,
,,,,,,0.3612488960061455,,,,,,,,2.0,,0.0,0.0,,,,,,,,,0.0,,,,star,,,,,,,,,,,,,,,3009,0.7883713179142164,0.0,0.08,0.07265444792177993,0.04768370553391359,0.08138876035646436,0.11670018099341128,1.0,1.1119545775622617,0.1310907202403647,1.1119545775622617,1.1119545775622617,,0.044000000000000004,157,False,276.8048868977651,0.01072627093489015,near_boundary_interior,-0.7565095719141083,-0.5803991501298438,357.7244374191885,23,,0.15542357168461246,175.55896066744228,0.029826570309324785,0.007506182615219825,,119,115,0,,,,,232,232,117,,351,0.0,wls,,,,,,,,,,,,,,,,,1.234568003383174e-13,4.618527782440651e-14,4.8405723873656825e-14,8.881784197001252e-14,3.9968028886505635e-14,4.263256414560601e-14,9.14823772291129e-14,,,0.09642250872591644,0.0479778341202808,0.11860090215862465,0.16009177445806355,,,,,0.0024024669983191416,ok,0.36365136300446466,9,False,
nan,nan,nan,0.0,nan,1.0,0.4010403479915112,0.0,1.0,6.28852264811203,0.5983002704867235,2.054605140019989,0.7328866880279639,0.3199523052464229,2.0,1e-13,1.0048833293252457e-11,4.8968086206954896e-11,2.7417214662386247,0.2859530162460062,1.5413546090974801,0.26711331197203614,0.24972737186477645,1.0,0.28216830918802244,0.043559778839808015,0.5530868356108123,6.28852264811203,0.5074151557953056,1.8835270722531268,star,nan,nan,18.114347472369772,80.96891152789752,25.8825077869406,113.01247383875746,20.005930878417058,18.114347472369772,80.96891152789752,25.8825077869406,113.01247383875746,20.005930878417058,93.03731454190726,93.03731454190726,3009,0.5668092516396294,0.0,0.1,0.045775345320209916,0.04919122896394904,0.05327335349096392,0.05718432855807627,0.7625198918393629,0.17210888043334788,0.13415030769151892,0.17210888043334788,0.17210888043334788,0,0.05500000000000003,121,False,16.238044416384437,0.2609426002995893,near_boundary_interior,-0.6196603863066784,-0.1816906060376642,35.41715480391144,53,0.0,0.16448919376671303,9.847377593850915,0.03726084492074218,0.15010293899181681,0,95,57,3433,0,0,0,0,145,145,88,3433,240,0.3011942907078357,ccpfm,6.28852264811203,0.5983002704867235,2.054605140019989,0.7328866880279639,0.3199523052464229,2.7417214662386247,0.2859530162460062,1.5413546090974801,0.26711331197203614,0.24972737186477645,6.28852264811203,0.5074151557953056,1.8835270722531268,1.0,0.3011942907078357,1.0,5.080380560684716e-13,1.0034781894319167e-09,9.972818126868788e-10,1.0713234743775502e-09,7.009526570289637e-10,6.805533914189255e-10,5.85711035228087e-10,0.35,0.65,0.044507569288204006,0.04972132197209954,0.057260547514854224,0.06165388469322804,2.35,0,68,24,0.0011497060040710494,ok,0.4021900539955823,9,False,
,,,,,,0.10918047599261627,,,,,,,,2.0,,0.0,0.0,,,,,,,,,0.0,,,,annulus,,,,,,,,,,,,,,,4000,1.0,0.0,0.16,0.39287608673621083,nan,0.49803210064580455,0.49803210064580455,1.0,1.8254585491187085,nan,1.8254585491187085,1.8254585491187085,,0.10526578876554565,116,False,50.87538219123771,0.05255541000254771,near_boundary_interior,0.42552750699568925,0.16145079361448375,83.41816569936253,23,,0.16658386351644563,53.034862270429294,0.05473821015808374,0.03225308686796371,,68,0,0,,,,,77,77,77,,145,0.0,wls,,,,,,,,,,,,,,,,,2.4868995751603507e-14,1.1546319456101628e-14,7.882583474838611e-15,1.7763568394002505e-14,1.1546319456101628e-14,6.772360450213455e-15,2.1094237467877974e-14,,,0.4439461008766332,nan,0.6092126105118926,0.6092126105118926,,,,,0.0008813280001049861,ok,0.11006180399272125,0,False,
,,,,,,0.21124718700593803,,,,,,,,2.0,,0.0,0.0,,,,,,,,,0.0,,,,annulus,,,,,,,,,,,,,,,4000,0.7913985246521317,0.0,0.12,0.13614038941072007,0.13232035156475191,0.15995585326777115,0.17066863000458862,1.0,0.64303735019284,0.4073186928355632,0.64303735019284,0.64303735019284,,0.06600000000000002,120,False,116.49320574459452,0.024201420251226513,near_boundary_interior,0.8670956117226822,-0.34713272110811383,147.3665861276149,23,,0.18273874435666795,85.20721161739651,0.04948518887286821,0.01752056464665574,,89,32,0,,,,,141,141,109,,230,0.0,wls,,,,,,,,,,,,,,,,,4.618527782440651e-14,2.842170943040401e-14,2.4868995751603507e-14,4.973799150320701e-14,2.1538326677728037e-14,1.509903313490213e-14,3.2862601528904634e-14,,,0.14005742822279446,0.1332706429681161,0.17887947398567303,0.1902037796443791,,,,,0.0009482180030317977,ok,0.21219540500896983,0,False,
nan,nan,nan,0.0,nan,1.0,0.5488329220097512,0.0,1.0,5.5023632069484405,0.6244462282509486,2.0418559959617357,0.6435917721518988,0.3623232944068838,2.0,1e-13,3.6578892692595844e-11,1.7781228178729238e-10,2.3320264946079847,0.37024014607365463,1.54201427979094,0.3564082278481013,0.26082130965593786,1.0,0.2661290804171269,0.05061530761498288,0.5678849932262243,5.5023632069484405,0.5195368331834986,1.8118980538144418,star,nan,nan,28.863753660176744,126.7876004205373,39.80145230407108,174.69774047880753,32.694293562284656,28.863753660176744,126.7876004205373,39.80145230407108,174.69774047880753,32.694293562284656,150.51523995479187,150.51523995479187,3009,0.3205924597069188,0.0,0.08,0.025006439051998824,0.029406108812466254,0.028012642495925576,0.02561370589984359,0.7436008178397393,0.07561931989247374,0.07561931989247374,0.07561931989247374,0.07115476332581105,0,0.17368971554076557,209,False,8.631153968172336,0.3016721596183302,interior_core,0.016163126635631603,-0.4785331738929591,29.343919742615117,49,0.0,0.15542357168461246,9.560725605660163,0.029826570309324785,0.16834702739036222,0,119,115,5056,0,0,0,0,232,232,117,5056,351,0.32614715189873417,ccpfm,5.5023632069484405,0.6244462282509486,2.0418559959617357,0.6435917721518988,0.3623232944068838,2.3320264946079847,0.37024014607365463,1.54201427979094,0.3564082278481013,0.26082130965593786,5.5023632069484405,0.5195368331834986,1.8118980538144418,1.0,0.32614715189873417,1.0,8.72191208145523e-13,6.577139721741787e-09,6.232470539657697e-09,5.512248435479705e-09,3.3994602688380837e-09,5.812615277989153e-09,5.523258295170308e-09,0.35,0.65,0.022432109009908045,0.029336417006836833,0.027591777076223553,0.025762079220462756,2.35,0,68,24,0.002939524987596087,ok,0.5517724469973473,9,False,
nan,nan,nan,0.0,nan,1.0,0.24099724400730338,0.0,1.0,6.1123592349601035,0.5172203764253722,1.525626306523053,0.9113801452784503,0.23645058448459086,2.0,1e-13,2.8065882951011645e-12,1.4610345633075554e-11,2.5549373886488795,0.026457121733825494,0.4146642889257095,0.08861985472154964,0.04371584699453552,1.0,0.29470512240010077,0.03636772060101644,0.5123063125338034,6.1123592349601035,0.43482549571395684,1.4561008184712945,annulus,nan,nan,7.289963275670657,29.313243252697497,14.477141495415378,56.12307777869336,7.659657696926856,7.289963275670657,29.313243252697497,14.477141495415378,56.12307777869336,7.659657696926856,35.863630169231634,35.863630169231634,4000,1.0,0.0,0.16,0.10882647248963917,nan,0.13795463386469434,0.13795463386469434,0.7465081738657541,0.24438395550452574,nan,0.24438395550452574,0.24438395550452574,0,0.239366535653588,113,False,9.376893327689643,0.25579136829348387,near_boundary_interior,0.5470034442654099,-0.5290317995765341,30.508130097863592,50,0.0,0.16658386351644563,11.014167859154782,0.05473821015808374,0.15700056519105224,0,68,0,2065,0,0,0,0,77,77,77,2065,145,0.21937046004842614,ccpfm,6.1123592349601035,0.5172203764253722,1.525626306523053,0.9113801452784503,0.23645058448459086,2.5549373886488795,0.026457121733825494,0.4146642889257095,0.08861985472154964,0.04371584699453552,6.1123592349601035,0.43482549571395684,1.4561008184712945,1.0,0.21937046004842614,1.0,1.9984014443252818e-13,2.3205637411649604e-10,2.0100487940766243e-10,1.8002391244387184e-10,1.201250071636295e-10,8.134415363514336e-11,7.740852403514964e-11,0.35,0.65,0.09276370453405895,nan,0.12729657606712957,0.12729657606712957,2.35,0,68,24,0.0007646150043001398,ok,0.24176185901160352,0,False,
,,,,,,0.23005956299311947,,,,,,,,2.0,,0.0,0.0,,,,,,,,,0.0,,,,annulus,,,,,,,,,,,,,,,4000,0.5383356197048277,0.0,0.1,0.0833502017920785,0.09122087785038516,0.09563215136129516,0.09997256621891418,1.0,0.3258651681193794,0.2975282889003261,0.3258651681193794,0.3258651681193794,,0.054999999999999966,143,False,158.60172243770455,0.01734666183854301,near_boundary_interior,0.8022892462817599,-0.49935648131946603,198.5969657880755,23,,0.16967629363950176,109.62534509427633,0.04134677336616112,0.013178617996513648,,107,80,0,,,,,195,195,115,,302,0.0,wls,,,,,,,,,,,,,,,,,8.171241461241152e-14,3.219646771412954e-14,3.3306690738754696e-14,6.483702463810914e-14,2.7977620220553945e-14,2.930988785010413e-14,5.240252676230739e-14,,,0.08074777923937561,0.089723808534095,0.10048859007386435,0.1073423056881857,,,,,0.0016106160037452355,ok,0.2316701789968647,0,False,
nan,nan,nan,0.0,nan,1.0,0.4120117040001787,0.0,1.0,4.308240817558832,0.5840115980176899,2.2983211867761186,0.8204693242861182,0.36905582356995176,2.0,1e-13,9.022248226298046e-12,4.711629088040542e-11,1.3819856789564302,0.10963292954359667,0.7378670252449431,0.17953067571388182,0.03779527559055118,1.0,0.2252574652938345,0.04029352358812274,0.5397837176161653,4.308240817558832,0.45150849032527746,2.090948886993029,annulus,nan,nan,11.992538357021992,47.57492671981239,21.213091700354433,86.71228884571146,13.342973668784003,11.992538357021992,47.57492671981239,21.213091700354433,86.71228884571146,13.342973668784003,63.95040718767566,63.95040718767566,4000,0.5911329391769085,0.0,0.12,0.09780794399985021,0.133090225740008,0.11491779336449065,0.10597070054739516,0.8123536208690549,0.22831710942686845,0.22831710942686845,0.22831710942686845,0.18439172933084103,0,0.26547672355983465,178,False,8.450434580976726,0.3044772572444339,interior_core,-0.516899108609669,0.32215585283074294,22.24021735394556,51,0.0,0.18273874435666795,10.265889932659645,0.04948518887286821,0.19592442338637797,0,89,32,3537,0,0,0,0,141,141,109,3537,230,0.3095843935538592,ccpfm,4.308240817558832,0.5840115980176899,2.2983211867761186,0.8204693242861182,0.36905582356995176,1.3819856789564302,0.10963292954359667,0.7378670252449431,0.17953067571388182,0.03779527559055118,4.308240817558832,0.45150849032527746,2.090948886993029,1.0,0.3095843935538592,1.0,3.694822225952521e-13,1.0918754789202012e-09,7.654987754790454e-10,6.85098200392531e-10,7.681197899955805e-10,1.0601464150994389e-09,9.358087638133838e-10,0.35,0.65,0.08440640396991624,0.1339466165026085,0.10780273017110516,0.0988227568618036,2.35,0,68,24,0.0020681709866039455,ok,0.41407987498678267,0,False,
,,,,,,0.0632842910126783,,,,,,,,2.0,,0.0,0.0,,,,,,,,,0.0,,,,annulus,,,,,,,,,,,,,,,4001,1.0,0.0,0.2,0.5993187612019032,nan,0.8139922500832789,0.8139922500832789,1.0,1.6979564338794597,nan,1.6979564338794597,1.6979564338794597,,0.10999999999999999,57,False,46.9964761352141,0.05405846960455213,near_boundary_interior,0.5231288745403727,0.7200251249936511,47.44828376173926,23,,0.11000000000000004,37.886030272925275,0.05720000000000002,0.05405846960455213,,54,0,0,,,,,49,49,49,,103,0.0,wls,,,,,,,,,,,,,,,,,1.7763568394002505e-14,1.0436096431476471e-14,5.995204332975845e-15,1.454392162258955e-14,1.354472090042691e-14,1.0880185641326534e-14,1.559863349598345e-14,,,0.5918619075984551,nan,0.8581060459607646,0.8581060459607646,,,,,0.00044524300028569996,ok,0.063729534012964,1,False,
,,,,,,0.4065010619960958,,,,,,,,2.0,,0.0,0.0,,,,,,,,,0.0,,,,annulus,,,,,,,,,,,,,,,4000,0.2674564700995012,0.0,0.08,0.04697050529615688,0.056716489682839995,0.052273880195737754,0.043987063491362416,1.0,0.16232671057934828,0.14108812189707054,0.16232671057934828,0.16232671057934828,,0.043999999999999984,138,False,261.3354970477716,0.010415138848451667,near_boundary_interior,0.8353999360338696,0.4648040449312589,317.45638813832835,23,,0.16734240164635747,164.37457157561,0.038507163004557296,0.008255424592381901,,134,160,0,,,,,305,305,145,,439,0.0,wls,,,,,,,,,,,,,,,,,1.3145040611561853e-13,6.261657858885883e-14,4.929390229335695e-14,8.704148513061227e-14,5.728750807065808e-14,5.551115123125783e-14,1.1457501614131615e-13,,,0.043829060551894755,0.056737971912979294,0.05258289614551539,0.04757871893613805,,,,,0.0025486230006208643,ok,0.4090496849967167,0,False,
nan,nan,nan,0.0,nan,1.0,0.1805069570109481,0.0,1.0,4.811888157266514,0.3010566340874521,2.1159207422447928,0.9458272327964861,0.23606811145510836,2.0,1e-13,1.5644777140444432e-12,9.822512518443767e-12,2.046546569316693,0.03301964966435711,0.8263449545278956,0.05417276720351391,0.0945945945945946,1.0,0.19526215317308449,0.025559608137201296,0.44704322680313513,4.811888157266514,0.26930089830077386,2.0519503189523056,annulus,nan,nan,4.977412255971183,22.867870958984412,8.085536865990598,35.940615555683266,5.0795169107196525,4.977412255971183,22.867870958984412,8.085536865990598,35.940615555683266,5.0795169107196525,25.320376512621543,25.320376512621543,4001,1.0,0.0,0.2,0.17243777506448224,nan,0.2342042692649924,0.2342042692649924,0.9074883811234221,0.4062508189847187,nan,0.4062508189847187,0.4062508189847187,0,0.28946471036425325,84,False,11.294384839228773,0.23666753192577586,near_boundary_interior,-0.5160729186663662,-0.4896306171664695,31.864501397204716,53,0.0,0.11000000000000004,13.263142943199377,0.05720000000000002,0.15831015488663147,0,54,0,1366,0,0,0,0,49,49,49,1366,103,0.22840409956076135,ccpfm,4.811888157266514,0.3010566340874521,2.1159207422447928,0.9458272327964861,0.23606811145510836,2.046546569316693,0.03301964966435711,0.8263449545278956,0.05417276720351391,0.0945945945945946,4.811888157266514,0.26930089830077386,2.0519503189523056,1.0,0.22840409956076135,1.0,9.547918011776346e-14,1.4918954960307929e-10,1.4497814060376868e-10,9.638900788644378e-11,8.772227388931242e-11,1.0797074345703095e-10,7.199751905773155e-11,0.35,0.65,0.15182597173239856,nan,0.22012361769669567,0.22012361769669567,2.35,0,68,24,0.0003492179966997355,ok,0.18085617500764783,1,False,
,,,,,,0.08779776500887237,,,,,,,,2.0,,0.0,0.0,,,,,,,,,0.0,,,,annulus,,,,,,,,,,,,,,,4001,1.0,0.0,0.16,0.48399165247578346,nan,0.6137961297762637,0.6137961297762637,1.0,2.691935454362805,nan,2.691935454362805,2.691935454362805,,0.088,89,False,57.12386983688269,0.0485399726638519,near_boundary_interior,0.48867403702078815,-0.7700270680578738,82.44615726808794,23,,0.15003542173421439,51.202850284495966,0.06320793282237583,0.03138881357270169,,68,0,0,,,,,76,76,76,,144,0.0,wls,,,,,,,,,,,,,,,,,2.7200464103316335e-14,1.6431300764452317e-14,1.199040866595169e-14,2.1760371282653068e-14,1.915134717478395e-14,1.199040866595169e-14,1.6431300764452317e-14,,,0.5248227155998274,nan,0.7224155307076532,0.7224155307076532,,,,,0.0006930249946890399,ok,0.08849079000356141,1,False,
nan,nan,nan,0.0,nan,1.0,0.5474798369978089,0.0,1.0,3.6991447641433988,0.6091367409134424,2.0639473155006867,0.7009928422996998,0.3705533596837945,2.0,1e-13,7.385959899242067e-12,5.3772872353860346e-11,2.750174378977119,0.29485254171504977,1.4440424001153702,0.2990071577003002,0.21467181467181468,1.0,0.2914099979904261,0.04793272480819746,0.5587658503964945,3.6991447641433988,0.5019179510547134,1.892799209331881,annulus,nan,nan,17.15982888692415,68.85109642987608,26.171802804739478,113.07594588300329,20.128454696981084,17.15982888692415,68.85109642987608,26.171802804739478,113.07594588300329,20.128454696981084,89.78577409527269,89.78577409527269,4000,0.35114775268229365,0.0,0.1,0.05382870718876071,0.06984113101654163,0.06176055921615823,0.05214426167257937,0.7518809099629162,0.13455907173439968,0.1331232714281284,0.13455907173439968,0.13455907173439968,0,0.055000000000000014,154,False,16.335011281347764,0.2802655027040112,near_boundary_interior,-0.36489236674668685,-0.17572290481461336,26.282254073939402,46,0.0,0.16967629363950176,9.53702035883299,0.04134677336616112,0.16020279541925897,0,107,80,4331,0,0,0,0,195,195,115,4331,302,0.323943661971831,ccpfm,3.6991447641433988,0.6091367409134424,2.0639473155006867,0.7009928422996998,0.3705533596837945,2.750174378977119,0.29485254171504977,1.4440424001153702,0.2990071577003002,0.21467181467181468,3.6991447641433988,0.5019179510547134,1.892799209331881,1.0,0.323943661971831,1.0,3.659295089164516e-13,1.2731682375033415e-09,8.159801723195415e-10,8.992735445190192e-10,1.1872760552478212e-09,9.247926868738432e-10,9.164988767906834e-10,0.35,0.65,0.0480663956103942,0.07021489491005495,0.05981742619202272,0.05135754933608968,2.35,0,68,24,0.002592789998743683,ok,0.5500726269965526,0,False,
nan,nan,nan,0.0,nan,1.0,0.2210658839903772,0.0,1.0,5.941571413393012,0.4592224095987529,1.598517429816114,0.9206586826347305,0.24010840108401085,2.0,1e-13,2.650532571202291e-12,1.4229518129845963e-11,2.6777782651504025,0.021279398347193577,0.3054074675059434,0.07934131736526946,0.012578616352201259,1.0,0.28878565624246433,0.03417469126652047,0.5082656469860877,5.941571413393012,0.3972392566791544,1.5507054177168116,annulus,nan,nan,7.379509770579652,29.511107380463052,15.036071311377002,54.61235197979016,7.8222295522078324,7.379509770579652,29.511107380463052,15.036071311377002,54.61235197979016,7.8222295522078324,37.31650408513806,37.31650408513806,4001,1.0,0.0,0.16,0.11757092089975989,nan,0.149102935667087,0.149102935667087,0.7656134090147523,0.24471570919263208,nan,0.24471570919263208,0.24471570919263208,0,0.23994173220277512,132,False,9.753513377616446,0.2705009453804814,near_boundary_interior,-0.3799557582516563,0.43725802034329087,31.322879049212943,51,0.0,0.15003542173421439,10.441490113441459,0.06320793282237583,0.15657412181374436,0,68,0,2004,0,0,0,0,76,76,76,2004,144,0.2220558882235529,ccpfm,5.941571413393012,0.4592224095987529,1.598517429816114,0.9206586826347305,0.24010840108401085,2.6777782651504025,0.021279398347193577,0.3054074675059434,0.07934131736526946,0.012578616352201259,5.941571413393012,0.3972392566791544,1.5507054177168116,1.0,0.2220558882235529,1.0,2.0250467969162855e-13,1.3201284509989364e-10,5.102029909664907e-11,5.2559706587018695e-11,7.13648584671489e-11,1.1807654853868144e-10,1.0819789508786926e-10,0.35,0.65,0.0984258288403599,nan,0.13548260253137684,0.13548260253137684,2.35,0,68,24,0.0009219920029863715,ok,0.22198787599336356,1,False,
,,,,,,0.21438376601145137,,,,,,,,2.0,,0.0,0.0,,,,,,,,,0.0,,,,annulus,,,,,,,,,,,,,,,4001,0.7312607069166314,0.0,0.12,0.1518045067540682,0.15325061622818495,0.17812096324396784,0.19085156704122505,1.0,0.7052366750449883,0.38614900716555706,0.7052366750449883,0.7052366750449883,,0.15070336333875153,168,False,82.37021446955065,0.03236220895431078,near_boundary_interior,-0.3465283669762236,0.7755941024117766,150.35670867605089,23,,0.1792207977279583,83.61881270939057,0.049485188872874286,0.017707618228760318,,89,39,0,,,,,144,144,105,,233,0.0,wls,,,,,,,,,,,,,,,,,5.684341886080802e-14,2.6645352591003757e-14,1.6209256159527285e-14,3.907985046680551e-14,2.5646151868841116e-14,1.9317880628477724e-14,4.063416270128073e-14,,,0.15351208328295746,0.1543120110463044,0.19527168775076353,0.20844533233210844,,,,,0.0010360689921071753,ok,0.21541983500355855,1,False,
nan,nan,nan,0.0,nan,1.0,0.3249054430052638,0.0,1.0,4.490498041668038,0.5950789896897837,2.298730694243779,0.8090806542583192,0.37643778319972115,2.0,1e-13,8.119263941730459e-12,5.1066856581489416e-11,1.5753727362119467,0.12735328510028207,0.7697382240254309,0.19091934574168076,0.03692762186115214,1.0,0.2516951774374379,0.04207581869997011,0.5413154205920894,4.490498041668038,0.4605792699476018,2.1278309067861576,annulus,nan,nan,12.04351007433162,48.69823353665109,21.851906816708187,90.71440661891212,13.609800401581591,12.04351007433162,48.69823353665109,21.851906816708187,90.71440661891212,13.609800401581591,67.01503746944161,67.01503746944161,4001,0.533382470964922,0.0,0.12,0.08743298858709007,0.1163075285817087,0.10259015677091533,0.09387925600204056,0.8273233450742326,0.19492735747527334,0.19492735747527334,0.19492735747527334,0.18893310604715075,0,0.29513737289715725,212,False,9.008901619835456,0.29086920516271636,interior_core,-0.5360287858834516,-0.3517624845931986,22.664823403588528,51,0.0,0.1792207977279583,10.40415650183414,0.049485188872874286,0.19419850182699003,0,89,39,3546,0,0,0,0,144,144,105,3546,233,0.31161872532430906,ccpfm,4.490498041668038,0.5950789896897837,2.298730694243779,0.8090806542583192,0.37643778319972115,1.5753727362119467,0.12735328510028207,0.7697382240254309,0.19091934574168076,0.03692762186115214,4.490498041668038,0.4605792699476018,2.1278309067861576,1.0,0.31161872532430906,1.0,3.019806626980426e-13,9.957030755458618e-10,8.062324141633326e-10,7.632232623677737e-10,8.992167011001584e-10,9.02392827129006e-10,8.318004063312401e-10,0.35,0.65,0.07659998703550326,0.11693015801849524,0.09743733802725292,0.08911775008431898,2.35,0,68,24,0.0023646439949516207,ok,0.3272700870002154,1,False,
nan,nan,nan,0.0,nan,1.0,0.6745949969918001,0.0,1.0,4.061690357310172,0.6216493526573508,2.0822837559862224,0.6000934725035052,0.36863966770508827,2.0,1e-13,1.4810843523838102e-11,1.2299765262382423e-10,2.591502973622313,0.3461576063471539,1.5405825023653186,0.3999065274964948,0.2571094663030775,1.0,0.33018260536106203,0.050548644774840314,0.5700223522572454,4.061690357310172,0.49750140796706216,1.8545627004452516,annulus,nan,nan,25.863967675824984,102.00217569538397,37.691933014805116,161.21771845951207,31.296585899547818,25.863967675824984,102.00217569538397,37.691933014805116,161.21771845951207,31.296585899547818,137.50747142662865,137.50747142662865,4000,0.2299661309774663,0.0,0.08,0.038211704446192145,0.047306271130835194,0.04252613523530949,0.03318192160288152,0.7435159691936714,0.09710247823447515,0.09710247823447515,0.09710247823447515,0.07796070237056063,0,0.25745174133964277,331,False,9.328617174439884,0.2941083926170594,interior_core,-0.5661890214696214,-0.21114267184705152,26.900209619740764,45,0.0,0.16734240164635747,9.408392324389398,0.038507163004557296,0.1561036943802778,0,134,160,6419,0,0,0,0,305,305,145,6419,439,0.32403801215142547,ccpfm,4.061690357310172,0.6216493526573508,2.0822837559862224,0.6000934725035052,0.36863966770508827,2.591502973622313,0.3461576063471539,1.5405825023653186,0.3999065274964948,0.2571094663030775,4.061690357310172,0.49750140796706216,1.8545627004452516,1.0,0.32403801215142547,1.0,8.171241461241152e-13,3.3379770059127623e-09,2.7458852969175496e-09,2.4612774041088414e-09,3.230247180852075e-09,2.022851219862787e-09,2.134688870114587e-09,0.35,0.65,0.03364162779443989,0.04697050794309988,0.04036076060509225,0.031496652842454974,2.35,0,68,24,0.003144251008052379,ok,0.6777392479998525,0,False,
,,,,,,0.26840069399622735,,,,,,,,2.0,,0.0,0.0,,,,,,,,,0.0,,,,annulus,,,,,,,,,,,,,,,4001,0.5066824872820909,0.0,0.1,0.09275571783908923,0.10750689013692692,0.10639586429188636,0.10534658388368205,1.0,0.44302999711606184,0.44302999711606184,0.44302999711606184,0.3494163092120546,,0.2932620036632614,285,False,104.61934230882221,0.023119919853831022,interior_core,0.5210337140727879,-0.37569984009441865,203.97748635839372,23,,0.1745976380154976,109.6639896346488,0.04134677340172829,0.013050075850006889,,107,76,0,,,,,194,194,118,,301,0.0,wls,,,,,,,,,,,,,,,,,6.750155989720952e-14,2.5757174171303632e-14,2.3092638912203256e-14,4.3520742565306136e-14,3.275157922644212e-14,2.4424906541753444e-14,5.3734794391857577e-14,,,0.0889372154227979,0.10931601607390884,0.11078116057492522,0.11171463988757724,,,,,0.0014782759972149506,ok,0.2698789699934423,1,False,
,,,,,,0.048478619995876215,,,,,,,,2.0,,0.0,0.0,,,,,,,,,0.0,,,,annulus,,,,,,,,,,,,,,,4002,1.0,0.0,0.2,0.6136939898346089,nan,0.8416025591983456,0.8416025591983456,1.0,2.128657644829438,nan,2.128657644829438,2.128657644829438,,0.29898826558325947,94,False,30.317660466175848,0.07966275931520318,near_boundary_interior,0.5171292499854699,-0.47623339468384557,47.052459585645344,23,,0.11000000000000003,36.305776986250144,0.05720000000000002,0.05303814799040839,,54,0,0,,,,,47,47,47,,101,0.0,wls,,,,,,,,,,,,,,,,,1.7985612998927536e-14,9.325873406851315e-15,9.103828801926284e-15,1.0436096431476471e-14,1.0658141036401503e-14,6.217248937900877e-15,1.865174681370263e-14,,,0.6213581185806688,nan,0.9108644136686976,0.9108644136686976,,,,,0.00033569200604688376,ok,0.0488143120019231,2,False,
nan,nan,nan,0.0,nan,1.0,0.12217873500776477,0.0,1.0,4.311315990826835,0.2938338495754253,2.176085389790968,0.9573991031390134,0.2419984387197502,2.0,1e-13,1.4713508189601043e-12,9.075499596348003e-12,2.675466761452112,0.023287251826542083,0.3566343337466447,0.042600896860986545,0.07017543859649122,1.0,0.16535230329871067,0.024351236513950353,0.4352771681046485,4.311315990826835,0.2745296761747441,2.155120771458307,annulus,nan,nan,4.892399834920318,21.526120886619815,7.832829446619653,32.00599669325845,4.957771724686635,4.892399834920318,21.526120886619815,7.832829446619653,32.00599669325845,4.957771724686635,24.6236708018543,24.6236708018543,4002,1.0,0.0,0.2,0.17337388637316742,nan,0.23776003820592126,0.23776003820592126,0.9417218778598062,0.40986397449100653,nan,0.40986397449100653,0.40986397449100653,0,0.2252366812791569,95,False,16.282331256366,0.29510801789269514,near_boundary_interior,-0.337398442546192,0.46476505323603257,31.39483446813022,55,0.0,0.11000000000000003,12.694264130751135,0.05720000000000002,0.16453363695520282,0,54,0,1338,0,0,0,0,47,47,47,1338,101,0.23467862481315396,ccpfm,4.311315990826835,0.2938338495754253,2.176085389790968,0.9573991031390134,0.2419984387197502,2.675466761452112,0.023287251826542083,0.3566343337466447,0.042600896860986545,0.07017543859649122,4.311315990826835,0.2745296761747441,2.155120771458307,1.0,0.23467862481315396,1.0,6.838973831690964e-14,1.2791190329153324e-10,1.288695816725749e-10,8.325783812379584e-11,7.021505599169586e-11,8.671907636426113e-11,5.94756466298918e-11,0.35,0.65,0.14792034006555416,nan,0.21684012776923767,0.21684012776923767,2.35,0,68,24,0.0003825579915428534,ok,0.12256129299930762,2,False,
nan,nan,nan,0.0,nan,1.0,0.47370905701245647,0.0,1.0,4.126611387941239,0.5904599200148997,2.0709621235788718,0.702634011090573,0.3715882933245643,2.0,1e-13,1.1167580749038564e-11,5.1525909412356126e-11,2.686561838762176,0.30934387627938953,1.444314899085514,0.297365988909427,0.21445221445221446,1.0,0.3129143118328009,0.048273961510072766,0.5588521492138908,4.126611387941239,0.49402449329718,1.902115011102715,annulus,nan,nan,17.046026368253422,67.84811958501119,26.06011589087565,118.2800846396404,19.600754184943604,17.046026368253422,67.84811958501119,26.06011589087565,118.2800846396404,19.600754184943604,88.27792365275242,88.27792365275242,4001,0.37768785936107346,0.0,0.1,0.04928065819786311,0.06415241033322099,0.05652760114401337,0.04832310493652133,0.7595268405204474,0.1765010711921159,0.1765010711921159,0.1765010711921159,0.12493742436219446,0,0.22848669917565112,250,False,9.050197097406137,0.30027729759034205,interior_core,-0.5390822247154914,-0.1981753513445574,26.71142033873526,47,0.0,0.1745976380154976,9.58747876700252,0.04134677340172829,0.16358119444187202,0,107,76,4328,0,0,0,0,194,194,118,4328,301,0.32486136783733827,ccpfm,4.126611387941239,0.5904599200148997,2.0709621235788718,0.702634011090573,0.3715882933245643,2.686561838762176,0.30934387627938953,1.444314899085514,0.297365988909427,0.21445221445221446,4.126611387941239,0.49402449329718,1.902115011102715,1.0,0.32486136783733827,1.0,2.9665159217984183e-13,1.8170176474541222e-09,1.7242012262386197e-09,1.5656169694011624e-09,1.053004794471235e-09,6.807541197417777e-10,8.116849414818716e-10,0.35,0.65,0.04401189142541796,0.06445894739883451,0.05482168952588528,0.047592405591424594,2.35,0,68,24,0.0026029959990410134,ok,0.4763120530114975,1,False,
,,,,,,0.08739059198705945,,,,,,,,2.0,,0.0,0.0,,,,,,,,,0.0,,,,annulus,,,,,,,,,,,,,,,4002,0.9968644510163903,0.0,0.16,0.49482916353273865,0.13898888079440214,0.6293405463133389,0.6495797764741909,1.0,2.654996627998794,0.16524590913110002,2.654996627998794,2.654996627998794,,0.08800000000000002,70,False,63.285357561970514,0.04481587700141858,near_boundary_interior,0.7991916922000271,0.43935935078072164,80.27634525390502,23,,0.19437569277000177,48.95253775082674,0.06320793282237706,0.03426473875150402,,68,3,0,,,,,73,73,70,,141,0.0,wls,,,,,,,,,,,,,,,,,2.6645352591003757e-14,1.2434497875801753e-14,1.3100631690576847e-14,2.4868995751603507e-14,1.8318679906315083e-14,8.548717289613705e-15,1.9539925233402755e-14,,,0.5502552789030482,0.13737781049493572,0.7647374242402587,0.7804347227942487,,,,,0.0007189580064732581,ok,0.08810954999353271,2,False,
,,,,,,0.41526492800039705,,,,,,,,2.0,,0.0,0.0,,,,,,,,,0.0,,,,annulus,,,,,,,,,,,,,,,4001,0.2398928426608941,0.0,0.08,0.04987777837158472,0.06199043662247077,0.05555591497676922,0.04359990176457867,1.0,0.23762685061556899,0.23762685061556899,0.23762685061556899,0.20340060997272874,,0.303730176155335,393,False,154.19909308504543,0.01602312215714874,interior_core,0.627231393133962,-0.30234198316883854,317.2297148092376,23,,0.16376549608420965,165.6882343348561,0.03850677257911378,0.00839161983584726,,134,158,0,,,,,309,309,151,,443,0.0,wls,,,,,,,,,,,,,,,,,9.769962616701378e-14,4.8405723873656825e-14,4.529709940470639e-14,1.0302869668521453e-13,3.9745984281580604e-14,5.5289106626332796e-14,8.526512829121202e-14,,,0.04695379995008435,0.06299561322629521,0.05622032717765328,0.04812025581196643,,,,,0.00379377999342978,ok,0.41905870799382683,1,False,
nan,nan,nan,0.0,nan,1.0,0.15929813800903503,0.0,1.0,5.893932849261604,0.43457880094302026,1.6471290216798502,0.9105098855359001,0.228,2.0,1e-13,2.4137198316454e-12,1.4308873623269842e-11,2.878444471756895,0.02171221167951015,0.273477354637375,0.08949011446409989,0.029069767441860465,1.0,0.27525399074466056,0.03212590964659338,0.5012098698914546,5.893932849261604,0.3684339713084041,1.5608082532891427,annulus,nan,nan,7.289963275670583,28.701797899462356,13.449104062548317,52.41415385083745,7.625793260876894,7.289963275670583,28.701797899462356,13.449104062548317,52.41415385083745,7.625793260876894,34.826411766981565,34.826411766981565,4002,0.8973938689351856,0.0,0.16,0.10819459848158777,0.17384420207935627,0.13760556720309347,0.1347585353138939,0.7833739451027955,0.25069969875626785,0.21080058010593028,0.25069969875626785,0.25069969875626785,0,0.19437569277000177,140,False,9.555414577303456,0.27437222047003695,near_boundary_interior,-0.4371395209229863,-0.32095902047788616,31.074429189777657,52,0.0,0.19437569277000177,10.724182272665157,0.06320793282237706,0.15186739044582254,0,68,3,1922,0,0,0,0,73,73,70,1922,141,0.21019771071800208,ccpfm,5.893932849261604,0.43457880094302026,1.6471290216798502,0.9105098855359001,0.228,2.878444471756895,0.02171221167951015,0.273477354637375,0.08949011446409989,0.029069767441860465,5.893932849261604,0.3684339713084041,1.5608082532891427,1.0,0.21019771071800208,1.0,1.8696155734687636e-13,1.7103163330034477e-10,1.2382284086953632e-10,1.0485790014058693e-10,1.0743868988916105e-10,1.272144611874637e-10,1.183832060158707e-10,0.35,0.65,0.09017006428038461,0.16887095863856225,0.12531714886738893,0.12310669631339108,2.35,0,68,24,0.0006103359919507056,ok,0.15990847400098573,2,False,
,,,,,,0.21371161598653998,,,,,,,,2.0,,0.0,0.0,,,,,,,,,0.0,,,,annulus,,,,,,,,,,,,,,,4002,0.7383292232745559,0.0,0.12,0.13613663277052146,0.14822844432373777,0.1603354005676017,0.16539612807838738,1.0,0.5527480705909521,0.4235992035186953,0.5527480705909521,0.5527480705909521,,0.06599999999999998,105,False,106.59318088064775,0.026544783962283474,near_boundary_interior,-0.9297707246942924,0.08878233615930065,146.93100704660915,23,,0.1821658021779155,83.88987906068782,0.04948518885191898,0.01726465819485633,,89,32,0,,,,,139,139,107,,228,0.0,wls,,,,,,,,,,,,,,,,,4.973799150320701e-14,1.9317880628477724e-14,1.2656542480726785e-14,2.731148640577885e-14,2.1274648709379562e-14,1.6209256159527285e-14,4.529709940470639e-14,,,0.14224130600712342,0.14797838062910448,0.18217373166450868,0.19121615420789076,,,,,0.0009398980037076399,ok,0.21465151399024762,2,False,
,,,,,,0.3091176199959591,,,,,,,,2.0,,0.0,0.0,,,,,,,,,0.0,,,,annulus,,,,,,,,,,,,,,,4002,0.5540883828942902,0.0,0.1,0.08329014219141684,0.08946165008043377,0.09591810732080693,0.10226948918923395,1.0,0.3048979180712952,0.2792362924455303,0.3048979180712952,0.3048979180712952,,0.05499999999999996,116,False,137.69303854261946,0.020807148001073812,near_boundary_interior,0.13110507192156648,0.935861294033717,197.5097514718838,23,,0.16944650095111394,107.74170118313222,0.041346773200505116,0.013079950262212717,,107,77,0,,,,,190,190,113,,297,0.0,wls,,,,,,,,,,,,,,,,,7.105427357601002e-14,3.108624468950438e-14,2.398081733190338e-14,5.240252676230739e-14,3.597122599785507e-14,3.397282455352979e-14,7.37188088351104e-14,,,0.08001546938018929,0.09119825035590329,0.10004039121167659,0.10564244542783247,,,,,0.0019351160008227453,ok,0.31105273599678185,2,False,
nan,nan,nan,0.0,nan,1.0,0.7913874049991136,0.0,1.0,4.152736495294833,0.6120025279573938,2.083422882255139,0.6021137705937208,0.3691275167785235,2.0,1e-13,1.4210846258425058e-11,1.2605720241120867e-10,2.6808592157029176,0.34970208504350564,1.5456360255573438,0.39788622940627916,0.2578125,1.0,0.3040307499889991,0.051490378825258365,0.5704677999450467,4.152736495294833,0.4979791862389803,1.8688307048143575,annulus,nan,nan,26.690200848787793,106.86252878988505,38.74941584800613,175.2606325049096,31.697697859385627,26.690200848787793,106.86252878988505,38.74941584800613,175.2606325049096,31.697697859385627,141.60853385475298,141.60853385475298,4001,0.2347799778469346,0.0,0.08,0.036757623832656405,0.045837484341325126,0.040942148809869766,0.03178686678974238,0.7438906813969139,0.09305161269891071,0.09305161269891071,0.09305161269891071,0.08193052222194241,0,0.27031187716014565,313,False,9.498245235094197,0.2867150776234862,interior_core,-0.5753860873311537,-0.22564320389906123,26.08599254215869,46,0.0,0.16376549608420965,9.467360828040563,0.03850677257911378,0.15883722883893928,0,134,158,6434,0,0,0,0,309,309,151,6434,443,0.3248368044762201,ccpfm,4.152736495294833,0.6120025279573938,2.083422882255139,0.6021137705937208,0.3691275167785235,2.6808592157029176,0.34970208504350564,1.5456360255573438,0.39788622940627916,0.2578125,4.152736495294833,0.4979791862389803,1.8688307048143575,1.0,0.3248368044762201,1.0,8.526512829121202e-13,3.094443812301506e-09,2.0307688863852036e-09,2.1724901877462344e-09,2.95373081549144e-09,2.035329238481154e-09,2.154557421363279e-09,0.35,0.65,0.032968181082812666,0.04603423333491876,0.03947458840175338,0.03116622026130591,2.35,0,68,24,0.0033602559997234493,ok,0.7947476609988371,1,False,
nan,nan,nan,0.0,nan,1.0,0.39624452700081747,0.0,1.0,4.611312841562484,0.5836673475745273,2.3036950597453703,0.8249496981891348,0.3724738675958188,2.0,1e-13,7.32799931846273e-12,4.759801444008955e-11,1.48619271273811,0.0913296830815235,0.607635266394267,0.1750503018108652,0.021346469622331693,1.0,0.22371373650381837,0.03858568504922037,0.5352026035227654,4.611312841562484,0.43732397746481316,2.0878305564910145,annulus,nan,nan,11.685720827782077,47.57492655743685,21.40222137176366,89.62308923468426,13.295171475080076,11.685720827782077,47.57492655743685,21.40222137176366,89.62308923468426,13.295171475080076,62.42548393929482,62.42548393929482,4002,0.6025469605032823,0.0,0.12,0.0885210221861344,0.11878682268106393,0.10425594685298205,0.09715545167875464,0.8158475502958308,0.19239471597288238,0.1848448340406138,0.19239471597288238,0.19239471597288238,0,0.20371848004550322,176,False,9.661938148972213,0.27774374290127873,near_boundary_interior,-0.45140466351173625,-0.31645872452712437,22.361163307636936,51,0.0,0.1821658021779155,10.413422275974622,0.04948518885191898,0.19867541895167815,0,89,32,3479,0,0,0,0,139,139,107,3479,228,0.3110089106064961,ccpfm,4.611312841562484,0.5836673475745273,2.3036950597453703,0.8249496981891348,0.3724738675958188,1.48619271273811,0.0913296830815235,0.607635266394267,0.1750503018108652,0.021346469622331693,4.611312841562484,0.43732397746481316,2.0878305564910145,1.0,0.3110089106064961,1.0,3.517186542012496e-13,9.998584182824288e-10,8.133800299958693e-10,7.312515037938283e-10,9.040657111825112e-10,8.674110318906969e-10,7.727205542096272e-10,0.35,0.65,0.07705544323124297,0.11868623496780534,0.09868777243788272,0.09186509347594272,2.35,0,68,24,0.002351866991375573,ok,0.39859639399219304,2,False,
,,,,,,0.06476128699432593,,,,,,,,2.0,,0.0,0.0,,,,,,,,,0.0,,,,annulus,,,,,,,,,,,,,,,4003,1.0,0.0,0.2,0.6015666722647381,nan,0.814266610181023,0.814266610181023,1.0,3.062014004241928,nan,3.062014004241928,3.062014004241928,,0.10999999999999999,57,False,41.96335421403544,0.06379077378308269,near_boundary_interior,0.5231288745403727,0.7200251249936511,46.9612920983364,23,,0.11000000000000003,37.60667856815023,0.05720000000000002,0.05265190284485199,,54,0,0,,,,,51,51,51,,105,0.0,wls,,,,,,,,,,,,,,,,,2.1316282072803006e-14,9.325873406851315e-15,6.8833827526759706e-15,1.4099832412739488e-14,1.2878587085651816e-14,1.0103029524088925e-14,1.5987211554602254e-14,,,0.6578390461454714,nan,0.9439070047718569,0.9439070047718569,,,,,0.0006784989964216948,ok,0.06543978599074762,3,False,
nan,nan,nan,0.0,nan,1.0,0.1422979810013203,0.0,1.0,5.201514666570045,0.30005135145517325,2.081828296014167,0.9614576033637001,0.2368804664723032,2.0,1e-13,1.5628991156813044e-12,1.0035132356335628e-11,2.099771705291711,0.031459737088660525,0.23909385838767233,0.03854239663629993,0.05454545454545454,1.0,0.22111244284274503,0.02615201488688214,0.45794846867140504,5.201514666570045,0.26891494555854145,2.0133723410669133,annulus,nan,nan,4.975953578212888,23.565776590810223,9.607916821765324,35.027978175406695,5.046455541051635,4.975953578212888,23.565776590810223,9.607916821765324,35.027978175406695,5.046455541051635,27.747258394067345,27.747258394067345,4003,1.0,0.0,0.2,0.16868051514797192,nan,0.2283220091898346,0.2283220091898346,0.9076613615976855,0.4048560418750997,nan,0.4048560418750997,0.4048560418750997,0,0.2812139354678018,94,False,10.515600542556724,0.23862193038141802,near_boundary_interior,0.4874592063299168,0.5315043314289072,32.42050862290721,54,0.0,0.11000000000000003,12.323625430983293,0.05720000000000002,0.15071038060032946,0,54,0,1427,0,0,0,0,51,51,51,1427,105,0.22985283812193413,ccpfm,5.201514666570045,0.30005135145517325,2.081828296014167,0.9614576033637001,0.2368804664723032,2.099771705291711,0.031459737088660525,0.23909385838767233,0.03854239663629993,0.05454545454545454,5.201514666570045,0.26891494555854145,2.0133723410669133,1.0,0.22985283812193413,1.0,7.405187574249794e-14,1.2651479863734494e-10,1.2933343285226329e-10,9.038036985486997e-11,8.540805909729166e-11,1.1959655488169574e-10,8.291656250491997e-11,0.35,0.65,0.14843230186671214,nan,0.21297958868105543,0.21297958868105543,2.35,0,68,24,0.0013220469991210848,ok,0.14362002800044138,3,False,
,,,,,,0.09987437199742999,,,,,,,,2.0,,0.0,0.0,,,,,,,,,0.0,,,,annulus,,,,,,,,,,,,,,,4003,0.9827499175721914,0.0,0.16,0.5791947376917089,0.41168871317362604,0.7348766496230746,0.7493968975210454,1.0,3.7423490050078874,0.5361281589976914,3.7423490050078874,3.7423490050078874,,0.08800000000000001,81,False,61.66771813974426,0.04567193765040712,near_boundary_interior,-0.9048086075988283,-0.11430390901045093,76.26454701255362,23,,0.21837275392708483,50.00538707687281,0.06320793282237583,0.03486433273074612,,68,3,0,,,,,76,76,73,,144,0.0,wls,,,,,,,,,,,,,,,,,4.618527782440651e-14,1.9539925233402755e-14,1.0880185641326534e-14,3.064215547965432e-14,7.93809462606987e-15,1.9539925233402755e-14,4.618527782440651e-14,,,0.6241473975283104,0.40856529372207134,0.8591353994841515,0.8726895871695498,,,,,0.0005736919993069023,ok,0.10044806399673689,3,False,
nan,nan,nan,0.0,nan,1.0,0.5741170429973863,0.0,1.0,4.901124551032281,0.6057518382975818,2.0963347118465103,0.7184173993521518,0.3610305958132045,2.0,1e-13,9.757861185732963e-12,5.774312814568017e-11,2.7330795324369284,0.2875707643518123,1.353058634921733,0.28158260064784824,0.20131470829909615,1.0,0.2981008407528395,0.046550044628942744,0.5584704254437484,4.901124551032281,0.4983597017221013,1.9131279427010142,annulus,nan,nan,16.736634932957887,66.52395842919874,25.216079630535518,113.93440623474221,19.215851721276906,16.736634932957887,66.52395842919874,25.216079630535518,113.93440623474221,19.215851721276906,86.35844639844636,86.35844639844636,4002,0.3215621596797159,0.0,0.1,0.05693973045924619,0.0754378575317881,0.06557259998975744,0.05326118640704451,0.7481844070219408,0.14999161587348686,0.14999161587348686,0.14999161587348686,0.12106424885768075,0,0.3011876963583389,197,False,8.67820558205424,0.2971430163248209,interior_core,0.49094031702254054,-0.49732861825596447,25.809299429227433,49,0.0,0.16944650095111394,9.740907378567599,0.041346773200505116,0.15531967220263476,0,107,77,4322,0,0,0,0,190,190,113,4322,297,0.3160573808422027,ccpfm,4.901124551032281,0.6057518382975818,2.0963347118465103,0.7184173993521518,0.3610305958132045,2.7330795324369284,0.2875707643518123,1.353058634921733,0.28158260064784824,0.20131470829909615,4.901124551032281,0.4983597017221013,1.9131279427010142,1.0,0.3160573808422027,1.0,5.755396159656812e-13,1.6566197302836372e-09,1.1029159807662836e-09,1.0745679901447147e-09,1.5413244014439442e-09,1.175467723157908e-09,1.23881527258618e-09,0.35,0.65,0.04984926007812328,0.07557413768791309,0.06232469194341516,0.05137473818721797,2.35,0,68,24,0.0019316499965498224,ok,0.5760486929939361,2,False,
,,,,,,0.44820231100311503,,,,,,,,2.0,,0.0,0.0,,,,,,,,,0.0,,,,annulus,,,,,,,,,,,,,,,4002,0.3203969493711101,0.0,0.08,0.04701255820439341,0.054855395543340006,0.05243270808855715,0.04820246003035416,1.0,0.20142808845588012,0.20142808845588012,0.20142808845588012,0.13195546942683575,,0.31796685597057917,401,False,149.00065633981444,0.01587736705284392,interior_core,0.4391238628967783,0.502343945288556,318.7965472475921,23,,0.169594676013479,163.7743133797062,0.03852574073008591,0.008243209207410685,,134,159,0,,,,,302,302,143,,436,0.0,wls,,,,,,,,,,,,,,,,,1.4566126083082054e-13,5.595524044110789e-14,4.929390229335695e-14,1.0302869668521453e-13,4.973799150320701e-14,5.3290705182007514e-14,1.0658141036401503e-13,,,0.04416000586116908,0.05559648066256954,0.05306020157384087,0.05008958757500037,,,,,0.0025729350018082187,ok,0.45077524600492325,2,False,
nan,nan,nan,0.0,nan,1.0,0.2287244860053761,0.0,1.0,5.918463885055774,0.4912416459973289,1.6900752043678278,0.9005076142131979,0.2491544532130778,2.0,1e-13,2.3154742012643226e-12,1.3604299760309799e-11,3.258488374690782,0.019218839432641188,0.26403704967554725,0.09949238578680203,0.025510204081632654,1.0,0.2793713162789464,0.03496929538929863,0.500624624102858,5.918463885055774,0.4145510022777805,1.5918196842808312,annulus,nan,nan,7.551617935155686,28.70179789946234,15.581773601394298,55.56597812791934,8.082438032057137,7.551617935155686,28.70179789946234,15.581773601394298,55.56597812791934,8.082438032057137,35.6512794613754,35.6512794613754,4003,0.8647314910240625,0.0,0.16,0.11099970347295905,0.22093724586996347,0.1408353441235531,0.1347188079898597,0.7664991713444099,0.25216165288201375,0.25216165288201375,0.25216165288201375,0.24385588410721648,0,0.3267320107701145,120,False,7.570243144392008,0.2787430932339516,interior_core,-0.5601989996623069,-0.37602262015669796,29.791918712198008,50,0.0,0.21837275392708483,9.779803298199873,0.06320793282237583,0.15427726541419112,0,68,3,1970,0,0,0,0,76,76,73,1970,144,0.22690355329949238,ccpfm,5.918463885055774,0.4912416459973289,1.6900752043678278,0.9005076142131979,0.2491544532130778,3.258488374690782,0.019218839432641188,0.26403704967554725,0.09949238578680203,0.025510204081632654,5.918463885055774,0.4145510022777805,1.5918196842808312,1.0,0.22690355329949238,1.0,2.0694557179012918e-13,2.0876056439078639e-10,1.3326517667167082e-10,1.2941647753450525e-10,1.5741005721103818e-10,1.6309276151815766e-10,1.423272610878712e-10,0.35,0.65,0.09294756109317653,0.219908523851504,0.1279417976380198,0.12269645112756405,2.35,0,68,24,0.0006928869988769293,ok,0.22941737300425302,3,False,
,,,,,,0.22276124999916647,,,,,,,,2.0,,0.0,0.0,,,,,,,,,0.0,,,,annulus,,,,,,,,,,,,,,,4003,0.8144969488878964,0.0,0.12,0.17316637877702556,0.1545466495891355,0.20358151002303826,0.22311729499645455,1.0,0.9047343590104414,0.4473583368079795,0.9047343590104414,0.9047343590104414,,0.14790168793298844,226,False,78.21247183983,0.03444029588150686,near_boundary_interior,-0.04865169327282182,0.8509694466388698,145.41829199750916,23,,0.18065695625721379,83.08193697771492,0.04948518887286215,0.017630941934617495,,89,34,0,,,,,140,140,106,,229,0.0,wls,,,,,,,,,,,,,,,,,5.3734794391857577e-14,2.1316282072803006e-14,1.9539925233402755e-14,2.7755575615628914e-14,1.734723475976807e-14,1.7985612998927536e-14,4.973799150320701e-14,,,0.18121165749159468,0.15776840245771243,0.23176073317239554,0.2509140968164146,,,,,0.0008416409982601181,ok,0.22360289099742658,3,False,
nan,nan,nan,0.0,nan,1.0,0.403099260001909,0.0,1.0,4.274569963094914,0.5894648247409764,2.2909073577257546,0.8237623762376237,0.3701923076923077,2.0,1e-13,8.62494797804203e-12,4.9607782249282984e-11,1.930160099781664,0.1278434962823444,0.7110285053387299,0.17623762376237623,0.033707865168539325,1.0,0.22011392907596672,0.03993218878210069,0.5423432141853272,4.274569963094914,0.44871114774801096,2.110346209795096,annulus,nan,nan,11.761526782855029,48.61117159590019,20.77132885811561,86.27463034767212,13.0758526194344,11.761526782855029,48.61117159590019,20.77132885811561,86.27463034767212,13.0758526194344,63.106751961655995,63.106751961655995,4003,0.5950104866652389,0.0,0.12,0.0901684260476154,0.11890411052297295,0.10600570653966704,0.09929828066096108,0.8247697231127649,0.21720520251215014,0.21720520251215014,0.21720520251215014,0.18400527670820033,0,0.3135315274073266,189,False,8.24184356169929,0.3055367899346022,interior_core,0.5173010394282199,0.4069478900133595,22.58694533205242,52,0.0,0.18065695625721379,10.599804493464841,0.04948518887286215,0.1894441585776089,0,89,34,3535,0,0,0,0,140,140,106,3535,229,0.3108910891089109,ccpfm,4.274569963094914,0.5894648247409764,2.2909073577257546,0.8237623762376237,0.3701923076923077,1.930160099781664,0.1278434962823444,0.7110285053387299,0.17623762376237623,0.033707865168539325,4.274569963094914,0.44871114774801096,2.110346209795096,1.0,0.3108910891089109,1.0,5.790923296444817e-13,1.141113425973117e-09,9.637224351877194e-10,8.785931981947215e-10,8.382878835533347e-10,1.1036727087798681e-09,9.728866601221853e-10,0.35,0.65,0.07823950786452895,0.11971488461798957,0.1000644547747802,0.09288505236200591,2.35,0,68,24,0.0015802809939486906,ok,0.4046795409958577,3,False,
,,,,,,0.3139177809935063,,,,,,,,2.0,,0.0,0.0,,,,,,,,,0.0,,,,annulus,,,,,,,,,,,,,,,4003,0.5564279803229917,0.0,0.1,0.08080530844219208,0.08764550641518809,0.09250599778521168,0.09701894957258965,1.0,0.26636148248444197,0.2515796096079759,0.26636148248444197,0.26636148248444197,,0.05499999999999996,125,False,151.57225774170962,0.018086035745374693,near_boundary_interior,-0.9086220610980097,0.2596744253494237,196.94528637184806,23,,0.1787374792775308,111.81447215130859,0.04134677355620429,0.012883612499209352,,107,79,0,,,,,196,196,117,,303,0.0,wls,,,,,,,,,,,,,,,,,8.215650382226158e-14,3.4638958368304884e-14,2.3092638912203256e-14,5.2791104820926193e-14,2.4868995751603507e-14,2.55351295663786e-14,5.5067062021407764e-14,,,0.07972033599954748,0.08959300882560017,0.09912025234994959,0.10506570659933141,,,,,0.0018718710052780807,ok,0.3157896519987844,3,False,
nan,nan,nan,0.0,nan,1.0,0.932510768994689,0.0,1.0,4.11552815257567,0.6245231907787159,2.1070491676042944,0.595666719770591,0.36400106980476066,2.0,1e-13,1.4355239219554505e-11,1.1629438823003534e-10,2.645043113178463,0.32663733856966193,1.5676146669776316,0.40433328022940895,0.2545311268715524,1.0,0.3009034009917121,0.05000430451561533,0.5687741824419829,4.11552815257567,0.488840862382785,1.8671871243564473,annulus,nan,nan,25.784971719188096,102.00217546954337,38.70496023769014,167.84014651703328,31.05639254121781,25.784971719188096,102.00217546954337,38.70496023769014,167.84014651703328,31.05639254121781,136.26712810994775,136.26712810994775,4002,0.2164192799101972,0.0,0.08,0.03681316987812721,0.04612356767631732,0.04105741665115188,0.031021466285190907,0.7538221157786602,0.11074756656888857,0.11074756656888857,0.11074756656888857,0.09739124195014837,0,0.2735846057183936,435,False,9.595378915068782,0.2815853075280329,interior_core,-0.6064298073915015,0.14275660391461778,26.56851658200438,45,0.0,0.169594676013479,9.483303442380556,0.03852574073008591,0.1623973210723531,0,134,159,6277,0,0,0,0,302,302,143,6277,436,0.31973872869205033,ccpfm,4.11552815257567,0.6245231907787159,2.1070491676042944,0.595666719770591,0.36400106980476066,2.645043113178463,0.32663733856966193,1.5676146669776316,0.40433328022940895,0.2545311268715524,4.11552815257567,0.488840862382785,1.8671871243564473,1.0,0.31973872869205033,1.0,9.965361869035405e-13,2.8961508746760956e-09,2.620613059889365e-09,2.3940192050986298e-09,2.821280098430634e-09,1.927929371703385e-09,1.947004335534075e-09,0.35,0.65,0.032863821682354015,0.04570313634828982,0.03948733631137933,0.031152447993825026,2.35,0,68,24,0.005345080004190095,ok,0.9378558489988791,2,False,
,,,,,,0.07441164400370326,,,,,,,,2.0,,0.0,0.0,,,,,,,,,0.0,,,,annulus,,,,,,,,,,,,,,,4004,1.0,0.0,0.2,0.6437387292234464,nan,0.8973374975700326,0.8973374975700326,1.0,2.391657234074259,nan,2.391657234074259,2.391657234074259,,0.11000000000000003,71,False,42.33440656907314,0.06293994707770399,near_boundary_interior,0.5231288745402516,-0.720025124993739,47.65188010926671,23,,0.11000000000000004,36.14719793558255,0.05720000000000003,0.05312340244711594,,54,0,0,,,,,46,46,46,,100,0.0,wls,,,,,,,,,,,,,,,,,1.787459069646502e-14,1.5987211554602254e-14,1.2878587085651816e-14,1.2656542480726785e-14,1.3128387266192476e-14,7.327471962526033e-15,1.504352198367087e-14,,,0.6598958346830539,nan,0.9729633272413808,0.9729633272413808,,,,,0.0005199049919610843,ok,0.07493154899566434,4,False,
nan,nan,nan,0.0,nan,1.0,0.1159573419863591,0.0,1.0,4.632812806286839,0.284715693906977,2.068137913769582,0.9518348623853211,0.25542168674698795,2.0,1e-13,1.727399473461233e-12,9.346000991890283e-12,1.9742166976178808,0.02597365998782463,0.3676148148344534,0.0481651376146789,0.047619047619047616,1.0,0.17285532245274296,0.023774656409070408,0.4298732252289144,4.632812806286839,0.26600198761600125,2.042479627051706,annulus,nan,nan,4.94140193477378,20.612795931716196,7.658609529021115,31.967957086215588,4.957771724686671,4.94140193477378,20.612795931716196,7.658609529021115,31.967957086215588,4.957771724686671,21.725180096308776,21.725180096308776,4004,1.0,0.0,0.2,0.17852128973637071,nan,0.24884916833923346,0.24884916833923346,0.9401187889854735,0.4594830994120971,nan,0.4594830994120971,0.4594830994120971,0,0.11,75,False,12.592930212298667,0.35072376400427896,near_boundary_interior,0.286805298452875,0.35964247332398774,31.07460499279905,56,0.0,0.11000000000000004,12.700589996136493,0.05720000000000003,0.16685577706977162,0,54,0,1308,0,0,0,0,46,46,46,1308,100,0.24541284403669725,ccpfm,4.632812806286839,0.284715693906977,2.068137913769582,0.9518348623853211,0.25542168674698795,1.9742166976178808,0.02597365998782463,0.3676148148344534,0.0481651376146789,0.047619047619047616,4.632812806286839,0.26600198761600125,2.042479627051706,1.0,0.24541284403669725,1.0,7.771561172376096e-14,1.562312501590668e-10,1.5698142785680602e-10,9.693912339514554e-11,8.067579937431901e-11,1.2696732554218215e-10,7.642206312219457e-11,0.35,0.65,0.15077351711879453,nan,0.22230342300348938,0.22230342300348938,2.35,0,68,24,0.0003666030097519979,ok,0.1163239449961111,4,False,
nan,nan,nan,0.0,nan,1.0,0.5683110170066357,0.0,1.0,4.219919026730518,0.5957036726441781,2.0741238913434867,0.6865267433987813,0.36522024983563445,2.0,1e-13,8.815274898932302e-12,5.535616024586786e-11,2.6948429027579803,0.29211935357892954,1.45339998739272,0.31347325660121866,0.21814254859611232,1.0,0.30324974326453846,0.04781830048678125,0.5578968658759588,4.219919026730518,0.49575005597515814,1.9055320741602284,annulus,nan,nan,16.753970301642575,66.52395955989314,26.371221904700462,115.99063616505131,19.618923492218812,16.753970301642575,66.52395955989314,26.371221904700462,115.99063616505131,19.618923492218812,91.98860278749126,91.98860278749126,4003,0.3634922499406244,0.0,0.1,0.05502167621639883,0.07148968041483235,0.06298886986928687,0.053394139306408905,0.755435840282619,0.13557461238571578,0.13557461238571578,0.13557461238571578,0.11629873858942824,0,0.2622019179791179,164,False,8.836181100407996,0.2973713043398839,interior_core,0.523670644087805,0.5200835569939661,26.28926865816163,49,0.0,0.1787374792775308,9.639939093576391,0.04134677355620429,0.16400182666181762,0,107,79,4431,0,0,0,0,196,196,117,4431,303,0.31911532385466035,ccpfm,4.219919026730518,0.5957036726441781,2.0741238913434867,0.6865267433987813,0.36522024983563445,2.6948429027579803,0.29211935357892954,1.45339998739272,0.31347325660121866,0.21814254859611232,4.219919026730518,0.49575005597515814,1.9055320741602284,1.0,0.31911532385466035,1.0,3.694822225952521e-13,1.4374244017290039e-09,8.91878570996596e-10,9.383889221226127e-10,1.269680582893784e-09,1.1964633728211993e-09,1.1548522138582484e-09,0.35,0.65,0.0488683336149292,0.07163187298743605,0.060760425794753305,0.05215359123375176,2.35,0,68,24,0.0027792079927166924,ok,0.5710902249993524,3,False,
,,,,,,0.08663182098825928,,,,,,,,2.0,,0.0,0.0,,,,,,,,,0.0,,,,annulus,,,,,,,,,,,,,,,4004,0.9909722955572005,0.0,0.16,0.4783770875338175,0.24269530679860585,0.6151747106340163,0.6309638869498497,1.0,2.5272267353360864,0.3070917960035474,2.5272267353360864,2.5272267353360864,,0.088,72,False,63.6078112713533,0.04248191930697376,near_boundary_interior,0.48867403702092704,0.7700270680577855,76.32435138316495,23,,0.13044641446592692,51.9613812221521,0.06320793282237415,0.034449225225867214,,68,3,0,,,,,73,73,70,,141,0.0,wls,,,,,,,,,,,,,,,,,2.1316282072803006e-14,1.4210854715202004e-14,8.43769498715119e-15,2.1316282072803006e-14,1.1379786002407855e-14,6.439293542825908e-15,1.8207657603852567e-14,,,0.5409290084106326,0.23824156871222646,0.7517758982947813,0.7661304808355164,,,,,0.0007426410011248663,ok,0.08737446198938414,4,False,
,,,,,,0.4606197310058633,,,,,,,,2.0,,0.0,0.0,,,,,,,,,0.0,,,,annulus,,,,,,,,,,,,,,,4003,0.38249991886579665,0.0,0.08,0.04931048142163103,0.05518990579515718,0.054888484367689394,0.054412128638894226,1.0,0.19416092673739305,0.1871470016107175,0.19416092673739305,0.19416092673739305,,0.09017558795346699,405,False,193.6765568753026,0.014249923379815845,near_boundary_interior,-0.3513874517442961,0.8392302881719481,340.8066454138121,23,,0.17351318204647145,165.88043137774343,0.03850081468742715,0.007513962183458335,,134,159,0,,,,,305,305,146,,439,0.0,wls,,,,,,,,,,,,,,,,,1.2079226507921703e-13,6.128431095930864e-14,4.6407322429331543e-14,9.103828801926284e-14,4.085620730620576e-14,4.263256414560601e-14,8.970602038971265e-14,,,0.0475219640643164,0.05554148881085192,0.05701337125549767,0.05857425409062755,,,,,0.0037789470079587772,ok,0.46439867801382206,3,False,
nan,nan,nan,0.0,nan,1.0,0.20357641400187276,0.0,1.0,5.488728547831568,0.4400862643796852,1.5428390679120998,0.9134715025906736,0.2217810550198525,2.0,1e-13,2.2677068556298252e-12,1.2733104571232699e-11,3.149155981158523,0.028795890309604156,0.33051658409542284,0.08652849740932643,0.05389221556886228,1.0,0.3045724595272627,0.031162477706935157,0.5099588329155811,5.488728547831568,0.36205440126728583,1.4982945548662518,annulus,nan,nan,7.289963275670573,28.701797899470627,13.23834650691622,58.58996478967654,7.5534047039186145,7.289963275670573,28.701797899470627,13.23834650691622,58.58996478967654,7.5534047039186145,35.59404165142076,35.59404165142076,4004,0.9146840684683756,0.0,0.16,0.12027589603923612,0.18758409444351962,0.1546702203561402,0.1524114288789083,0.785423945867517,0.27494323793467235,0.24760533673570462,0.27494323793467235,0.27494323793467235,0,0.2504044530950803,126,False,9.757698148325312,0.269427155242277,near_boundary_interior,-0.42093899191662953,-0.4233374088755871,31.37402779245714,51,0.0,0.13044641446592692,10.671931156127306,0.06320793282237415,0.1436883942802637,0,68,3,1930,0,0,0,0,73,73,70,1930,141,0.20725388601036268,ccpfm,5.488728547831568,0.4400862643796852,1.5428390679120998,0.9134715025906736,0.2217810550198525,3.149155981158523,0.028795890309604156,0.33051658409542284,0.08652849740932643,0.05389221556886228,5.488728547831568,0.36205440126728583,1.4982945548662518,1.0,0.20725388601036268,1.0,2.0694557179012918e-13,1.436402108367929e-10,6.50992593165256e-11,5.9586113820842e-11,7.591503901199781e-11,1.2692735751329565e-10,1.1064777739877574e-10,0.35,0.65,0.10325835150636233,0.1910672589142189,0.14350707533363624,0.1411110199545247,2.35,0,68,24,0.000527726995642297,ok,0.20410414099751506,4,False,
,,,,,,0.1764171440008795,,,,,,,,2.0,,0.0,0.0,,,,,,,,,0.0,,,,annulus,,,,,,,,,,,,,,,4004,0.8102864069055637,0.0,0.12,0.13537382645383556,0.12061683552051618,0.1600664395524495,0.1765699241992234,1.0,0.4792664973898545,0.25835870927493243,0.4792664973898545,0.4792664973898545,,0.06599999999999996,132,False,146.51589743420584,0.018030799738942498,near_boundary_interior,0.28394208956374833,-0.30402774110805775,153.83345433695695,23,,0.17873820489491551,82.44794606787701,0.0494851888309758,0.017115118970281975,,89,32,0,,,,,135,135,103,,224,0.0,wls,,,,,,,,,,,,,,,,,3.730349362740526e-14,1.7763568394002505e-14,1.2878587085651816e-14,2.9753977059954195e-14,2.9753977059954195e-14,1.1102230246251565e-14,3.1530333899354446e-14,,,0.15091120989866133,0.11923952630071105,0.1943921064768688,0.21239369071069242,,,,,0.001270131004275754,ok,0.17768727500515524,4,False,
,,,,,,0.24245121999410912,,,,,,,,2.0,,0.0,0.0,,,,,,,,,0.0,,,,annulus,,,,,,,,,,,,,,,4004,0.505262475221411,0.0,0.1,0.07494486446449962,0.08680147071728062,0.0861109386379794,0.08545051394337132,1.0,0.24672526421637758,0.23747326176952988,0.24672526421637758,0.24672526421637758,,0.14584108758256517,275,False,101.99218374081772,0.025186770705518502,near_boundary_interior,0.029337021996125603,0.8555579741452316,204.7978523417499,23,,0.16938032314347812,109.77114713574143,0.04134677329705589,0.012325383995249021,,107,75,0,,,,,193,193,118,,300,0.0,wls,,,,,,,,,,,,,,,,,7.105427357601002e-14,3.8191672047105385e-14,2.786659791809143e-14,6.59472476627343e-14,2.4868995751603507e-14,3.1308289294429414e-14,6.261657858885883e-14,,,0.0736067311776288,0.08942948374815403,0.09176974064141348,0.09322666110155947,,,,,0.0021617440070258453,ok,0.24461296400113497,4,False,
nan,nan,nan,0.0,nan,1.0,0.3206898030039156,0.0,1.0,4.3020089746851715,0.5611341043477568,2.258845086688974,0.8334310850439882,0.3599577762139338,2.0,1e-13,7.73381358953884e-12,4.705058450171362e-11,1.381597959814451,0.08423812963674615,0.6209293959658969,0.16656891495601173,0.02464788732394366,1.0,0.21183771492479214,0.03793526396257704,0.5374309486221236,4.3020089746851715,0.43790332565872025,2.127936776241871,annulus,nan,nan,11.319565084122942,47.574926276174274,20.121210661812263,85.00340746269174,12.773706868043824,11.319565084122942,47.574926276174274,20.121210661812263,85.00340746269174,12.773706868043824,59.151878513086686,59.151878513086686,4004,0.5763910078351425,0.0,0.12,0.08879035391612132,0.11821494188107075,0.10498599463613487,0.09767583545936093,0.8198813620385426,0.20323528266755542,0.20323528266755542,0.20323528266755542,0.18683073766562364,0,0.2905466251442963,156,False,8.51419249185608,0.2986616391321687,interior_core,0.5150963214657365,0.48787198284668937,23.77676445907998,52,0.0,0.17873820489491551,10.783147041212386,0.0494851888309758,0.1891956059976698,0,89,32,3410,0,0,0,0,135,135,103,3410,224,0.3041055718475073,ccpfm,4.3020089746851715,0.5611341043477568,2.258845086688974,0.8334310850439882,0.3599577762139338,1.381597959814451,0.08423812963674615,0.6209293959658969,0.16656891495601173,0.02464788732394366,4.3020089746851715,0.43790332565872025,2.127936776241871,1.0,0.3041055718475073,1.0,3.552713678800501e-13,1.0304113118309033e-09,8.732659040333601e-10,7.806288948586371e-10,8.248579597136541e-10,9.307994375262751e-10,8.430998121866651e-10,0.35,0.65,0.07717757189369971,0.12243758809322446,0.09941415739268653,0.09108396680202703,2.35,0,68,24,0.0016057890024967492,ok,0.32229559200641233,4,False,
nan,nan,nan,0.0,nan,1.0,0.8446449549956014,0.0,1.0,3.7929859056125395,0.6001340954071188,2.0750872126639086,0.5992880359077543,0.36544421487603307,2.0,1e-13,1.746036431757303e-11,1.0952308749522468e-10,2.5245375708163325,0.336791059644798,1.5450749604147183,0.4007119640922458,0.2599459250675937,1.0,0.2870870233002841,0.04963450440798953,0.5661502702899145,3.7929859056125395,0.4912920861176517,1.8508192970261412,annulus,nan,nan,25.643698453102576,102.00217429886561,38.23670535371945,167.9702434037788,31.134455501169423,25.643698453102576,102.00217429886561,38.23670535371945,167.9702434037788,31.134455501169423,140.15423241995958,140.15423241995958,4003,0.2143098207168958,0.0,0.08,0.03779162571556055,0.04771150738595723,0.04206661540335661,0.031214573913443476,0.7523609179372197,0.11175647285675572,0.11175647285675572,0.11175647285675572,0.07794763305333041,0,0.2978785652860661,318,False,9.077756964924273,0.29769483782628614,interior_core,0.5063931975351125,-0.48637668581145554,26.998645845654032,46,0.0,0.17351318204647145,9.45777205315002,0.03850081468742715,0.15845507525585165,0,134,159,6461,0,0,0,0,305,305,146,6461,439,0.32316978795852036,ccpfm,3.7929859056125395,0.6001340954071188,2.0750872126639086,0.5992880359077543,0.36544421487603307,2.5245375708163325,0.336791059644798,1.5450749604147183,0.4007119640922458,0.2599459250675937,3.7929859056125395,0.4912920861176517,1.8508192970261412,1.0,0.32316978795852036,1.0,8.15347789284715e-13,3.472444554120102e-09,3.2992775178541933e-09,2.988412350912739e-09,2.5586199825511358e-09,1.6751089404465347e-09,1.8622756670083618e-09,0.35,0.65,0.03358117879685176,0.04770186751378758,0.04028823832598673,0.0302114598637376,2.35,0,68,24,0.005432101010228507,ok,0.85007705600583,3,False,
,,,,,,0.05458793700381648,,,,,,,,2.0,,0.0,0.0,,,,,,,,,0.0,,,,annulus,,,,,,,,,,,,,,,4005,1.0,0.0,0.2,0.5690895656049092,nan,0.7699025098986951,0.7699025098986951,1.0,1.6496396762953212,nan,1.6496396762953212,1.6496396762953212,,0.11237729643424488,99,False,38.71897699734281,0.06494252911979423,near_boundary_interior,0.4129064558353698,-0.20762007121289897,46.47208324493471,23,,0.11000000000000003,37.454877413280066,0.05720000000000002,0.05415211215425563,,54,0,0,,,,,49,49,49,,103,0.0,wls,,,,,,,,,,,,,,,,,1.865174681370263e-14,7.993605777301127e-15,1.0880185641326534e-14,1.0658141036401503e-14,8.916478666520788e-15,7.327471962526033e-15,1.0880185641326534e-14,,,0.5827108895715005,nan,0.844838518865655,0.844838518865655,,,,,0.00032684400503057986,ok,0.05491478100884706,5,False,
nan,nan,nan,0.0,nan,1.0,0.14400635501078796,0.0,1.0,4.91076214142591,0.3054092156002377,2.23318005061238,0.9610670511896179,0.2355588897224306,2.0,1e-13,1.3400530685103718e-12,8.914520017957246e-12,1.3505461267890313,0.03957337501420487,0.19916713849648818,0.03893294881038212,0.05555555555555555,1.0,0.19497859783745847,0.025468897068781943,0.44848885101177427,4.91076214142591,0.2777861514837437,2.2016505813874154,annulus,nan,nan,4.957771724686706,24.070627639589112,8.473763109853085,33.50150373607764,4.973278671530484,4.957771724686706,24.070627639589112,8.473763109853085,33.50150373607764,4.973278671530484,25.521662298174498,25.521662298174498,4005,1.0,0.0,0.2,0.17233696269669513,nan,0.23314899472365022,0.23314899472365022,0.9363840099851758,0.44061831795044065,nan,0.44061831795044065,0.44061831795044065,0,0.2207356414204442,96,False,15.407751227855146,0.30283435639381967,near_boundary_interior,-0.3812114411145553,0.42249824616172915,31.734005109453285,54,0.0,0.11000000000000003,12.756735035158485,0.05720000000000002,0.1617452219134813,0,54,0,1387,0,0,0,0,49,49,49,1387,103,0.22855082912761354,ccpfm,4.91076214142591,0.3054092156002377,2.23318005061238,0.9610670511896179,0.2355588897224306,1.3505461267890313,0.03957337501420487,0.19916713849648818,0.03893294881038212,0.05555555555555555,4.91076214142591,0.2777861514837437,2.2016505813874154,1.0,0.22855082912761354,1.0,9.980904991380157e-14,1.14495524172753e-10,9.876122142316035e-11,6.407890884574385e-11,7.548218994291034e-11,1.1809053734879171e-10,7.792479161938815e-11,0.35,0.65,0.14833161994703675,nan,0.21505736093099226,0.21505736093099226,2.35,0,68,24,0.0006506649951916188,ok,0.14465702000597958,5,False,
nan,nan,nan,0.0,nan,1.0,0.5223631940025371,0.0,1.0,4.6635897905905015,0.6172595780414547,2.0970599629209943,0.711038961038961,0.3747553816046967,2.0,1e-13,8.95612056739381e-12,5.5870424982103595e-11,2.2587646284476732,0.29620010808726255,1.3834788018857878,0.288961038961039,0.21829855537720708,1.0,0.29314997302330875,0.04763348802617358,0.5597007563397276,4.6635897905905015,0.4953162982897954,1.8865755513472073,annulus,nan,nan,16.928854773916765,67.21732560820632,25.676392173582876,112.2565314966812,19.928954562623225,16.928854773916765,67.21732560820632,25.676392173582876,112.2565314966812,19.928954562623225,85.98764228288431,85.98764228288431,4004,0.38630434176469736,0.0,0.1,0.05251074163374948,0.06773645385094018,0.06033434422715493,0.052351270350060014,0.7494680041786721,0.13945550583848454,0.13945550583848454,0.13945550583848454,0.10720403873907147,0,0.3028852114181901,237,False,8.968548059053205,0.2961201303390971,interior_core,0.41686775535453646,0.5022872105602169,26.025956645574247,47,0.0,0.16938032314347812,9.706535496250192,0.04134677329705589,0.16026269090138728,0,107,75,4312,0,0,0,0,193,193,118,4312,300,0.32954545454545453,ccpfm,4.6635897905905015,0.6172595780414547,2.0970599629209943,0.711038961038961,0.3747553816046967,2.2587646284476732,0.29620010808726255,1.3834788018857878,0.288961038961039,0.21829855537720708,4.6635897905905015,0.4953162982897954,1.8865755513472073,1.0,0.32954545454545453,1.0,4.3876013933186186e-13,1.6161472160547419e-09,1.004629268663848e-09,1.1261462873335404e-09,1.5326389046776967e-09,1.3129728415606223e-09,1.1912035802197352e-09,0.35,0.65,0.04651378578581882,0.06768282080285146,0.05799140906711253,0.05088099800576503,2.35,0,68,24,0.0025013630074681714,ok,0.5248645570100052,4,False,
,,,,,,0.08253862499259412,,,,,,,,2.0,,0.0,0.0,,,,,,,,,0.0,,,,annulus,,,,,,,,,,,,,,,4005,0.9989849104725349,0.0,0.16,0.4890069283618647,0.06082485679234512,0.621184690764404,0.6565994431869502,1.0,3.1859851747179517,0.11549442308176783,3.1859851747179517,3.1859851747179517,,0.08800000000000001,81,False,56.289876174331226,0.051054072288674125,near_boundary_interior,-0.9048086075988283,-0.11430390901045093,76.47768736986659,23,,0.15577870721166992,50.128003882696724,0.06320793282237583,0.033211612913396846,,68,5,0,,,,,76,76,71,,144,0.0,wls,,,,,,,,,,,,,,,,,2.842170943040401e-14,1.687538997430238e-14,9.325873406851315e-15,1.5987211554602254e-14,8.659739592076221e-15,1.4210854715202004e-14,2.842170943040401e-14,,,0.5509444247611399,0.06186331970555176,0.7583719171708285,0.7844491201521411,,,,,0.0005320460040820763,ok,0.0830706709966762,5,False,
,,,,,,0.4394543210073607,,,,,,,,2.0,,0.0,0.0,,,,,,,,,0.0,,,,annulus,,,,,,,,,,,,,,,4004,0.2905866012066355,0.0,0.08,0.05121116694821271,0.06160234260273599,0.05697176653550937,0.04897498521153709,1.0,0.21530431151614993,0.21530431151614993,0.21530431151614993,0.18479317922801683,,0.23352037174726212,205,False,162.43808991039566,0.015362535637816643,interior_core,0.3542439316089891,-0.463455762992824,350.9762883014522,23,,0.1636433256114962,168.16074123546466,0.03861442401112796,0.007326425047498259,,134,159,0,,,,,310,310,151,,444,0.0,wls,,,,,,,,,,,,,,,,,1.3145040611561853e-13,7.638334409421077e-14,3.2862601528904634e-14,8.881784197001252e-14,6.705747068735946e-14,4.707345624410664e-14,1.163513729807164e-13,,,0.04699945133213005,0.06161357955823507,0.056247526137182535,0.04997827503925319,,,,,0.0029922669928055257,ok,0.44244658800016623,4,False,
nan,nan,nan,0.0,nan,1.0,0.1928330570081016,0.0,1.0,6.006897450662896,0.48752306887311453,1.6056077625323104,0.9081983308787432,0.24,2.0,1e-13,2.733480108929598e-12,1.4291604964039307e-11,2.732075794653673,0.03418995681878305,0.30964136597123026,0.09180166912125676,0.0374331550802139,1.0,0.29427591604502157,0.03518452600707339,0.508336197436961,6.006897450662896,0.4179910020191695,1.5379764855774387,annulus,nan,nan,7.289963275670573,28.701797899463,14.204838769250921,57.55136532389486,7.671972297533829,7.289963275670573,28.701797899463,14.204838769250921,57.55136532389486,7.671972297533829,35.3548945342408,35.3548945342408,4005,0.8473121168604487,0.0,0.16,0.12545469211825414,0.19138288855079835,0.15936488750677308,0.15513673642616949,0.7566274053841261,0.3034257107662468,0.26577619855369505,0.3034257107662468,0.3034257107662468,0,0.2894733059235016,130,False,9.013910122979738,0.2919741269182829,near_boundary_interior,0.47818723573601696,-0.42413559327689176,29.544368954592358,50,0.0,0.15577870721166992,10.807299818319795,0.06320793282237583,0.16007375276577654,0,68,5,2037,0,0,0,0,76,76,71,2037,144,0.22140402552773686,ccpfm,6.006897450662896,0.48752306887311453,1.6056077625323104,0.9081983308787432,0.24,2.732075794653673,0.03418995681878305,0.30964136597123026,0.09180166912125676,0.0374331550802139,6.006897450662896,0.4179910020191695,1.5379764855774387,1.0,0.22140402552773686,1.0,1.438849039914203e-13,2.601119319933787e-10,2.281904665224488e-10,1.9762325109695666e-10,1.4118950453223533e-10,2.0832324754138654e-10,1.8450840855166462e-10,0.35,0.65,0.10445770131455369,0.19445253452873057,0.14378544123306167,0.1395255691384158,2.35,0,68,24,0.0010115269978996366,ok,0.19384458400600124,5,False,
,,,,,,0.1676188550045481,,,,,,,,2.0,,0.0,0.0,,,,,,,,,0.0,,,,annulus,,,,,,,,,,,,,,,4005,0.6921438085015994,0.0,0.12,0.12283460834229529,0.13776248676180552,0.14419057882075753,0.147354078162924,1.0,0.44612496089597803,0.33440022093113275,0.44612496089597803,0.44612496089597803,,0.18789198897601905,206,False,70.92095539655955,0.0354699683120606,near_boundary_interior,0.05402382435278527,-0.8110857402048035,164.48349500088634,23,,0.17833236572738229,83.80538654130679,0.04948518883097581,0.01551956539944363,,89,36,0,,,,,142,142,106,,231,0.0,wls,,,,,,,,,,,,,,,,,7.105427357601002e-14,2.842170943040401e-14,2.5757174171303632e-14,5.861977570020827e-14,1.4210854715202004e-14,1.63202784619898e-14,2.9753977059954195e-14,,,0.12225809648276872,0.13982975951700327,0.15593350736097866,0.1610367858673707,,,,,0.0009865030006039888,ok,0.16860535800515208,5,False,
,,,,,,0.27230127599614207,,,,,,,,2.0,,0.0,0.0,,,,,,,,,0.0,,,,annulus,,,,,,,,,,,,,,,4005,0.47639577870923383,0.0,0.1,0.09026751292658422,0.10446494400720006,0.10376466117859942,0.10301099711806923,1.0,0.3893602271075881,0.33073238256244664,0.3893602271075881,0.3893602271075881,,0.05500000000000005,128,False,138.7357275950966,0.020061119442319943,near_boundary_interior,-0.926380969848183,-0.1866633830294639,198.00091709547445,23,,0.1703717573116421,110.42591359169141,0.04134677340172829,0.0129877319243043,,107,81,0,,,,,194,194,113,,301,0.0,wls,,,,,,,,,,,,,,,,,7.105427357601002e-14,2.930988785010413e-14,2.1316282072803006e-14,5.684341886080802e-14,2.708944180085382e-14,2.3092638912203256e-14,4.440892098500626e-14,,,0.08684593233378873,0.10381127740760694,0.10817623566705856,0.11119972138834311,,,,,0.0020557579991873354,ok,0.2743570339953294,5,False,
nan,nan,nan,0.0,nan,1.0,0.7727934930007905,0.0,1.0,4.093967553943223,0.6117996301479864,2.0871993609247954,0.5898315658140986,0.3643574828133263,2.0,1e-13,1.879557620654282e-11,1.2650071794023666e-10,2.4860659572971366,0.3568378311399348,1.5349217997737545,0.41016843418590143,0.26539923954372624,1.0,0.3092384552251446,0.051691897694303185,0.5688022629252891,4.093967553943223,0.4966765080191917,1.826314243808244,annulus,nan,nan,27.193272979084348,104.07260683472217,39.025682725600774,174.04351198878467,32.10037960698273,27.193272979084348,104.07260683472217,39.025682725600774,174.04351198878467,32.10037960698273,144.26272248982525,144.26272248982525,4004,0.22551896549216272,0.0,0.08,0.03925161592226288,0.04933393944075949,0.0436669193796352,0.03306898952709877,0.7390105878089532,0.10833787066734357,0.10833787066734357,0.10833787066734357,0.0757992781945635,0,0.2960473919234158,235,False,9.189361941475674,0.29969669582632885,interior_core,-0.661865711927972,-0.2397640331443484,27.07453884305993,46,0.0,0.1636433256114962,9.437312357144648,0.03861442401112796,0.15397366321963218,0,134,159,6412,0,0,0,0,310,310,151,6412,444,0.3237679351216469,ccpfm,4.093967553943223,0.6117996301479864,2.0871993609247954,0.5898315658140986,0.3643574828133263,2.4860659572971366,0.3568378311399348,1.5349217997737545,0.41016843418590143,0.26539923954372624,4.093967553943223,0.4966765080191917,1.826314243808244,1.0,0.3237679351216469,1.0,7.034373084024992e-13,4.333404746148517e-09,2.1236203906482842e-09,2.5830146910266194e-09,4.1427146157957395e-09,2.6568196531684407e-09,2.957435185635404e-09,0.35,0.65,0.035026802193509045,0.049444092512382506,0.04191902067023626,0.032144450862573004,2.35,0,68,24,0.005489067989401519,ok,0.778282560990192,4,False,
nan,nan,nan,0.0,nan,1.0,0.3860150749969762,0.0,1.0,4.001818459666108,0.5908821575545533,2.314569412398113,0.8165914221218962,0.37353144436765723,2.0,1e-13,7.915404443004093e-12,4.9430125237695686e-11,1.611665516245872,0.1179289063707612,0.7636380980606368,0.18340857787810383,0.04,1.0,0.24104731845752558,0.041128979531891596,0.5413105452952232,4.001818459666108,0.4549957810524313,2.1445925110260347,annulus,nan,nan,12.00217843515717,48.92991523433643,21.182737507465976,87.07560082179855,13.465852675903161,12.00217843515717,48.92991523433643,21.182737507465976,87.07560082179855,13.465852675903161,63.201900734289495,63.201900734289495,4005,0.5385828357642678,0.0,0.12,0.085322690402671,0.11715145751250008,0.10015685548019336,0.09028883322622328,0.8246621595813622,0.1817196008037335,0.17312288954737243,0.1817196008037335,0.1817196008037335,0,0.17896028760590807,173,False,9.977296162038472,0.2551455597550329,near_boundary_interior,-0.47949736551123767,0.22258456607856747,22.0952056176768,51,0.0,0.17833236572738229,10.464889774772985,0.04948518883097581,0.19749019435171464,0,89,36,3544,0,0,0,0,142,142,106,3544,231,0.3123589164785553,ccpfm,4.001818459666108,0.5908821575545533,2.314569412398113,0.8165914221218962,0.37353144436765723,1.611665516245872,0.1179289063707612,0.7636380980606368,0.18340857787810383,0.04,4.001818459666108,0.4549957810524313,2.1445925110260347,1.0,0.3123589164785553,1.0,4.1389114358025836e-13,1.1624514684172027e-09,8.851961386113771e-10,7.859677353394545e-10,1.0580594178577485e-09,8.541722884558567e-10,8.176588295327747e-10,0.35,0.65,0.07452682873395458,0.1171401132937221,0.0950548890528033,0.08627765147861938,2.35,0,68,24,0.002194390006479807,ok,0.388209465003456,5,False,
,,,,,,0.0600390469917329,,,,,,,,2.0,,0.0,0.0,,,,,,,,,0.0,,,,annulus,,,,,,,,,,,,,,,4006,1.0,0.0,0.2,0.5672044813817475,nan,0.7745595715365032,0.7745595715365032,1.0,1.844868321679724,nan,1.844868321679724,1.844868321679724,,0.09141089046127765,100,False,41.826202763493065,0.06206838137976401,near_boundary_interior,0.39276222988991916,-0.20045566280391774,50.47246696891224,23,,0.11000000000000004,35.388090897585926,0.05720000000000002,0.048536021253142915,,54,0,0,,,,,49,49,49,,103,0.0,wls,,,,,,,,,,,,,,,,,2.042810365310288e-14,6.217248937900877e-15,6.217248937900877e-15,1.3322676295501878e-14,9.547918011776346e-15,7.327471962526033e-15,1.4210854715202004e-14,,,0.5943690750432168,nan,0.8617410417511097,0.8617410417511097,,,,,0.0003354740038048476,ok,0.06037452099553775,6,False,
nan,nan,nan,0.0,nan,1.0,0.10582120298931841,0.0,1.0,4.83662058511295,0.31497108080435177,2.20232437984733,0.9486803519061584,0.23956723338485317,2.0,1e-13,1.2596590437397026e-12,8.914651601632137e-12,2.1034060899613807,0.028362206116550562,0.41676953438981046,0.051319648093841645,0.04285714285714286,1.0,0.19296320916893844,0.024727346190080095,0.4422935693255839,4.83662058511295,0.2701377385048238,2.1733590086255807,annulus,nan,nan,4.993948061551325,21.672208874129208,8.977466209463556,32.901319064800674,5.0986136378540765,4.993948061551325,21.672208874129208,8.977466209463556,32.901319064800674,5.0986136378540765,25.060722705084494,25.060722705084494,4006,1.0,0.0,0.2,0.17721477985690898,nan,0.24199985800803347,0.24199985800803347,0.9456317008243782,0.43124269623352646,nan,0.43124269623352646,0.43124269623352646,0,0.11,75,False,12.644704160814738,0.3422262703872163,near_boundary_interior,0.286805298452875,0.35964247332398774,32.23030217522907,55,0.0,0.11000000000000004,12.232236191160421,0.05720000000000002,0.1542600723979818,0,54,0,1364,0,0,0,0,49,49,49,1364,103,0.22947214076246333,ccpfm,4.83662058511295,0.31497108080435177,2.20232437984733,0.9486803519061584,0.23956723338485317,2.1034060899613807,0.028362206116550562,0.41676953438981046,0.051319648093841645,0.04285714285714286,4.83662058511295,0.2701377385048238,2.1733590086255807,1.0,0.22947214076246333,1.0,9.059419880941277e-14,9.293654734676693e-11,8.875633561444829e-11,5.805518565882295e-11,6.632472349110685e-11,9.272038692387241e-11,5.937961233826172e-11,0.35,0.65,0.15217877039182356,nan,0.2206351198879548,0.2206351198879548,2.35,0,68,24,0.00039413300692103803,ok,0.10621533599623945,6,False,
nan,nan,nan,0.0,nan,1.0,0.482744629989611,0.0,1.0,4.206256827903087,0.612485370832413,2.092831909838213,0.7108213223518646,0.36884454457676213,2.0,1e-13,1.1406854627526997e-11,5.749337479184431e-11,2.6929306097995256,0.26908276557661004,1.4008870692036888,0.28917867764813543,0.20490506329113925,1.0,0.315332388910281,0.046825822493999136,0.5597277966055552,4.206256827903087,0.49053254008741987,1.9492566697408749,annulus,nan,nan,16.73663701362324,66.5542954944506,26.544343383269776,113.87493944331345,19.452595012783387,16.73663701362324,66.5542954944506,26.544343383269776,113.87493944331345,19.452595012783387,89.76222239423146,89.76222239423146,4005,0.39478101416267103,0.0,0.1,0.05289650187749389,0.06581437381509142,0.06080579177267691,0.05495070182511109,0.7715130461036077,0.16050015144713747,0.16050015144713747,0.16050015144713747,0.14108827901842436,0,0.25483256156044237,270,False,8.982772248297518,0.29805452932656334,interior_core,-0.5523965970426489,-0.24536527574702738,26.7897277792921,49,0.0,0.1703717573116421,9.581329663238114,0.04134677340172829,0.16131652353378273,0,107,81,4371,0,0,0,0,194,194,113,4371,301,0.3214367421642645,ccpfm,4.206256827903087,0.612485370832413,2.092831909838213,0.7108213223518646,0.36884454457676213,2.6929306097995256,0.26908276557661004,1.4008870692036888,0.28917867764813543,0.20490506329113925,4.206256827903087,0.49053254008741987,1.9492566697408749,1.0,0.3214367421642645,1.0,3.801403636316536e-13,2.0366481834344086e-09,1.715898534371263e-09,1.613329914107453e-09,1.4921575086646044e-09,1.0453855558978375e-09,1.1089369422734308e-09,0.35,0.65,0.04749622343096414,0.06611354861233244,0.05916181127995379,0.05362704353282574,2.35,0,68,24,0.0018174069991800934,ok,0.4845620369887911,5,False,
,,,,,,0.12398278100590687,,,,,,,,2.0,,0.0,0.0,,,,,,,,,0.0,,,,annulus,,,,,,,,,,,,,,,4006,0.97750433684601,0.0,0.16,0.4134644569948881,0.36501807794328167,0.52301166013592,0.5294664504041787,1.0,2.633403071947796,0.4735800572414978,2.633403071947796,2.633403071947796,,0.088,72,False,69.68634475937402,0.04042545852236912,near_boundary_interior,0.48867403702092704,0.7700270680577855,78.6108503563573,23,,0.18780345304320267,50.51610402887489,0.06320793282237802,0.033123010252789194,,68,2,0,,,,,76,76,74,,144,0.0,wls,,,,,,,,,,,,,,,,,2.4868995751603507e-14,1.3322676295501878e-14,1.1102230246251565e-14,2.275957200481571e-14,1.3905543383430086e-14,1.021405182655144e-14,3.6637359812630166e-14,,,0.4659252380278886,0.33518570860096464,0.6413434824659053,0.6476123739658537,,,,,0.0004161669930908829,ok,0.12439894799899776,6,False,
,,,,,,0.38666487600130495,,,,,,,,2.0,,0.0,0.0,,,,,,,,,0.0,,,,annulus,,,,,,,,,,,,,,,4005,0.28926744290560846,0.0,0.08,0.0452005416217874,0.054445751860533735,0.05044995280684807,0.043462147345588724,1.0,0.1964934132517038,0.1845447166137597,0.1964934132517038,0.1964934132517038,,0.043999999999999984,138,False,245.6373143285755,0.01116012101566662,near_boundary_interior,0.8353999360338696,0.4648040449312589,325.9177891595922,23,,0.16778606743302643,161.6250651811004,0.03837599532872048,0.007937711367225247,,134,157,0,,,,,302,302,145,,436,0.0,wls,,,,,,,,,,,,,,,,,1.438849039914203e-13,5.950795411990839e-14,4.707345624410664e-14,8.615330671091215e-14,4.721223412218478e-14,4.8183679268731794e-14,9.725553695716371e-14,,,0.04273684802271106,0.054705842706044144,0.05135021444165222,0.04745005050667653,,,,,0.0023718010052107275,ok,0.3890366770065157,5,False,
nan,nan,nan,0.0,nan,1.0,0.15749165099987295,0.0,1.0,5.890010624803782,0.5061086046617403,1.6884330437812616,0.89737108190091,0.2552112676056338,2.0,1e-13,2.541019478163875e-12,1.4911772261095168e-11,3.1229555184585496,0.02286586973260793,0.382438502969902,0.10262891809908999,0.03940886699507389,1.0,0.3083720757370208,0.0368132836091328,0.5095743258985529,5.890010624803782,0.42293936576907526,1.6240333756190228,annulus,nan,nan,7.375175610399689,28.701797899477608,13.77722003517847,54.80206637026659,7.966682780223774,7.375175610399689,28.701797899477608,13.77722003517847,54.80206637026659,7.966682780223774,36.08392242104479,36.08392242104479,4006,0.9229939306519533,0.0,0.16,0.10645854192456991,0.17388806856373773,0.13466467989123218,0.1324710120682968,0.7685924783480205,0.2539248236684357,0.21943791832832427,0.2539248236684357,0.2539248236684357,0,0.2386153290367362,135,False,9.213538570346552,0.2615887116923751,near_boundary_interior,0.45095601120709194,-0.37829440905029416,31.764446293985202,51,0.0,0.18780345304320267,10.621286338832924,0.06320793282237802,0.15011113449172606,0,68,2,1978,0,0,0,0,76,76,74,1978,144,0.23306370070778565,ccpfm,5.890010624803782,0.5061086046617403,1.6884330437812616,0.89737108190091,0.2552112676056338,3.1229555184585496,0.02286586973260793,0.382438502969902,0.10262891809908999,0.03940886699507389,5.890010624803782,0.42293936576907526,1.6240333756190228,1.0,0.23306370070778565,1.0,1.4654943925052066e-13,2.3169111074139437e-10,2.1632262647841571e-10,1.9121970673552369e-10,1.1166981228605266e-10,1.4473011678006742e-10,1.3230130879726687e-10,0.35,0.65,0.09096081218588895,0.1818097215950243,0.12520704888652828,0.12331719357848622,2.35,0,68,24,0.0005686539952876046,ok,0.15806030499516055,6,False,
,,,,,,0.1540673579875147,,,,,,,,2.0,,0.0,0.0,,,,,,,,,0.0,,,,annulus,,,,,,,,,,,,,,,4006,0.7019364217338213,0.0,0.12,0.128742536745065,0.1438676674377282,0.15156889336561677,0.15523519395134722,1.0,0.5036557133445547,0.3609648625330749,0.5036557133445547,0.5036557133445547,,0.06600000000000004,106,False,111.11499141416742,0.024551231744067183,near_boundary_interior,-0.9297707246943322,-0.0887823361588841,148.86643889790852,23,,0.18190248889310115,82.34583262574526,0.04948518885191898,0.017437767144282218,,89,34,0,,,,,139,139,105,,228,0.0,wls,,,,,,,,,,,,,,,,,5.417888360170764e-14,2.864375403532904e-14,1.5987211554602254e-14,3.907985046680551e-14,2.123301534595612e-14,2.5091040356528538e-14,4.3520742565306136e-14,,,0.13428454780390844,0.14603522279228637,0.17198321545988898,0.17958363844036804,,,,,0.0010985850094584748,ok,0.15516594299697317,6,False,
nan,nan,nan,0.0,nan,1.0,0.6357830110064242,0.0,1.0,4.226911140962046,0.6160127029081441,2.112309551265595,0.6029109318145863,0.366308055628444,2.0,1e-13,1.516577141646991e-11,1.2210190157226728e-10,2.5397028532632917,0.33638414181520543,1.536420487695643,0.3970890681854137,0.251792828685259,1.0,0.2933943525434262,0.04929093501418371,0.5682195728879275,4.226911140962046,0.4973738721004558,1.8548100386933475,annulus,nan,nan,25.6035355956419,102.00217544156602,38.94650379258994,169.75096619496932,30.949420839263734,25.6035355956419,102.00217544156602,38.94650379258994,169.75096619496932,30.949420839263734,134.1127523778168,134.1127523778168,4005,0.20510927607086668,0.0,0.08,0.03790455078924607,0.048285009846561235,0.04230663460812355,0.030690344806544687,0.7425261125433495,0.11569702939783189,0.11569702939783189,0.11569702939783189,0.07524229969829055,0,0.2908355263674459,419,False,8.87333579530233,0.3019844925541138,interior_core,0.4542080957703505,-0.5448718782840407,26.54060050619109,46,0.0,0.16778606743302643,9.481352952575907,0.03837599532872048,0.16264637111634284,0,134,157,6321,0,0,0,0,302,302,145,6321,436,0.32083531086853345,ccpfm,4.226911140962046,0.6160127029081441,2.112309551265595,0.6029109318145863,0.366308055628444,2.5397028532632917,0.33638414181520543,1.536420487695643,0.3970890681854137,0.251792828685259,4.226911140962046,0.4973738721004558,1.8548100386933475,1.0,0.32083531086853345,1.0,7.034373084024992e-13,3.1069511408077233e-09,2.7115616418882382e-09,2.5153816807232943e-09,2.982758928737894e-09,2.1984862819124373e-09,2.119957542845441e-09,0.35,0.65,0.03377802112169584,0.04814785435688811,0.04058578740041833,0.030342454714122044,2.35,0,68,24,0.0029926549905212596,ok,0.6387756659969455,5,False,
,,,,,,0.2509794130019145,,,,,,,,2.0,,0.0,0.0,,,,,,,,,0.0,,,,annulus,,,,,,,,,,,,,,,4006,0.563647921685647,0.0,0.1,0.08482655138542992,0.09159709703718912,0.09720625865537307,0.10233472266095854,1.0,0.31073446173883806,0.25775047090336933,0.31073446173883806,0.31073446173883806,,0.05499999999999997,124,False,168.8068088050631,0.016396018452494693,near_boundary_interior,-0.8560191619136646,0.4003200883554473,220.2345752476287,23,,0.1600974994566508,114.85308166847369,0.041346773516573315,0.011990570377404768,,107,79,0,,,,,199,199,120,,306,0.0,wls,,,,,,,,,,,,,,,,,7.105427357601002e-14,3.730349362740526e-14,2.7533531010703882e-14,7.283063041541027e-14,3.352873534367973e-14,3.197442310920451e-14,6.750155989720952e-14,,,0.08303740277706916,0.09038449927127765,0.10296934069594424,0.11047454761825921,,,,,0.001431072989362292,ok,0.2524104859912768,6,False,
nan,nan,nan,0.0,nan,1.0,0.31246853299671784,0.0,1.0,4.413944624986184,0.5876452184897587,2.2899892866183027,0.8205865439907993,0.3780658724597057,2.0,1e-13,7.995062945020948e-12,4.9706527423890444e-11,1.9509201069033548,0.12480024717727792,0.7398369219773522,0.1794134560092007,0.03685897435897436,1.0,0.21490816552180683,0.04041344258352324,0.5370935781809744,4.413944624986184,0.43121077872667124,2.1421438058747695,annulus,nan,nan,11.818023308845166,47.57492618049557,21.44974802140469,91.33180252223838,13.150774554085537,11.818023308845166,47.57492618049557,21.44974802140469,91.33180252223838,13.150774554085537,62.93817426838399,62.93817426838399,4006,0.5317095640685348,0.0,0.12,0.09544426738256283,0.133688539085628,0.11236676199656764,0.10016276908735498,0.8216354980979004,0.19653296108610463,0.1914410915915633,0.19653296108610463,0.19653296108610463,0,0.21485891511366187,199,False,9.605935267558845,0.2881691613934939,near_boundary_interior,-0.5044306320582023,0.2513614945063884,23.120508146528874,52,0.0,0.18190248889310115,10.601528833575433,0.04948518885191898,0.19389543339068413,0,89,34,3478,0,0,0,0,139,139,105,3478,228,0.31684876365727427,ccpfm,4.413944624986184,0.5876452184897587,2.2899892866183027,0.8205865439907993,0.3780658724597057,1.9509201069033548,0.12480024717727792,0.7398369219773522,0.1794134560092007,0.03685897435897436,4.413944624986184,0.43121077872667124,2.1421438058747695,1.0,0.31684876365727427,1.0,2.7711166694643907e-13,1.0218164092634652e-09,8.995044709081412e-10,7.984581884556974e-10,8.555942621057966e-10,8.907665716151314e-10,8.088960612440133e-10,0.35,0.65,0.08233485688234969,0.1323749256215857,0.10544931388333666,0.095110583370544,2.35,0,68,24,0.0013940030039520934,ok,0.31386253600066993,6,False,
,,,,,,0.05405561000225134,,,,,,,,2.0,,0.0,0.0,,,,,,,,,0.0,,,,annulus,,,,,,,,,,,,,,,4007,1.0,0.0,0.2,0.6895419881632986,nan,0.9483231593764319,0.9483231593764319,1.0,3.211925083281452,nan,3.211925083281452,3.211925083281452,,0.11000000000000003,71,False,39.56297278759093,0.06813674670991958,near_boundary_interior,0.5231288745402516,-0.720025124993739,46.97334060136155,23,,0.11000000000000003,36.97501081290323,0.05720000000000002,0.05474102874155243,,54,0,0,,,,,47,47,47,,101,0.0,wls,,,,,,,,,,,,,,,,,1.554312234475219e-14,6.661338147750939e-15,5.440092820663267e-15,8.881784197001252e-15,6.50868248186498e-15,1.3100631690576847e-14,1.2212453270876722e-14,,,0.7135299610680023,nan,1.0459814238974596,1.0459814238974596,,,,,0.0005022900004405528,ok,0.054557900002691895,7,False,
nan,nan,nan,0.0,nan,1.0,0.16042511200066656,0.0,1.0,4.207836033305361,0.3147098467076845,2.109098461440717,0.9490022172949002,0.2523364485981308,2.0,1e-13,1.3813811206020432e-12,8.942029127218701e-12,2.4356062131501193,0.029541057391673838,0.6078160078051137,0.050997782705099776,0.08695652173913043,1.0,0.16861741786059598,0.025283342120690486,0.4368038019792535,4.207836033305361,0.2901191319485595,2.079649853621243,annulus,nan,nan,4.884494650125011,22.61434819909055,6.580714607913293,33.34584245482001,4.95777172468659,4.884494650125011,22.61434819909055,6.580714607913293,33.34584245482001,4.95777172468659,23.800778455084455,23.800778455084455,4007,1.0,0.0,0.2,0.18450292990781536,nan,0.253745826081517,0.253745826081517,0.9486338014465054,0.44365527597275634,nan,0.44365527597275634,0.44365527597275634,0,0.11000000000000003,80,False,12.75801749719002,0.3405921828793763,near_boundary_interior,0.2868052984528805,-0.3596424733239834,31.410116766933008,56,0.0,0.11000000000000003,13.562296466893494,0.05720000000000002,0.1575475659119645,0,54,0,1353,0,0,0,0,47,47,47,1353,101,0.24390243902439024,ccpfm,4.207836033305361,0.3147098467076845,2.109098461440717,0.9490022172949002,0.2523364485981308,2.4356062131501193,0.029541057391673838,0.6078160078051137,0.050997782705099776,0.08695652173913043,4.207836033305361,0.2901191319485595,2.079649853621243,1.0,0.24390243902439024,1.0,5.950795411990839e-14,1.2046319497471814e-10,9.565492842256162e-11,6.01336203054359e-11,8.285316877021387e-11,1.1892586915251968e-10,6.955991338486456e-11,0.35,0.65,0.1580254430468561,nan,0.23165345107971502,0.23165345107971502,2.35,0,68,24,0.000325750996125862,ok,0.16075086299679242,7,False,
nan,nan,nan,0.0,nan,1.0,0.4589942259917734,0.0,1.0,3.856872728494813,0.586279522642969,2.139407031639829,0.6973119494014005,0.35536119209588596,2.0,1e-13,8.717034039040783e-12,5.7456106499272294e-11,2.551027677161041,0.285352279080889,1.3977848024815196,0.3026880505985995,0.21940298507462686,1.0,0.2924347600817775,0.046793351691882576,0.5592737232923907,3.856872728494813,0.4841830294382023,1.9318087352327011,annulus,nan,nan,17.6126323992409,69.7768176759774,26.50755982804492,117.07580518434452,20.365783998194416,17.6126323992409,69.7768176759774,26.50755982804492,117.07580518434452,20.365783998194416,92.48569719394388,92.48569719394388,4006,0.3519544407373079,0.0,0.1,0.05154745571832155,0.06783305518545148,0.05907036454675691,0.04914028937345316,0.7672275355252534,0.13885028301156088,0.13885028301156088,0.13885028301156088,0.11423509172020008,0,0.3038105692623803,235,False,9.197651665244104,0.2861022231754339,interior_core,-0.6319560623717445,0.29213438716496853,26.207332471573917,49,0.0,0.1600974994566508,9.971150543106345,0.041346773516573315,0.16298261122013707,0,107,79,4427,0,0,0,0,199,199,120,4427,306,0.31420826744974023,ccpfm,3.856872728494813,0.586279522642969,2.139407031639829,0.6973119494014005,0.35536119209588596,2.551027677161041,0.285352279080889,1.3977848024815196,0.3026880505985995,0.21940298507462686,3.856872728494813,0.4841830294382023,1.9318087352327011,1.0,0.31420826744974023,1.0,4.369837824924616e-13,1.4573959816743809e-09,9.76716929557142e-10,1.011373207404631e-09,1.378972491750119e-09,9.777068044058979e-10,1.0645067050063517e-09,0.35,0.65,0.045453707192138496,0.06655055611720834,0.056364217873315754,0.04850420438790032,2.35,0,68,24,0.0017382670048391446,ok,0.46073249299661256,6,False,
,,,,,,0.11291838299075607,,,,,,,,2.0,,0.0,0.0,,,,,,,,,0.0,,,,annulus,,,,,,,,,,,,,,,4007,0.9809284978770788,0.0,0.16,0.3747610203794995,0.348723129146754,0.47657333791390843,0.4806446542703843,1.0,2.0009685321464388,0.45911228968361073,2.0009685321464388,2.0009685321464388,,0.08800000000000008,80,False,66.71167994971023,0.040516050821191904,near_boundary_interior,-0.9048086075987769,0.1143039090108568,80.8585963066401,23,,0.2060742960690686,49.60940165882171,0.06320793282237706,0.03160247157216454,,68,2,0,,,,,77,77,75,,145,0.0,wls,,,,,,,,,,,,,,,,,2.9531932455029164e-14,1.9984014443252818e-14,6.217248937900877e-15,2.531308496145357e-14,9.992007221626409e-15,1.2656542480726785e-14,2.9531932455029164e-14,,,0.40506878569106497,0.3461617190753388,0.5558625515134573,0.5603814021892892,,,,,0.0005514660006156191,ok,0.11346984899137169,7,False,
,,,,,,0.44365800700325053,,,,,,,,2.0,,0.0,0.0,,,,,,,,,0.0,,,,annulus,,,,,,,,,,,,,,,4006,0.2834708912876414,0.0,0.08,0.046959248881381796,0.056462558015094026,0.05232045033805687,0.044909647101336596,1.0,0.1851609297574084,0.1851609297574084,0.1851609297574084,0.15111627533872263,,0.32040606128465304,269,False,144.97772732009312,0.016290879559812597,interior_core,0.43636528669663976,-0.5083180175897958,319.12584488462323,23,,0.16522613610957287,167.9699763211822,0.03845300648315879,0.008225010755236668,,134,160,0,,,,,307,307,147,,441,0.0,wls,,,,,,,,,,,,,,,,,1.5987211554602254e-13,5.595524044110789e-14,6.838973831690964e-14,1.0302869668521453e-13,2.9531932455029164e-14,3.375077994860476e-14,7.194245199571014e-14,,,0.04409090906365062,0.056995322363718647,0.05284442298803468,0.04791950167203908,,,,,0.0036590730014722794,ok,0.4473170800047228,6,False,
nan,nan,nan,0.0,nan,1.0,0.22621733100095298,0.0,1.0,5.1799990234536475,0.5208982142437454,1.6200731643879973,0.9047381546134663,0.25027563395810365,2.0,1e-13,2.866377274424181e-12,1.4179117182890235e-11,0.6616869716839172,0.024693383929113483,0.2573644559753479,0.09526184538653366,0.0,1.0,0.26531010928406934,0.03759243076674223,0.5119629373343513,5.1799990234536475,0.4294121633992877,1.5536999248174412,annulus,nan,nan,7.4577823056848755,28.701797899469735,15.26597162397235,62.16200766079062,8.065245051786686,7.4577823056848755,28.701797899469735,15.26597162397235,62.16200766079062,8.065245051786686,36.06384311307069,36.06384311307069,4007,0.925666264318756,0.0,0.16,0.10681003599176718,0.19621803892585007,0.13582740094942305,0.1330731101856496,0.7453899411565672,0.2504650187854146,0.20168589280901117,0.2504650187854146,0.2504650187854146,0,0.3103618034240943,123,False,8.644475974019365,0.30375251207992926,near_boundary_interior,-0.5587978241189397,-0.3337334734938403,29.82643976234066,50,0.0,0.2060742960690686,10.16963959845479,0.06320793282237706,0.1614516820326331,0,68,2,2005,0,0,0,0,77,77,75,2005,145,0.22643391521197007,ccpfm,5.1799990234536475,0.5208982142437454,1.6200731643879973,0.9047381546134663,0.25027563395810365,0.6616869716839172,0.024693383929113483,0.2573644559753479,0.09526184538653366,0.0,5.1799990234536475,0.4294121633992877,1.5536999248174412,1.0,0.22643391521197007,1.0,2.1671553440683056e-13,1.1227374585587313e-10,7.333933460529352e-11,7.62043761426412e-11,9.236700293513422e-11,9.662537436838647e-11,9.096101649674893e-11,0.35,0.65,0.0904558010197928,0.1961073532689018,0.12412951609755377,0.1216284146086992,2.35,0,68,24,0.000627809000434354,ok,0.22684514000138734,7,False,
,,,,,,0.17602059700584505,,,,,,,,2.0,,0.0,0.0,,,,,,,,,0.0,,,,annulus,,,,,,,,,,,,,,,4007,0.8598265151158342,0.0,0.12,0.1498914724139551,0.11336304265271101,0.17611610422386334,0.20076073785730625,1.0,0.9890238062638479,0.33061293486210896,0.9890238062638479,0.9890238062638479,,0.06599999999999998,117,False,110.88691373219685,0.024799572756638716,near_boundary_interior,0.541773136068204,-0.7608139113244041,150.91174186326754,23,,0.1782472313756919,82.78464987527559,0.0494851888309758,0.01708882502304512,,89,33,0,,,,,139,139,106,,228,0.0,wls,,,,,,,,,,,,,,,,,4.796163466380676e-14,2.4868995751603507e-14,1.1546319456101628e-14,3.019806626980426e-14,1.865174681370263e-14,1.4654943925052066e-14,3.375077994860476e-14,,,0.1673462188192112,0.11889693728819135,0.21432652735003987,0.23629571913254796,,,,,0.0009901169978547841,ok,0.17701071400369983,7,False,
nan,nan,nan,0.0,nan,1.0,0.6921602329966845,0.0,1.0,3.9220928910874777,0.6227704645081572,2.084776942847059,0.5876078431372549,0.3665242925787507,2.0,1e-13,1.4252585223140102e-11,1.195607799149549e-10,2.670583181511585,0.34667513514030224,1.5749250956819187,0.4123921568627451,0.26778242677824265,1.0,0.28198448712996144,0.050682451537566994,0.5700583361955671,3.9220928910874777,0.501202988889802,1.8244439873441902,annulus,nan,nan,27.115106442260398,103.5796323397943,38.49134613164945,166.69023320768196,31.934367003601928,27.115106442260398,103.5796323397943,38.49134613164945,166.69023320768196,31.934367003601928,137.0005632459487,137.0005632459487,4006,0.22874924896035603,0.0,0.08,0.03580837097289096,0.04466885837766525,0.039896508990301595,0.030762998807845807,0.7363161325675901,0.12086327057201751,0.12086327057201751,0.12086327057201751,0.0850447342020968,0,0.29543998506810726,374,False,9.076809855016867,0.29459723275229766,interior_core,-0.616736730742017,-0.18928204698454743,26.401703398107035,45,0.0,0.16522613610957287,9.494019074353766,0.03845300648315879,0.15783768297610049,0,134,160,6375,0,0,0,0,307,307,147,6375,441,0.3258039215686275,ccpfm,3.9220928910874777,0.6227704645081572,2.084776942847059,0.5876078431372549,0.3665242925787507,2.670583181511585,0.34667513514030224,1.5749250956819187,0.4123921568627451,0.26778242677824265,3.9220928910874777,0.501202988889802,1.8244439873441902,1.0,0.3258039215686275,1.0,9.983125437429408e-13,3.1750344575698364e-09,2.0857084948033844e-09,2.078607508337882e-09,3.093999723091656e-09,1.9679582408116403e-09,2.0976855807930406e-09,0.35,0.65,0.03178614025368382,0.04446233025750822,0.0380967477512832,0.029653828398100636,2.35,0,68,24,0.0030662670033052564,ok,0.6952264999999898,6,False,
,,,,,,0.2065793210058473,,,,,,,,2.0,,0.0,0.0,,,,,,,,,0.0,,,,annulus,,,,,,,,,,,,,,,4007,0.5374863492488092,0.0,0.1,0.08675016676441188,0.09579973377913696,0.1000558683229527,0.1042112468097948,1.0,0.295979075852,0.2857305693030998,0.295979075852,0.295979075852,,0.1651830872057156,246,False,92.92532963926976,0.02606009086369326,near_boundary_interior,-0.01503888992648908,0.8346901957352051,203.65030683028402,23,,0.17041583186354892,106.9368079560987,0.04134677326351784,0.012605053560637302,,107,76,0,,,,,188,188,112,,295,0.0,wls,,,,,,,,,,,,,,,,,7.016609515630989e-14,4.04121180963557e-14,1.9539925233402755e-14,4.618527782440651e-14,2.9531932455029164e-14,3.6637359812630166e-14,6.794564910705958e-14,,,0.08281868461175584,0.09816946002441114,0.1037433843992386,0.10736100751376501,,,,,0.001231219997862354,ok,0.20781054100370966,7,False,
nan,nan,nan,0.0,nan,1.0,0.40330829500453547,0.0,1.0,4.017915820437556,0.5638437716495293,2.317657871662666,0.8288494562106469,0.3636049723756906,2.0,1e-13,8.6966406298572e-12,5.057181482927809e-11,2.3856743708274077,0.09165568864287513,0.6481677381395036,0.17115054378935318,0.03177257525083612,1.0,0.2265161882954849,0.039063872267511776,0.5389650067973772,4.017915820437556,0.4315654983483556,2.1537784143666894,annulus,nan,nan,11.558210887793663,47.57492697208957,21.57075534026839,84.7849069796666,13.13222116130204,11.558210887793663,47.57492697208957,21.57075534026839,84.7849069796666,13.13222116130204,64.38292795230315,64.38292795230315,4007,0.6108397722140556,0.0,0.12,0.0856432837294356,0.10792428194692605,0.10062721541431012,0.09668373168926375,0.8254785238584097,0.20528821209053194,0.19330952400871948,0.20528821209053194,0.20528821209053194,0,0.226989048329696,167,False,9.449580350815605,0.29690243338770994,near_boundary_interior,-0.5208723094545636,0.2470724123589051,22.557630767861937,52,0.0,0.1782472313756919,10.978702416440003,0.0494851888309758,0.190259020361457,0,89,33,3494,0,0,0,0,139,139,106,3494,228,0.3068116771608472,ccpfm,4.017915820437556,0.5638437716495293,2.317657871662666,0.8288494562106469,0.3636049723756906,2.3856743708274077,0.09165568864287513,0.6481677381395036,0.17115054378935318,0.03177257525083612,4.017915820437556,0.4315654983483556,2.1537784143666894,1.0,0.3068116771608472,1.0,2.9665159217984183e-13,1.0760197177717146e-09,1.0427561036863153e-09,9.165095349317198e-10,8.105676130298889e-10,8.758362923799723e-10,8.20880252661027e-10,0.35,0.65,0.07425318690379965,0.10899532992975242,0.09509881852160423,0.09033724812487334,2.35,0,68,24,0.002126389998011291,ok,0.40543468500254676,7,False,
,,,,,,0.05801598000107333,,,,,,,,2.0,,0.0,0.0,,,,,,,,,0.0,,,,annulus,,,,,,,,,,,,,,,4008,1.0,0.0,0.2,0.6116978167281774,nan,0.8294470601271301,0.8294470601271301,1.0,2.4961529716846407,nan,2.4961529716846407,2.4961529716846407,,0.11000000000000003,71,False,46.52671155145923,0.05544291413658912,near_boundary_interior,0.5231288745402516,-0.720025124993739,47.61685308603487,23,,0.11000000000000004,36.26337835914195,0.05720000000000003,0.053680688172355155,,54,0,0,,,,,50,50,50,,104,0.0,wls,,,,,,,,,,,,,,,,,1.5765166949677223e-14,9.325873406851315e-15,7.993605777301127e-15,1.9539925233402755e-14,1.1879386363489175e-14,5.995204332975845e-15,9.769962616701378e-15,,,0.6417492921365708,nan,0.9255439915164502,0.9255439915164502,,,,,0.0003735899954335764,ok,0.05838956999650691,8,False,
nan,nan,nan,0.0,nan,1.0,0.14624124400143046,0.0,1.0,4.9240071311195726,0.297993476779689,2.110313284565183,0.9345195729537367,0.23686214775323686,2.0,1e-13,1.6773839262018697e-12,9.267036622247717e-12,2.735727436981646,0.03740193057947934,1.409605642884404,0.06548042704626335,0.13043478260869565,1.0,0.22942517271668106,0.024278678368037973,0.45365226748422016,4.9240071311195726,0.26027828435324735,2.078342687597137,annulus,nan,nan,5.0439702791641885,22.760866949292602,6.4507566834935135,31.05636308926777,5.083561611313323,5.0439702791641885,22.760866949292602,6.4507566834935135,31.05636308926777,5.083561611313323,25.554992270127787,25.554992270127787,4008,1.0,0.0,0.2,0.18082874618636896,nan,0.24519929254122128,0.24519929254122128,0.9338907381748085,0.4447738611815047,nan,0.4447738611815047,0.4447738611815047,0,0.24622082043400756,93,False,16.701275929860294,0.27841784515790746,near_boundary_interior,-0.40444734132690546,-0.4347142823466266,32.67453122123668,54,0.0,0.11000000000000004,12.690099538218053,0.05720000000000003,0.15616360928794804,0,54,0,1405,0,0,0,0,50,50,50,1405,104,0.2298932384341637,ccpfm,4.9240071311195726,0.297993476779689,2.110313284565183,0.9345195729537367,0.23686214775323686,2.735727436981646,0.03740193057947934,1.409605642884404,0.06548042704626335,0.13043478260869565,4.9240071311195726,0.26027828435324735,2.078342687597137,1.0,0.2298932384341637,1.0,1.0025313912365164e-13,1.332773891249417e-10,9.101208675588168e-11,6.430411758628907e-11,6.63754259888627e-11,1.3526957332032907e-10,9.269185419213954e-11,0.35,0.65,0.15146844887358585,nan,0.2184509036114838,0.2184509036114838,2.35,0,68,24,0.00039406499126926064,ok,0.14663530899269972,8,False,
nan,nan,nan,0.0,nan,1.0,0.5126154030003818,0.0,1.0,3.9901053149714802,0.5991037436917312,2.0862964053022948,0.7004000941397976,0.36760752688172044,2.0,1e-13,9.29917254310908e-12,5.2183080234418684e-11,2.4842389060989296,0.29197508139662004,1.412387863933925,0.2995999058602024,0.21681068342498036,1.0,0.27983076716611316,0.047028238003885614,0.5577445300518232,3.9901053149714802,0.49419285917257955,1.9269019749716778,annulus,nan,nan,16.688069447499416,66.52395443249807,24.83322089570214,112.60770775528987,19.21721106478521,16.688069447499416,66.52395443249807,24.83322089570214,112.60770775528987,19.21721106478521,83.99062369539487,83.99062369539487,4007,0.35532915286371786,0.0,0.1,0.05837557627845622,0.0761082792272606,0.06732919591100793,0.0570173666307484,0.763850024010279,0.14839399257364738,0.14839399257364738,0.14839399257364738,0.11590604886868333,0,0.3204882861748093,202,False,9.090312094335735,0.28203290939106007,interior_core,0.4971472029475301,-0.46530937521027954,26.799813776273922,47,0.0,0.17041583186354892,9.63380704524499,0.04134677326351784,0.15862193662561053,0,107,76,4249,0,0,0,0,188,188,112,4249,295,0.3224288067780654,ccpfm,3.9901053149714802,0.5991037436917312,2.0862964053022948,0.7004000941397976,0.36760752688172044,2.4842389060989296,0.29197508139662004,1.412387863933925,0.2995999058602024,0.21681068342498036,3.9901053149714802,0.49419285917257955,1.9269019749716778,1.0,0.3224288067780654,1.0,3.446132268436486e-13,1.5834142885751135e-09,6.541764907552761e-10,7.491709475004882e-10,9.740470652275235e-10,1.4333076947536938e-09,1.301440732959236e-09,0.35,0.65,0.05194626383432711,0.07720967186150295,0.06507083808843662,0.05533751034003062,2.35,0,68,24,0.0016330750077031553,ok,0.5142484780080849,7,False,
,,,,,,0.3828354819997912,,,,,,,,2.0,,0.0,0.0,,,,,,,,,0.0,,,,annulus,,,,,,,,,,,,,,,4007,0.3368638096397022,0.0,0.08,0.04233158091498645,0.04878869394650827,0.047066491095500484,0.04414916177436947,1.0,0.1412704356444281,0.1412704356444281,0.1412704356444281,0.12839370704466851,,0.24457034409913556,442,False,163.93585397160183,0.015407562918177421,interior_core,0.5746991999674258,0.4904666786519685,335.7222978917522,23,,0.16782563407438916,165.49468649142995,0.03860633152072018,0.007682788716445191,,134,163,0,,,,,310,310,147,,444,0.0,wls,,,,,,,,,,,,,,,,,1.2656542480726785e-13,7.105427357601002e-14,4.440892098500626e-14,9.614531393253856e-14,6.661338147750939e-14,6.350475700855895e-14,1.20570220474292e-13,,,0.04025196064244941,0.049574447874902845,0.04817233274298324,0.04656827408296162,,,,,0.003651388004072942,ok,0.38648687000386417,7,False,
,,,,,,0.08927972499805037,,,,,,,,2.0,,0.0,0.0,,,,,,,,,0.0,,,,annulus,,,,,,,,,,,,,,,4008,0.9992368348046973,0.0,0.16,0.6527161630089379,0.13633078179130342,0.8295113647284249,0.8411629025885214,1.0,3.240856324166591,0.13633078179130342,3.240856324166591,3.240856324166591,,0.08800000000000001,81,False,62.22605214748504,0.044580261068513274,near_boundary_interior,-0.9048086075988283,-0.11430390901045093,74.9154594251668,23,,0.19104528940795992,49.40056230396377,0.06320793282237415,0.03518783295265892,,68,1,0,,,,,73,73,72,,141,0.0,wls,,,,,,,,,,,,,,,,,2.842170943040401e-14,1.2878587085651816e-14,1.0880185641326534e-14,2.120525977034049e-14,1.6764367671839864e-14,7.66053886991358e-15,2.1316282072803006e-14,,,0.7116949533820257,0.13633078179130342,0.9891041237789866,0.9958196132829461,,,,,0.00043858699791599065,ok,0.08971831199596636,8,False,
nan,nan,nan,0.0,nan,1.0,0.15647383700706996,0.0,1.0,5.528636789836857,0.43527323720525524,1.6507242012563088,0.9192448872574724,0.2316029663434113,2.0,1e-13,2.4920586427779057e-12,1.3657465466448281e-11,0.5604862438058058,0.023611814407731073,0.2297004372423037,0.08075511274252753,0.0,1.0,0.2657135923674793,0.031330806737579646,0.5007543016561624,5.528636789836857,0.3677745395673144,1.5708495141268937,annulus,nan,nan,7.289963275670644,28.70179789947258,15.039241874043599,49.71354410014941,7.6223152098390115,7.289963275670644,28.70179789947258,15.039241874043599,49.71354410014941,7.6223152098390115,33.54347063440579,33.54347063440579,4008,0.9446941844457613,0.0,0.16,0.11082392442918884,0.19705125521955136,0.1408417778012913,0.13886751765864505,0.790640679067406,0.23807683125894186,0.19705125521955136,0.23807683125894186,0.23807683125894186,0,0.08800000000000001,71,False,30.124491267260485,0.16096997653018724,near_boundary_interior,0.6648193882083775,0.6243069606069105,30.615938354194988,50,0.0,0.19104528940795992,10.1340045139513,0.06320793282237415,0.15103187901792628,0,68,1,1907,0,0,0,0,73,73,72,1907,141,0.2128998426848453,ccpfm,5.528636789836857,0.43527323720525524,1.6507242012563088,0.9192448872574724,0.2316029663434113,0.5604862438058058,0.023611814407731073,0.2297004372423037,0.08075511274252753,0.0,5.528636789836857,0.3677745395673144,1.5708495141268937,1.0,0.2128998426848453,1.0,1.616484723854228e-13,1.3580270241675407e-10,1.16715415110491e-10,1.0331419053599689e-10,8.157341468972845e-11,8.578693311278585e-11,8.036504794972643e-11,0.35,0.65,0.09288049975379523,0.19705125521955136,0.1290840758228878,0.12788600625399535,2.35,0,68,24,0.000499631991260685,ok,0.15697346899833065,8,False,
,,,,,,0.17622102099994663,,,,,,,,2.0,,0.0,0.0,,,,,,,,,0.0,,,,annulus,,,,,,,,,,,,,,,4008,0.6897637264372216,0.0,0.12,0.12017380970541319,0.13125757649902936,0.14148266133353013,0.14693241497798856,1.0,0.41460602660654233,0.2633139641815394,0.41460602660654233,0.41460602660654233,,0.06599999999999998,90,False,105.00838893944085,0.02676674304846527,near_boundary_interior,0.9171213305540633,0.17676064130567,141.37192382441287,23,,0.1886325040900505,82.45276420759194,0.04948518887286215,0.017781246657694913,,89,38,0,,,,,140,140,102,,229,0.0,wls,,,,,,,,,,,,,,,,,5.062616992290714e-14,2.6201263381153694e-14,1.9761969838327786e-14,4.929390229335695e-14,2.5091040356528538e-14,1.5765166949677223e-14,4.085620730620576e-14,,,0.12119963588083277,0.13149381594482487,0.15500833037340367,0.16290313042151708,,,,,0.001372118989820592,ok,0.17759313998976722,8,False,
nan,nan,nan,0.0,nan,1.0,0.7494647359999362,0.0,1.0,3.881642814616264,0.621074628903101,2.087149293195413,0.5945778466305189,0.3671182907764461,2.0,1e-13,1.3986839464408263e-11,1.2430776477013067e-10,2.623101305747566,0.3429930702851719,1.550934445881665,0.405422153369481,0.2598395108903324,1.0,0.3008770202383046,0.050822480069404846,0.5692885203927426,3.881642814616264,0.48909642370760464,1.8330472088176208,annulus,nan,nan,26.247685362038247,102.00217622707359,39.073974311209454,170.4298470288386,32.04618710756419,26.247685362038247,102.00217622707359,39.073974311209454,170.4298470288386,32.04618710756419,143.7372542253522,143.7372542253522,4007,0.21218266619293413,0.0,0.08,0.037875108852447714,0.04757951329006461,0.04211154969914529,0.03135015102495566,0.7406099779916744,0.1002798944924484,0.1002798944924484,0.1002798944924484,0.07111795141704717,0,0.3120099261186874,280,False,9.231844345684856,0.298128450278317,interior_core,-0.6597309226055487,0.19517072167108987,26.29154486934193,46,0.0,0.16782563407438916,9.418341980528638,0.03860633152072018,0.162107794700201,0,134,163,6455,0,0,0,0,310,310,147,6455,444,0.3236250968241673,ccpfm,3.881642814616264,0.621074628903101,2.087149293195413,0.5945778466305189,0.3671182907764461,2.623101305747566,0.3429930702851719,1.550934445881665,0.405422153369481,0.2598395108903324,3.881642814616264,0.48909642370760464,1.8330472088176208,1.0,0.3236250968241673,1.0,7.744915819785092e-13,2.7428903592863207e-09,1.919270076200519e-09,1.8592949402318482e-09,2.6838389288741382e-09,2.2588277914792343e-09,2.1663169036401086e-09,0.35,0.65,0.03383344651991611,0.047727987659851395,0.0404908485844169,0.03052155728958955,2.35,0,68,24,0.004580039996653795,ok,0.75404477599659,7,False,
nan,nan,nan,0.0,nan,1.0,0.325340416005929,0.0,1.0,4.214311236360227,0.594371237190179,2.3620816832388956,0.8189066059225513,0.36752433936022255,2.0,1e-13,8.617918878517372e-12,4.876181010201776e-11,1.6172945984747724,0.10659460136130039,0.7300968317231156,0.18109339407744876,0.036163522012578615,1.0,0.26543345567052734,0.04076103229650603,0.5369046482618034,4.214311236360227,0.45445968899793254,2.17359935734353,annulus,nan,nan,11.74623939783013,47.57492627617419,22.02223467793302,91.28059893315444,13.230458597472925,11.74623939783013,47.57492627617419,22.02223467793302,91.28059893315444,13.230458597472925,64.26208750009859,64.26208750009859,4008,0.5647890169474863,0.0,0.12,0.09553152418911938,0.12358475323702721,0.11247088127319553,0.10569329561920529,0.8216867255355971,0.20982172982380665,0.19793508601996412,0.20982172982380665,0.20982172982380665,0,0.23714163899193147,203,False,9.559704381399563,0.2876585090045169,near_boundary_interior,-0.5217838628066307,0.26566085052382554,22.222010096549333,51,0.0,0.1886325040900505,10.519800179958146,0.04948518887286215,0.19305146997183628,0,89,38,3512,0,0,0,0,140,140,102,3512,229,0.30751708428246016,ccpfm,4.214311236360227,0.594371237190179,2.3620816832388956,0.8189066059225513,0.36752433936022255,1.6172945984747724,0.10659460136130039,0.7300968317231156,0.18109339407744876,0.036163522012578615,4.214311236360227,0.45445968899793254,2.17359935734353,1.0,0.30751708428246016,1.0,3.4994229736184934e-13,1.0526042260039503e-09,8.453904243310717e-10,7.777227750693783e-10,8.881002599991916e-10,1.0084848511837663e-09,8.969696096983171e-10,0.35,0.65,0.08238046238322222,0.12419898118705622,0.10536053047195443,0.0974152769215748,2.35,0,68,24,0.0013698830007342622,ok,0.32671029900666326,8,False,
,,,,,,0.29412336999666877,,,,,,,,2.0,,0.0,0.0,,,,,,,,,0.0,,,,annulus,,,,,,,,,,,,,,,4008,0.5171156464308694,0.0,0.1,0.08876038718520275,0.10322736733171413,0.10183193022234695,0.10057869052467919,1.0,0.3132941245133102,0.27611227012970185,0.3132941245133102,0.3132941245133102,,0.05500000000000003,126,False,145.8312399725775,0.01858858820200541,near_boundary_interior,-0.9382829818577008,0.11247218724529282,198.24318566268045,23,,0.1718784418966032,111.67839665882106,0.041346773597878056,0.013085836963149886,,107,76,0,,,,,197,197,121,,304,0.0,wls,,,,,,,,,,,,,,,,,6.750155989720952e-14,3.197442310920451e-14,2.3092638912203256e-14,4.973799150320701e-14,2.353672812205332e-14,3.2862601528904634e-14,5.1514348342607263e-14,,,0.08408902927333357,0.1051851540471542,0.10445831540834458,0.10399919137439137,,,,,0.0015163979987846687,ok,0.29563976799545344,8,False,
,,,,,,0.06051961600314826,,,,,,,,2.0,,0.0,0.0,,,,,,,,,0.0,,,,annulus,,,,,,,,,,,,,,,4009,1.0,0.0,0.2,0.8127788744300547,nan,1.1254359392767639,1.1254359392767639,1.0,3.8102446331537925,nan,3.8102446331537925,3.8102446331537925,,0.10999999999999999,57,False,39.08275529519558,0.07221967349553281,near_boundary_interior,0.5231288745403727,0.7200251249936511,46.22548206262218,23,,0.11000000000000004,34.270348105835126,0.05720000000000003,0.055648122212404366,,54,0,0,,,,,47,47,47,,101,0.0,wls,,,,,,,,,,,,,,,,,1.9262369477246466e-14,9.325873406851315e-15,4.440892098500626e-15,1.0658141036401503e-14,1.0658141036401503e-14,6.217248937900877e-15,1.1962653090336062e-14,,,0.8121679587213225,nan,1.1905773327803684,1.1905773327803684,,,,,0.0003319689858471975,ok,0.060851584988995455,9,False,
nan,nan,nan,0.0,nan,1.0,0.10804082799586467,0.0,1.0,4.8085266960011985,0.3152631205036905,2.1461535316865636,0.954510993176649,0.2414614773629865,2.0,1e-13,1.841898161769606e-12,1.0205282879203681e-11,2.187041935282676,0.02425596746471563,0.30917835638163105,0.045489006823351025,0.05,1.0,0.18984357746254116,0.024664288779924187,0.4375804724879262,4.8085266960011985,0.28534969086020356,2.122475327553446,annulus,nan,nan,4.95777172468659,21.56823291942577,8.422221044263521,36.137673751186234,4.9577717246884685,4.95777172468659,21.56823291942577,8.422221044263521,36.137673751186234,4.9577717246884685,23.3936325911235,23.3936325911235,4009,1.0,0.0,0.2,0.1781462029958837,nan,0.24667488981902075,0.24667488981902075,0.9363369372455549,0.42706119157394284,nan,0.42706119157394284,0.42706119157394284,0,0.3278971251326107,82,False,10.219552678285934,0.24611307944685232,near_boundary_interior,-0.5192145621992612,0.4343868332155071,31.84361363002233,54,0.0,0.11000000000000004,12.533772435034393,0.05720000000000003,0.16175164832866176,0,54,0,1319,0,0,0,0,47,47,47,1319,101,0.23275208491281274,ccpfm,4.8085266960011985,0.3152631205036905,2.1461535316865636,0.954510993176649,0.2414614773629865,2.187041935282676,0.02425596746471563,0.30917835638163105,0.045489006823351025,0.05,4.8085266960011985,0.28534969086020356,2.122475327553446,1.0,0.23275208491281274,1.0,6.217248937900877e-14,1.5062351366168514e-10,1.519807613092894e-10,9.968914582714206e-11,8.251654914914752e-11,1.3693501887956927e-10,8.862388600761051e-11,0.35,0.65,0.14883323875840507,nan,0.21817836880566602,0.21817836880566602,2.35,0,68,24,0.0005602699966402724,ok,0.10860109799250495,9,False,
nan,nan,nan,0.0,nan,1.0,0.47594814500189386,0.0,1.0,4.423331361012138,0.5874491577849021,2.103080996501536,0.6830588766072637,0.3678996036988111,2.0,1e-13,9.638220777041795e-12,5.120748915240859e-11,2.5568851882377,0.31759305033320834,1.4551930378570932,0.3169411233927363,0.22633451957295372,1.0,0.3169518000826644,0.048971684577986625,0.5612101652016016,4.423331361012138,0.49028254420113876,1.92019175951913,annulus,nan,nan,17.131365981108694,68.08869876366703,25.958344276682467,117.44723025579248,19.738188368091183,17.131365981108694,68.08869876366703,25.958344276682467,117.44723025579248,19.738188368091183,90.29884921365682,90.29884921365682,4008,0.3985678660846837,0.0,0.1,0.05138766988250639,0.06669700557126483,0.058955416709096646,0.05112143263580181,0.7681433232259344,0.14585842169061947,0.14585842169061947,0.14585842169061947,0.1241269713241997,0,0.3089831177354695,293,False,8.740872897212492,0.30633712131040475,interior_core,0.4601510794044875,-0.46584040527999493,26.062290802093447,49,0.0,0.1718784418966032,9.741758357642416,0.041346773597878056,0.16186744179028006,0,107,76,4433,0,0,0,0,197,197,121,4433,304,0.32303180690277467,ccpfm,4.423331361012138,0.5874491577849021,2.103080996501536,0.6830588766072637,0.3678996036988111,2.5568851882377,0.31759305033320834,1.4551930378570932,0.3169411233927363,0.22633451957295372,4.423331361012138,0.49028254420113876,1.92019175951913,1.0,0.32303180690277467,1.0,4.4231285301066237e-13,1.6351489051658064e-09,7.464053819461469e-10,9.507825637911083e-10,1.4935190861820047e-09,1.0265690519872805e-09,1.2005614280496957e-09,0.35,0.65,0.04632990936380013,0.06696904703458975,0.05755262401035438,0.050752612169814276,2.35,0,68,24,0.0016799879958853126,ok,0.4776281329977792,8,False,
,,,,,,0.07212666800478473,,,,,,,,2.0,,0.0,0.0,,,,,,,,,0.0,,,,annulus,,,,,,,,,,,,,,,4009,0.9998452601494034,0.0,0.16,0.46346465592296027,0.05558042189240753,0.5888827717579415,0.5940190598526303,1.0,2.281693858286779,0.05558042189240753,2.281693858286779,2.281693858286779,,0.08800000000000001,81,False,63.48252081688729,0.042450272501015816,near_boundary_interior,-0.9048086075988283,-0.11430390901045093,80.96723360213575,23,,0.14385151809955735,53.19111117893352,0.05455942385273814,0.03161410109878544,,68,1,0,,,,,76,76,75,,144,0.0,wls,,,,,,,,,,,,,,,,,2.7977620220553945e-14,1.1546319456101628e-14,7.105427357601002e-15,2.1316282072803006e-14,1.73749903353837e-14,7.66053886991358e-15,1.5987211554602254e-14,,,0.5165078805311423,0.05558042189240753,0.7109702067718826,0.7156655370624235,,,,,0.00048822700046002865,ok,0.07261489500524476,9,False,
,,,,,,0.40638486700481735,,,,,,,,2.0,,0.0,0.0,,,,,,,,,0.0,,,,annulus,,,,,,,,,,,,,,,4008,0.3078862775840842,0.0,0.08,0.04889332465341509,0.05762506707468634,0.05440842694460013,0.04878242179711559,1.0,0.1531322007863517,0.1531322007863517,0.1531322007863517,0.1306943999983382,,0.3033161648971133,307,False,150.55710673087518,0.016362953445411155,interior_core,-0.6839100602507181,-0.13654316779501516,351.54883284440115,23,,0.16735750594485416,166.98314128079437,0.03871059059965498,0.007495568166772126,,134,162,0,,,,,310,310,148,,444,0.0,wls,,,,,,,,,,,,,,,,,1.1723955140041653e-13,6.306066779870889e-14,3.907985046680551e-14,9.769962616701378e-14,5.10702591327572e-14,3.086420008457935e-14,9.237055564881302e-14,,,0.045095473457849894,0.05824241128707179,0.05396890282961686,0.048864557290829815,,,,,0.0035899770009564236,ok,0.4099748440057738,8,False,
,,,,,,0.14474809300736524,,,,,,,,2.0,,0.0,0.0,,,,,,,,,0.0,,,,annulus,,,,,,,,,,,,,,,4009,0.7650934977562092,0.0,0.12,0.1420694434194745,0.13206506074976354,0.1674032069444045,0.1855795237146046,1.0,0.5957511689686797,0.24767024563278506,0.5957511689686797,0.5957511689686797,,0.06599999999999998,117,False,109.85014664526273,0.024905361121051024,near_boundary_interior,0.541773136068204,-0.7608139113244041,143.68727968314408,23,,0.1853833965673417,82.53876918074961,0.04948518883097581,0.018019942205916586,,89,38,0,,,,,137,137,99,,226,0.0,wls,,,,,,,,,,,,,,,,,7.105427357601002e-14,2.1316282072803006e-14,1.5765166949677223e-14,4.085620730620576e-14,2.531308496145357e-14,2.0650148258027912e-14,4.3520742565306136e-14,,,0.15127424670991296,0.13428083913709066,0.19429379672711367,0.21288233154533318,,,,,0.0009347180020995438,ok,0.14568281100946479,9,False,
nan,nan,nan,0.0,nan,1.0,0.23010834699380212,0.0,1.0,5.8606833660841895,0.463921017833952,1.5980027406592954,0.9190922545633942,0.23349436392914655,2.0,1e-13,2.8095858972676524e-12,1.4729226731207217e-11,2.9054163670855857,0.020436455754979467,0.24776497245648016,0.08090774543660582,0.018292682926829267,1.0,0.26954997144025533,0.032895389306600874,0.5110162383798533,5.8606833660841895,0.3904775322532371,1.522665044492118,annulus,nan,nan,7.289963275673177,30.10960832447724,13.696481274699234,55.19643994459726,7.668066659452615,7.289963275673177,30.10960832447724,13.696481274699234,55.19643994459726,7.668066659452615,36.814337454559634,36.814337454559634,4009,0.967529459606765,0.0,0.16,0.1125665744749442,0.19555023432472407,0.143028201906988,0.1419250032228518,0.777662311203448,0.31495478098025154,0.19555023432472407,0.31495478098025154,0.31495478098025154,0,0.2691925150762029,111,False,10.053303958088966,0.27561248251225395,near_boundary_interior,0.45574629627929064,-0.41800236989485906,30.447911140812046,51,0.0,0.14385151809955735,10.974832770844149,0.05455942385273814,0.15348057922560598,0,68,1,2027,0,0,0,0,76,76,75,2027,144,0.2160828811050814,ccpfm,5.8606833660841895,0.463921017833952,1.5980027406592954,0.9190922545633942,0.23349436392914655,2.9054163670855857,0.020436455754979467,0.24776497245648016,0.08090774543660582,0.018292682926829267,5.8606833660841895,0.3904775322532371,1.522665044492118,1.0,0.2160828811050814,1.0,2.0605739337042905e-13,2.7044499972816993e-10,2.0804069578161943e-10,1.8836487925000256e-10,1.7331203139292484e-10,7.221068187845958e-11,9.748823970312515e-11,0.35,0.65,0.09696175594598332,0.19555023432472407,0.13346731438635642,0.13244309120413642,2.35,0,68,24,0.0009114480053540319,ok,0.23101979499915615,9,False,
,,,,,,0.19365540299622808,,,,,,,,2.0,,0.0,0.0,,,,,,,,,0.0,,,,annulus,,,,,,,,,,,,,,,4009,0.5697729177379406,0.0,0.1,0.08157116596796367,0.08924331558328659,0.09373560425936167,0.09761644786103736,1.0,0.33865968095874516,0.22554845671222368,0.33865968095874516,0.33865968095874516,,0.05499999999999996,110,False,164.86692751318878,0.017088374563552812,near_boundary_interior,0.8394270042683221,0.4340359017732494,207.07848293574418,23,,0.16585118364965143,107.0197199650238,0.04134677336616112,0.012549377463915679,,107,74,0,,,,,191,191,117,,298,0.0,wls,,,,,,,,,,,,,,,,,7.149836278586008e-14,3.774758283725532e-14,3.863576125695545e-14,6.439293542825908e-14,2.378652830259398e-14,3.064215547965432e-14,5.551115123125783e-14,,,0.08131160445728147,0.08947370864259699,0.10156497808669435,0.10851915644648054,,,,,0.001286712009459734,ok,0.1949421150056878,9,False,
nan,nan,nan,0.0,nan,1.0,0.6967101209884277,0.0,1.0,3.872189300150003,0.6245721715297946,2.057170705873276,0.588170865279299,0.36898111199787176,2.0,1e-13,1.4227050093573723e-11,1.2475961828496772e-10,2.489544655291507,0.3311667875033161,1.568915465041592,0.411829134720701,0.2632978723404255,1.0,0.27883845330443796,0.05137845100155619,0.568784207781211,3.872189300150003,0.5029457530545276,1.8495126027499433,annulus,nan,nan,26.907865139153927,106.16086844279667,39.30111412625232,176.68306132043352,32.352912132225754,26.907865139153927,106.16086844279667,39.30111412625232,176.68306132043352,32.352912132225754,143.31091476846876,143.31091476846876,4008,0.22407514212365692,0.0,0.08,0.03349434369903987,0.041797898747228425,0.0372724613252343,0.028509324931177037,0.7445167363335066,0.10511030938589139,0.10511030938589139,0.10511030938589139,0.06387881262041162,0,0.3176947043553734,332,False,9.282164664792123,0.29657449961245447,interior_core,0.4475356250659453,0.4935157947944553,26.099105706437484,46,0.0,0.16735750594485416,9.533115020071765,0.03871059059965498,0.15877185381319484,0,134,162,6391,0,0,0,0,310,310,148,6391,444,0.3254576748552652,ccpfm,3.872189300150003,0.6245721715297946,2.057170705873276,0.588170865279299,0.36898111199787176,2.489544655291507,0.3311667875033161,1.568915465041592,0.411829134720701,0.2632978723404255,3.872189300150003,0.5029457530545276,1.8495126027499433,1.0,0.3254576748552652,1.0,7.420730696594546e-13,3.084279498466458e-09,2.172754420826095e-09,2.2254553755374218e-09,2.9570110804399974e-09,1.8668622203676932e-09,1.983958552997933e-09,0.35,0.65,0.029865046199031058,0.04182146340327177,0.03574158674315809,0.027591283302323206,2.35,0,68,24,0.003187384005286731,ok,0.6998975049937144,8,False,
nan,nan,nan,0.0,nan,1.0,0.424716442998033,0.0,1.0,4.185255855551331,0.5841154596712297,2.3047599324238024,0.8284143518518519,0.36185819070904646,2.0,1e-13,7.842518301437451e-12,4.6370331494916056e-11,1.490344028435013,0.09161401952854349,0.6482377869362952,0.17158564814814814,0.023608768971332208,1.0,0.22717632667471907,0.038488398415522845,0.533014857595585,4.185255855551331,0.43412295373579307,2.1596240946079406,annulus,nan,nan,11.572105108589259,47.574922882155924,21.5920969390977,87.88040976619129,13.028863384296713,11.572105108589259,47.574922882155924,21.5920969390977,87.88040976619129,13.028863384296713,62.689095215822306,62.689095215822306,4009,0.5368988788164024,0.0,0.12,0.09167023859393271,0.11964815751600931,0.10801683706659386,0.10031057766804284,0.8186670931643837,0.20973907168085648,0.20973907168085648,0.20973907168085648,0.2053316937331976,0,0.24799177541434975,148,False,8.614512955415744,0.3037063483248728,interior_core,-0.27476060974099614,-0.7025881760481207,22.341576883037185,52,0.0,0.1853833965673417,10.534290217248994,0.04948518883097581,0.19404037366557023,0,89,38,3456,0,0,0,0,137,137,99,3456,226,0.3038194444444444,ccpfm,4.185255855551331,0.5841154596712297,2.3047599324238024,0.8284143518518519,0.36185819070904646,1.490344028435013,0.09161401952854349,0.6482377869362952,0.17158564814814814,0.023608768971332208,4.185255855551331,0.43412295373579307,2.1596240946079406,1.0,0.3038194444444444,1.0,3.552713678800501e-13,1.029778040617657e-09,9.495644270884895e-10,8.571312548610877e-10,7.878444563402809e-10,8.499607684342436e-10,7.531415491257576e-10,0.35,0.65,0.0795888744458791,0.12224279926458467,0.10222245312502407,0.09340508197297351,2.35,0,68,24,0.0013468870020005852,ok,0.4260633300000336,9,False,
,,,,,,0.34426021699619014,,,,,,,,2.0,,0.0,0.0,,,,,,,,,0.0,,,,annulus,,,,,,,,,,,,,,,4009,0.30755696290511364,0.0,0.08,0.050165858971307806,0.05952821509477635,0.05588442536105117,0.049644369559304076,1.0,0.2339689831507097,0.2339689831507097,0.2339689831507097,0.1908108642645262,,0.1759302392622353,260,False,146.85506366265636,0.01625240741287437,interior_core,0.5024399040301717,0.6555703797528649,302.7704593257903,23,,0.16322315124262995,164.92464329791693,0.03856515839412549,0.00847684094136991,,134,158,0,,,,,305,305,147,,439,0.0,wls,,,,,,,,,,,,,,,,,1.5010215292932116e-13,6.217248937900877e-14,4.263256414560601e-14,9.270362255620057e-14,4.973799150320701e-14,5.750955267558311e-14,1.1679546219056647e-13,,,0.046593479172606006,0.05942128958091137,0.055899443098728706,0.0518479917647612,,,,,0.001998384002945386,ok,0.3462586009991355,9,False,
nan,nan,nan,0.0,nan,1.0,0.52907273999881,0.0,1.0,3.702044181214227,0.5877030378231203,2.1130028974903636,0.6918414918414918,0.36994609164420483,2.0,1e-13,1.4930549852021358e-11,5.697996139064101e-11,2.597378566017335,0.311583107252114,1.476384054744048,0.30815850815850815,0.21860816944024206,1.0,0.28941861528118235,0.046822479049163104,0.5596902720386191,3.702044181214227,0.4835556269017953,1.9120433872461529,annulus,nan,nan,16.864234911595304,70.15101542973242,24.692365496345385,104.52189301603569,19.359238059118084,16.864234911595304,70.15101542973242,24.692365496345385,104.52189301603569,19.359238059118084,86.20131728356333,86.20131728356333,4009,0.39765209180216815,0.0,0.1,0.04593759489094353,0.05946783269958894,0.05278811653882078,0.045925650659112645,0.7564943342130248,0.11329095710183945,0.11329095710183945,0.11329095710183945,0.09873522414411173,0,0.2805665895405259,217,False,8.541259462830736,0.2970940726896614,interior_core,-0.19886101577784837,-0.5943685148711935,26.21306999608808,48,0.0,0.16585118364965143,9.681751492616343,0.04134677336616112,0.1623993067024973,0,107,74,4290,0,0,0,0,191,191,117,4290,298,0.3233100233100233,ccpfm,3.702044181214227,0.5877030378231203,2.1130028974903636,0.6918414918414918,0.36994609164420483,2.597378566017335,0.311583107252114,1.476384054744048,0.30815850815850815,0.21860816944024206,3.702044181214227,0.4835556269017953,1.9120433872461529,1.0,0.3233100233100233,1.0,4.1744385725905886e-13,2.180577052257604e-09,9.627398878109261e-10,1.065782129217041e-09,1.4077237153742317e-09,1.9288937114225746e-09,1.852761499776534e-09,0.35,0.65,0.041292563543164115,0.05982690820012089,0.05157785705247307,0.045596467443372535,2.35,0,68,24,0.0024127689976012334,ok,0.5314855089964112,9,False,
nan,nan,nan,0.0,nan,1.0,0.6007911929918919,0.0,1.0,4.038547589632331,0.60897155394355,2.0444178838010276,0.5976145637162587,0.36554621848739494,2.0,1e-13,1.270336613679035e-11,1.1186823333831534e-10,2.6058925079529813,0.34519613161261087,1.5707974175743655,0.40238543628374135,0.26014040561622465,1.0,0.29646490102298023,0.05084533322412634,0.5700521349832295,4.038547589632331,0.4949011068747063,1.857399848082777,annulus,nan,nan,26.67408211305915,107.999034080886,37.71137636608502,160.00236001415135,31.66460344109705,26.67408211305915,107.999034080886,37.71137636608502,160.00236001415135,31.66460344109705,138.27780539100803,138.27780539100803,4009,0.19418237122348153,0.0,0.08,0.038692448575475484,0.049529868818631355,0.043103124291945114,0.030424964438198126,0.7419321373661213,0.1136428827506738,0.1136428827506738,0.1136428827506738,0.06622264373573927,0,0.29238654284650434,389,False,8.754042347141823,0.3076181900289309,interior_core,0.3975701093755656,-0.5045607758105074,26.70882190167401,46,0.0,0.16322315124262995,9.499655673636246,0.03856515839412549,0.15542626537762572,0,134,158,6372,0,0,0,0,305,305,147,6372,439,0.3231324544883867,ccpfm,4.038547589632331,0.60897155394355,2.0444178838010276,0.5976145637162587,0.36554621848739494,2.6058925079529813,0.34519613161261087,1.5707974175743655,0.40238543628374135,0.26014040561622465,4.038547589632331,0.4949011068747063,1.857399848082777,1.0,0.3231324544883867,1.0,6.821210263296962e-13,2.55976217999887e-09,1.6880470354863064e-09,1.8329622264445788e-09,2.468159010504678e-09,1.928675885665143e-09,1.906187208078336e-09,0.35,0.65,0.03401874158019807,0.049160136388868986,0.04081319409971588,0.02930046368482472,2.35,0,68,24,0.002726415012148209,ok,0.6035176080040401,9,False,
