domain,frac_max_error_on_boundary,global_order_l2_core_interior_median,global_order_l2_median,global_order_l2_near_boundary_interior_median,global_order_l2_trimmed,global_order_linf_core_interior_median,global_order_linf_median,global_order_linf_near_boundary_interior_median,global_order_linf_trimmed,h_target,mean_added_edge_correction_rel_max,mean_added_edge_correction_rel_median,mean_added_edge_correction_rel_p90,mean_added_edge_fraction,mean_added_edge_negative_lambda_fraction,mean_boundary_edge_correction_rel_max,mean_boundary_edge_correction_rel_median,mean_boundary_edge_correction_rel_p90,mean_boundary_edge_fraction,mean_boundary_edge_negative_lambda_fraction,mean_boundary_effective_weight_median,mean_boundary_effective_weight_p90,mean_constraint_resid_inf,mean_constraint_resid_l2,mean_core_edge_correction_rel_max,mean_core_edge_correction_rel_median,mean_core_edge_correction_rel_p90,mean_core_edge_negative_lambda_fraction,mean_correction_abs_max,mean_correction_abs_median,mean_correction_rel_l2,mean_correction_rel_max,mean_correction_rel_median,mean_correction_rel_p90,mean_frac_err2_near_boundary_interior,mean_l2,mean_l2_core_interior,mean_l2_interior,mean_l2_near_boundary_interior,mean_lambda_ratio_median,mean_linf,mean_linf_core_interior,mean_linf_interior,mean_linf_near_boundary_interior,mean_live_boundary_band_active,mean_live_boundary_band_boundary_corr_p90,mean_live_boundary_band_boundary_effw_med,mean_live_boundary_band_boundary_effw_p90,mean_live_boundary_band_boundary_frac,mean_live_boundary_band_core_corr_p90,mean_live_boundary_band_corr_ratio,mean_live_boundary_band_effw_ratio,mean_live_boundary_band_hmax,mean_live_boundary_band_late_enough,mean_live_boundary_band_min_scale,mean_live_boundary_band_orig_boundary_corr_p90,mean_live_boundary_band_patch_quad_after,mean_live_boundary_band_patch_quad_tol,mean_live_boundary_band_requested,mean_live_boundary_band_reverted,mean_live_boundary_band_trigger_corr,mean_live_boundary_band_trigger_effw_ratio,mean_live_boundary_band_trigger_frac,mean_live_boundary_band_triggered,mean_live_boundary_band_width,mean_max_added_edges_on_flagged_node,mean_max_local_cond,mean_mean_added_edges_per_flagged_node,mean_min_local_sigma_min,mean_n_added_edges,mean_n_core_interior,mean_n_flagged_enrichment_nodes,mean_n_flagged_nodes_with_added_edges,mean_n_flagged_nodes_without_added_edges,mean_n_force_flagged_enrichment_nodes,mean_n_near_boundary_interior,mean_n_original_edges,mean_negative_lambda_fraction,mean_original_boundary_edge_correction_rel_max,mean_original_boundary_edge_correction_rel_median,mean_original_boundary_edge_correction_rel_p90,mean_original_boundary_edge_fraction,mean_original_boundary_edge_negative_lambda_fraction,mean_original_boundary_effective_weight_median,mean_original_boundary_effective_weight_p90,mean_original_core_edge_correction_rel_max,mean_original_core_edge_correction_rel_median,mean_original_core_edge_correction_rel_p90,mean_original_core_edge_negative_lambda_fraction,mean_original_edge_correction_rel_max,mean_original_edge_correction_rel_median,mean_original_edge_correction_rel_p90,mean_original_edge_fraction,mean_original_edge_negative_lambda_fraction,mean_patch_const_max,mean_patch_quad_max,mean_patch_x2h_max,mean_patch_x_max,mean_patch_xy_max,mean_patch_y2h_max,mean_patch_y_max,mean_rms_core_interior,mean_rms_interior,mean_rms_near_boundary_interior,mean_selected_attempt_alpha,mean_selected_attempt_idx,mean_selected_attempt_max_neighbors,mean_selected_attempt_min_neighbors,median_added_edge_correction_rel_max,median_added_edge_correction_rel_median,median_added_edge_correction_rel_p90,median_added_edge_fraction,median_added_edge_negative_lambda_fraction,median_boundary_edge_correction_rel_max,median_boundary_edge_correction_rel_median,median_boundary_edge_correction_rel_p90,median_boundary_edge_fraction,median_boundary_edge_negative_lambda_fraction,median_boundary_effective_weight_median,median_boundary_effective_weight_p90,median_constraint_resid_inf,median_constraint_resid_l2,median_core_edge_correction_rel_max,median_core_edge_correction_rel_median,median_core_edge_correction_rel_p90,median_core_edge_negative_lambda_fraction,median_correction_abs_max,median_correction_abs_median,median_correction_rel_l2,median_correction_rel_max,median_correction_rel_median,median_correction_rel_p90,median_frac_err2_near_boundary_interior,median_l2,median_l2_core_interior,median_l2_interior,median_l2_near_boundary_interior,median_lambda_ratio_median,median_linf,median_linf_core_interior,median_linf_interior,median_linf_near_boundary_interior,median_live_boundary_band_active,median_live_boundary_band_boundary_corr_p90,median_live_boundary_band_boundary_effw_med,median_live_boundary_band_boundary_effw_p90,median_live_boundary_band_boundary_frac,median_live_boundary_band_core_corr_p90,median_live_boundary_band_corr_ratio,median_live_boundary_band_effw_ratio,median_live_boundary_band_hmax,median_live_boundary_band_late_enough,median_live_boundary_band_min_scale,median_live_boundary_band_orig_boundary_corr_p90,median_live_boundary_band_patch_quad_after,median_live_boundary_band_patch_quad_tol,median_live_boundary_band_requested,median_live_boundary_band_reverted,median_live_boundary_band_trigger_corr,median_live_boundary_band_trigger_effw_ratio,median_live_boundary_band_trigger_frac,median_live_boundary_band_triggered,median_live_boundary_band_width,median_max_added_edges_on_flagged_node,median_max_local_cond,median_mean_added_edges_per_flagged_node,median_min_local_sigma_min,median_n_added_edges,median_n_core_interior,median_n_flagged_enrichment_nodes,median_n_flagged_nodes_with_added_edges,median_n_flagged_nodes_without_added_edges,median_n_force_flagged_enrichment_nodes,median_n_near_boundary_interior,median_n_original_edges,median_negative_lambda_fraction,median_original_boundary_edge_correction_rel_max,median_original_boundary_edge_correction_rel_median,median_original_boundary_edge_correction_rel_p90,median_original_boundary_edge_fraction,median_original_boundary_edge_negative_lambda_fraction,median_original_boundary_effective_weight_median,median_original_boundary_effective_weight_p90,median_original_core_edge_correction_rel_max,median_original_core_edge_correction_rel_median,median_original_core_edge_correction_rel_p90,median_original_core_edge_negative_lambda_fraction,median_original_edge_correction_rel_max,median_original_edge_correction_rel_median,median_original_edge_correction_rel_p90,median_original_edge_fraction,median_original_edge_negative_lambda_fraction,median_patch_const_max,median_patch_quad_max,median_patch_x2h_max,median_patch_x_max,median_patch_xy_max,median_patch_y2h_max,median_patch_y_max,median_rms,median_rms_core_interior,median_rms_interior,median_rms_near_boundary_interior,median_selected_attempt_alpha,median_selected_attempt_idx,median_selected_attempt_max_neighbors,median_selected_attempt_min_neighbors,n_trials,n_unstable,operator,outlier_fraction,std_l2,std_linf,trimmed_l2,trimmed_linf
annulus,0.0,2.0955843090588604,1.6395590974820975,2.176736764479448,1.645902354730591,1.009192862677417,1.4243932816299498,1.8035679058445624,1.436979704584934,0.08,nan,nan,nan,0.0,nan,4.015829220118456,0.6163510318741313,2.082086675641673,0.5957875615167587,0.3666047921446639,26.37243863281414,103.86855476205167,1.4996848186031585e-11,1.2039713465811656e-10,2.5856833334384093,0.3418541187101661,1.553582286696395,0.2597651302096434,0.29830014491063117,0.050638938106484475,0.5690619640100156,4.015829220118456,0.4957810195352767,1.848692775613832,0.2185292879514952,0.037260056268389935,0.04681739190553453,0.041494951439407284,0.031201160212707836,0.743850136891766,0.10765893876252366,0.10765893876252366,0.10765893876252366,0.07725358194641307,0.0,2.082086675641673,26.37243863281414,103.86855476205167,0.5957875615167587,1.553582286696395,1.340352740319555,3.93925302364878,0.12000000000000002,1.0,0.9,2.082086675641673,nan,5e-08,1.0,0.0,2.0,5.0,0.5999999999999999,0.0,0.07999999999999999,0.0,26.56696798143693,0.0,0.1586556950750519,0.0,159.5,0.0,0.0,0.0,0.0,147.0,6391.7,0.3234405727004843,4.015829220118456,0.6163510318741313,2.082086675641673,0.5957875615167587,0.3666047921446639,26.37243863281414,103.86855476205167,2.5856833334384093,0.3418541187101661,1.553582286696395,0.2597651302096434,4.015829220118456,0.4957810195352767,1.848692775613832,1.0,0.3234405727004843,8.08553224374009e-13,3.1803338629288192e-09,2.339750682089914e-09,2.3110915570168087e-09,2.989236036476939e-09,2.0538848843898448e-09,2.133006726801057e-09,0.0467173609718867,0.039725810889344036,0.03035808192128566,2.3500000000000005,0.0,68.0,24.0,nan,nan,nan,0.0,nan,4.0501189734712515,0.6185436659056225,2.084099912551099,0.5966406417434249,0.36641617410359734,26.4608837375487,102.79090428343395,1.4303912221347304e-11,1.2254977709804574e-10,2.5986977407876473,0.3440946009488914,1.5482852357195043,0.2598927179789631,0.2986709606306424,0.05075246580348592,0.5690453916590159,4.0501189734712515,0.49702519005982376,1.8526909987356963,0.22024721101692707,0.03783336728400413,0.0474428922104499,0.04208908255125095,0.03111802009931719,0.7430210408685105,0.10954271861811607,0.10954271861811607,0.10954271861811607,0.07687345562394696,0.0,2.084099912551099,26.4608837375487,102.79090428343395,0.5966406417434249,1.5482852357195043,1.344924149453186,3.9506120425838835,0.12,1.0,0.9,2.084099912551099,nan,5e-08,1.0,0.0,2.0,5.0,0.6,0.0,0.08,0.0,26.554558544097738,0.0,0.15861346453452324,0.0,159.0,0.0,0.0,0.0,0.0,147.0,6401.5,0.3236965159729071,4.0501189734712515,0.6185436659056225,2.084099912551099,0.5966406417434249,0.36641617410359734,26.4608837375487,102.79090428343395,2.5986977407876473,0.3440946009488914,1.5482852357195043,0.2598927179789631,4.0501189734712515,0.49702519005982376,1.8526909987356963,1.0,0.3236965159729071,7.949196856316121e-13,3.1006974765546147e-09,2.1481874057371897e-09,2.3097372903180258e-09,2.9553709479657186e-09,1.9954047303372136e-09,2.1088215618192407e-09,0.033611403295645825,0.047336187728443724,0.04032449946553949,0.030432006001855798,2.35,0.0,68.0,24.0,10,0,ccpfm,0.0,0.0015728969428029874,0.008290487686554405,0.03755896391903835,0.1083124994536669
annulus,0.0,2.0955843090588604,1.6395590974820975,2.176736764479448,1.645902354730591,1.009192862677417,1.4243932816299498,1.8035679058445624,1.436979704584934,0.1,nan,nan,nan,0.0,nan,4.178899993403368,0.5991333047782625,2.0934330923628686,0.7008820031632892,0.3673038506695771,16.965612634970945,67.81711259394623,1.0007462913907971e-11,5.49588507208453e-11,2.6005884228696408,0.29556729276518856,1.4220931551621399,0.21529412622003868,0.2992793198385932,0.047465009527708484,0.559133253445981,4.178899993403368,0.49281151001400836,1.9140352315353586,0.3698478929078953,0.05277263123437399,0.06845780796459804,0.060613285992472996,0.05176294037968413,0.7591724265044695,0.14429756828490076,0.1441539882542736,0.14429756828490076,0.11981551373583939,0.0,2.0934330923628686,16.965612634970945,67.81711259394623,0.7008820031632892,1.4220931551621399,1.4731547620464072,3.9974545193232025,0.12000000000000002,1.0,0.9,2.0934330923628686,nan,5e-08,1.0,0.0,2.0,5.0,0.5999999999999999,0.0,0.1,0.0,26.319043397095946,0.0,0.16105559994992785,0.0,77.3,0.0,0.0,0.0,0.0,116.4,4349.4,0.3217938835656355,4.178899993403368,0.5991333047782625,2.0934330923628686,0.7008820031632892,0.3673038506695771,16.965612634970945,67.81711259394623,2.6005884228696408,0.29556729276518856,1.4220931551621399,0.21529412622003868,4.178899993403368,0.49281151001400836,1.9140352315353586,1.0,0.3217938835656355,4.0678571622265736e-13,1.669356164413216e-09,1.0595542443425642e-09,1.0994432475541771e-09,1.3330344605932964e-09,1.1702313562622635e-09,1.1841262193001968e-09,0.06862324056128444,0.05854429908277227,0.05071771202281925,2.3500000000000005,0.0,68.0,24.0,nan,nan,nan,0.0,nan,4.1664341079221625,0.5974037081679546,2.0945833108423617,0.7006964682197487,0.3683720741377866,16.896544842756036,67.58866486208444,9.468696660075437e-12,5.561329261398573e-11,2.6419702023897553,0.29348594764698965,1.4282151320246474,0.21747661601054635,0.29562540688807415,0.047330863015029596,0.5590629362531407,4.1664341079221625,0.49410867623487975,1.9125856649735835,0.37059005465084893,0.05270362175562168,0.06778475451819582,0.06057006799991592,0.052247766011319696,0.7580105873667361,0.142656963764552,0.142656963764552,0.142656963764552,0.1186814937235545,0.0,2.0945833108423617,16.896544842756036,67.58866486208444,0.7006964682197487,1.4282151320246474,1.461183011535523,3.975657179081246,0.12,1.0,0.9,2.0945833108423617,nan,5e-08,1.0,0.0,2.0,5.0,0.6,0.0,0.1,0.0,26.24766203501374,0.0,0.1615919826620314,0.0,76.5,0.0,0.0,0.0,0.0,117.0,4329.5,0.32273030684042003,4.1664341079221625,0.5974037081679546,2.0945833108423617,0.7006964682197487,0.3683720741377866,16.896544842756036,67.58866486208444,2.6419702023897553,0.29348594764698965,1.4282151320246474,0.21747661601054635,4.1664341079221625,0.49410867623487975,1.9125856649735835,1.0,0.32273030684042003,3.9879211044535623e-13,1.6256480606102741e-09,9.69728408684034e-10,1.038577668310836e-09,1.3933481035621753e-09,1.1104266395278728e-09,1.1730278970389918e-09,0.04700500460839148,0.0673259339187206,0.05857661017353316,0.051119273670927355,2.35,0.0,68.0,24.0,10,0,ccpfm,0.0,0.00342557892134627,0.015926974386862684,0.052865458752871804,0.14302073856225248
annulus,0.0,2.0955843090588604,1.6395590974820975,2.176736764479448,1.645902354730591,1.009192862677417,1.4243932816299498,1.8035679058445624,1.436979704584934,0.12,nan,nan,nan,0.0,nan,4.281987663557084,0.5834214708925984,2.3039557571521776,0.822504151811293,0.3692702377544056,11.749961826432903,47.92638022312265,8.189581825190917e-12,4.872801377407791e-11,1.6811207808389022,0.1072990986725251,0.6977175793806172,0.03228289601602393,0.2307699477855913,0.03986782051769464,0.5383364540669435,4.281987663557084,0.4442380912005607,2.1318631519526132,0.5681283932956241,0.0906332739034533,0.1207300818704915,0.10663941493950505,0.09871187316386025,0.8212305601628079,0.20391812435397627,0.1994077448970937,0.20391812435397627,0.19352497632620724,0.0,2.3039557571521776,11.749961826432903,47.92638022312265,0.822504151811293,0.6977175793806172,3.3244920752807032,4.0797622105170905,0.12000000000000002,1.0,0.9,2.3039557571521776,nan,5e-08,1.0,0.0,2.0,5.0,0.5999999999999999,0.0,0.12000000000000002,0.0,22.596684536795756,0.0,0.1936174600481587,0.0,34.8,0.0,0.0,0.0,0.0,104.8,3499.1,0.30945645764646634,4.281987663557084,0.5834214708925984,2.3039557571521776,0.822504151811293,0.3692702377544056,11.749961826432903,47.92638022312265,1.6811207808389022,0.1072990986725251,0.6977175793806172,0.03228289601602393,4.281987663557084,0.4442380912005607,2.1318631519526132,1.0,0.30945645764646634,3.6504133049675147e-13,1.0601631572626503e-09,8.844511123484722e-10,7.974584548264829e-10,8.634714054878145e-10,9.343643192494255e-10,8.453862498924992e-10,0.12166676314968243,0.10065924578584302,0.09263204614546831,2.3500000000000005,0.0,68.0,24.0,nan,nan,nan,0.0,nan,4.288289468890042,0.5858803390804942,2.3012128769945743,0.8221744601142116,0.3696240656311297,11.75388309034258,47.57492663862462,8.057163443375703e-12,4.9095967669856723e-11,1.5935191262289092,0.10811376545244852,0.7205626685309228,0.03493569359055897,0.2258868267946597,0.04011285618511172,0.5381979777097504,4.288289468890042,0.4433072367033656,2.13504029105832,0.5705900123913143,0.08947938998186836,0.11884546660201845,0.10549585058790095,0.098487058060161,0.8216611118167487,0.20426174737904368,0.19643122174761873,0.20426174737904368,0.19066391101001656,0.0,2.3012128769945743,11.75388309034258,47.57492663862462,0.8221744601142116,0.7205626685309228,3.228630966070331,4.073977281324144,0.12,1.0,0.9,2.3012128769945743,nan,5e-08,1.0,0.0,2.0,5.0,0.6,0.0,0.12,0.0,22.459397037749437,0.0,0.19396790352812718,0.0,34.0,0.0,0.0,0.0,0.0,105.5,3503.0,0.31023774133138504,4.288289468890042,0.5858803390804942,2.3012128769945743,0.8221744601142116,0.3696240656311297,11.75388309034258,47.57492663862462,1.5935191262289092,0.10811376545244852,0.7205626685309228,0.03493569359055897,4.288289468890042,0.4433072367033656,2.13504029105832,1.0,0.31023774133138504,3.5349501104064984e-13,1.0415077689174268e-09,8.792310213223686e-10,7.832983150990458e-10,8.469410728295657e-10,8.965796993720687e-10,8.263403294961336e-10,0.07770853987911433,0.12097884194128712,0.09973930608373335,0.09237507291897432,2.35,0.0,68.0,24.0,10,0,ccpfm,0.0,0.004136518717065128,0.012664415624723415,0.09033788278557613,0.20325743580402142
annulus,0.0,2.0955843090588604,1.6395590974820975,2.176736764479448,1.645902354730591,1.009192862677417,1.4243932816299498,1.8035679058445624,1.436979704584934,0.16,nan,nan,nan,0.0,nan,5.782128318534344,0.47432740264148643,1.6183820783896365,0.9138634579803611,0.238495199597836,7.35038652758462,28.984654425391824,2.5896543156406215e-12,1.4125532832341405e-11,2.4501425377093016,0.024326094214598956,0.30150124794552624,0.025990135544120923,0.2845910210067281,0.034261653103749304,0.5074009287135666,5.782128318534344,0.40056987302546654,1.5466953073257246,0.9285005384311308,0.11279813603219062,0.19205700349718763,0.14338956492702756,0.1410419721276056,0.7686331460354796,0.2627751419729402,0.2237586336198693,0.2627751419729402,0.2619445650954605,0.0,1.6183820783896365,7.35038652758462,28.984654425391824,0.9138634579803611,0.30150124794552624,5.5587259245818235,3.944004460768221,0.12000000000000002,0.0,0.9,1.6183820783896365,nan,5e-08,1.0,0.0,2.0,5.0,0.5999999999999999,0.0,0.15999999999999998,0.0,30.62704893474346,0.0,0.15395567646787417,0.0,2.0,0.0,0.0,0.0,0.0,73.3,1984.5,0.21956658635372556,5.782128318534344,0.47432740264148643,1.6183820783896365,0.9138634579803611,0.238495199597836,7.35038652758462,28.984654425391824,2.4501425377093016,0.024326094214598956,0.30150124794552624,0.025990135544120923,5.782128318534344,0.40056987302546654,1.5466953073257246,1.0,0.21956658635372556,1.8780532684559147e-13,1.897826118479884e-10,1.4168209938603126e-10,1.2831705142879457e-10,1.1323654175790509e-10,1.2243316360738276e-10,1.1425886851240685e-10,0.19310223004265215,0.13152185968639393,0.1294493620777719,2.3500000000000005,0.0,68.0,24.0,nan,nan,nan,0.0,nan,5.8919717370326925,0.4734432865463317,1.6133318035842703,0.9152361999209222,0.2375646635795357,7.289963275671924,28.701797899472545,2.595776024683083e-12,1.4260561546942634e-11,2.805260133205284,0.0232388420701695,0.2894424110716592,0.027289985761746557,0.28407848626070537,0.034571993327909556,0.508955261667757,5.8919717370326925,0.40589512947846745,1.5522026712671264,0.9243300974853547,0.11091181395107394,0.1934665614377612,0.1408385609624222,0.1384110757616697,0.7675458248462153,0.2514306758191408,0.21511924921712727,0.2514306758191408,0.25058235877084123,0.0,1.6133318035842703,7.289963275671924,28.701797899472545,0.9152361999209222,0.2894424110716592,5.6284782761211885,3.9371663222579762,0.12,0.0,0.9,1.6133318035842703,nan,5e-08,1.0,0.0,2.0,5.0,0.6,0.0,0.16,0.0,30.56203422602929,0.0,0.15387892231989855,0.0,2.0,0.0,0.0,0.0,0.0,73.5,1991.0,0.2203872427880815,5.8919717370326925,0.4734432865463317,1.6133318035842703,0.9152361999209222,0.2375646635795357,7.289963275671924,28.701797899472545,2.805260133205284,0.0232388420701695,0.2894424110716592,0.027289985761746557,5.8919717370326925,0.40589512947846745,1.5522026712671264,1.0,0.2203872427880815,2.0117241206207837e-13,1.8989609884556558e-10,1.2854400877060357e-10,1.171371888375461e-10,1.0955425108760686e-10,1.2250195302598854e-10,1.094228362433225e-10,0.09291403042348588,0.19500138442672732,0.1285129367304538,0.12759129116056245,2.35,0.0,68.0,24.0,10,2,ccpfm,0.2,0.005992367969105413,0.025071819200488146,0.11149703237467982,0.2544850235365727
annulus,0.0,2.0955843090588604,1.6395590974820975,2.176736764479448,1.645902354730591,1.009192862677417,1.4243932816299498,1.8035679058445624,1.436979704584934,0.2,nan,nan,nan,0.0,nan,4.797636090357443,0.2988640043449731,2.1388941613574555,0.9637934776611703,0.24076050435049026,4.958768817099334,22.53178830352378,1.5262194286158603e-12,9.332672889489667e-12,2.149923248112489,0.03035418285413739,0.558802342657782,0.07350112653888398,0.1930952646521152,0.024684242636662503,0.4435596468986492,4.797636090357443,0.2728620247133895,2.1108245482218786,1.0,0.1760160390248231,nan,0.24079226106520285,0.24079226106520285,0.9353042447038625,0.4285037790853649,nan,0.4285037790853649,0.4285037790853649,0.0,2.1388941613574555,4.958768817099334,22.53178830352378,0.9637934776611703,0.558802342657782,5.385156523315787,4.543739590153903,0.12000000000000002,0.0,0.9,2.1388941613574555,nan,5e-08,1.0,0.0,2.0,5.0,0.5999999999999999,0.0,0.2,0.0,31.88338733870908,0.0,0.15940034376644024,0.0,0.0,0.0,0.0,0.0,0.0,48.4,1365.4,0.2336516831656283,4.797636090357443,0.2988640043449731,2.1388941613574555,0.9637934776611703,0.24076050435049026,4.958768817099334,22.53178830352378,2.149923248112489,0.03035418285413739,0.558802342657782,0.07350112653888398,4.797636090357443,0.2728620247133895,2.1108245482218786,1.0,0.2336516831656283,8.296696663023794e-14,1.2630676504699067e-10,1.179207287371753e-10,7.781700353537424e-11,7.547143153485703e-11,1.1278098455136388e-10,7.31820035126951e-11,nan,0.21935945321838352,0.21935945321838352,2.3500000000000005,0.0,68.0,24.0,nan,nan,nan,0.0,nan,4.824254371189732,0.29807516778100795,2.125086032714937,0.9661845956005422,0.23905011428220294,4.957771724687307,22.572742584841336,1.5171249673207043e-12,9.17126810929786e-12,2.101588897626546,0.030104025399519584,0.39219217461213196,0.06286549707602339,0.19397090350319846,0.02469581748500214,0.4444644936076074,4.824254371189732,0.26971931840279884,2.101062590587344,1.0,0.17566604106973774,nan,0.24000906124331867,0.24000906124331867,0.9382513994853247,0.4291519439037347,nan,0.4291519439037347,0.4291519439037347,0.0,2.125086032714937,4.957771724687307,22.572742584841336,0.9661845956005422,0.39219217461213196,5.444433791503997,4.52741767667357,0.12,0.0,0.9,2.125086032714937,nan,5e-08,1.0,0.0,2.0,5.0,0.6,0.0,0.2,0.0,31.854057513613522,0.0,0.16002768840005638,0.0,0.0,0.0,0.0,0.0,0.0,49.0,1365.0,0.23132266167348822,4.824254371189732,0.29807516778100795,2.125086032714937,0.9661845956005422,0.23905011428220294,4.957771724687307,22.572742584841336,2.101588897626546,0.030104025399519584,0.39219217461213196,0.06286549707602339,4.824254371189732,0.26971931840279884,2.101062590587344,1.0,0.23132266167348822,8.415490526658687e-14,1.2721335096443909e-10,1.1381540154786762e-10,7.410027799692465e-11,7.807899465861468e-11,1.185082032506557e-10,7.420979108996306e-11,0.1503510039286396,nan,0.2183146362085749,0.2183146362085749,2.35,0.0,68.0,24.0,10,0,ccpfm,0.0,0.004451696129941963,0.017717900422738152,0.17563520605156324,0.4282789949000381
annulus,0.0,1.7632455281242827,2.986493734808618,3.304761979874912,2.974847454975461,0.35007405387703927,3.1278670678378746,3.2271904385266925,3.1337743475015643,0.08,nan,nan,nan,nan,nan,nan,nan,nan,nan,nan,nan,nan,0.0,0.0,nan,nan,nan,nan,nan,nan,0.0,nan,nan,nan,0.30258781665260875,0.04779330452848573,0.056720485623814265,0.05322525007103196,0.0470124286714441,1.0,0.1920872850494942,0.18806716400480447,0.1920872850494942,0.1674145555842282,nan,nan,nan,nan,nan,nan,nan,nan,nan,nan,nan,nan,nan,nan,nan,nan,nan,nan,nan,nan,nan,nan,328.0350808016582,nan,0.007954856081364559,nan,159.5,nan,nan,nan,nan,147.0,nan,0.0,nan,nan,nan,nan,nan,nan,nan,nan,nan,nan,nan,nan,nan,nan,nan,nan,1.3247181129827368e-13,6.16395823271887e-14,4.6473935810809055e-14,9.486855745421963e-14,4.9885096053969845e-14,4.8760995241536874e-14,1.0114131754335176e-13,0.057142444798357984,0.05373596383907055,0.04969914667702539,nan,nan,nan,nan,nan,nan,nan,nan,nan,nan,nan,nan,nan,nan,nan,nan,0.0,0.0,nan,nan,nan,nan,nan,nan,0.0,nan,nan,nan,0.2990717820558746,0.047952941428904244,0.05658952384896701,0.05342056751657864,0.04655605356584538,1.0,0.1953271699945484,0.18615396568406295,0.1953271699945484,0.17355994490368254,nan,nan,nan,nan,nan,nan,nan,nan,nan,nan,nan,nan,nan,nan,nan,nan,nan,nan,nan,nan,nan,nan,322.5218170221077,nan,0.008081361061230957,nan,159.0,nan,nan,nan,nan,147.0,nan,0.0,nan,nan,nan,nan,nan,nan,nan,nan,nan,nan,nan,nan,nan,nan,nan,nan,1.3145040611561853e-13,6.17284001691587e-14,4.5852210917018965e-14,9.442446824436956e-14,4.973799150320701e-14,5.0737192225369654e-14,1.0191847366058937e-13,0.04462773965950949,0.05686664713834897,0.05351455220172886,0.04849240655139812,nan,nan,nan,nan,10,0,wls,0.0,0.00252394048760309,0.030840623394207563,0.04817064947142715,0.1924790633829806
annulus,0.0,1.7632455281242827,2.986493734808618,3.304761979874912,2.974847454975461,0.35007405387703927,3.1278670678378746,3.2271904385266925,3.1337743475015643,0.1,nan,nan,nan,nan,nan,nan,nan,nan,nan,nan,nan,nan,0.0,0.0,nan,nan,nan,nan,nan,nan,0.0,nan,nan,nan,0.5325215559238111,0.08473220189588687,0.09469688529387414,0.09731573820358133,0.09978102077823303,1.0,0.32349074001780376,0.2884721599450265,0.32349074001780376,0.31412937122740303,nan,nan,nan,nan,nan,nan,nan,nan,nan,nan,nan,nan,nan,nan,nan,nan,nan,nan,nan,nan,nan,nan,202.90348101037628,nan,0.012773621089260357,nan,77.3,nan,nan,nan,nan,116.4,nan,0.0,nan,nan,nan,nan,nan,nan,nan,nan,nan,nan,nan,nan,nan,nan,nan,nan,7.247535904753021e-14,3.3861802251067274e-14,2.6145752229922437e-14,5.694889004814741e-14,2.8391178297226815e-14,2.9976021664879227e-14,5.844214001626824e-14,0.09562846669307083,0.10231123891091096,0.10645453830457255,nan,nan,nan,nan,nan,nan,nan,nan,nan,nan,nan,nan,nan,nan,nan,nan,0.0,0.0,nan,nan,nan,nan,nan,nan,0.0,nan,nan,nan,0.5379109844768184,0.0840883765887542,0.09140898744378714,0.09656218298809,0.10142408985695657,1.0,0.3120142931260741,0.27767428128761606,0.3120142931260741,0.3120142931260741,nan,nan,nan,nan,nan,nan,nan,nan,nan,nan,nan,nan,nan,nan,nan,nan,nan,nan,nan,nan,nan,nan,201.12363630917974,nan,0.012935672211756826,nan,76.5,nan,nan,nan,nan,117.0,nan,0.0,nan,nan,nan,nan,nan,nan,nan,nan,nan,nan,nan,nan,nan,nan,nan,nan,7.105427357601002e-14,3.341771304121721e-14,2.353672812205332e-14,5.4817261840867104e-14,2.7533531010703882e-14,3.097522238704187e-14,5.5289106626332796e-14,0.08206514453451866,0.09079137481359047,0.10226715939131929,0.10735165660097536,nan,nan,nan,nan,10,1,wls,0.1,0.004904262552795579,0.054212661466552244,0.08475810254775058,0.31490507154226133
annulus,0.0,1.7632455281242827,2.986493734808618,3.304761979874912,2.974847454975461,0.35007405387703927,3.1278670678378746,3.2271904385266925,3.1337743475015643,0.12,nan,nan,nan,nan,nan,nan,nan,nan,nan,nan,nan,nan,0.0,0.0,nan,nan,nan,nan,nan,nan,0.0,nan,nan,nan,0.7594535780181465,0.1396333604792374,0.13672787313273638,0.16428216113430008,0.17624654929840494,1.0,0.623418462830868,0.3459746177743369,0.623418462830868,0.623418462830868,nan,nan,nan,nan,nan,nan,nan,nan,nan,nan,nan,nan,nan,nan,nan,nan,nan,nan,nan,nan,nan,nan,149.32269274543606,nan,0.017308624840555432,nan,34.8,nan,nan,nan,nan,104.8,nan,0.0,nan,nan,nan,nan,nan,nan,nan,nan,nan,nan,nan,nan,nan,nan,nan,nan,5.3868021154812594e-14,2.4291679778798426e-14,1.7497114868092466e-14,3.9168668308775524e-14,2.2006008126851385e-14,1.7219559111936177e-14,3.914646384828302e-14,0.1383105538081345,0.18740231103216348,0.20058746591186222,nan,nan,nan,nan,nan,nan,nan,nan,nan,nan,nan,nan,nan,nan,nan,nan,0.0,0.0,nan,nan,nan,nan,nan,nan,0.0,nan,nan,nan,0.7517113605153825,0.13613851109062075,0.13504141916327872,0.16020092006002562,0.173619277101906,1.0,0.5742496197798159,0.34768254173210383,0.5742496197798159,0.5742496197798159,nan,nan,nan,nan,nan,nan,nan,nan,nan,nan,nan,nan,nan,nan,nan,nan,nan,nan,nan,nan,nan,nan,148.11651251276172,nan,0.01747916589546898,nan,34.0,nan,nan,nan,nan,105.5,nan,0.0,nan,nan,nan,nan,nan,nan,nan,nan,nan,nan,nan,nan,nan,nan,nan,nan,5.218048215738236e-14,2.55351295663786e-14,1.609823385706477e-14,3.907985046680551e-14,2.14064876935538e-14,1.6264767310758543e-14,4.0745185003743245e-14,0.14657625795289236,0.13705529932704696,0.18823376419581117,0.1998307432699996,nan,nan,nan,nan,10,0,wls,0.0,0.014851994112960941,0.18324937362119523,0.13805905020226192,0.5799492459219783
annulus,0.0,1.7632455281242827,2.986493734808618,3.304761979874912,2.974847454975461,0.35007405387703927,3.1278670678378746,3.2271904385266925,3.1337743475015643,0.16,nan,nan,nan,nan,nan,nan,nan,nan,nan,nan,nan,nan,0.0,0.0,nan,nan,nan,nan,nan,nan,0.0,nan,nan,nan,0.9927086504295506,0.482268195263841,0.21998127104159074,0.6130383962293097,0.624366130166982,1.0,2.6784873333089836,0.28107047972786575,2.6784873333089836,2.6784873333089836,nan,nan,nan,nan,nan,nan,nan,nan,nan,nan,nan,nan,nan,nan,nan,nan,nan,nan,nan,nan,nan,nan,79.05593936772405,nan,0.03319592259385777,nan,2.0,nan,nan,nan,nan,73.3,nan,0.0,nan,nan,nan,nan,nan,nan,nan,nan,nan,nan,nan,nan,nan,nan,nan,nan,2.854383396311278e-14,1.4876988529977098e-14,9.692247004977616e-15,2.2293278334473145e-14,1.3503087537003466e-14,1.056932319443149e-14,2.533528942194607e-14,0.21491332799934995,0.7362929144939797,0.7454810978671513,nan,nan,nan,nan,nan,nan,nan,nan,nan,nan,nan,nan,nan,nan,nan,nan,0.0,0.0,nan,nan,nan,nan,nan,nan,0.0,nan,nan,nan,0.9979246807444626,0.4811843700048005,0.190842093796504,0.61448542020514,0.6223800083630567,1.0,2.644199849973295,0.23616885256732373,2.644199849973295,2.644199849973295,nan,nan,nan,nan,nan,nan,nan,nan,nan,nan,nan,nan,nan,nan,nan,nan,nan,nan,nan,nan,nan,nan,79.44359780513116,nan,0.03316731158309302,nan,2.0,nan,nan,nan,nan,73.5,nan,0.0,nan,nan,nan,nan,nan,nan,nan,nan,nan,nan,nan,nan,nan,nan,nan,nan,2.758904216193514e-14,1.3766765505351941e-14,1.0103029524088925e-14,2.1538326677728037e-14,1.2725931419765857e-14,9.381384558082573e-15,2.120525977034049e-14,0.5328758620052301,0.18780968960358108,0.7370957145012172,0.7442730057715847,nan,nan,nan,nan,10,0,wls,0.0,0.07956433435739671,0.554562396502546,0.47052232413700873,2.6625401537750357
annulus,0.0,1.7632455281242827,2.986493734808618,3.304761979874912,2.974847454975461,0.35007405387703927,3.1278670678378746,3.2271904385266925,3.1337743475015643,0.2,nan,nan,nan,nan,nan,nan,nan,nan,nan,nan,nan,nan,0.0,0.0,nan,nan,nan,nan,nan,nan,0.0,nan,nan,nan,1.0,0.6343920176905177,nan,0.8683307307576318,0.8683307307576318,1.0,2.4707803843576217,nan,2.4707803843576217,2.4707803843576217,nan,nan,nan,nan,nan,nan,nan,nan,nan,nan,nan,nan,nan,nan,nan,nan,nan,nan,nan,nan,nan,nan,47.61322764092788,nan,0.053098444467170824,nan,0.0,nan,nan,nan,nan,48.4,nan,0.0,nan,nan,nan,nan,nan,nan,nan,nan,nan,nan,nan,nan,nan,nan,nan,nan,1.79134485023269e-14,9.392486788328824e-15,7.94919685631612e-15,1.2678746941219288e-14,1.0645824499722067e-14,7.982503547054876e-15,1.3371248552829229e-14,nan,0.9496811061557251,0.9496811061557251,nan,nan,nan,nan,nan,nan,nan,nan,nan,nan,nan,nan,nan,nan,nan,nan,0.0,0.0,nan,nan,nan,nan,nan,nan,0.0,nan,nan,nan,1.0,0.6126959032813931,nan,0.8355248096627379,0.8355248096627379,1.0,2.4031725372652297,nan,2.4031725372652297,2.4031725372652297,nan,nan,nan,nan,nan,nan,nan,nan,nan,nan,nan,nan,nan,nan,nan,nan,nan,nan,nan,nan,nan,nan,47.2503716736923,nan,0.05340204530973555,nan,0.0,nan,nan,nan,nan,49.0,nan,0.0,nan,nan,nan,nan,nan,nan,nan,nan,nan,nan,nan,nan,nan,nan,nan,nan,1.7930101847696278e-14,9.325873406851315e-15,7.438494264988549e-15,1.2323475573339238e-14,1.0658141036401503e-14,7.327471962526033e-15,1.3211653993039363e-14,0.6458370168562437,nan,0.9339159763099794,0.9339159763099794,nan,nan,nan,nan,10,1,wls,0.1,0.06854283554846594,0.669582746670264,0.6175508778875278,2.3896730028276987
circle,0.0,1.5651972332309447,1.55693491958801,2.2148286495374894,1.5908183298793628,1.2852003734886202,1.3398005289286619,1.9184954049816556,1.4091911853532857,0.08,nan,nan,nan,0.0,nan,4.455350283355882,0.8225847098923775,1.9179592162914965,0.3950509003714359,0.41948998410373195,26.442114540488763,103.60646943183698,1.2664743750251394e-10,1.1229423321375688e-09,2.968250339971866,0.43985738478806213,1.6600660236864517,0.3156592186247939,0.3090311926063243,0.06801091359797651,0.5917785354271079,4.455350283355882,0.609067713802407,1.75051769501002,0.08709236236280249,0.035532477945991035,0.04067395571421707,0.0380094312795272,0.024581874253226454,0.6963075172551347,0.1010813258836389,0.1010813258836389,0.1010813258836389,0.06447552121516015,0.0,1.9179592162914965,26.442114540488763,103.60646943183698,0.3950509003714359,1.6600660236864517,1.155369817013184,3.9188762418092926,0.12000000000000002,1.0,0.9,1.9179592162914965,nan,5e-08,1.0,0.0,2.0,5.0,0.5999999999999999,0.0,0.07999999999999999,0.0,26.943219620022667,0.0,0.1586245766255389,0.0,254.8,0.0,0.0,0.0,0.0,98.6,6561.4,0.35668033401991733,4.455350283355882,0.8225847098923775,1.9179592162914965,0.3950509003714359,0.41948998410373195,26.442114540488763,103.60646943183698,2.968250339971866,0.43985738478806213,1.6600660236864517,0.3156592186247939,4.455350283355882,0.609067713802407,1.75051769501002,1.0,0.35668033401991733,6.678879671540017e-13,8.992278832664624e-09,6.707492339330656e-09,6.04652921065707e-09,8.427422670820306e-09,6.4873394878262046e-09,5.786594726997496e-09,0.040746886968156856,0.03686698427334667,0.02391918664741808,2.3500000000000005,0.0,68.0,24.0,nan,nan,nan,0.0,nan,4.361908459560825,0.8243372834349235,1.9243341458246424,0.39483972171503534,0.4185124561805062,26.604843740907047,102.50434303234766,1.1554514983691533e-10,1.131677381069781e-09,2.97504782637026,0.44086295800804,1.6606446894500482,0.31505279675915776,0.31293864264818605,0.06798555994669131,0.5915393493364833,4.361908459560825,0.6083999313118493,1.7547451878484646,0.09441376117671757,0.03515328370404987,0.040066005918797415,0.037591650882608206,0.024522235189276546,0.6982526639157827,0.1025671155427256,0.1025671155427256,0.1025671155427256,0.06206644385565452,0.0,1.9243341458246424,26.604843740907047,102.50434303234766,0.39483972171503534,1.6606446894500482,1.1513978502717168,3.9353469149570603,0.12,1.0,0.9,1.9243341458246424,nan,5e-08,1.0,0.0,2.0,5.0,0.6,0.0,0.08,0.0,27.019509831047728,0.0,0.1584308352030439,0.0,254.0,0.0,0.0,0.0,0.0,99.0,6576.0,0.3568709958985632,4.361908459560825,0.8243372834349235,1.9243341458246424,0.39483972171503534,0.4185124561805062,26.604843740907047,102.50434303234766,2.97504782637026,0.44086295800804,1.6606446894500482,0.31505279675915776,4.361908459560825,0.6083999313118493,1.7547451878484646,1.0,0.3568709958985632,6.261657858885883e-13,9.096740249958657e-09,6.803630325791232e-09,5.986189322015889e-09,8.585396837901271e-09,6.509163874568458e-09,5.619588350214144e-09,0.0321414389096987,0.0400264753967974,0.036387231925430405,0.024172938825239534,2.35,0.0,68.0,24.0,10,0,ccpfm,0.0,0.005394491760800478,0.015945931031112175,0.03507438816267699,0.10083226532836838
circle,0.0,1.5651972332309447,1.55693491958801,2.2148286495374894,1.5908183298793628,1.2852003734886202,1.3398005289286619,1.9184954049816556,1.4091911853532857,0.1,nan,nan,nan,0.0,nan,5.083970127393839,0.7819458027543285,1.8679604314284952,0.47162234755106214,0.3858953960545205,16.809485537262113,67.3338765842607,4.120063585005135e-11,3.0027564945800224e-10,2.897751247787964,0.38293533684747444,1.6576219965136816,0.3014431594986879,0.3089147853269275,0.0595210931198479,0.5839997261841577,5.083970127393839,0.5899669200235278,1.73197462427156,0.14390895022225053,0.05375475583066167,0.06288970981693157,0.058555885441944996,0.04330132526072528,0.6872733243066045,0.1476904619068776,0.1476904619068776,0.1476904619068776,0.10739788598230397,0.0,1.8679604314284952,16.809485537262113,67.3338765842607,0.47162234755106214,1.6576219965136816,1.1269319136881137,4.006700008489545,0.12000000000000002,1.0,0.9,1.8679604314284952,nan,5e-08,1.0,0.0,2.0,5.0,0.5999999999999999,0.0,0.1,0.0,26.360732877458453,0.0,0.16086539985198528,0.0,147.0,0.0,0.0,0.0,0.0,78.0,4366.1,0.34125922930150365,5.083970127393839,0.7819458027543285,1.8679604314284952,0.47162234755106214,0.3858953960545205,16.809485537262113,67.3338765842607,2.897751247787964,0.38293533684747444,1.6576219965136816,0.3014431594986879,5.083970127393839,0.5899669200235278,1.73197462427156,1.0,0.34125922930150365,4.1957548546633914e-13,4.315215784700399e-09,3.296809603092754e-09,2.78164846712059e-09,3.882203151268568e-09,3.0644012660729914e-09,2.6069744779588787e-09,0.06310255289915452,0.05685689734627216,0.04244084935276203,2.3500000000000005,0.0,68.0,24.0,nan,nan,nan,0.0,nan,5.041370141595651,0.7869235221858328,1.8677311786289974,0.46973207336380973,0.3848846672135955,16.74618649025509,66.86072377416795,3.88537504036543e-11,2.8828900295811294e-10,2.890762896996439,0.38262880494971774,1.6567095966214254,0.29957543784564367,0.30373263146182095,0.0594842800557156,0.5831752981117241,5.041370141595651,0.5856253164096192,1.7299568021217049,0.13557043499688226,0.05304448979746598,0.06245024268833313,0.05775592484887557,0.04225806702764906,0.6863011674370278,0.1463994809357272,0.1463994809357272,0.1463994809357272,0.1071719104969262,0.0,1.8677311786289974,16.74618649025509,66.86072377416795,0.46973207336380973,1.6567095966214254,1.127048241840488,3.994051778533606,0.12,1.0,0.9,1.8677311786289974,nan,5e-08,1.0,0.0,2.0,5.0,0.6,0.0,0.1,0.0,26.296795565093145,0.0,0.1613730311958181,0.0,147.5,0.0,0.0,0.0,0.0,78.5,4361.0,0.3400899016912988,5.041370141595651,0.7869235221858328,1.8677311786289974,0.46973207336380973,0.3848846672135955,16.74618649025509,66.86072377416795,2.890762896996439,0.38262880494971774,1.6567095966214254,0.29957543784564367,5.041370141595651,0.5856253164096192,1.7299568021217049,1.0,0.3400899016912988,3.9390712913700554e-13,4.191037517031759e-09,3.164263961963343e-09,2.6395883256924435e-09,3.87115151045947e-09,2.9720071959005168e-09,2.539705334925202e-09,0.048213907798684584,0.06282613896526906,0.05617563521799554,0.04144644070085804,2.35,0.0,68.0,24.0,10,0,ccpfm,0.0,0.0065509504947637975,0.023811237006237006,0.05269677741055869,0.14300379356272483
circle,0.0,1.5651972332309447,1.55693491958801,2.2148286495374894,1.5908183298793628,1.2852003734886202,1.3398005289286619,1.9184954049816556,1.4091911853532857,0.12,nan,nan,nan,0.0,nan,5.010870801645238,0.6522567716931611,1.8902421372269103,0.5475531658497228,0.34962281579532056,11.605572624382294,47.57824759254686,1.3362149060835993e-11,9.388755900109603e-11,2.763832377305254,0.3281493813153529,1.6700492832328735,0.2760862374443087,0.3053918464905867,0.04946139670189033,0.5761931230643653,5.010870801645238,0.5150747717702752,1.756076023263421,0.18952696121511595,0.07875574085124545,0.09439274656359381,0.08747237102246562,0.06877502844113911,0.7069447099099431,0.2028738682550129,0.2028738682550129,0.2028738682550129,0.15224971243100155,0.0,1.8902421372269103,11.605572624382294,47.57824759254686,0.5475531658497228,1.6700492832328735,1.1321561579470154,4.103708133617728,0.12000000000000002,1.0,0.9,1.8902421372269103,nan,5e-08,1.0,0.0,2.0,5.0,0.5999999999999999,0.0,0.12000000000000002,0.0,25.845939163812197,0.0,0.16533147157952827,0.0,92.5,0.0,0.0,0.0,0.0,63.3,3179.8,0.3163119940453391,5.010870801645238,0.6522567716931611,1.8902421372269103,0.5475531658497228,0.34962281579532056,11.605572624382294,47.57824759254686,2.763832377305254,0.3281493813153529,1.6700492832328735,0.2760862374443087,5.010870801645238,0.5150747717702752,1.756076023263421,1.0,0.3163119940453391,3.0517810500896305e-13,1.8326637984955596e-09,1.5058135627299408e-09,1.1991840298541945e-09,1.5420309931735154e-09,1.3437211565658912e-09,1.1153249296347312e-09,0.09490031167498557,0.08411367300192793,0.0651051804319721,2.3500000000000005,0.0,68.0,24.0,nan,nan,nan,0.0,nan,4.990248287577428,0.6563553800953171,1.8889280342362533,0.5481666253145713,0.34988968146862887,11.649500438904145,47.5749253800131,1.405080652522317e-11,9.309578539133945e-11,2.7465751387068145,0.32546705629762906,1.6703639840634898,0.27706754574631315,0.30420841822483946,0.04905886795969966,0.5762992308777667,4.990248287577428,0.5166887293863369,1.7528555240419186,0.1913666005094556,0.07687338637958616,0.09222273581899304,0.08543514107191134,0.06669286863978904,0.7074740861458371,0.19280034998997952,0.19280034998997952,0.19280034998997952,0.14067481101711948,0.0,1.8889280342362533,11.649500438904145,47.5749253800131,0.5481666253145713,1.6703639840634898,1.1287362050661383,4.0842870715626765,0.12,1.0,0.9,1.8889280342362533,nan,5e-08,1.0,0.0,2.0,5.0,0.6,0.0,0.12,0.0,25.876246869417187,0.0,0.1661747476729478,0.0,93.0,0.0,0.0,0.0,0.0,63.5,3175.5,0.31740216888838574,4.990248287577428,0.6563553800953171,1.8889280342362533,0.5481666253145713,0.34988968146862887,11.649500438904145,47.5749253800131,2.7465751387068145,0.32546705629762906,1.6703639840634898,0.27706754574631315,4.990248287577428,0.5166887293863369,1.7528555240419186,1.0,0.31740216888838574,2.8954616482224083e-13,1.760266599148963e-09,1.4518883872938204e-09,1.121405412973786e-09,1.5478704082361183e-09,1.366467161645346e-09,1.1485070672279107e-09,0.06875520413945399,0.09274089258872759,0.08194230592179144,0.06397797954635379,2.35,0.0,68.0,24.0,10,0,ccpfm,0.0,0.011768687907435035,0.04063857381869909,0.07811237972008263,0.1931821369350557
circle,0.0,1.5651972332309447,1.55693491958801,2.2148286495374894,1.5908183298793628,1.2852003734886202,1.3398005289286619,1.9184954049816556,1.4091911853532857,0.16,nan,nan,nan,0.0,nan,3.672894446906947,0.6788087525761988,1.868947736711668,0.6693407904114619,0.36525801766902,6.444057848794737,28.63142458639147,2.0676117068463284e-12,1.3921990390257881e-11,2.7217955143954042,0.28281173332309917,1.5973642949823783,0.24235228628233646,0.31503182099552574,0.048483038573865676,0.5585072402299093,3.672894446906947,0.537772172505479,1.769091426854868,0.35996800888601166,0.12357415715636491,0.14956874314211452,0.14235549251660498,0.12908201109017323,0.6847125132376328,0.3018766878258759,0.290565027478283,0.3018766878258759,0.2780575896948809,0.0,1.868947736711668,6.444057848794737,28.63142458639147,0.6693407904114619,1.5973642949823783,1.1705377955563139,4.443218920987823,0.12000000000000002,0.0,0.9,1.868947736711668,nan,5e-08,1.0,0.0,2.0,5.0,0.5999999999999999,0.0,0.15999999999999998,0.0,25.745603311334747,0.0,0.16773469784120393,0.0,41.7,0.0,0.0,0.0,0.0,46.5,1973.4,0.32471150576799407,3.672894446906947,0.6788087525761988,1.868947736711668,0.6693407904114619,0.36525801766902,6.444057848794737,28.63142458639147,2.7217955143954042,0.28281173332309917,1.5973642949823783,0.24235228628233646,3.672894446906947,0.537772172505479,1.769091426854868,1.0,0.32471150576799407,1.668470916982301e-13,1.4663987801810664e-10,9.27057652866381e-11,1.0548582242073112e-10,9.625263069218404e-11,9.819770552255136e-11,9.556075642163514e-11,0.1498130687928269,0.13349116417885318,0.11498847054277636,2.3500000000000005,0.0,68.0,24.0,nan,nan,nan,0.0,nan,3.62625165858124,0.6783000926754497,1.8700515951937469,0.6675062622337393,0.36082358882329935,6.427819862163362,28.70179789946234,2.0355175878172815e-12,1.37344513076948e-11,2.7233721135981463,0.282678607628857,1.59766491665595,0.24618423498791597,0.31366181999951864,0.04825814780162127,0.558450110418375,3.62625165858124,0.5415271025916399,1.7551525739114413,0.375352518162276,0.11557075304782805,0.1356363728386505,0.13328019767849414,0.12906501706501963,0.6834363416476508,0.27967801675562376,0.2651195572880182,0.27967801675562376,0.27967801675562376,0.0,1.8700515951937469,6.427819862163362,28.70179789946234,0.6675062622337393,1.59766491665595,1.1872235721012443,4.465246151095794,0.12,0.0,0.9,1.8700515951937469,nan,5e-08,1.0,0.0,2.0,5.0,0.6,0.0,0.16,0.0,25.697678684019508,0.0,0.16839235245408868,0.0,42.0,0.0,0.0,0.0,0.0,47.0,1971.5,0.32395969798854063,3.62625165858124,0.6783000926754497,1.8700515951937469,0.6675062622337393,0.36082358882329935,6.427819862163362,28.70179789946234,2.7233721135981463,0.282678607628857,1.59766491665595,0.24618423498791597,3.62625165858124,0.5415271025916399,1.7551525739114413,1.0,0.32395969798854063,1.5765166949677223e-13,1.4053425090310157e-10,7.866440832060562e-11,1.0037037867505205e-10,8.305097581873255e-11,9.365730413435358e-11,9.646580008317723e-11,0.10004801199130281,0.13534376035503043,0.12543467006190623,0.1148311922236493,2.35,0.0,68.0,24.0,10,1,ccpfm,0.1,0.02593271754747727,0.05571156052794952,0.11405178702176501,0.28324170654373165
circle,0.0,1.5651972332309447,1.55693491958801,2.2148286495374894,1.5908183298793628,1.2852003734886202,1.3398005289286619,1.9184954049816556,1.4091911853532857,0.2,nan,nan,nan,0.0,nan,4.13788056503308,0.7402447493851023,2.1538344649516654,0.7659158830442078,0.3938224225562597,4.2466904574493265,18.709550714360383,1.3723782527064187e-12,8.253860440363694e-12,2.578926689626347,0.22149560549451963,1.47708587258393,0.19772581642599624,0.2929317377651973,0.053051526046132835,0.5639787246536301,4.13788056503308,0.6027871293018603,2.0420464517641688,0.5377943052557835,0.14860372406023095,0.1762311266702898,0.17831122004135788,0.17801506946113227,0.6987690909108448,0.360309642356213,0.3506981315542022,0.360309642356213,0.34255064954915754,0.0,2.1538344649516654,4.2466904574493265,18.709550714360383,0.7659158830442078,1.47708587258393,1.4641263081929476,4.40531201586513,0.12000000000000002,0.0,0.9,2.1538344649516654,nan,5e-08,1.0,0.0,2.0,5.0,0.5999999999999999,0.0,0.2,0.0,25.77282410991316,0.0,0.1724014802846676,0.0,20.2,0.0,0.0,0.0,0.0,35.6,1332.0,0.3479100487138463,4.13788056503308,0.7402447493851023,2.1538344649516654,0.7659158830442078,0.3938224225562597,4.2466904574493265,18.709550714360383,2.578926689626347,0.22149560549451963,1.47708587258393,0.19772581642599624,4.13788056503308,0.6027871293018603,2.0420464517641688,1.0,0.3479100487138463,8.921752225887758e-14,5.321481033604414e-11,4.683240462100002e-11,3.405356725771913e-11,4.519101171832768e-11,4.1692860275333035e-11,3.3711936020530686e-11,0.1778599140797053,0.16513529827118012,0.15602074426733614,2.3500000000000005,0.0,68.0,24.0,nan,nan,nan,0.0,nan,4.064619056975705,0.736693546193079,2.1653214221259622,0.7646012254466393,0.3966778870754638,4.260761440524084,18.86990498707886,1.3267442700026777e-12,8.176799937376268e-12,2.5864093911515136,0.2185970045878351,1.4819693265814977,0.1953044375644995,0.2913653388584449,0.052696250513591024,0.5639456574073469,4.064619056975705,0.6028718530629005,2.048818109759073,0.5773423138457041,0.14437618149377046,0.1669035055923554,0.1734572810220636,0.18062053954898116,0.7027192673981038,0.34872965974933606,0.3370638249309179,0.34872965974933606,0.34872965974933606,0.0,2.1653214221259622,4.260761440524084,18.86990498707886,0.7646012254466393,1.4819693265814977,1.4800243886013273,4.428763555642266,0.12,0.0,0.9,2.1653214221259622,nan,5e-08,1.0,0.0,2.0,5.0,0.6,0.0,0.2,0.0,25.58765398920766,0.0,0.17182570860102275,0.0,20.0,0.0,0.0,0.0,0.0,35.5,1335.0,0.3481685392577142,4.064619056975705,0.736693546193079,2.1653214221259622,0.7646012254466393,0.3966778870754638,4.260761440524084,18.86990498707886,2.5864093911515136,0.2185970045878351,1.4819693265814977,0.1953044375644995,4.064619056975705,0.6028718530629005,2.048818109759073,1.0,0.3481685392577142,9.08162434143378e-14,5.3537396738079224e-11,4.691652621957587e-11,3.057180029963913e-11,4.488393955549147e-11,4.1677217232916064e-11,3.311262375405022e-11,0.12450352842408528,0.16982567428937442,0.16183807370462694,0.1564190521834339,2.35,0.0,68.0,24.0,10,0,ccpfm,0.0,0.020453307046960818,0.045357042198171486,0.1505041057248712,0.3647252850218357
circle,0.0,3.1491288721425215,3.3391330004798863,3.7873399259400533,3.346625924301457,2.77751307163089,3.500543293606135,3.6904161913627465,3.4747886901724927,0.08,nan,nan,nan,nan,nan,nan,nan,nan,nan,nan,nan,nan,0.0,0.0,nan,nan,nan,nan,nan,nan,0.0,nan,nan,nan,0.14443106638704417,0.053683123432316585,0.059467799537687924,0.05742605644497484,0.048256854205007124,1.0,0.2101097533134774,0.20957619838390046,0.2101097533134774,0.16432173341627296,nan,nan,nan,nan,nan,nan,nan,nan,nan,nan,nan,nan,nan,nan,nan,nan,nan,nan,nan,nan,nan,nan,325.04991657378486,nan,0.0080741550738786,nan,254.8,nan,nan,nan,nan,98.6,nan,0.0,nan,nan,nan,nan,nan,nan,nan,nan,nan,nan,nan,nan,nan,nan,nan,nan,1.2669032489753818e-13,6.16839912481737e-14,4.8028248045284274e-14,9.65755253545808e-14,4.9432680171435095e-14,4.816147480823929e-14,9.308109838457312e-14,0.05981670175297236,0.057533152961016985,0.05090720234515854,nan,nan,nan,nan,nan,nan,nan,nan,nan,nan,nan,nan,nan,nan,nan,nan,0.0,0.0,nan,nan,nan,nan,nan,nan,0.0,nan,nan,nan,0.1436297845112339,0.05307974122397959,0.05940147171745154,0.05681506960894314,0.048325385197137305,1.0,0.2036908581326523,0.20102308348476777,0.2036908581326523,0.16504983852776609,nan,nan,nan,nan,nan,nan,nan,nan,nan,nan,nan,nan,nan,nan,nan,nan,nan,nan,nan,nan,nan,nan,329.2796969496632,nan,0.008005197808304488,nan,254.0,nan,nan,nan,nan,99.0,nan,0.0,nan,nan,nan,nan,nan,nan,nan,nan,nan,nan,nan,nan,nan,nan,nan,nan,1.2678746941219288e-13,6.150635556423367e-14,4.3076653355456074e-14,9.681144774731365e-14,4.529709940470639e-14,4.8960835385969403e-14,9.43689570931383e-14,0.0507473470010309,0.05975110334735263,0.057442216582128905,0.0503611268117454,nan,nan,nan,nan,10,0,wls,0.0,0.002429594391145944,0.03630726494088079,0.053481637904460894,0.2078207943718987
circle,0.0,3.1491288721425215,3.3391330004798863,3.7873399259400533,3.346625924301457,2.77751307163089,3.500543293606135,3.6904161913627465,3.4747886901724927,0.1,nan,nan,nan,nan,nan,nan,nan,nan,nan,nan,nan,nan,0.0,0.0,nan,nan,nan,nan,nan,nan,0.0,nan,nan,nan,0.25013918565094284,0.09124203498634618,0.09975710848135995,0.09939142747162641,0.09781956375982861,1.0,0.34425069421192933,0.2835591196660413,0.34425069421192933,0.3338429031689064,nan,nan,nan,nan,nan,nan,nan,nan,nan,nan,nan,nan,nan,nan,nan,nan,nan,nan,nan,nan,nan,nan,201.25654301952983,nan,0.012944457298408655,nan,147.0,nan,nan,nan,nan,78.0,nan,0.0,nan,nan,nan,nan,nan,nan,nan,nan,nan,nan,nan,nan,nan,nan,nan,nan,8.284484209752919e-14,3.8391512191537914e-14,2.9676261448230436e-14,5.931921620572211e-14,2.9132252166164105e-14,3.2285285556099553e-14,7.158718062783009e-14,0.10050925715434333,0.10321820206602358,0.10782999899188546,nan,nan,nan,nan,nan,nan,nan,nan,nan,nan,nan,nan,nan,nan,nan,nan,0.0,0.0,nan,nan,nan,nan,nan,nan,0.0,nan,nan,nan,0.2553302639962122,0.09140153283938152,0.09947253675056084,0.09974233967826349,0.09936057776501556,1.0,0.33156426199981986,0.28701272607630873,0.33156426199981986,0.32146467900049885,nan,nan,nan,nan,nan,nan,nan,nan,nan,nan,nan,nan,nan,nan,nan,nan,nan,nan,nan,nan,nan,nan,201.9257798088696,nan,0.012959916318967472,nan,147.5,nan,nan,nan,nan,78.5,nan,0.0,nan,nan,nan,nan,nan,nan,nan,nan,nan,nan,nan,nan,nan,nan,nan,nan,8.08242361927114e-14,3.752553823233029e-14,3.019806626980426e-14,5.35682609381638e-14,2.8227420401094605e-14,3.219646771412954e-14,6.88338275267597e-14,0.08872110436474726,0.09998153199887844,0.10298803141899006,0.110497438856488,nan,nan,nan,nan,10,0,wls,0.0,0.0037981807330881964,0.06474323019615144,0.09154806474384013,0.3356024784356246
circle,0.0,3.1491288721425215,3.3391330004798863,3.7873399259400533,3.346625924301457,2.77751307163089,3.500543293606135,3.6904161913627465,3.4747886901724927,0.12,nan,nan,nan,nan,nan,nan,nan,nan,nan,nan,nan,nan,0.0,0.0,nan,nan,nan,nan,nan,nan,0.0,nan,nan,nan,0.3423754023526874,0.1576239925734565,0.17022411214707214,0.17506295637572283,0.18508274156021026,1.0,0.6492924633423092,0.5195160690966751,0.6492924633423092,0.6097011470460301,nan,nan,nan,nan,nan,nan,nan,nan,nan,nan,nan,nan,nan,nan,nan,nan,nan,nan,nan,nan,nan,nan,142.29054061406472,nan,0.018510325466665735,nan,92.5,nan,nan,nan,nan,63.3,nan,0.0,nan,nan,nan,nan,nan,nan,nan,nan,nan,nan,nan,nan,nan,nan,nan,nan,5.226929999935237e-14,2.5557334026871102e-14,1.7419399256368707e-14,3.758104938356155e-14,1.9681478669042463e-14,1.991740106177531e-14,4.153344335122711e-14,0.17253805786536985,0.19124740054807005,0.21505249310452218,nan,nan,nan,nan,nan,nan,nan,nan,nan,nan,nan,nan,nan,nan,nan,nan,0.0,0.0,nan,nan,nan,nan,nan,nan,0.0,nan,nan,nan,0.35153494998743295,0.1557330129452581,0.1651568799046672,0.17307082099998994,0.17523304492730402,1.0,0.6058697649182548,0.496490537668992,0.6058697649182548,0.6058697649182548,nan,nan,nan,nan,nan,nan,nan,nan,nan,nan,nan,nan,nan,nan,nan,nan,nan,nan,nan,nan,nan,nan,140.67392384957483,nan,0.01869002924815403,nan,93.0,nan,nan,nan,nan,63.5,nan,0.0,nan,nan,nan,nan,nan,nan,nan,nan,nan,nan,nan,nan,nan,nan,nan,nan,5.3290705182007514e-14,2.55351295663786e-14,1.7319479184152442e-14,3.652633751016765e-14,1.7985612998927536e-14,1.7763568394002505e-14,3.835820550079916e-14,0.1570217814224575,0.1670396563484841,0.1874900430153431,0.20489160824441566,nan,nan,nan,nan,10,0,wls,0.0,0.019273846712509785,0.14909408933800258,0.15537069567757988,0.623760487895047
circle,0.0,3.1491288721425215,3.3391330004798863,3.7873399259400533,3.346625924301457,2.77751307163089,3.500543293606135,3.6904161913627465,3.4747886901724927,0.16,nan,nan,nan,nan,nan,nan,nan,nan,nan,nan,nan,nan,0.0,0.0,nan,nan,nan,nan,nan,nan,0.0,nan,nan,nan,0.609122352051813,0.47928021600308685,0.4471796596341995,0.5523220355392519,0.6720282548692869,1.0,2.5401505836047917,1.1010482745571515,2.5401505836047917,2.5401505836047917,nan,nan,nan,nan,nan,nan,nan,nan,nan,nan,nan,nan,nan,nan,nan,nan,nan,nan,nan,nan,nan,nan,78.52947888059717,nan,0.0333930488462289,nan,41.7,nan,nan,nan,nan,46.5,nan,0.0,nan,nan,nan,nan,nan,nan,nan,nan,nan,nan,nan,nan,nan,nan,nan,nan,2.8599345114344035e-14,1.3766765505351941e-14,9.903189379656397e-15,1.9434454046063367e-14,1.4111281587680936e-14,9.72555369571637e-15,1.9950707752514062e-14,0.45249473882138275,0.6695502920915655,0.8142341122293084,nan,nan,nan,nan,nan,nan,nan,nan,nan,nan,nan,nan,nan,nan,nan,nan,0.0,0.0,nan,nan,nan,nan,nan,nan,0.0,nan,nan,nan,0.6068127610849696,0.4748817956217207,0.43843398825498214,0.5468935310618787,0.6604130411712633,1.0,2.417859009259394,1.1411129059958056,2.417859009259394,2.417859009259394,nan,nan,nan,nan,nan,nan,nan,nan,nan,nan,nan,nan,nan,nan,nan,nan,nan,nan,nan,nan,nan,nan,77.6021343732018,nan,0.03381624570976573,nan,42.0,nan,nan,nan,nan,47.0,nan,0.0,nan,nan,nan,nan,nan,nan,nan,nan,nan,nan,nan,nan,nan,nan,nan,nan,2.886579864025407e-14,1.3100631690576847e-14,1.0547118733938987e-14,1.7569279364693102e-14,1.2816137040516651e-14,1.0047518372857667e-14,1.965094753586527e-14,0.5297601619337258,0.4414881990717696,0.6627843154891978,0.789399570921266,nan,nan,nan,nan,10,0,wls,0.0,0.05752454687344005,0.5894387321125003,0.47810642701708006,2.4315054819998916
circle,0.0,3.1491288721425215,3.3391330004798863,3.7873399259400533,3.346625924301457,2.77751307163089,3.500543293606135,3.6904161913627465,3.4747886901724927,0.2,nan,nan,nan,nan,nan,nan,nan,nan,nan,nan,nan,nan,0.0,0.0,nan,nan,nan,nan,nan,nan,0.0,nan,nan,nan,0.6322085887710046,1.0911500130301586,1.1464523716344828,1.309482443472552,1.431536084590604,1.0,4.149302299757265,2.6927723605003853,4.149302299757265,4.149302299757265,nan,nan,nan,nan,nan,nan,nan,nan,nan,nan,nan,nan,nan,nan,nan,nan,nan,nan,nan,nan,nan,nan,48.03876490470434,nan,0.055412476762448024,nan,20.2,nan,nan,nan,nan,35.6,nan,0.0,nan,nan,nan,nan,nan,nan,nan,nan,nan,nan,nan,nan,nan,nan,nan,nan,1.6253665080512292e-14,8.260059303211165e-15,6.5503158452884236e-15,1.3139489496438727e-14,1.3213909133558133e-14,6.494804694057166e-15,1.2495560142156137e-14,1.160033322523605,1.4515183872906992,1.5846363905859266,nan,nan,nan,nan,nan,nan,nan,nan,nan,nan,nan,nan,nan,nan,nan,nan,0.0,0.0,nan,nan,nan,nan,nan,nan,0.0,nan,nan,nan,0.6391718343141055,1.0689662096515768,1.0470116215659817,1.28414903489297,1.4392105662692583,1.0,4.141400774337407,2.4433752748191004,4.141400774337407,4.141400774337407,nan,nan,nan,nan,nan,nan,nan,nan,nan,nan,nan,nan,nan,nan,nan,nan,nan,nan,nan,nan,nan,nan,47.520078712147864,nan,0.0554497602311424,nan,20.0,nan,nan,nan,nan,35.5,nan,0.0,nan,nan,nan,nan,nan,nan,nan,nan,nan,nan,nan,nan,nan,nan,nan,nan,1.6042722705833512e-14,8.326672684688674e-15,6.661338147750939e-15,1.2656542480726785e-14,1.2698175844150228e-14,6.106226635438361e-15,1.2045919817182948e-14,1.0938900508537053,1.047956581039453,1.4378892856941927,1.5968368021093113,nan,nan,nan,nan,10,0,wls,0.0,0.15644350735601353,1.0470721823451583,1.0826599620809558,4.122297791212795
ellipse,0.0,1.4235072260956565,1.3401488195435889,1.7707139234456293,1.3104301631939428,1.25316304423816,1.2965819988608613,1.4230788691279683,1.3101095461883796,0.08,nan,nan,nan,0.0,nan,6.58230140706939,0.7131917239121778,1.9633982091478948,0.4474648784822025,0.37743080310312443,26.260127263274306,107.86706113413757,7.263188303834739e-11,5.51665904751578e-10,2.8629769692114424,0.4041017542326749,1.6524550784870626,0.30023081130396506,0.3016738516754956,0.05972963540939956,0.5846726528656498,6.58230140706939,0.5502627563810383,1.771948952007018,0.14556189878086528,0.04463834817853486,0.05129200877427348,0.048307772624007664,0.036405476304373206,0.7180892070019367,0.11318071209956375,0.11047050638152352,0.11318071209956375,0.10235103089738751,0.0,1.9633982091478948,26.260127263274306,107.86706113413757,0.4474648784822025,1.6524550784870626,1.1881973099281127,4.107179714374951,0.12000000000000002,1.0,0.9,1.9633982091478948,nan,5e-08,1.0,0.0,2.0,5.0,0.5999999999999999,0.0,0.07999999999999999,0.0,26.663560518514156,0.0,0.15656139344481976,0.0,198.7,0.0,0.0,0.0,0.0,95.2,5629.8,0.33479309813212665,6.58230140706939,0.7131917239121778,1.9633982091478948,0.4474648784822025,0.37743080310312443,26.260127263274306,107.86706113413757,2.8629769692114424,0.4041017542326749,1.6524550784870626,0.30023081130396506,6.58230140706939,0.5502627563810383,1.771948952007018,1.0,0.33479309813212665,7.005951374594587e-13,6.367144722574381e-09,4.87819518113497e-09,4.027062017186722e-09,5.528029156653958e-09,3.423164085525343e-09,4.056545976904857e-09,0.051480183017668435,0.0470276578051379,0.03549376135604243,2.3500000000000005,0.0,68.0,24.0,nan,nan,nan,0.0,nan,6.440472706177356,0.7084245498706303,1.9778521638269058,0.4467980407391997,0.37696342685752615,26.11957771840474,106.38572479428134,6.62446520164825e-11,5.430551689364585e-10,2.837062031692329,0.4053942140854608,1.6478212650959707,0.30006619625075703,0.29501873404293055,0.05964361986083765,0.5855168643278659,6.440472706177356,0.5486066046552174,1.767754001141648,0.13868479065293285,0.04048381762471352,0.04605080724807366,0.043778960164056,0.03513935671654036,0.7170604386626427,0.11029427009626089,0.10180088677854321,0.11029427009626089,0.10415571329732737,0.0,1.9778521638269058,26.11957771840474,106.38572479428134,0.4467980407391997,1.6478212650959707,1.1955124599382447,4.069222542526952,0.12,1.0,0.9,1.9778521638269058,nan,5e-08,1.0,0.0,2.0,5.0,0.6,0.0,0.08,0.0,26.725373141337386,0.0,0.15618372113670684,0.0,198.5,0.0,0.0,0.0,0.0,94.5,5613.0,0.33437097940905247,6.440472706177356,0.7084245498706303,1.9778521638269058,0.4467980407391997,0.37696342685752615,26.11957771840474,106.38572479428134,2.837062031692329,0.4053942140854608,1.6478212650959707,0.30006619625075703,6.440472706177356,0.5486066046552174,1.767754001141648,1.0,0.33437097940905247,6.554756737386924e-13,6.5216219091723815e-09,4.864211922139816e-09,3.932055792077449e-09,5.610472086914342e-09,3.539737170044077e-09,4.003189335577417e-09,0.03701782745599018,0.045852966292087946,0.04253706436904332,0.034773982598200824,2.35,0.0,68.0,24.0,10,0,ccpfm,0.0,0.009270327366587143,0.01929598593087407,0.042951282613514434,0.11068457731330777
ellipse,0.0,1.4235072260956565,1.3401488195435889,1.7707139234456293,1.3104301631939428,1.25316304423816,1.2965819988608613,1.4230788691279683,1.3101095461883796,0.1,nan,nan,nan,0.0,nan,4.8840357640299,0.6617867718563388,2.0026917002218063,0.5307818603393029,0.3644626398319918,16.72222912480494,68.28727215446854,1.527188369255389e-11,1.1319121977312331e-10,2.7771781684021155,0.35736398958502497,1.6415804794438285,0.28232004116010884,0.30097798282722976,0.05392177764116329,0.5774101404055366,4.8840357640299,0.5201094006215484,1.7873883489602842,0.18242089338233108,0.06667629979972038,0.07975361822708915,0.07374791809243406,0.05688372095825801,0.7231791149655246,0.1687965555972249,0.1686587465550517,0.1687965555972249,0.139435029030419,0.0,2.0026917002218063,16.72222912480494,68.28727215446854,0.5307818603393029,1.6415804794438285,1.2200278393618533,4.084147328600212,0.12000000000000002,1.0,0.9,2.0026917002218063,nan,5e-08,1.0,0.0,2.0,5.0,0.5999999999999999,0.0,0.1,0.0,26.67086259776058,0.0,0.15897378722598177,0.0,112.5,0.0,0.0,0.0,0.0,73.9,3739.3,0.32592787482082863,4.8840357640299,0.6617867718563388,2.0026917002218063,0.5307818603393029,0.3644626398319918,16.72222912480494,68.28727215446854,2.7771781684021155,0.35736398958502497,1.6415804794438285,0.28232004116010884,4.8840357640299,0.5201094006215484,1.7873883489602842,1.0,0.32592787482082863,4.0953906932372776e-13,1.898177748316243e-09,1.4344599730264918e-09,1.397999774971348e-09,1.7258983658896554e-09,1.3060617920501728e-09,1.536736993212884e-09,0.07963312316141034,0.0706115082286711,0.053801576157229525,2.3500000000000005,0.0,68.0,24.0,nan,nan,nan,0.0,nan,4.822349585749456,0.6604453031393781,2.003068602691306,0.5307792994084051,0.3638807466130488,16.95044972418878,69.01443354261909,1.5278060067069887e-11,1.1419414839796046e-10,2.774399294428063,0.35620345880317716,1.6364098050332752,0.2816562011697413,0.29996234619149453,0.054157332993116564,0.5770464634332879,4.822349585749456,0.5175161611296482,1.7844845897371715,0.1835835477308589,0.06707843507507306,0.0796418964404842,0.0742164114787903,0.056018992242866314,0.7216800733586972,0.1730861584469465,0.17239711323608067,0.1730861584469465,0.13648788291825262,0.0,2.003068602691306,16.95044972418878,69.01443354261909,0.5307792994084051,1.6364098050332752,1.2239468195646572,4.112413757655022,0.12,1.0,0.9,2.003068602691306,nan,5e-08,1.0,0.0,2.0,5.0,0.6,0.0,0.1,0.0,26.63206500088308,0.0,0.159046348254072,0.0,113.5,0.0,0.0,0.0,0.0,73.0,3756.5,0.32568163134819145,4.822349585749456,0.6604453031393781,2.003068602691306,0.5307792994084051,0.3638807466130488,16.95044972418878,69.01443354261909,2.774399294428063,0.35620345880317716,1.6364098050332752,0.2816562011697413,4.822349585749456,0.5175161611296482,1.7844845897371715,1.0,0.32568163134819145,3.752553823233029e-13,1.9455128619227935e-09,1.4904344425303861e-09,1.481398115288357e-09,1.8127048750926633e-09,1.325243137451082e-09,1.5230359751150502e-09,0.05919112194976395,0.07934036306782528,0.0703890120916113,0.05317973745071494,2.35,0.0,68.0,24.0,10,0,ccpfm,0.0,0.012298158816426602,0.0236228064806867,0.06610918842397262,0.1690905986181508
ellipse,0.0,1.4235072260956565,1.3401488195435889,1.7707139234456293,1.3104301631939428,1.25316304423816,1.2965819988608613,1.4230788691279683,1.3101095461883796,0.12,nan,nan,nan,0.0,nan,4.665688009597376,0.6582085543526619,1.9731966826661407,0.6023249875551138,0.36492178756511184,11.914126322027494,48.75130135629514,7.408248103510374e-12,4.544222824103726e-11,2.6265621161874693,0.3240488651137861,1.6033630611915064,0.26339928235063353,0.29793719494972637,0.05146487767112915,0.5712528155001093,4.665688009597376,0.5145504695782831,1.8005039810749206,0.3040439830193883,0.07152290672799448,0.08452644899049103,0.08075226381764544,0.07314154870981279,0.721180825571238,0.18192336301111092,0.17555382088363228,0.18192336301111092,0.1697522639215056,0.0,1.9731966826661407,11.914126322027494,48.75130135629514,0.6023249875551138,1.6033630611915064,1.230982174570168,4.091954447393886,0.12000000000000002,1.0,0.9,1.9731966826661407,nan,5e-08,1.0,0.0,2.0,5.0,0.5999999999999999,0.0,0.12000000000000002,0.0,26.690261496198787,0.0,0.1599637829891857,0.0,70.3,0.0,0.0,0.0,0.0,61.5,2755.5,0.3245657267285341,4.665688009597376,0.6582085543526619,1.9731966826661407,0.6023249875551138,0.36492178756511184,11.914126322027494,48.75130135629514,2.6265621161874693,0.3240488651137861,1.6033630611915064,0.26339928235063353,4.665688009597376,0.5145504695782831,1.8005039810749206,1.0,0.3245657267285341,3.157030192824095e-13,8.553879382589002e-10,6.283170428389439e-10,6.521289772076777e-10,7.846641956847644e-10,6.058665569241839e-10,7.544814446813763e-10,0.08474506868897622,0.07753749857410827,0.06791871400573377,2.3500000000000005,0.0,68.0,24.0,nan,nan,nan,0.0,nan,4.627677535038865,0.6569530998864341,1.9845063399347012,0.6021652821215007,0.3658118566772376,11.98718915815009,48.88741438685866,7.35442609589576e-12,4.5478090108307466e-11,2.571903465686843,0.32296486722221085,1.6060527203843558,0.2614372478305935,0.2972938728998006,0.05194806057407586,0.5714252326497054,4.627677535038865,0.5143173208701769,1.801659722377446,0.30826956594176824,0.07069951734889623,0.08320064347769814,0.07990067572927406,0.07411402500298712,0.7215042030442664,0.1709333166817927,0.1665568059819795,0.1709333166817927,0.1694434489372264,0.0,1.9845063399347012,11.98718915815009,48.88741438685866,0.6021652821215007,1.6060527203843558,1.2351023368517557,4.1182981531151,0.12,1.0,0.9,1.9845063399347012,nan,5e-08,1.0,0.0,2.0,5.0,0.6,0.0,0.12,0.0,26.558104698691537,0.0,0.1603570433441039,0.0,70.5,0.0,0.0,0.0,0.0,61.0,2740.0,0.32285169675242964,4.627677535038865,0.6569530998864341,1.9845063399347012,0.6021652821215007,0.3658118566772376,11.98718915815009,48.88741438685866,2.571903465686843,0.32296486722221085,1.6060527203843558,0.2614372478305935,4.627677535038865,0.5143173208701769,1.801659722377446,1.0,0.32285169675242964,3.0020430585864233e-13,8.256972883202707e-10,5.788166612674672e-10,6.506648553283867e-10,7.945665306263727e-10,6.100464577940556e-10,7.762803733157853e-10,0.06232464664617904,0.08222336124931431,0.07617708971977893,0.06914009120102758,2.35,0.0,68.0,24.0,10,0,ccpfm,0.0,0.013372217472559839,0.027167798060781453,0.07224406552381307,0.18007493766733262
ellipse,0.0,1.4235072260956565,1.3401488195435889,1.7707139234456293,1.3104301631939428,1.25316304423816,1.2965819988608613,1.4230788691279683,1.3101095461883796,0.16,nan,nan,nan,0.0,nan,4.815849547699928,0.6666382948837895,2.1342502828929115,0.7407025024760286,0.37304628147118335,6.450591579713557,26.82781883568917,3.3470448418046473e-12,1.5552319679084588e-11,2.4785458730760332,0.23228488087643157,1.4214311240675834,0.20696602033802783,0.2943017734998615,0.04677930342399031,0.5622035532220471,4.815849547699928,0.545217794605042,1.9343931013709743,0.42226867955313524,0.11893324253211923,0.15095777008463632,0.14083263292888828,0.12700569771211162,0.7347209040712139,0.29391770203992357,0.27918810421279044,0.29391770203992357,0.2712259946197083,0.0,2.1342502828929115,6.450591579713557,26.82781883568917,0.7407025024760286,1.4214311240675834,1.5034799115743254,4.160656696178645,0.12000000000000002,0.0,0.9,2.1342502828929115,nan,5e-08,1.0,0.0,2.0,5.0,0.5999999999999999,0.0,0.15999999999999998,0.0,26.410251294869237,0.0,0.1611095445190036,0.0,28.8,0.0,0.0,0.0,0.0,43.4,1683.9,0.3300646429025871,4.815849547699928,0.6666382948837895,2.1342502828929115,0.7407025024760286,0.37304628147118335,6.450591579713557,26.82781883568917,2.4785458730760332,0.23228488087643157,1.4214311240675834,0.20696602033802783,4.815849547699928,0.545217794605042,1.9343931013709743,1.0,0.3300646429025871,1.6704415628510104e-13,3.8052441198033195e-10,3.3202083304928463e-10,2.853603575658781e-10,1.7883727138068295e-10,1.6342163178251212e-10,1.9378889933724386e-10,0.15020931902451556,0.13093862694774144,0.1150085210999821,2.3500000000000005,0.0,68.0,24.0,nan,nan,nan,0.0,nan,4.773605369460958,0.6676128465749092,2.1271594857958993,0.7394506723607616,0.3727900826446281,6.452932132425815,26.54195552542342,3.4063030174280584e-12,1.565003282992135e-11,2.50693342411675,0.23134609791130253,1.4271736486036066,0.20929270924732485,0.2937556936097321,0.04708669632525167,0.5618385255197218,4.773605369460958,0.5495027784766668,1.9427167339474103,0.40342798442716,0.11605072977633374,0.14060246334877574,0.13710238452933404,0.1314948495423403,0.7331714226454301,0.28625205575213386,0.2762015696772787,0.28625205575213386,0.2726334548293833,0.0,2.1271594857958993,6.452932132425815,26.54195552542342,0.7394506723607616,1.4271736486036066,1.4875418440658148,4.1576105912784875,0.12,0.0,0.9,2.1271594857958993,nan,5e-08,1.0,0.0,2.0,5.0,0.6,0.0,0.16,0.0,26.530300969622104,0.0,0.16130010127347705,0.0,28.5,0.0,0.0,0.0,0.0,44.0,1683.0,0.33081046033856676,4.773605369460958,0.6676128465749092,2.1271594857958993,0.7394506723607616,0.3727900826446281,6.452932132425815,26.54195552542342,2.50693342411675,0.23134609791130253,1.4271736486036066,0.20929270924732485,4.773605369460958,0.5495027784766668,1.9427167339474103,1.0,0.33081046033856676,1.7563728249569976e-13,3.668840786730243e-10,3.3411395872207095e-10,2.8531582652036036e-10,1.7033146768041796e-10,1.6043832928858137e-10,1.934389315394469e-10,0.09972611100866333,0.14069806826222525,0.12803588075143119,0.11810094087630081,2.35,0.0,68.0,24.0,10,0,ccpfm,0.0,0.03275870247721135,0.06635042038301764,0.11783958566000528,0.2936340237853348
ellipse,0.0,1.4235072260956565,1.3401488195435889,1.7707139234456293,1.3104301631939428,1.25316304423816,1.2965819988608613,1.4230788691279683,1.3101095461883796,0.2,nan,nan,nan,0.0,nan,5.939439597238751,0.7341927066808245,2.371124393203477,0.8241038932092788,0.3971780343687361,4.210986699389139,17.985898629541914,3.0197691569533445e-12,1.3268742635018532e-11,1.7147351020451296,0.14380692249052635,0.9134283741359838,0.07686332193383785,0.24564984316947375,0.048435059733114884,0.5628235464294224,5.939439597238751,0.5634429859512612,2.1703738602678504,0.6004117752452083,0.14636105824122134,0.18764502782823894,0.1821101842209516,0.177213857641705,0.7780973627296195,0.38024613871304663,0.33332415554568545,0.38024613871304663,0.37839640207115666,0.0,2.371124393203477,4.210986699389139,17.985898629541914,0.8241038932092788,0.9134283741359838,2.6428212987872444,4.272232294365741,0.12000000000000002,0.0,0.9,2.371124393203477,nan,5e-08,1.0,0.0,2.0,5.0,0.5999999999999999,0.0,0.2,0.0,27.159388144775157,0.0,0.1683416218552786,0.0,12.6,0.0,0.0,0.0,0.0,33.6,1134.1,0.3412528160377866,5.939439597238751,0.7341927066808245,2.371124393203477,0.8241038932092788,0.3971780343687361,4.210986699389139,17.985898629541914,1.7147351020451296,0.14380692249052635,0.9134283741359838,0.07686332193383785,5.939439597238751,0.5634429859512612,2.1703738602678504,1.0,0.3412528160377866,7.80486786311485e-14,3.3553653189244414e-10,2.542728694265861e-10,1.978801207093428e-10,1.5722180553984221e-10,1.9301298337381921e-10,2.0487883993502987e-10,0.1880231694063148,0.1662173284656917,0.15654765149541044,2.3500000000000005,0.0,68.0,24.0,nan,nan,nan,0.0,nan,6.0019174963284545,0.7338770269713812,2.390950197135465,0.8290799167200513,0.3974227509680054,4.19668353168991,17.969052219049548,2.953236613589816e-12,1.3304364974107791e-11,1.7022038350016522,0.14293453747347307,0.8879089129520128,0.06915676287492925,0.2413185670663452,0.04896088584382541,0.564408999429068,6.0019174963284545,0.5553862004026029,2.1644308437753685,0.6267877470593397,0.14312094047280907,0.1772863069401752,0.17788424048413712,0.17593839029287678,0.7790892897765253,0.3768193740867478,0.33710340378232434,0.3768193740867478,0.3768193740867478,0.0,2.390950197135465,4.19668353168991,17.969052219049548,0.8290799167200513,0.8879089129520128,2.6644803941422515,4.260430047406297,0.12,0.0,0.9,2.390950197135465,nan,5e-08,1.0,0.0,2.0,5.0,0.6,0.0,0.2,0.0,27.171202979056098,0.0,0.16750883993576582,0.0,12.5,0.0,0.0,0.0,0.0,34.0,1128.5,0.3413768863242218,6.0019174963284545,0.7338770269713812,2.390950197135465,0.8290799167200513,0.3974227509680054,4.19668353168991,17.969052219049548,1.7022038350016522,0.14293453747347307,0.8879089129520128,0.06915676287492925,6.0019174963284545,0.5553862004026029,2.1644308437753685,1.0,0.3413768863242218,7.466249840604178e-14,3.334335030302782e-10,2.5090041155806375e-10,1.9403784135008095e-10,1.5381453229157405e-10,1.874226329690032e-10,2.077149563461944e-10,0.12110303134048364,0.17753813838729487,0.16367107757020175,0.15685631142732517,2.35,0.0,68.0,24.0,10,0,ccpfm,0.0,0.021737151245420888,0.04961071468324482,0.14451591447854908,0.37640613877875806
ellipse,0.0,3.68888167614132,4.739191885310828,5.4644911120770425,5.027275638528278,3.235724848803373,5.479101383756997,5.789954042897121,5.8703239236951505,0.08,nan,nan,nan,nan,nan,nan,nan,nan,nan,nan,nan,nan,0.0,0.0,nan,nan,nan,nan,nan,nan,0.0,nan,nan,nan,0.13934783588742342,0.05710023617945674,0.06556827962347409,0.06179048863984447,0.047267820814693474,1.0,0.23399076414226502,0.2293910759955664,0.23399076414226502,0.17721290671090947,nan,nan,nan,nan,nan,nan,nan,nan,nan,nan,nan,nan,nan,nan,nan,nan,nan,nan,nan,nan,nan,nan,310.39437486988277,nan,0.008381608674730662,nan,198.7,nan,nan,nan,nan,95.2,nan,0.0,nan,nan,nan,nan,nan,nan,nan,nan,nan,nan,nan,nan,nan,nan,nan,nan,1.2672085603071538e-13,6.474820679613913e-14,5.617728504603292e-14,9.849898674474389e-14,5.252465129501616e-14,2.9354296771089136e-14,8.184564137536655e-14,0.06597768070253504,0.06157183446359875,0.0507933569423958,nan,nan,nan,nan,nan,nan,nan,nan,nan,nan,nan,nan,nan,nan,nan,nan,0.0,0.0,nan,nan,nan,nan,nan,nan,0.0,nan,nan,nan,0.13972464990278255,0.05668895391185087,0.0653519329244751,0.06129743408650236,0.045775299623801544,1.0,0.232474495745838,0.21603274096585573,0.232474495745838,0.17240941515756472,nan,nan,nan,nan,nan,nan,nan,nan,nan,nan,nan,nan,nan,nan,nan,nan,nan,nan,nan,nan,nan,nan,306.40429626048467,nan,0.008416083209316172,nan,198.5,nan,nan,nan,nan,94.5,nan,0.0,nan,nan,nan,nan,nan,nan,nan,nan,nan,nan,nan,nan,nan,nan,nan,nan,1.2467804566540508e-13,6.52811138479592e-14,5.3734794391857577e-14,9.414691248821327e-14,5.3290705182007514e-14,3.019806626980426e-14,8.526512829121202e-14,0.05258969434649863,0.06451363175456223,0.060406759062784504,0.05025258658753581,nan,nan,nan,nan,10,0,wls,0.0,0.003909837546784688,0.03234180633979899,0.056978310815482124,0.2273707374713558
ellipse,0.0,3.68888167614132,4.739191885310828,5.4644911120770425,5.027275638528278,3.235724848803373,5.479101383756997,5.789954042897121,5.8703239236951505,0.1,nan,nan,nan,nan,nan,nan,nan,nan,nan,nan,nan,nan,0.0,0.0,nan,nan,nan,nan,nan,nan,0.0,nan,nan,nan,0.27918673931237864,0.09537916110810798,0.10695017141532423,0.10549072580587586,0.1016173056106778,1.0,0.3723542745445532,0.30619595546234046,0.3723542745445532,0.3441739133556081,nan,nan,nan,nan,nan,nan,nan,nan,nan,nan,nan,nan,nan,nan,nan,nan,nan,nan,nan,nan,nan,nan,196.50999634492376,nan,0.013237746426835137,nan,112.5,nan,nan,nan,nan,73.9,nan,0.0,nan,nan,nan,nan,nan,nan,nan,nan,nan,nan,nan,nan,nan,nan,nan,nan,7.396305790052793e-14,3.8591352335970444e-14,3.2240876635114543e-14,6.330491686412643e-14,2.7933211299568938e-14,1.5165646516379638e-14,4.4431125445498763e-14,0.10751911011571295,0.11080697474768009,0.11528956991124129,nan,nan,nan,nan,nan,nan,nan,nan,nan,nan,nan,nan,nan,nan,nan,nan,0.0,0.0,nan,nan,nan,nan,nan,nan,0.0,nan,nan,nan,0.2712820886180173,0.09421761344158606,0.10379550289573092,0.10420387428625899,0.10123224484080345,1.0,0.37272045592135433,0.28020339250998666,0.37272045592135433,0.32359614488710053,nan,nan,nan,nan,nan,nan,nan,nan,nan,nan,nan,nan,nan,nan,nan,nan,nan,nan,nan,nan,nan,nan,196.28646673215903,nan,0.013198692965969101,nan,113.5,nan,nan,nan,nan,73.0,nan,0.0,nan,nan,nan,nan,nan,nan,nan,nan,nan,nan,nan,nan,nan,nan,nan,nan,7.105427357601002e-14,3.9968028886505635e-14,3.097522238704187e-14,6.461498003318411e-14,2.4868995751603507e-14,1.4099832412739488e-14,4.2521541843143495e-14,0.0932402469895598,0.10515398337362686,0.11058558627316603,0.1165263387846325,nan,nan,nan,nan,10,0,wls,0.0,0.00841929419965449,0.060816195434019046,0.09483719500070525,0.36712815748152433
ellipse,0.0,3.68888167614132,4.739191885310828,5.4644911120770425,5.027275638528278,3.235724848803373,5.479101383756997,5.789954042897121,5.8703239236951505,0.12,nan,nan,nan,nan,nan,nan,nan,nan,nan,nan,nan,nan,0.0,0.0,nan,nan,nan,nan,nan,nan,0.0,nan,nan,nan,0.4198156825540674,0.1653002846507714,0.17694428093220702,0.18664266663287118,0.20179233404445202,1.0,0.7634246225780021,0.46324134643843085,0.7634246225780021,0.7634246225780021,nan,nan,nan,nan,nan,nan,nan,nan,nan,nan,nan,nan,nan,nan,nan,nan,nan,nan,nan,nan,nan,nan,141.2297542767356,nan,0.018544100892822834,nan,70.3,nan,nan,nan,nan,61.5,nan,0.0,nan,nan,nan,nan,nan,nan,nan,nan,nan,nan,nan,nan,nan,nan,nan,nan,5.5289106626332796e-14,2.637889906509372e-14,2.3125945602942012e-14,4.301003997397856e-14,2.4202861936828413e-14,1.3922196728799464e-14,3.5982328228101326e-14,0.17813116877649693,0.20859389841353218,0.2377964616921248,nan,nan,nan,nan,nan,nan,nan,nan,nan,nan,nan,nan,nan,nan,nan,nan,0.0,0.0,nan,nan,nan,nan,nan,nan,0.0,nan,nan,nan,0.427253721932303,0.1595969323967525,0.17291822691331568,0.18036567518247254,0.19073868842310285,1.0,0.6383479537009473,0.44710071361394854,0.6383479537009473,0.6383479537009473,nan,nan,nan,nan,nan,nan,nan,nan,nan,nan,nan,nan,nan,nan,nan,nan,nan,nan,nan,nan,nan,nan,139.1130199251631,nan,0.01860562184259338,nan,70.5,nan,nan,nan,nan,61.0,nan,0.0,nan,nan,nan,nan,nan,nan,nan,nan,nan,nan,nan,nan,nan,nan,nan,nan,5.551115123125783e-14,2.5424107263916085e-14,1.970645868709653e-14,3.8746783559417963e-14,2.5757174171303632e-14,1.354472090042691e-14,3.752553823233029e-14,0.16541726075045432,0.17334568088224744,0.20169894682079353,0.22431689483964434,nan,nan,nan,nan,10,0,wls,0.0,0.01704624563444169,0.22247177475035093,0.1614855247098768,0.7254233383484602
ellipse,0.0,3.68888167614132,4.739191885310828,5.4644911120770425,5.027275638528278,3.235724848803373,5.479101383756997,5.789954042897121,5.8703239236951505,0.16,nan,nan,nan,nan,nan,nan,nan,nan,nan,nan,nan,nan,0.0,0.0,nan,nan,nan,nan,nan,nan,0.0,nan,nan,nan,0.8824405014141649,1.4985218551207287,0.6131048365687408,1.7734356810533043,2.476936769778957,1.0,12.698136809731377,1.7693292243695873,12.698136809731377,12.698136809731377,nan,nan,nan,nan,nan,nan,nan,nan,nan,nan,nan,nan,nan,nan,nan,nan,nan,nan,nan,nan,nan,nan,80.07754949166565,nan,0.03255033578659921,nan,28.8,nan,nan,nan,nan,43.4,nan,0.0,nan,nan,nan,nan,nan,nan,nan,nan,nan,nan,nan,nan,nan,nan,nan,nan,3.12416759129519e-14,1.3522516439934406e-14,1.1146639167236572e-14,2.2337687255458148e-14,1.3491638362062019e-14,7.538414337204814e-15,1.9001467066459555e-14,0.624195235699831,2.630535229804065,3.334873920105454,nan,nan,nan,nan,nan,nan,nan,nan,nan,nan,nan,nan,nan,nan,nan,nan,0.0,0.0,nan,nan,nan,nan,nan,nan,0.0,nan,nan,nan,0.8831066610007026,0.8927083988044474,0.5082571898599431,1.0549987879218574,1.3971433121261532,1.0,5.858422899947579,1.3835702423309892,5.858422899947579,5.858422899947579,nan,nan,nan,nan,nan,nan,nan,nan,nan,nan,nan,nan,nan,nan,nan,nan,nan,nan,nan,nan,nan,nan,81.19552138525083,nan,0.03239049443005276,nan,28.5,nan,nan,nan,nan,44.0,nan,0.0,nan,nan,nan,nan,nan,nan,nan,nan,nan,nan,nan,nan,nan,nan,nan,nan,3.1530333899354446e-14,1.1879386363489175e-14,1.0047518372857667e-14,1.9872992140790302e-14,1.1435297153639112e-14,7.438494264988549e-15,1.9595436384634013e-14,1.1518266631538319,0.5187601806702407,1.4910830876904417,1.84196007237788,nan,nan,nan,nan,10,3,wls,0.3,1.733164965994765,17.955377998749025,0.9204888170801756,6.495174305560677
ellipse,0.0,3.68888167614132,4.739191885310828,5.4644911120770425,5.027275638528278,3.235724848803373,5.479101383756997,5.789954042897121,5.8703239236951505,0.2,nan,nan,nan,nan,nan,nan,nan,nan,nan,nan,nan,nan,0.0,0.0,nan,nan,nan,nan,nan,nan,0.0,nan,nan,nan,0.9469657916097385,11.871720955996885,4.863423005160886,14.765313539980664,18.167370408921013,1.0,94.8897455437765,10.933669559220126,94.8897455437765,94.8897455437765,nan,nan,nan,nan,nan,nan,nan,nan,nan,nan,nan,nan,nan,nan,nan,nan,nan,nan,nan,nan,nan,nan,49.54742612293445,nan,0.05298013633991292,nan,12.6,nan,nan,nan,nan,33.6,nan,0.0,nan,nan,nan,nan,nan,nan,nan,nan,nan,nan,nan,nan,nan,nan,nan,nan,1.7219559111936177e-14,8.570921750106209e-15,7.01660951563099e-15,1.5218382110049332e-14,9.307138393310765e-15,5.118128143521972e-15,8.92619311798626e-15,4.934978487139448,21.59389521912003,25.08833762890021,nan,nan,nan,nan,nan,nan,nan,nan,nan,nan,nan,nan,nan,nan,nan,nan,0.0,0.0,nan,nan,nan,nan,nan,nan,0.0,nan,nan,nan,0.9552461493976163,4.080327629946547,2.008543250138457,5.070191890590014,6.30738924318133,1.0,29.730938873834518,3.899579691744054,29.730938873834518,29.730938873834518,nan,nan,nan,nan,nan,nan,nan,nan,nan,nan,nan,nan,nan,nan,nan,nan,nan,nan,nan,nan,nan,nan,48.97213508989144,nan,0.05317692330502761,nan,12.5,nan,nan,nan,nan,34.0,nan,0.0,nan,nan,nan,nan,nan,nan,nan,nan,nan,nan,nan,nan,nan,nan,nan,nan,1.7430501486614958e-14,9.325873406851315e-15,6.994405055138486e-15,1.509903313490213e-14,8.965050923848139e-15,3.885780586188048e-15,9.048317650695026e-15,5.428079878553692,2.0414014889919394,7.35599640312655,8.54673008595697,nan,nan,nan,nan,10,10,wls,1.0,14.897624160626107,126.30276280763537,5.620790987463096,43.19206311395009
star,0.0,1.1991616849737814,1.3102143673006958,1.6168907183948473,1.337739547545599,0.5289031837496911,1.0686400410306145,1.0901488003747892,1.1123041873203534,0.08,nan,nan,nan,0.0,nan,5.578178137207475,0.627548103347227,2.0243376928679164,0.6478459824032303,0.3560226575114095,28.607821452042835,126.45729791068561,3.7759739258957924e-11,1.8052453463588616e-10,2.4637076650549425,0.3519428336509975,1.5407585174096732,0.2699926831507136,0.27930478982044493,0.04911315836360449,0.5679469839771324,5.578178137207475,0.5176981448457474,1.8109194285452266,0.3640843609494928,0.023605818243722706,0.027097948258653415,0.026507841479540745,0.025418473308461774,0.735751141569861,0.08056464385496945,0.07432413176993449,0.08056464385496945,0.07816705142654015,0.0,2.0243376928679164,28.607821452042835,126.45729791068561,0.6478459824032303,1.5407585174096732,1.314147636598261,4.420625346943295,0.12000000000000002,1.0,0.9,2.0243376928679164,nan,5e-08,1.0,0.0,2.0,5.0,0.5999999999999999,0.0,0.07999999999999999,0.0,29.531371038634934,0.0,0.16844911670261692,0.0,111.2,0.0,0.0,0.0,0.0,115.6,4959.0,0.32571503892834797,5.578178137207475,0.627548103347227,2.0243376928679164,0.6478459824032303,0.3560226575114095,28.607821452042835,126.45729791068561,2.4637076650549425,0.3519428336509975,1.5407585174096732,0.2699926831507136,5.578178137207475,0.5176981448457474,1.8109194285452266,1.0,0.32571503892834797,8.052225553001336e-13,7.182214201151282e-09,6.437024713257245e-09,6.0974507554156785e-09,3.628037953395946e-09,5.9282789566239554e-09,5.576446460153761e-09,0.027361404983152655,0.026648061858440125,0.025808394393383366,2.3500000000000005,0.0,68.0,24.0,nan,nan,nan,0.0,nan,5.547928585310111,0.6289031305406232,2.0338542667782487,0.646432155119883,0.35457691961189786,28.67393684673894,126.77278607318641,3.6157076464815585e-11,1.8112702899917684e-10,2.409402515778292,0.3507850800606699,1.5424010897233098,0.26959582682014116,0.2798958869783519,0.04894866447094984,0.5681869793466074,5.547928585310111,0.5189516357066328,1.8074856476271703,0.3501406583880135,0.023921410303764476,0.028308346884992137,0.02686705539287321,0.025269561487575587,0.7347825797193478,0.07830431611711089,0.07217047886981938,0.07830431611711089,0.07636819465446273,0.0,2.0338542667782487,28.67393684673894,126.77278607318641,0.646432155119883,1.5424010897233098,1.3110256288734299,4.419185912317088,0.12,1.0,0.9,2.0338542667782487,nan,5e-08,1.0,0.0,2.0,5.0,0.6,0.0,0.08,0.0,29.379979168508193,0.0,0.16775801407892066,0.0,110.0,0.0,0.0,0.0,0.0,116.5,4951.0,0.3256818179053902,5.547928585310111,0.6289031305406232,2.0338542667782487,0.646432155119883,0.35457691961189786,28.67393684673894,126.77278607318641,2.409402515778292,0.3507850800606699,1.5424010897233098,0.26959582682014116,5.547928585310111,0.5189516357066328,1.8074856476271703,1.0,0.3256818179053902,8.313350008393172e-13,6.672677743679856e-09,6.119178497243638e-09,5.831303440118063e-09,3.597173808822518e-09,5.86530590762635e-09,5.4970712426438695e-09,0.02181731430568308,0.028640487728244523,0.02692545777002034,0.025871347790885707,2.35,0.0,68.0,24.0,10,0,ccpfm,0.0,0.002388793561492836,0.007080623494000212,0.023513073985691177,0.07880019727743999
star,0.0,1.1991616849737814,1.3102143673006958,1.6168907183948473,1.337739547545599,0.5289031837496911,1.0686400410306145,1.0901488003747892,1.1123041873203534,0.1,nan,nan,nan,0.0,nan,6.302236352215868,0.5774207866062298,2.061445363884283,0.7314945235546108,0.3168278375503672,18.068119272486097,82.3248643135079,1.0376696550629116e-11,5.092575309380051e-11,2.5075332255463194,0.30434674971463627,1.5184142939880987,0.2488062442269278,0.2829130638727396,0.04372148924023225,0.5524537276188559,6.302236352215868,0.5029440122094757,1.8762178710372055,0.5888955762124843,0.04322461189576461,0.04588206518015764,0.05019410976469542,0.0539487871227838,0.7627355060230278,0.17734566929848156,0.11638017910099814,0.17734566929848156,0.17734566929848156,0.0,2.061445363884283,18.068119272486097,82.3248643135079,0.7314945235546108,1.5184142939880987,1.3578464515874582,4.557145905958344,0.12000000000000002,1.0,0.9,2.061445363884283,nan,5e-08,1.0,0.0,2.0,5.0,0.5999999999999999,0.0,0.1,0.0,34.320197283684934,0.0,0.1510185741328025,0.0,54.7,0.0,0.0,0.0,0.0,89.8,3446.5,0.29855348371818924,6.302236352215868,0.5774207866062298,2.061445363884283,0.7314945235546108,0.3168278375503672,18.068119272486097,82.3248643135079,2.5075332255463194,0.30434674971463627,1.5184142939880987,0.2488062442269278,6.302236352215868,0.5029440122094757,1.8762178710372055,1.0,0.29855348371818924,3.9044323330017507e-13,1.0786290971509515e-09,8.211520796663763e-10,8.462811562637285e-10,6.96906096719907e-10,8.596672929073179e-10,8.340255375216543e-10,0.046133564881602314,0.054965650454894786,0.05961041590606546,2.3500000000000005,0.0,68.0,24.0,nan,nan,nan,0.0,nan,6.252682019524597,0.5747748431999633,2.0653360461632952,0.7303063177939302,0.3168705275684252,18.09530505798742,82.44554509416568,1.0153690388481351e-11,5.0511168219839446e-11,2.510015733441101,0.30535074431571396,1.5259903450951524,0.2493031478157963,0.28068311264210677,0.04336824152359921,0.5526259358064844,6.252682019524597,0.5060528252258569,1.87951853001198,0.5839163200368035,0.04261884697255279,0.04579885951153756,0.04941360030377015,0.05347742968006482,0.7630764993711983,0.18040053429193964,0.11604202716134313,0.18040053429193964,0.18040053429193964,0.0,2.0653360461632952,18.09530505798742,82.44554509416568,0.7303063177939302,1.5259903450951524,1.3599362761529759,4.550455159895725,0.12,1.0,0.9,2.0653360461632952,nan,5e-08,1.0,0.0,2.0,5.0,0.6,0.0,0.1,0.0,34.1825159490448,0.0,0.15185193027018212,0.0,55.0,0.0,0.0,0.0,0.0,90.0,3442.5,0.2975927821262837,6.252682019524597,0.5747748431999633,2.0653360461632952,0.7303063177939302,0.3168705275684252,18.09530505798742,82.44554509416568,2.510015733441101,0.30535074431571396,1.5259903450951524,0.2493031478157963,6.252682019524597,0.5060528252258569,1.87951853001198,1.0,0.2975927821262837,3.810285420513537e-13,1.0836209707321132e-09,9.136762457728764e-10,9.816503165893664e-10,6.963750825983439e-10,6.639117033913067e-10,6.997720181090017e-10,0.04236134052173584,0.046558463828956405,0.0545739639893896,0.06004646652308243,2.35,0.0,68.0,24.0,10,2,ccpfm,0.2,0.001588400095868688,0.009074977175460464,0.04279098661948067,0.1781599482479722
star,0.0,1.1991616849737814,1.3102143673006958,1.6168907183948473,1.337739547545599,0.5289031837496911,1.0686400410306145,1.0901488003747892,1.1123041873203534,0.12,nan,nan,nan,0.0,nan,5.072599496337129,0.5405140086511426,1.936571687008216,0.7978868037753449,0.3115359124450154,12.757667511684705,60.498876114073504,1.1085628942586467e-11,3.982284219738186e-11,2.3347942703755917,0.2686162305022819,1.4598736329137663,0.22576280006125563,0.2904058752769836,0.04037650981364993,0.5296799156674081,5.072599496337129,0.4858051443450407,1.809555990184317,0.7157846665716934,0.05639729327511811,0.05756516398151472,0.06775255645338088,0.07340332928041828,0.7664072855392969,0.18647401709394834,0.14703100154546672,0.18647401709394834,0.1852517595939768,0.0,1.936571687008216,12.757667511684705,60.498876114073504,0.7978868037753449,1.4598736329137663,1.3269858810689272,4.744948708633891,0.12000000000000002,1.0,0.9,1.936571687008216,nan,5e-08,1.0,0.0,2.0,5.0,0.5999999999999999,0.0,0.12000000000000002,0.0,33.5106614473404,0.0,0.15409165453919513,0.0,28.8,0.0,0.0,0.0,0.0,72.3,2578.8,0.29423619011748864,5.072599496337129,0.5405140086511426,1.936571687008216,0.7978868037753449,0.3115359124450154,12.757667511684705,60.498876114073504,2.3347942703755917,0.2686162305022819,1.4598736329137663,0.22576280006125563,5.072599496337129,0.4858051443450407,1.809555990184317,1.0,0.29423619011748864,3.772093748466432e-13,1.5768592209752796e-09,1.5954075394120081e-09,1.061514476319303e-09,8.492985661100183e-10,1.168423480191194e-09,8.398384765406774e-10,0.0574414234903856,0.07377779242086571,0.07924318544240856,2.3500000000000005,0.0,68.0,24.0,nan,nan,nan,0.0,nan,4.9517945474370295,0.5384116086328232,1.93584532947713,0.7964765627700553,0.30964090165683,12.81380265525118,60.11540915784956,1.1273757968832676e-11,3.9923496641708384e-11,2.3425371266411754,0.2702795536843,1.468393724172926,0.2286317100166021,0.29152767733264073,0.04049908102906953,0.5296999660131523,4.9517945474370295,0.48522136103263813,1.8058062126871057,0.7191576641551072,0.055814787190986724,0.055479726527396925,0.0672429159733328,0.07302785570001921,0.7661257334855571,0.18742245769725774,0.14487322313399464,0.18742245769725774,0.1863309539084297,0.0,1.93584532947713,12.81380265525118,60.11540915784956,0.7964765627700553,1.468393724172926,1.3198929973493718,4.731522947479312,0.12,1.0,0.9,1.93584532947713,nan,5e-08,1.0,0.0,2.0,5.0,0.6,0.0,0.12,0.0,33.33659524253937,0.0,0.15340654393372355,0.0,28.5,0.0,0.0,0.0,0.0,73.5,2590.5,0.2928320715453157,4.9517945474370295,0.5384116086328232,1.93584532947713,0.7964765627700553,0.30964090165683,12.81380265525118,60.11540915784956,2.3425371266411754,0.2702795536843,1.468393724172926,0.2286317100166021,4.9517945474370295,0.48522136103263813,1.8058062126871057,1.0,0.2928320715453157,3.7569947153315297e-13,1.5347041415481044e-09,1.5562023891746435e-09,1.048153341898228e-09,8.462030741916704e-10,1.165681273729291e-09,8.4173756853545e-10,0.05465923238433554,0.05610586185904388,0.073509868994029,0.07898179455339406,2.35,0.0,68.0,24.0,10,1,ccpfm,0.1,0.0020990356695923243,0.008301591534067605,0.05579083014861175,0.18738647168053238
star,0.0,1.1991616849737814,1.3102143673006958,1.6168907183948473,1.337739547545599,0.5289031837496911,1.0686400410306145,1.0901488003747892,1.1123041873203534,0.16,nan,nan,nan,0.0,nan,5.118098083742548,0.5113125881281025,2.081447281500064,0.8802088068005102,0.29956271061458983,7.591555002935413,39.103355788951426,4.678615437778144e-12,2.07235428867454e-11,2.9429784576996485,0.2682151786535506,1.40739443271827,0.20350903741041418,0.28346130544279424,0.03834163949481292,0.5317802930354519,5.118098083742548,0.4796139007945303,2.0079337766452188,0.8764823287778742,0.07131602379843036,0.06905435028312498,0.09167739798587063,0.09580336588231883,0.8127757781724355,0.2287304726296771,0.11501365737489833,0.2287304726296771,0.2287304726296771,0.0,2.081447281500064,7.591555002935413,39.103355788951426,0.8802088068005102,1.40739443271827,1.4825790515070623,5.152314401143189,0.12000000000000002,0.0,0.9,2.081447281500064,nan,5e-08,1.0,0.0,2.0,5.0,0.5999999999999999,0.0,0.15999999999999998,0.0,28.734795130439664,0.0,0.1782375381972345,0.0,7.6,0.0,0.0,0.0,0.0,50.0,1618.6,0.2880922726769676,5.118098083742548,0.5113125881281025,2.081447281500064,0.8802088068005102,0.29956271061458983,7.591555002935413,39.103355788951426,2.9429784576996485,0.2682151786535506,1.40739443271827,0.20350903741041418,5.118098083742548,0.4796139007945303,2.0079337766452188,1.0,0.2880922726769676,1.555311435197382e-13,5.539862124592787e-10,5.47578893339562e-10,3.383420876801324e-10,3.0325194638400333e-10,4.789623475609517e-10,2.9496756981384207e-10,0.06873618212220743,0.09949766248998451,0.10277457981382121,2.3500000000000005,0.0,68.0,24.0,nan,nan,nan,0.0,nan,5.1343902701192725,0.5104605011702257,2.0915970206181824,0.8811688668710458,0.29975433668440765,7.587001115814218,38.973457955123735,4.670085498870158e-12,2.0171414866222066e-11,2.9263417583310023,0.26737317390573345,1.42088325582277,0.2,0.27431483058405626,0.03819770373875886,0.5316281547665193,5.1343902701192725,0.48235459851856965,2.014067425484931,0.9089601862889058,0.06990916638218579,0.05903354220991419,0.09032826547251793,0.09546308985316686,0.8135134296990472,0.227555594074027,0.09834222067751386,0.227555594074027,0.227555594074027,0.0,2.0915970206181824,7.587001115814218,38.973457955123735,0.8811688668710458,1.42088325582277,1.4637024236240084,5.147390565840997,0.12,0.0,0.9,2.0915970206181824,nan,5e-08,1.0,0.0,2.0,5.0,0.6,0.0,0.16,0.0,28.64820306269146,0.0,0.17841772864730457,0.0,8.0,0.0,0.0,0.0,0.0,50.0,1613.0,0.2876198330069065,5.1343902701192725,0.5104605011702257,2.0915970206181824,0.8811688668710458,0.29975433668440765,7.587001115814218,38.973457955123735,2.9263417583310023,0.26737317390573345,1.42088325582277,0.2,5.1343902701192725,0.48235459851856965,2.014067425484931,1.0,0.2876198330069065,1.4482859356235167e-13,5.349832798984266e-10,5.222501320290007e-10,3.306546009218536e-10,2.844723510572744e-10,4.5413101057434346e-10,2.770490087344868e-10,0.0687133606712548,0.058573777289095574,0.09845124623517404,0.10258149444879366,2.35,0.0,68.0,24.0,10,0,ccpfm,0.0,0.006849692473492133,0.01037734593181463,0.0699289255235164,0.22810012498051815
star,0.0,1.1991616849737814,1.3102143673006958,1.6168907183948473,1.337739547545599,0.5289031837496911,1.0686400410306145,1.0901488003747892,1.1123041873203534,0.2,nan,nan,nan,0.0,nan,4.468471902715416,0.47135900953546167,2.1797690242229937,0.926386149308934,0.31664268720155564,5.478165385840843,30.622347556865567,2.9391376485388143e-12,1.0821878473103603e-11,1.943017934615457,0.12197012487962959,0.8498923762792021,0.08718721488867653,0.21871459166760032,0.033956243913958364,0.5232801824837181,4.468471902715416,0.4080079459451092,2.1310877975750158,0.9249059870882734,0.08886917859890862,0.09709543997951865,0.12404669376732487,0.12605211138082578,0.8407388763538689,0.25928673659283874,0.12822732814966953,0.25928673659283874,0.25928673659283874,0.0,2.1797690242229937,5.478165385840843,30.622347556865567,0.926386149308934,0.8498923762792021,2.9385729085058827,5.591741872702902,0.12000000000000002,0.0,0.9,2.1797690242229937,nan,5e-08,1.0,0.0,2.0,5.0,0.5999999999999999,0.0,0.2,0.0,28.540601579522058,0.0,0.16894342958241976,0.0,2.3,0.0,0.0,0.0,0.0,33.7,1000.6,0.29860757313691566,4.468471902715416,0.47135900953546167,2.1797690242229937,0.926386149308934,0.31664268720155564,5.478165385840843,30.622347556865567,1.943017934615457,0.12197012487962959,0.8498923762792021,0.08718721488867653,4.468471902715416,0.4080079459451092,2.1310877975750158,1.0,0.29860757313691566,7.960299086562372e-14,1.8036914184449416e-10,1.6214152243065882e-10,1.6079256606738034e-10,7.993850581478057e-11,1.0737065680999081e-10,9.071834394802635e-11,0.09682577660866828,0.12464390505151308,0.1258063666139188,2.3500000000000005,0.0,68.0,24.0,nan,nan,nan,0.0,nan,4.462179063635344,0.4717195926898612,2.1789469413418594,0.9240539431853143,0.3156168404566822,5.469186438969388,30.552960334301673,2.8495747428358698e-12,1.072754259716104e-11,2.007283503899936,0.12198984426440349,0.9056941959462541,0.08783783783783784,0.21791231419400975,0.03432604906187614,0.5228727770189909,4.462179063635344,0.4064744996515256,2.129623229929441,0.9188327880332243,0.08599148105647993,0.10062523242924519,0.12145092133027063,0.12454649253646627,0.8394095748013563,0.2432232476012037,0.14959400147142649,0.2432232476012037,0.2432232476012037,0.0,2.1789469413418594,5.469186438969388,30.552960334301673,0.9240539431853143,0.9056941959462541,2.392824684104112,5.5707444798066,0.12,0.0,0.9,2.1789469413418594,nan,5e-08,1.0,0.0,2.0,5.0,0.6,0.0,0.2,0.0,28.806966367967142,0.0,0.16762136380807688,0.0,2.5,0.0,0.0,0.0,0.0,34.0,997.5,0.29886954413191075,4.462179063635344,0.4717195926898612,2.1789469413418594,0.9240539431853143,0.3156168404566822,5.469186438969388,30.552960334301673,2.007283503899936,0.12198984426440349,0.9056941959462541,0.08783783783783784,4.462179063635344,0.4064744996515256,2.129623229929441,1.0,0.29886954413191075,8.071321389024888e-14,1.751899736390783e-10,1.6636847455231418e-10,1.600215654429249e-10,7.308924299120889e-11,1.0595402333279935e-10,7.707488813846197e-11,0.08028536995878441,0.10492765873772725,0.12255714166114903,0.12274892090317377,2.35,0.0,68.0,24.0,10,0,ccpfm,0.0,0.009117461748882193,0.031599575258077,0.08742839518139918,0.25527981514882797
star,0.0,2.89201329706245,2.295867628508462,2.1543309564946456,2.2846759256496387,1.9313972019905126,1.7014755152048084,1.7014755152048084,1.6346530362279743,0.08,nan,nan,nan,nan,nan,nan,nan,nan,nan,nan,nan,nan,0.0,0.0,nan,nan,nan,nan,nan,nan,0.0,nan,nan,nan,0.8079924786227082,0.18032465078048304,0.055297056941760736,0.2025560803348363,0.31016659699734295,1.0,2.8525207571311286,0.20568835240823283,2.8525207571311286,2.8525207571311286,nan,nan,nan,nan,nan,nan,nan,nan,nan,nan,nan,nan,nan,nan,nan,nan,nan,nan,nan,nan,nan,nan,338.2340196391275,nan,0.0076896590506087365,nan,111.2,nan,nan,nan,nan,115.6,nan,0.0,nan,nan,nan,nan,nan,nan,nan,nan,nan,nan,nan,nan,nan,nan,nan,nan,1.2833067941642185e-13,5.597744490160039e-14,3.914646384828302e-14,8.379963389870681e-14,4.5929926528742725e-14,4.511946372076636e-14,9.632294961647858e-14,0.05607673498224132,0.31295337360491304,0.43058722354302387,nan,nan,nan,nan,nan,nan,nan,nan,nan,nan,nan,nan,nan,nan,nan,nan,0.0,0.0,nan,nan,nan,nan,nan,nan,0.0,nan,nan,nan,0.8579644608197693,0.11076080787807466,0.049414529262903406,0.12436234182472816,0.18312357460060386,1.0,1.43692337348019,0.1521407890606314,1.43692337348019,1.43692337348019,nan,nan,nan,nan,nan,nan,nan,nan,nan,nan,nan,nan,nan,nan,nan,nan,nan,nan,nan,nan,nan,nan,333.9880021510503,nan,0.007641894903208479,nan,110.0,nan,nan,nan,nan,116.5,nan,0.0,nan,nan,nan,nan,nan,nan,nan,nan,nan,nan,nan,nan,nan,nan,nan,nan,1.212363542890671e-13,5.5067062021407764e-14,3.780309398848658e-14,8.759659664292485e-14,4.518607710224387e-14,4.285460875053104e-14,9.103828801926284e-14,0.15172072872673836,0.05002445580819685,0.18761054433475183,0.2541505079316295,nan,nan,nan,nan,10,1,wls,0.1,0.2483424392428211,4.6269652647543165,0.10516985299513888,1.4002276217917402
star,0.0,2.89201329706245,2.295867628508462,2.1543309564946456,2.2846759256496387,1.9313972019905126,1.7014755152048084,1.7014755152048084,1.6346530362279743,0.1,nan,nan,nan,nan,nan,nan,nan,nan,nan,nan,nan,nan,0.0,0.0,nan,nan,nan,nan,nan,nan,0.0,nan,nan,nan,0.9319179695190508,0.28384943675936086,0.0913343211617316,0.32983953738507243,0.45383460565295186,1.0,3.343545361069508,0.21998473345196828,3.343545361069508,3.343545361069508,nan,nan,nan,nan,nan,nan,nan,nan,nan,nan,nan,nan,nan,nan,nan,nan,nan,nan,nan,nan,nan,nan,213.39986432865075,nan,0.012172702983398832,nan,54.7,nan,nan,nan,nan,89.8,nan,0.0,nan,nan,nan,nan,nan,nan,nan,nan,nan,nan,nan,nan,nan,nan,nan,nan,8.779643678735737e-14,3.4083846855992306e-14,2.44582132324922e-14,6.37934149949615e-14,2.746552985044559e-14,2.0816681711721685e-14,5.991318552389657e-14,0.09188474541019985,0.5032716921515348,0.6349443175627184,nan,nan,nan,nan,nan,nan,nan,nan,nan,nan,nan,nan,nan,nan,nan,nan,0.0,0.0,nan,nan,nan,nan,nan,nan,0.0,nan,nan,nan,0.9351951811827532,0.20736362001792702,0.08821963101284425,0.24068798926420662,0.32342407082094293,1.0,2.153048993416731,0.2177461382966477,2.153048993416731,2.153048993416731,nan,nan,nan,nan,nan,nan,nan,nan,nan,nan,nan,nan,nan,nan,nan,nan,nan,nan,nan,nan,nan,nan,213.78380893111148,nan,0.01223672448478813,nan,55.0,nan,nan,nan,nan,90.0,nan,0.0,nan,nan,nan,nan,nan,nan,nan,nan,nan,nan,nan,nan,nan,nan,nan,nan,8.770761894538737e-14,3.297362383136715e-14,2.3814283878209608e-14,6.350475700855895e-14,2.556288514199423e-14,1.9761969838327786e-14,5.517808432387028e-14,0.28309960099071896,0.08827637471289973,0.36447122794853315,0.4543797675981244,nan,nan,nan,nan,10,1,wls,0.1,0.19247447054467032,2.8883686863627664,0.2255441761164092,2.4806672148368283
star,0.0,2.89201329706245,2.295867628508462,2.1543309564946456,2.2846759256496387,1.9313972019905126,1.7014755152048084,1.7014755152048084,1.6346530362279743,0.12,nan,nan,nan,nan,nan,nan,nan,nan,nan,nan,nan,nan,0.0,0.0,nan,nan,nan,nan,nan,nan,0.0,nan,nan,nan,0.8496107595555031,0.9404373815438752,0.292492130443555,1.126752337229628,1.4074278056896705,1.0,11.713952455385911,0.7236311842679328,11.713952455385911,11.713952455385911,nan,nan,nan,nan,nan,nan,nan,nan,nan,nan,nan,nan,nan,nan,nan,nan,nan,nan,nan,nan,nan,nan,148.74832678582388,nan,0.017852368774798077,nan,28.8,nan,nan,nan,nan,72.3,nan,0.0,nan,nan,nan,nan,nan,nan,nan,nan,nan,nan,nan,nan,nan,nan,nan,nan,5.551115123125783e-14,2.1538326677728037e-14,1.4555023852835802e-14,3.5262071040875754e-14,1.6986412276764895e-14,1.6853185513809878e-14,4.113376306236205e-14,0.2960713995771957,1.688657395487293,1.966962304194594,nan,nan,nan,nan,nan,nan,nan,nan,nan,nan,nan,nan,nan,nan,nan,nan,0.0,0.0,nan,nan,nan,nan,nan,nan,0.0,nan,nan,nan,0.8428759509803276,0.17464409754764357,0.12938853703269193,0.21032454093629435,0.2455779586904426,1.0,1.4948843690028935,0.3119559112611332,1.4948843690028935,1.4948843690028935,nan,nan,nan,nan,nan,nan,nan,nan,nan,nan,nan,nan,nan,nan,nan,nan,nan,nan,nan,nan,nan,nan,148.76762644324359,nan,0.017853516192730193,nan,28.5,nan,nan,nan,nan,73.5,nan,0.0,nan,nan,nan,nan,nan,nan,nan,nan,nan,nan,nan,nan,nan,nan,nan,nan,5.684341886080802e-14,2.1871393585115584e-14,1.2434497875801753e-14,3.269606807521086e-14,1.6653345369377348e-14,1.5987211554602254e-14,3.5860203695392556e-14,0.21609501403032716,0.129116668845027,0.2880548462622452,0.33127801975326043,nan,nan,nan,nan,10,1,wls,0.1,2.288081602105807,30.628237447662265,0.17721047362335438,1.4862059549780973
star,0.0,2.89201329706245,2.295867628508462,2.1543309564946456,2.2846759256496387,1.9313972019905126,1.7014755152048084,1.7014755152048084,1.6346530362279743,0.16,nan,nan,nan,nan,nan,nan,nan,nan,nan,nan,nan,nan,0.0,0.0,nan,nan,nan,nan,nan,nan,0.0,nan,nan,nan,0.9258638257286289,0.4903991818924613,0.36649769387214537,0.6303122053121554,0.682994034808485,1.0,4.389383204268921,0.6846742705183356,4.389383204268921,4.389383204268921,nan,nan,nan,nan,nan,nan,nan,nan,nan,nan,nan,nan,nan,nan,nan,nan,nan,nan,nan,nan,nan,nan,87.23932254590291,nan,0.027870310067957864,nan,7.6,nan,nan,nan,nan,50.0,nan,0.0,nan,nan,nan,nan,nan,nan,nan,nan,nan,nan,nan,nan,nan,nan,nan,nan,3.310615670493178e-14,1.1213252548714081e-14,8.748557434046233e-15,1.8798851364465462e-14,1.0736897482210849e-14,8.171241461241152e-15,2.1713186804106498e-14,0.36603386722401016,0.8729398548540246,0.9267407989368284,nan,nan,nan,nan,nan,nan,nan,nan,nan,nan,nan,nan,nan,nan,nan,nan,0.0,0.0,nan,nan,nan,nan,nan,nan,0.0,nan,nan,nan,0.9288982359884295,0.49825511082729246,0.3497847395070611,0.6442900972023241,0.6820254022641807,1.0,4.496444877120169,0.6916277341948626,4.496444877120169,4.496444877120169,nan,nan,nan,nan,nan,nan,nan,nan,nan,nan,nan,nan,nan,nan,nan,nan,nan,nan,nan,nan,nan,nan,88.1090057724675,nan,0.027747025628551657,nan,8.0,nan,nan,nan,nan,50.0,nan,0.0,nan,nan,nan,nan,nan,nan,nan,nan,nan,nan,nan,nan,nan,nan,nan,nan,3.3525265896727774e-14,1.1102230246251565e-14,8.770761894538737e-15,1.8970935933282362e-14,1.0658141036401503e-14,7.993605777301127e-15,2.1371793224034263e-14,0.6188197805236142,0.34999253613632497,0.8865835938835058,0.9332086388031344,nan,nan,nan,nan,10,0,wls,0.0,0.09182398499493848,1.0811758916448773,0.48260432896780636,4.402048483893128
star,0.0,2.89201329706245,2.295867628508462,2.1543309564946456,2.2846759256496387,1.9313972019905126,1.7014755152048084,1.7014755152048084,1.6346530362279743,0.2,nan,nan,nan,nan,nan,nan,nan,nan,nan,nan,nan,nan,0.0,0.0,nan,nan,nan,nan,nan,nan,0.0,nan,nan,nan,0.9645380997662911,0.9638758981891529,0.689790104378913,1.3465691018200658,1.4012691336356817,1.0,6.491336023437343,0.8459304254829636,6.491336023437343,6.491336023437343,nan,nan,nan,nan,nan,nan,nan,nan,nan,nan,nan,nan,nan,nan,nan,nan,nan,nan,nan,nan,nan,nan,49.09558098644355,nan,0.049064096279897794,nan,2.3,nan,nan,nan,nan,33.7,nan,0.0,nan,nan,nan,nan,nan,nan,nan,nan,nan,nan,nan,nan,nan,nan,nan,nan,1.580957587066223e-14,8.260059303211165e-15,5.240252676230739e-15,9.811595980124821e-15,1.0094095698187645e-14,4.829470157119431e-15,9.56188253575796e-15,0.6918051027498456,1.726448988853564,1.773282242148328,nan,nan,nan,nan,nan,nan,nan,nan,nan,nan,nan,nan,nan,nan,nan,nan,0.0,0.0,nan,nan,nan,nan,nan,nan,0.0,nan,nan,nan,0.9726311063948603,0.9621643332358614,0.6817667857778901,1.3623281621921177,1.4331380282764528,1.0,6.653354792860117,0.7821403720457668,6.653354792860117,6.653354792860117,nan,nan,nan,nan,nan,nan,nan,nan,nan,nan,nan,nan,nan,nan,nan,nan,nan,nan,nan,nan,nan,nan,48.971696490890636,nan,0.049254061872460966,nan,2.5,nan,nan,nan,nan,34.0,nan,0.0,nan,nan,nan,nan,nan,nan,nan,nan,nan,nan,nan,nan,nan,nan,nan,nan,1.5154544286133387e-14,7.438494264988549e-15,4.884981308350689e-15,9.867107131356079e-15,8.26942680998144e-15,4.884981308350689e-15,8.7360674250192e-15,1.1337905665771184,0.6787355474468745,1.7453458276439484,1.8018609114221942,nan,nan,nan,nan,10,0,wls,0.0,0.0914613002171337,1.3408633073076641,0.9584189941216074,6.5073155914380445
