added_edge_correction_rel_max,added_edge_correction_rel_median,added_edge_correction_rel_p90,added_edge_fraction,added_edge_negative_lambda_fraction,assembly_seconds,boundary_band_live,boundary_edge_correction_rel_max,boundary_edge_correction_rel_median,boundary_edge_correction_rel_p90,boundary_edge_fraction,boundary_edge_negative_lambda_fraction,cloud_seconds,cls_regularization,comparator_id,condition_estimate,constraint_resid_inf,constraint_resid_l2,core_edge_correction_rel_max,core_edge_correction_rel_median,core_edge_correction_rel_p90,core_edge_fraction,core_edge_negative_lambda_fraction,correction_abs_max,correction_abs_median,correction_rel_l2,correction_rel_max,correction_rel_median,correction_rel_p90,domain,effective_weight_added_edge_median,effective_weight_added_edge_p90,effective_weight_boundary_edge_median,effective_weight_boundary_edge_p90,effective_weight_core_edge_median,effective_weight_core_edge_p90,effective_weight_median,effective_weight_original_boundary_edge_median,effective_weight_original_boundary_edge_p90,effective_weight_original_core_edge_median,effective_weight_original_core_edge_p90,effective_weight_original_edge_median,effective_weight_original_edge_p90,effective_weight_p90,h,l2,lambda_ratio_median,linf,max_local_cond,max_reproduction_defect,median_local_cond,median_local_sigma_min,median_selected_neighbors,method,n_added_edges,n_edges,n_points,negative_lambda_fraction,original_boundary_edge_correction_rel_max,original_boundary_edge_correction_rel_median,original_boundary_edge_correction_rel_p90,original_boundary_edge_fraction,original_boundary_edge_negative_lambda_fraction,original_core_edge_correction_rel_max,original_core_edge_correction_rel_median,original_core_edge_correction_rel_p90,original_core_edge_fraction,original_core_edge_negative_lambda_fraction,original_edge_correction_rel_max,original_edge_correction_rel_median,original_edge_correction_rel_p90,original_edge_fraction,original_edge_negative_lambda_fraction,problem,protected_interface_nodes,seed,solve_seconds,total_seconds,trial,unstable
,,,,,0.03341919700000062,,,,,,,0.04366169499999728,,,42.0183038252293,,,,,,,,,,,,,,circle,,,,,,,,,,,,,,,0.2,1.0530362087553213,,2.850990285516374,21.44726287761905,,9.351748413557956,,,wls_strong,,,94,,,,,,,,,,,,,,,,,smooth_variable,,8101,0.019633780000020806,0.09671467200001871,1,False
,,,,,0.055674750000008544,,,,,,,0.034625377999986995,1e-12,CLS-GFD-type-v1,31.48416375551651,,,,,,,,,,,,,,circle,,,,,,,,,,,,,,,0.2,0.5255568229280396,,1.396434856505883,785.5088058505187,1.0545306849962799e-09,249.67027289952358,0.014235174931329572,22.0,cls_gfd,,,97,,,,,,,,,,,,,,,,,smooth_variable,,8100,0.0015142180000111694,0.09181434600000671,0,False
,,,,,0.04142408199999181,,,,,,,0.05226581799999508,,,61.78396919491752,,,,,,,,,,,,,,circle,,,,,,,,,,,,,,,0.2,1.5541470232959311,,4.9332078758861835,21.21779066129028,,9.474436564134686,,,wls_strong,,,97,,,,,,,,,,,,,,,,,smooth_variable,,8103,0.0007250870000063969,0.09441498699999329,3,False
nan,nan,nan,0.0,nan,0.059574679999997215,0.0,4.065517107663882,0.6487463308386734,2.1060476924371194,0.7248945147679325,0.37718277066356226,0.05939045599998849,,,126.6162943571609,4.4076527150327394e-11,1.991786211080308e-10,2.826437684562097,0.21409032895203656,1.7963005946778636,0.2751054852320675,0.2607361963190184,0.8088748609979963,0.13678024435280134,0.6091935119881808,4.065517107663882,0.501404185976584,2.029480767916629,circle,nan,nan,3.373279550157113,12.89719043967879,4.813584020117974,20.233945002357128,3.725607122477162,3.373279550157113,12.89719043967879,4.813584020117974,20.233945002357128,3.725607122477162,17.150094826446292,17.150094826446292,0.2,0.27221407334696296,0.8189524803242901,0.5447656157537002,24.746443564809997,,10.11523912219325,,,ccpfm_flux,0,1185,97,0.34514767932489454,4.065517107663882,0.6487463308386734,2.1060476924371194,0.7248945147679325,0.37718277066356226,2.826437684562097,0.21409032895203656,1.7963005946778636,0.2751054852320675,0.2607361963190184,4.065517107663882,0.501404185976584,2.029480767916629,1.0,0.34514767932489454,smooth_variable,0,8102,0.00028848799999536823,0.11925362399998107,2,False
,,,,,0.05794928700001378,,,,,,,0.03331401099998743,1e-12,CLS-GFD-type-v1,24.733279031730696,,,,,,,,,,,,,,circle,,,,,,,,,,,,,,,0.2,0.5018723278925259,,1.3880802216506645,926.7994926245003,7.135767532417958e-10,244.70652179466967,0.016463559857643393,26.0,cls_gfd,,,97,,,,,,,,,,,,,,,,,smooth_variable,,8103,0.0006670099999723789,0.09193030799997359,3,False
nan,nan,nan,0.0,nan,0.05173022299999275,0.0,4.104552188246055,0.6180137631632572,2.170152315542257,0.717948717948718,0.3726190476190476,0.03370668400000909,,,127.12775602542008,4.6438207446097834e-11,2.0305276841921075e-10,2.7736350245319756,0.22467993860759478,1.8120718279199752,0.28205128205128205,0.2696969696969697,0.8261359786481809,0.1346631737775709,0.6043337859381389,4.104552188246055,0.4965455356994225,1.9875072715183215,circle,nan,nan,3.3375836852923264,12.902112878136956,4.742321753498264,20.44487250734365,3.761638767761459,3.3375836852923264,12.902112878136956,4.742321753498264,20.44487250734365,3.761638767761459,17.72485700976165,17.72485700976165,0.2,0.27457938209954447,0.7874060164027715,0.6366770765496436,25.961056703388177,,10.121431966874864,,,ccpfm_flux,0,1170,97,0.3435897435897436,4.104552188246055,0.6180137631632572,2.170152315542257,0.717948717948718,0.3726190476190476,2.7736350245319756,0.22467993860759478,1.8120718279199752,0.28205128205128205,0.2696969696969697,4.104552188246055,0.4965455356994225,1.9875072715183215,1.0,0.3435897435897436,smooth_variable,0,8103,0.000296990999999025,0.08573389800000086,3,False
,,,,,0.019924541999984058,,,,,,,0.032108070000020916,,,48.32975527256665,,,,,,,,,,,,,,circle,,,,,,,,,,,,,,,0.2,1.3910993866308696,,4.4391510601724695,22.91417387223931,,9.379182072822907,,,wls_strong,,,95,,,,,,,,,,,,,,,,,smooth_variable,,8104,0.0006595490000051996,0.052692161000010174,4,False
,,,,,0.06795106600000622,,,,,,,0.03245214199998259,1e-12,CLS-GFD-type-v1,38.562918646492854,,,,,,,,,,,,,,circle,,,,,,,,,,,,,,,0.2,0.48343944411260725,,1.5225735905085243,864.9419657968465,8.179572574817939e-10,245.0001684626818,0.015712474004662073,22.0,cls_gfd,,,95,,,,,,,,,,,,,,,,,smooth_variable,,8104,0.00032959899999696063,0.10073280699998577,4,False
nan,nan,nan,0.0,nan,0.03548971100002518,0.0,3.940662520223443,0.5917428202221164,2.189373341223369,0.7383015597920277,0.37089201877934275,0.03210007799998493,,,124.37196540550359,3.256887814995224e-11,1.8196612905865882e-10,2.838212428933873,0.23615610906081974,1.7682219004638713,0.2616984402079723,0.24834437086092714,0.8614144096547977,0.13369505797016756,0.6049379181943629,3.940662520223443,0.494175771002859,2.0441519551339176,circle,nan,nan,3.30518114979109,12.89719043967862,4.6811190969607726,19.639252987890544,3.553673754791757,3.30518114979109,12.89719043967862,4.6811190969607726,19.639252987890544,3.553673754791757,16.990285204852352,16.990285204852352,0.2,0.2810686795957927,0.780359370662564,0.5778675562995286,27.102950070776938,,10.353001241751452,,,ccpfm_flux,0,1154,95,0.33882149046793764,3.940662520223443,0.5917428202221164,2.189373341223369,0.7383015597920277,0.37089201877934275,2.838212428933873,0.23615610906081974,1.7682219004638713,0.2616984402079723,0.24834437086092714,3.940662520223443,0.494175771002859,2.0441519551339176,1.0,0.33882149046793764,smooth_variable,0,8104,0.0002458149999995385,0.06783560400000965,4,False
,,,,,0.030407581000019945,,,,,,,0.07455159599999206,,,57.407819321588384,,,,,,,,,,,,,,circle,,,,,,,,,,,,,,,0.16,0.5884201178962687,,2.0898934737844024,20.71435566545283,,9.254221038073128,,,wls_strong,,,135,,,,,,,,,,,,,,,,,smooth_variable,,8100,0.0003895479999869167,0.10534872499999892,0,False
,,,,,0.07026597300000503,,,,,,,0.06616044800000509,1e-12,CLS-GFD-type-v1,50.419950467376815,,,,,,,,,,,,,,circle,,,,,,,,,,,,,,,0.16,0.2683043181848472,,1.0484553050718426,1092.0166344898098,1.3380550001329539e-09,243.5514638568522,0.01803797586216311,26.0,cls_gfd,,,135,,,,,,,,,,,,,,,,,smooth_variable,,8100,0.00048336799997628077,0.1369097889999864,0,False
nan,nan,nan,0.0,nan,0.1053105840000228,0.0,3.7317496528811605,0.6374305441602577,2.126276016096847,0.7162162162162162,0.37971698113207547,0.09020826099998658,,,128.1219749819599,4.05744976630822e-11,1.9939646340158669e-10,2.9442549214624765,0.28180059966169024,1.833375286131044,0.28378378378378377,0.2619047619047619,0.8810496229405473,0.14259550891191453,0.6107960298358283,3.7317496528811605,0.5228015754376016,2.039463724786359,circle,nan,nan,3.3337838755088915,14.115252416119711,4.526516822640221,19.27885430755358,3.7394836276408583,3.3337838755088915,14.115252416119711,4.526516822640221,19.27885430755358,3.7394836276408583,17.328147571862,17.328147571862,0.2,0.28041165655038364,0.7833579366291683,0.5206747119744533,24.82383817502041,,9.912977839464894,,,ccpfm_flux,0,1184,97,0.34628378378378377,3.7317496528811605,0.6374305441602577,2.126276016096847,0.7162162162162162,0.37971698113207547,2.9442549214624765,0.28180059966169024,1.833375286131044,0.28378378378378377,0.2619047619047619,3.7317496528811605,0.5228015754376016,2.039463724786359,1.0,0.34628378378378377,smooth_variable,0,8100,0.0002657549999867115,0.1957845999999961,0,False
nan,nan,nan,0.0,nan,0.05695625200002041,0.0,4.976608779347137,0.6674464891319879,2.124600479807007,0.6343195266272189,0.37779850746268656,0.06232388199998695,,,202.53721482272823,1.0345943719791695e-10,5.869719138117183e-10,3.485435154987582,0.2633433783163791,1.828839176763402,0.3656804733727811,0.2783171521035599,0.9512002410223894,0.1348871215410486,0.6263661933529288,4.976608779347137,0.5113043039656523,2.0120705269266894,circle,nan,nan,4.859975517113807,20.760797407548438,6.269277908229595,28.094636327381902,5.5215349424302085,4.859975517113807,20.760797407548438,6.269277908229595,28.094636327381902,5.5215349424302085,24.94891960398424,24.94891960398424,0.16,0.26269818683530216,0.8175741593241659,0.550761957227884,24.932775719077416,,9.81489141466337,,,ccpfm_flux,0,1690,135,0.34142011834319524,4.976608779347137,0.6674464891319879,2.124600479807007,0.6343195266272189,0.37779850746268656,3.485435154987582,0.2633433783163791,1.828839176763402,0.3656804733727811,0.2783171521035599,4.976608779347137,0.5113043039656523,2.0120705269266894,1.0,0.34142011834319524,smooth_variable,0,8100,0.0003580119999924136,0.11963814599999978,0,False
,,,,,0.04970068999998034,,,,,,,0.049653250000005755,,,49.82065111427153,,,,,,,,,,,,,,circle,,,,,,,,,,,,,,,0.16,0.426467005448089,,1.307125744760291,21.133768581537428,,9.23047589047262,,,wls_strong,,,136,,,,,,,,,,,,,,,,,smooth_variable,,8101,0.00043580700000234174,0.09978974699998844,1,False
,,,,,0.06801580300000865,,,,,,,0.08718150699999683,,,38.76267587478661,,,,,,,,,,,,,,circle,,,,,,,,,,,,,,,0.2,1.1707934841086942,,3.9094854427018735,21.6724063694903,,9.424677205927898,,,wls_strong,,,97,,,,,,,,,,,,,,,,,smooth_variable,,8100,0.0007462279999970178,0.1559435380000025,0,False
,,,,,0.0721733950000214,,,,,,,0.09195260099997427,,,47.43049446538937,,,,,,,,,,,,,,circle,,,,,,,,,,,,,,,0.2,1.1333311663475574,,2.929040813756181,22.78150599385571,,9.443401304406933,,,wls_strong,,,97,,,,,,,,,,,,,,,,,smooth_variable,,8102,0.004734568999992916,0.16886056499998858,2,False
,,,,,0.0706952410000099,,,,,,,0.08838905999999724,1e-12,CLS-GFD-type-v1,33.00131017441912,,,,,,,,,,,,,,circle,,,,,,,,,,,,,,,0.2,0.5912122707301531,,1.6840035565321643,971.664638857419,8.670539841659775e-10,229.6929744297163,0.015302463464940023,22.0,cls_gfd,,,94,,,,,,,,,,,,,,,,,smooth_variable,,8101,0.000338491999997359,0.1594227930000045,1,False
nan,nan,nan,0.0,nan,0.0959540220000008,0.0,4.1263254000846175,0.6006322375205144,2.178530274194566,0.745374449339207,0.36879432624113473,0.06948422299998924,,,125.90852154528015,3.034340313734507e-11,1.535792746494809e-10,2.9775070111629787,0.24761173943286294,1.7030075205869528,0.25462555066079295,0.23183391003460208,0.9757455353862446,0.12541715504034445,0.6031156944651236,4.1263254000846175,0.49791117015506986,2.0888162193695705,circle,nan,nan,3.2678813986796866,12.897190439671743,4.752168130190847,20.06794493865958,3.462954512319251,3.2678813986796866,12.897190439671743,4.752168130190847,20.06794493865958,3.462954512319251,16.09077906000569,16.09077906000569,0.2,0.29325689584134573,0.7823724236280377,0.5407302084992837,26.145758457888295,,9.962982383724986,,,ccpfm_flux,0,1135,94,0.333920704845815,4.1263254000846175,0.6006322375205144,2.178530274194566,0.745374449339207,0.36879432624113473,2.9775070111629787,0.24761173943286294,1.7030075205869528,0.25462555066079295,0.23183391003460208,4.1263254000846175,0.49791117015506986,2.0888162193695705,1.0,0.333920704845815,smooth_variable,0,8101,0.00023580999999239793,0.16567405499998245,1,False
nan,nan,nan,0.0,nan,0.06342304399998966,0.0,5.218920320940509,0.7136084624614943,2.046993942858203,0.6352729454109178,0.3918791312559018,0.05417230899999481,,,200.26853492076185,1.1953032942775554e-10,6.989613106176949e-10,3.0444184706864985,0.2968803246383165,1.8485090397322193,0.36472705458908217,0.2894736842105263,0.9747079820669262,0.1504793248289918,0.6355888277922016,5.218920320940509,0.5799251908867764,1.9903399605268506,circle,nan,nan,5.106321576085749,19.498818450555728,6.561314500947599,27.990071681926054,5.726524358515637,5.106321576085749,19.498818450555728,6.561314500947599,27.990071681926054,5.726524358515637,26.135518604975356,26.135518604975356,0.16,0.23625866500361062,0.8005296549623676,0.48980892066478754,25.688274505519285,,9.61728061813628,,,ccpfm_flux,0,1667,136,0.35452909418116374,5.218920320940509,0.7136084624614943,2.046993942858203,0.6352729454109178,0.3918791312559018,3.0444184706864985,0.2968803246383165,1.8485090397322193,0.36472705458908217,0.2894736842105263,5.218920320940509,0.5799251908867764,1.9903399605268506,1.0,0.35452909418116374,smooth_variable,0,8101,0.0003945750000013959,0.11798992799998587,1,False
,,,,,0.09537884800002416,,,,,,,0.08945698599998764,1e-12,CLS-GFD-type-v1,45.1056190647305,,,,,,,,,,,,,,circle,,,,,,,,,,,,,,,0.2,0.5591575386286555,,1.7242443174312667,703.220257702492,8.289617881018785e-10,239.7504006706085,0.01629262495442405,22.0,cls_gfd,,,97,,,,,,,,,,,,,,,,,smooth_variable,,8102,0.0007152719999794499,0.18555110599999125,2,False
,,,,,0.04932716499999401,,,,,,,0.048541478999993615,,,46.90879655859273,,,,,,,,,,,,,,circle,,,,,,,,,,,,,,,0.16,0.4880262054529617,,1.414961493153696,21.060066385239924,,9.296786168216018,,,wls_strong,,,135,,,,,,,,,,,,,,,,,smooth_variable,,8102,0.0003700700000024426,0.09823871399999007,2,False
,,,,,0.15227988800000958,,,,,,,0.12558251100000462,1e-12,CLS-GFD-type-v1,53.12995799203976,,,,,,,,,,,,,,circle,,,,,,,,,,,,,,,0.16,0.24127239355826394,,0.6494388212597995,883.2648016466859,1.3041656643508759e-09,233.24442604054758,0.017868461734570684,26.0,cls_gfd,,,136,,,,,,,,,,,,,,,,,smooth_variable,,8101,0.0007146609999892917,0.2785770600000035,1,False
nan,nan,nan,0.0,nan,0.048021466999983886,0.0,4.553145701871835,0.6478777886823808,1.9615688983825947,0.625821876867902,0.37822349570200575,0.07113648500001091,,,200.17226159421276,1.1697788538603954e-10,6.009275398969298e-10,3.124652117878545,0.2699387530617513,1.900515239253334,0.37417812313209803,0.3003194888178914,0.9287062111496807,0.13984261309734353,0.6262463895813121,4.553145701871835,0.5238863558402592,1.9387696881677723,circle,nan,nan,5.183941225979183,20.430409497804824,6.512529574752927,28.335873024942742,5.711913774388701,5.183941225979183,20.430409497804824,6.512529574752927,28.335873024942742,5.711913774388701,25.780520990165176,25.780520990165176,0.16,0.24557509738749075,0.7930912071705543,0.45100853593753304,25.533676975810295,,9.540088581155091,,,ccpfm_flux,0,1673,136,0.34907352062163777,4.553145701871835,0.6478777886823808,1.9615688983825947,0.625821876867902,0.37822349570200575,3.124652117878545,0.2699387530617513,1.900515239253334,0.37417812313209803,0.3003194888178914,4.553145701871835,0.5238863558402592,1.9387696881677723,1.0,0.34907352062163777,smooth_variable,0,8103,0.0004303789999937635,0.11958833099998856,3,False
,,,,,0.10528240700000424,,,,,,,0.07309038600001827,1e-12,CLS-GFD-type-v1,40.10727648525428,,,,,,,,,,,,,,circle,,,,,,,,,,,,,,,0.16,0.2035589483790839,,0.5202618048624439,823.4999889751441,1.3542553745082841e-09,233.8116108254818,0.018776520879149185,30.0,cls_gfd,,,143,,,,,,,,,,,,,,,,,smooth_variable,,8104,0.000688873000001422,0.17906166600002393,4,False
nan,nan,nan,0.0,nan,0.16319021700002168,0.0,5.713281554507156,0.6889126978768012,2.0369020555580883,0.632788868723533,0.372848948374761,0.12188460099997656,,,199.49865017212528,1.3255139390613846e-10,6.03187428073622e-10,3.079448008243748,0.25883393349213035,1.854495644314646,0.36721113127646704,0.2981878088962109,1.0100052812489129,0.144248267047566,0.6236465037984912,5.713281554507156,0.5338225689779155,1.9744603828042495,circle,nan,nan,5.219090217851544,19.134531932982924,6.391691732356801,29.38899469957017,5.724975197824122,5.219090217851544,19.134531932982924,6.391691732356801,29.38899469957017,5.724975197824122,25.37587433431525,25.37587433431525,0.16,0.2218622597713578,0.8042069071464009,0.45235627856013916,26.486666970137815,,9.555253780194036,,,ccpfm_flux,0,1653,135,0.3454325468844525,5.713281554507156,0.6889126978768012,2.0369020555580883,0.632788868723533,0.372848948374761,3.079448008243748,0.25883393349213035,1.854495644314646,0.36721113127646704,0.2981878088962109,5.713281554507156,0.5338225689779155,1.9744603828042495,1.0,0.3454325468844525,smooth_variable,0,8102,0.0003806549999865183,0.28545547299998475,2,False
,,,,,0.08888460700001133,,,,,,,0.1227807010000106,,,78.02580442205951,,,,,,,,,,,,,,circle,,,,,,,,,,,,,,,0.16,0.5348096792236839,,1.6676208066780334,21.986423157725998,,9.31107726680262,,,wls_strong,,,136,,,,,,,,,,,,,,,,,smooth_variable,,8103,0.0005796799999870927,0.21224498800000902,3,False
,,,,,0.18929459399998905,,,,,,,0.12123816100000795,1e-12,CLS-GFD-type-v1,35.24017369623587,,,,,,,,,,,,,,circle,,,,,,,,,,,,,,,0.16,0.2343104903886808,,0.6788861565934012,760.4301341416839,1.198774413069259e-09,240.42535157262293,0.01703050517477267,26.0,cls_gfd,,,135,,,,,,,,,,,,,,,,,smooth_variable,,8102,0.001011201000011397,0.3115439560000084,2,False
,,,,,0.1340521760000115,,,,,,,0.12488688799999181,1e-12,CLS-GFD-type-v1,59.942600422421194,,,,,,,,,,,,,,circle,,,,,,,,,,,,,,,0.16,0.26372774262813375,,1.1955910815292348,1093.5005872105482,1.2069740762399306e-09,241.49425753499673,0.017557395124618666,30.0,cls_gfd,,,136,,,,,,,,,,,,,,,,,smooth_variable,,8103,0.0007493720000013582,0.2596884360000047,3,False
,,,,,0.10966507899999556,,,,,,,0.18545939000000544,,,27.556583869562697,,,,,,,,,,,,,,circle,,,,,,,,,,,,,,,0.16,0.41805205738650275,,2.948103417781839,21.09051467456429,,9.180769607188621,,,wls_strong,,,143,,,,,,,,,,,,,,,,,smooth_variable,,8104,0.004547871999989184,0.2996723409999902,4,False
,,,,,0.0832744570000159,,,,,,,0.1146937649999984,,,80.08132009508216,,,,,,,,,,,,,,circle,,,,,,,,,,,,,,,0.12,0.2030737059675364,,1.3198519176340775,21.086564171380903,,9.22298903941152,,,wls_strong,,,222,,,,,,,,,,,,,,,,,smooth_variable,,8100,0.0008062469999856603,0.19877446899999995,0,False
nan,nan,nan,0.0,nan,0.1571914099999958,0.0,4.92817890260876,0.7048005884791484,1.9451710378664082,0.5981941309255079,0.3877358490566038,0.13334758000002012,,,201.76447653628702,1.3577644347381734e-10,7.749031186098842e-10,3.0203627531509705,0.30269314143489173,1.8493257836941988,0.4018058690744921,0.30758426966292135,0.9470419946907632,0.15471560816924224,0.6322733409763944,4.92817890260876,0.5653559362811752,1.9149450903220389,circle,nan,nan,5.589797943785771,22.14254099567901,7.110225795012936,30.78323278181924,6.259498942521366,5.589797943785771,22.14254099567901,7.110225795012936,30.78323278181924,6.259498942521366,29.586565485846705,29.586565485846705,0.16,0.2245035929914929,0.7675290509088251,0.4400598792913941,24.436432346121247,,9.476440784812745,,,ccpfm_flux,0,1772,143,0.35553047404063204,4.92817890260876,0.7048005884791484,1.9451710378664082,0.5981941309255079,0.3877358490566038,3.0203627531509705,0.30269314143489173,1.8493257836941988,0.4018058690744921,0.30758426966292135,4.92817890260876,0.5653559362811752,1.9149450903220389,1.0,0.35553047404063204,smooth_variable,0,8104,0.00042040499999984604,0.2909593950000158,4,False
,,,,,0.11060368200000426,,,,,,,0.13179255099998954,1e-12,CLS-GFD-type-v1,65.9149260707152,,,,,,,,,,,,,,circle,,,,,,,,,,,,,,,0.12,0.10517416591313082,,0.304390987860891,878.8606945314813,2.2281838596427406e-09,235.53912668559394,0.019728668036993705,34.0,cls_gfd,,,222,,,,,,,,,,,,,,,,,smooth_variable,,8100,0.001120664000012539,0.24351689700000634,0,False
,,,,,0.15687618199999065,,,,,,,0.21272641300001283,,,82.63038106962206,,,,,,,,,,,,,,circle,,,,,,,,,,,,,,,0.12,0.2614015908660685,,1.4148319523010815,22.66823861175381,,9.18564716206468,,,wls_strong,,,219,,,,,,,,,,,,,,,,,smooth_variable,,8101,0.0011110499999915646,0.37071364499999504,1,False
,,,,,0.12030439900001966,,,,,,,0.11032498899999155,1e-12,CLS-GFD-type-v1,91.37070361662467,,,,,,,,,,,,,,circle,,,,,,,,,,,,,,,0.12,0.11601328105747898,,0.3783374514896092,894.0907835297226,2.588489422805651e-09,237.15918662502085,0.01894247923325714,34.0,cls_gfd,,,218,,,,,,,,,,,,,,,,,smooth_variable,,8102,0.0009943270000007942,0.231623715000012,2,False
,,,,,0.0749674229999755,,,,,,,0.11105984900001431,,,64.50515651353062,,,,,,,,,,,,,,circle,,,,,,,,,,,,,,,0.12,0.21986008051085054,,0.8250195796141468,21.515632261297466,,9.236134676647552,,,wls_strong,,,224,,,,,,,,,,,,,,,,,smooth_variable,,8103,0.0012331310000206486,0.18726040300001046,3,False
,,,,,0.15110433300000636,,,,,,,0.21596420999998145,,,77.94334531473939,,,,,,,,,,,,,,circle,,,,,,,,,,,,,,,0.12,0.24128226303877762,,1.1730656277493683,21.207061380025145,,9.232759797665985,,,wls_strong,,,218,,,,,,,,,,,,,,,,,smooth_variable,,8102,0.0009880270000053315,0.36805656999999314,2,False
,,,,,0.22616007700000296,,,,,,,0.2331804410000018,1e-12,CLS-GFD-type-v1,86.66095278379758,,,,,,,,,,,,,,circle,,,,,,,,,,,,,,,0.12,0.11020354597984407,,0.4092115702554784,768.6723821566057,2.764519280162858e-09,233.8108782974672,0.018523969226609833,30.0,cls_gfd,,,219,,,,,,,,,,,,,,,,,smooth_variable,,8101,0.005160631999984844,0.4645011499999896,1,False
nan,nan,nan,0.0,nan,0.30465249500002756,0.0,4.173829317817563,0.8569510387160557,1.9552157488215058,0.49018920812894184,0.4224446032880629,0.23318896299997505,,,337.6069044616314,7.814929259275516e-16,3.764152071654576e-15,3.1083464073294587,0.3859805836873321,1.8782869652640082,0.5098107918710582,0.32920962199312714,0.9866774291950275,0.1787768838782065,0.6456630815973595,4.173829317817563,0.6534194395454826,1.916331006778032,circle,nan,nan,9.128431556033377,34.90688947539876,11.234781242541478,49.84594937855322,10.289466177251311,9.128431556033377,34.90688947539876,11.234781242541478,49.84594937855322,10.289466177251311,45.24169413556404,45.24169413556404,0.12,0.1717566702815685,0.7548159972479915,0.3933709036653943,24.903783779942533,,9.406757143293245,,,ccpfm_flux,0,2854,222,0.3749124036440084,4.173829317817563,0.8569510387160557,1.9552157488215058,0.49018920812894184,0.4224446032880629,3.1083464073294587,0.3859805836873321,1.8782869652640082,0.5098107918710582,0.32920962199312714,4.173829317817563,0.6534194395454826,1.916331006778032,1.0,0.3749124036440084,smooth_variable,0,8100,0.005256523999975116,0.5430979819999777,0,False
nan,nan,nan,0.0,nan,0.2452259050000123,0.0,4.420447967684251,0.8488626034115941,1.9828543578671853,0.506190307746728,0.4283717679944095,0.21170128999997928,,,328.2659817933577,3.7334231713093136e-10,2.6923880741776185e-09,3.742530451022774,0.37833748292296754,1.8709592259651302,0.49380969225327204,0.3202005730659026,0.9737308431698282,0.1810645302231241,0.6470122334612493,4.420447967684251,0.6527419628873931,1.9398388239458413,circle,nan,nan,9.59028526775424,37.562206502925314,10.515083193477095,46.80482993267964,10.179465627533629,9.59028526775424,37.562206502925314,10.515083193477095,46.80482993267964,10.179465627533629,44.27967372353541,44.27967372353541,0.12,0.1793134560044966,0.7487110397887904,0.4374742218341596,25.798693587436507,,9.441611330005859,,,ccpfm_flux,0,2827,219,0.3749557835160948,4.420447967684251,0.8488626034115941,1.9828543578671853,0.506190307746728,0.4283717679944095,3.742530451022774,0.37833748292296754,1.8709592259651302,0.49380969225327204,0.3202005730659026,4.420447967684251,0.6527419628873931,1.9398388239458413,1.0,0.3749557835160948,smooth_variable,0,8101,0.0009112029999869264,0.4578383979999785,1,False
,,,,,0.07591590199999132,,,,,,,0.11628021000001354,,,59.43273055259732,,,,,,,,,,,,,,circle,,,,,,,,,,,,,,,0.12,0.2036068160463424,,0.7039192685653726,22.2384864365383,,9.189052321050205,,,wls_strong,,,227,,,,,,,,,,,,,,,,,smooth_variable,,8104,0.0010479050000071766,0.19324401700001204,4,False
nan,nan,nan,0.0,nan,0.2494630560000246,0.0,4.158265160532912,0.8345792529409214,2.0161600682791523,0.5144671841919548,0.4348422496570645,0.2169123169999807,,,343.1659476294272,4.24265742329788e-10,2.7572838573584066e-09,3.332145938068254,0.42146075206913114,1.885812395920715,0.4855328158080452,0.31613372093023256,1.0681725549062144,0.18698232183817715,0.647117884488421,4.158265160532912,0.6473630697030825,1.9395537336705182,circle,nan,nan,9.310017305460391,37.785490401197926,10.67160586998528,45.17323710321982,10.165235839514372,9.310017305460391,37.785490401197926,10.67160586998528,45.17323710321982,10.165235839514372,42.55136326103197,42.55136326103197,0.12,0.18035853649440448,0.7568552215749262,0.49190489723601116,25.74326585275455,,9.416873572238817,,,ccpfm_flux,0,2834,218,0.37720536344389555,4.158265160532912,0.8345792529409214,2.0161600682791523,0.5144671841919548,0.4348422496570645,3.332145938068254,0.42146075206913114,1.885812395920715,0.4855328158080452,0.31613372093023256,4.158265160532912,0.6473630697030825,1.9395537336705182,1.0,0.37720536344389555,smooth_variable,0,8102,0.004893624999994017,0.47126899799999933,2,False
nan,nan,nan,0.0,nan,0.14058565199999862,0.0,4.276709372622861,0.8368945724466981,1.986401673720232,0.49228659581762085,0.4254874651810585,0.16526428599999576,,,330.66797035199903,1.164866814118426e-15,4.160965156237414e-15,3.4644801779721015,0.38729883466053194,1.866602033169869,0.5077134041823792,0.3261309925725861,0.9504744872577204,0.17832577117072443,0.6443099180599762,4.276709372622861,0.6574171968129959,1.917831569638342,circle,nan,nan,9.318703497648537,34.49577149770083,11.316956690782629,52.12607093658979,10.407720028534447,9.318703497648537,34.49577149770083,11.316956690782629,52.12607093658979,10.407720028534447,46.75516560379022,46.75516560379022,0.12,0.17443788387777243,0.7506505659506256,0.41373875996844955,25.15994828649515,,9.462429335928917,,,ccpfm_flux,0,2917,224,0.37504285224545764,4.276709372622861,0.8368945724466981,1.986401673720232,0.49228659581762085,0.4254874651810585,3.4644801779721015,0.38729883466053194,1.866602033169869,0.5077134041823792,0.3261309925725861,4.276709372622861,0.6574171968129959,1.917831569638342,1.0,0.37504285224545764,smooth_variable,0,8103,0.0009447330000114107,0.3067946710000058,3,False
,,,,,0.2651876210000239,,,,,,,0.2257789619999926,1e-12,CLS-GFD-type-v1,77.1655796982053,,,,,,,,,,,,,,circle,,,,,,,,,,,,,,,0.12,0.10880659361973137,,0.3007465429632681,873.4241474502548,2.568953050285927e-09,239.61306661700854,0.019200977430287043,34.0,cls_gfd,,,224,,,,,,,,,,,,,,,,,smooth_variable,,8103,0.000967726999988372,0.49193431000000487,3,False
,,,,,0.24713782299997433,,,,,,,0.2509392420000154,1e-12,CLS-GFD-type-v1,66.74085426786004,,,,,,,,,,,,,,circle,,,,,,,,,,,,,,,0.12,0.09755403362313654,,0.30500090884595105,750.132439947353,2.290004630367548e-09,238.39492811389655,0.019406709501129816,34.0,cls_gfd,,,227,,,,,,,,,,,,,,,,,smooth_variable,,8104,0.0010539149999999609,0.4991309799999897,4,False
nan,nan,nan,0.0,nan,0.20445704499999806,0.0,3.7475460720730704,0.9121194584350041,1.9896909917106012,0.43168418354268134,0.45902612826603323,0.1642176329999927,,,466.07549325128895,7.476658181460039e-16,4.4345699366170684e-15,3.59270467815546,0.4279088970186353,1.8305074020732264,0.5683158164573187,0.33964817320703655,1.008085364329598,0.1878534006710953,0.6535984924074865,3.7475460720730704,0.6534808381651516,1.8997172564766256,circle,nan,nan,13.050537406741514,47.28083116246645,14.915535793009989,64.62334155248202,14.146913381964437,13.050537406741514,47.28083116246645,14.915535793009989,64.62334155248202,14.146913381964437,60.55360040363399,60.55360040363399,0.1,0.1353160325910195,0.7363624671532525,0.32314052395664516,25.099390013199258,,9.36740518685705,,,ccpfm_flux,0,3901,296,0.39118174826967445,3.7475460720730704,0.9121194584350041,1.9896909917106012,0.43168418354268134,0.45902612826603323,3.59270467815546,0.4279088970186353,1.8305074020732264,0.5683158164573187,0.33964817320703655,3.7475460720730704,0.6534808381651516,1.8997172564766256,1.0,0.39118174826967445,smooth_variable,0,8100,0.0013798790000123518,0.3700545570000031,0,False
nan,nan,nan,0.0,nan,0.3152326020000089,0.0,4.057556851590257,0.8550180545344436,1.9591494276264116,0.49070631970260226,0.4331955922865014,0.2549281649999955,,,348.01367364967876,9.08995101411847e-16,3.922707453094777e-15,3.5356512555035553,0.40889266229854293,1.8465793950822573,0.5092936802973977,0.3357664233576642,0.9399742205477952,0.19019365835313395,0.6460752764660495,4.057556851590257,0.6600827166598813,1.8914169870226336,circle,nan,nan,9.970214944416696,36.62048022399886,11.113694251498538,50.98570259188542,10.617174476786674,9.970214944416696,36.62048022399886,11.113694251498538,50.98570259188542,10.617174476786674,47.97517168643962,47.97517168643962,0.12,0.16339116057500844,0.741972408915004,0.3932758947075162,25.508143552362156,,9.465510001784267,,,ccpfm_flux,0,2959,227,0.38357553227441704,4.057556851590257,0.8550180545344436,1.9591494276264116,0.49070631970260226,0.4331955922865014,3.5356512555035553,0.40889266229854293,1.8465793950822573,0.5092936802973977,0.3357664233576642,4.057556851590257,0.6600827166598813,1.8914169870226336,1.0,0.38357553227441704,smooth_variable,0,8104,0.0009085689999892566,0.5710693359999937,4,False
,,,,,0.18350143200001412,,,,,,,0.15250270000001365,1e-12,CLS-GFD-type-v1,98.48223533035097,,,,,,,,,,,,,,circle,,,,,,,,,,,,,,,0.1,0.0686572228929074,,0.22680235072663324,767.5345187739947,4.221107019475312e-09,239.6511240997459,0.020049995342490693,34.0,cls_gfd,,,301,,,,,,,,,,,,,,,,,smooth_variable,,8101,0.0013690229999951953,0.33737315500002296,1,False
,,,,,0.1943490479999923,,,,,,,0.30880987700001583,,,73.5868503893193,,,,,,,,,,,,,,circle,,,,,,,,,,,,,,,0.1,0.12447362978898392,,0.6973477916263063,21.723432112265936,,9.170104604328666,,,wls_strong,,,296,,,,,,,,,,,,,,,,,smooth_variable,,8100,0.005185718999996425,0.5083446440000046,0,False
,,,,,0.23116499900001486,,,,,,,0.31756141999997567,,,92.81980699826532,,,,,,,,,,,,,,circle,,,,,,,,,,,,,,,0.1,0.1207770651953196,,0.5337590360390096,21.666584496460583,,9.271822089510998,,,wls_strong,,,301,,,,,,,,,,,,,,,,,smooth_variable,,8101,0.0012225650000061705,0.5499489839999967,1,False
,,,,,0.3594030319999888,,,,,,,0.32289521900000295,1e-12,CLS-GFD-type-v1,82.12400368361743,,,,,,,,,,,,,,circle,,,,,,,,,,,,,,,0.1,0.07068101213143103,,0.23229535341979268,924.5110160194934,3.9867416035122005e-09,236.46514836607977,0.01948329685482787,34.0,cls_gfd,,,296,,,,,,,,,,,,,,,,,smooth_variable,,8100,0.001358237000005147,0.6836564879999969,0,False
,,,,,0.10397355899999638,,,,,,,0.14932764499999962,,,78.70178781350765,,,,,,,,,,,,,,circle,,,,,,,,,,,,,,,0.1,0.11690011823424705,,0.5144571578707036,22.22374839302146,,9.147521037734386,,,wls_strong,,,298,,,,,,,,,,,,,,,,,smooth_variable,,8103,0.024023747000001094,0.2773249509999971,3,False
,,,,,0.15434799799999155,,,,,,,0.1681615480000005,1e-12,CLS-GFD-type-v1,95.46627876101846,,,,,,,,,,,,,,circle,,,,,,,,,,,,,,,0.1,0.06990975497393753,,0.21263407840489013,858.1649252108251,4.215266358187364e-09,236.1059954977643,0.019814827005800777,34.0,cls_gfd,,,299,,,,,,,,,,,,,,,,,smooth_variable,,8102,0.001245660000023463,0.3237552060000155,2,False
,,,,,0.20141230499999097,,,,,,,0.32474022900001387,,,76.06870070445508,,,,,,,,,,,,,,circle,,,,,,,,,,,,,,,0.1,0.11544965791724901,,0.6147999015683845,20.713614997850623,,9.144958336532191,,,wls_strong,,,299,,,,,,,,,,,,,,,,,smooth_variable,,8102,0.0013159629999961453,0.527468497000001,2,False
,,,,,0.03302715499998499,,,,,,,0.08059230399999251,,,32.39583442069808,,,,,,,,,,,,,,ellipse,,,,,,,,,,,,,,,0.2,1.1969188884714548,,5.6570421216864055,21.32622648453158,,9.411600646426407,,,wls_strong,,,82,,,,,,,,,,,,,,,,,smooth_variable,,8100,0.00019161500000564047,0.11381107399998314,0,False
nan,nan,nan,0.0,nan,0.4258418329999927,0.0,4.0490420502102475,0.8667312876945229,2.0252995740721715,0.4425616745576875,0.44313063063063063,0.3182536779999907,,,517.6711305762926,7.7021722333370235e-16,4.4416277578837654e-15,3.363078499676533,0.4472601930922452,1.851416845221652,0.5574383254423125,0.3446580241394725,0.9042599528179787,0.1926947531094191,0.6521082546735109,4.0490420502102475,0.648706021421578,1.9190093572944908,circle,nan,nan,13.467344641338975,49.52852040991674,15.195267370640977,68.27294077458976,14.58951432162606,13.467344641338975,49.52852040991674,15.195267370640977,68.27294077458976,14.58951432162606,64.07671782528215,64.07671782528215,0.1,0.13244075767504201,0.7593678933443961,0.31923274866975737,25.82867189805736,,9.405713402473712,,,ccpfm_flux,0,4013,301,0.38823822576625966,4.0490420502102475,0.8667312876945229,2.0252995740721715,0.4425616745576875,0.44313063063063063,3.363078499676533,0.4472601930922452,1.851416845221652,0.5574383254423125,0.3446580241394725,4.0490420502102475,0.648706021421578,1.9190093572944908,1.0,0.38823822576625966,smooth_variable,0,8101,0.0014576739999938582,0.7455531849999772,1,False
nan,nan,nan,0.0,nan,0.1801890149999963,0.0,3.8602191674777666,0.8841037918270298,2.0573862996182974,0.4363726216950828,0.4445073612684032,0.17087552700002107,,,490.6982320102415,8.413408858487514e-16,4.356419730387705e-15,3.483972133447664,0.454291202968356,1.8361040182367403,0.5636273783049173,0.33625602805786936,0.9826821279308365,0.19597243744364046,0.6509061723764898,3.8602191674777666,0.6604777526961728,1.9223736875075832,circle,nan,nan,13.825394376168619,53.84983398485802,15.275038309189796,68.21079532889678,14.778399270582437,13.825394376168619,53.84983398485802,15.275038309189796,68.21079532889678,14.778399270582437,65.62366221385138,65.62366221385138,0.1,0.14791692932650774,0.7475360956796592,0.3633213005848088,24.525712127981414,,9.390968080166903,,,ccpfm_flux,0,4047,303,0.38349394613293797,3.8602191674777666,0.8841037918270298,2.0573862996182974,0.4363726216950828,0.4445073612684032,3.483972133447664,0.454291202968356,1.8361040182367403,0.5636273783049173,0.33625602805786936,3.8602191674777666,0.6604777526961728,1.9223736875075832,1.0,0.38349394613293797,smooth_variable,0,8104,0.0015604769999981727,0.3526250190000155,4,False
,,,,,0.1541512869999906,,,,,,,0.17111238900000103,1e-12,CLS-GFD-type-v1,95.90688888640848,,,,,,,,,,,,,,circle,,,,,,,,,,,,,,,0.1,0.06540857238464126,,0.20911128727918116,884.4751732768314,3.6712393125526432e-09,235.3041874786823,0.019606872213168234,34.0,cls_gfd,,,303,,,,,,,,,,,,,,,,,smooth_variable,,8104,0.0014974130000098285,0.32676108900000145,4,False
nan,nan,nan,0.0,nan,0.3854328980000048,0.0,4.396844503437003,0.8747227674440382,2.0120912070544645,0.43896891584533737,0.43983880253310303,0.33647666400000276,,,456.20847248450855,8.010085650322907e-16,4.404294883951522e-15,3.69119014973177,0.42987077289083897,1.8658812024578544,0.5610310841546626,0.331981981981982,0.9891414722494628,0.18966972451144748,0.6526697594363281,4.396844503437003,0.6624022093910806,1.9434470965173714,circle,nan,nan,13.384361666164603,50.62917807905902,14.991242066851893,64.57541948663999,14.3360246019366,13.384361666164603,50.62917807905902,14.991242066851893,64.57541948663999,14.3360246019366,62.66671832238115,62.66671832238115,0.1,0.16268046026026353,0.7566490915121059,0.37727164196331864,25.24111922963554,,9.438484834344521,,,ccpfm_flux,0,3957,299,0.3793277735658327,4.396844503437003,0.8747227674440382,2.0120912070544645,0.43896891584533737,0.43983880253310303,3.69119014973177,0.42987077289083897,1.8658812024578544,0.5610310841546626,0.331981981981982,4.396844503437003,0.6624022093910806,1.9434470965173714,1.0,0.3793277735658327,smooth_variable,0,8102,0.0014130079999858935,0.7233225699999934,2,False
,,,,,0.01660017599999719,,,,,,,0.04922827799998686,,,47.26536569695847,,,,,,,,,,,,,,ellipse,,,,,,,,,,,,,,,0.2,1.6889404827111456,,9.05254367157176,22.239927166553954,,10.467778166878869,,,wls_strong,,,82,,,,,,,,,,,,,,,,,smooth_variable,,8101,0.0002150100000051225,0.06604346399998917,1,False
,,,,,0.07897371200002112,,,,,,,0.07778928299998711,1e-12,CLS-GFD-type-v1,25.022226316223712,,,,,,,,,,,,,,ellipse,,,,,,,,,,,,,,,0.2,0.6459338584920314,,2.114996045583057,878.5361788611825,7.982166039255389e-10,274.539277620433,0.012662328140987202,22.0,cls_gfd,,,82,,,,,,,,,,,,,,,,,smooth_variable,,8100,0.0002447029999927963,0.15700769800000103,0,False
,,,,,0.34923077900000976,,,,,,,0.3235276229999897,1e-12,CLS-GFD-type-v1,93.19721400176303,,,,,,,,,,,,,,circle,,,,,,,,,,,,,,,0.1,0.0716400023626021,,0.2081212435002684,926.9482848902898,3.229189360354212e-09,234.80206758957203,0.019515121197661436,34.0,cls_gfd,,,298,,,,,,,,,,,,,,,,,smooth_variable,,8103,0.0013386480000008305,0.6740970500000003,3,False
nan,nan,nan,0.0,nan,0.05289783699998907,0.0,4.803209506415758,0.654244762959769,2.243388158989143,0.8127659574468085,0.38612565445026176,0.12880534600000715,,,90.1464475888422,6.606594785130149e-11,2.946570633821107e-10,2.691133373425173,0.22085864356400264,1.4387152226154138,0.18723404255319148,0.20454545454545456,0.7032737425177837,0.14550009145713638,0.6079058069150937,4.803209506415758,0.5782309535179879,2.122847956183311,ellipse,nan,nan,3.292499175018736,14.384455991301047,4.937787188853093,19.94985740121979,3.573962196895165,3.292499175018736,14.384455991301047,4.937787188853093,19.94985740121979,3.573962196895165,17.20235421188872,17.20235421188872,0.2,0.26405500686008154,0.7995934727633183,0.501016793460568,26.825089727596424,,10.846199978760922,,,ccpfm_flux,0,940,82,0.35212765957446807,4.803209506415758,0.654244762959769,2.243388158989143,0.8127659574468085,0.38612565445026176,2.691133373425173,0.22085864356400264,1.4387152226154138,0.18723404255319148,0.20454545454545456,4.803209506415758,0.5782309535179879,2.122847956183311,1.0,0.35212765957446807,smooth_variable,0,8100,0.00021942500001159715,0.1819226080000078,0,False
,,,,,0.031431827000005796,,,,,,,0.06178409000000329,1e-12,CLS-GFD-type-v1,25.558200796495758,,,,,,,,,,,,,,ellipse,,,,,,,,,,,,,,,0.2,0.6436345567236655,,2.222839923519299,860.5464114352438,8.263469908342813e-10,254.98689649134286,0.013730335031855341,22.0,cls_gfd,,,82,,,,,,,,,,,,,,,,,smooth_variable,,8101,0.0002406170000028851,0.09345653400001197,1,False
,,,,,0.016390024000003223,,,,,,,0.028919217000009212,,,60.052633081505505,,,,,,,,,,,,,,ellipse,,,,,,,,,,,,,,,0.2,1.4527310605078532,,4.689340523816877,21.3812430096109,,10.444723882711253,,,wls_strong,,,81,,,,,,,,,,,,,,,,,smooth_variable,,8102,0.0002235210000094412,0.045532762000021876,2,False
,,,,,0.2653303330000085,,,,,,,0.3389591899999971,,,77.62628399401277,,,,,,,,,,,,,,circle,,,,,,,,,,,,,,,0.1,0.10945933089578704,,0.40255646609207496,21.11311418373347,,9.258809233171103,,,wls_strong,,,303,,,,,,,,,,,,,,,,,smooth_variable,,8104,0.0012458900000069661,0.6055354130000126,4,False
nan,nan,nan,0.0,nan,0.07278211899998155,0.0,4.2799027453887915,0.6731573203955611,2.185504834999568,0.8109504132231405,0.3961783439490446,0.05380641600001468,,,87.18161334979386,7.067932870918892e-11,3.104488186453262e-10,2.417314896702084,0.21834013374682543,1.4215327048812645,0.1890495867768595,0.2185792349726776,0.7547020468008653,0.140941105495904,0.6121876740996601,4.2799027453887915,0.5885504249240541,2.0875491028513933,ellipse,nan,nan,3.3240462231585677,14.804151587368263,4.646496065248969,20.78588106415887,3.5033705680276883,3.3240462231585677,14.804151587368263,4.646496065248969,20.78588106415887,3.5033705680276883,16.448070954320478,16.448070954320478,0.2,0.20695417885143913,0.785505979748622,0.3963676806757912,28.825694147310646,,11.67798791251116,,,ccpfm_flux,0,968,82,0.36260330578512395,4.2799027453887915,0.6731573203955611,2.185504834999568,0.8109504132231405,0.3961783439490446,2.417314896702084,0.21834013374682543,1.4215327048812645,0.1890495867768595,0.2185792349726776,4.2799027453887915,0.5885504249240541,2.0875491028513933,1.0,0.36260330578512395,smooth_variable,0,8101,0.004277620999999954,0.13086615599999618,1,False
nan,nan,nan,0.0,nan,0.02623049499999297,0.0,4.4247574978662065,0.7059610030494624,2.163920464624733,0.7758620689655172,0.3803921568627451,0.05201578699998777,,,90.17764636890486,6.022853396570049e-11,2.6494729754436155e-10,2.831804979000225,0.2150471211396208,1.5277643804299526,0.22413793103448276,0.248868778280543,0.8878020535779247,0.14477909524875476,0.6227003211456533,4.4247574978662065,0.6145092990379346,2.0599035183323924,ellipse,nan,nan,3.5826243414238412,15.610983283871501,5.290549114845287,22.04806866091894,4.028379008949731,3.5826243414238412,15.610983283871501,5.290549114845287,22.04806866091894,4.028379008949731,19.832564550439947,19.832564550439947,0.2,0.27718592660809577,0.7893715851589882,0.5666399013503965,25.613498974728355,,11.031253121232606,,,ccpfm_flux,0,986,86,0.3509127789046653,4.4247574978662065,0.7059610030494624,2.163920464624733,0.7758620689655172,0.3803921568627451,2.831804979000225,0.2150471211396208,1.5277643804299526,0.22413793103448276,0.248868778280543,4.4247574978662065,0.6145092990379346,2.0599035183323924,1.0,0.3509127789046653,smooth_variable,0,8103,0.00021218500000941276,0.07845846699999015,3,False
,,,,,0.05166486599998166,,,,,,,0.07718542700001763,1e-12,CLS-GFD-type-v1,25.487489702074377,,,,,,,,,,,,,,ellipse,,,,,,,,,,,,,,,0.2,0.6000616319497786,,1.672148374179147,863.9231861332152,8.051441960061316e-10,269.57504473508646,0.012056181449879884,18.0,cls_gfd,,,81,,,,,,,,,,,,,,,,,smooth_variable,,8102,0.00022565500000837346,0.12907594800000766,2,False
,,,,,0.061344496999993225,,,,,,,0.07160244799999305,1e-12,CLS-GFD-type-v1,38.58234390787184,,,,,,,,,,,,,,ellipse,,,,,,,,,,,,,,,0.2,0.48774198826233206,,1.6007924666422422,880.7852684683766,9.45641787097884e-10,263.48064300628647,0.015722599800456104,26.0,cls_gfd,,,86,,,,,,,,,,,,,,,,,smooth_variable,,8103,0.0002567509999948925,0.13320369599998116,3,False
nan,nan,nan,0.0,nan,0.3879302870000174,0.0,4.19622528642538,0.8681428721672297,1.9943771134158665,0.4353982300884956,0.4361207897793264,0.3443669019999902,,,478.47111687449046,8.81239525796218e-16,4.428920163762997e-15,3.9726167728658446,0.45219694522353654,1.8533837629537264,0.5646017699115045,0.33139274518584866,1.0236213039580466,0.19145499175268765,0.649521636808863,4.19622528642538,0.6520727509610512,1.9335430223647945,circle,nan,nan,13.356212719198503,51.49629623097926,14.862305178113674,64.20706616563771,14.242693129248059,13.356212719198503,51.49629623097926,14.862305178113674,64.20706616563771,14.242693129248059,61.88233958122119,61.88233958122119,0.1,0.13550481708874001,0.7491738067852525,0.3379754774206347,26.408213455436915,,9.451164132495187,,,ccpfm_flux,0,3955,298,0.3769911504424779,4.19622528642538,0.8681428721672297,1.9943771134158665,0.4353982300884956,0.4361207897793264,3.9726167728658446,0.45219694522353654,1.8533837629537264,0.5646017699115045,0.33139274518584866,4.19622528642538,0.6520727509610512,1.9335430223647945,1.0,0.3769911504424779,smooth_variable,0,8103,0.005751267999983156,0.7380484569999908,3,False
nan,nan,nan,0.0,nan,0.07531145400000128,0.0,4.503035004798671,0.62444618733166,2.2267759701400247,0.8250539956803455,0.3782722513089005,0.0773951780000175,,,91.07921864259518,6.333162119731561e-11,2.67820840533628e-10,2.477695176886679,0.17421333007032377,1.409159378203145,0.17494600431965443,0.16666666666666666,0.7031218407535811,0.12821017292662912,0.6188190815159432,4.503035004798671,0.5549285453055085,2.138517519157613,ellipse,nan,nan,3.262336703526308,14.079489572269082,4.358667163841615,17.444229339656907,3.4710750282049476,3.262336703526308,14.079489572269082,4.358667163841615,17.444229339656907,3.4710750282049476,16.42720962721946,16.42720962721946,0.2,0.24689154357868406,0.8348553396346208,0.48385761911313774,28.375283032494526,,11.351384647319728,,,ccpfm_flux,0,926,81,0.3412526997840173,4.503035004798671,0.62444618733166,2.2267759701400247,0.8250539956803455,0.3782722513089005,2.477695176886679,0.17421333007032377,1.409159378203145,0.17494600431965443,0.16666666666666666,4.503035004798671,0.5549285453055085,2.138517519157613,1.0,0.3412526997840173,smooth_variable,0,8102,0.00021077299999205934,0.15291740500001083,2,False
,,,,,0.06171440700001085,,,,,,,0.1018324499999892,,,29.685525561870097,,,,,,,,,,,,,,ellipse,,,,,,,,,,,,,,,0.2,0.9850681795927083,,3.1342431899053844,20.229001357242076,,9.375080542897319,,,wls_strong,,,86,,,,,,,,,,,,,,,,,smooth_variable,,8103,0.00024850900001638365,0.16379536600001643,3,False
nan,nan,nan,0.0,nan,0.02502957100000458,0.0,5.278559999202944,0.6420754645632847,2.3447919761076608,0.8070175438596491,0.3772378516624041,0.049057143999988284,,,91.76055656541503,7.656535301603373e-11,2.6962791986518183e-10,2.395774757717357,0.19693996421917023,1.5075745429781784,0.19298245614035087,0.1711229946524064,0.6952104011183265,0.13784701092541451,0.6157912939674282,5.278559999202944,0.543018018201925,2.2279584101177767,ellipse,nan,nan,3.2842957116872666,15.0426115830871,4.58478466142129,20.55268225300712,3.5822136050463667,3.2842957116872666,15.0426115830871,4.58478466142129,20.55268225300712,3.5822136050463667,16.528573921808096,16.528573921808096,0.2,0.22926068641855935,0.8421429099113514,0.4964264116765405,26.598870831976118,,11.374214682436437,,,ccpfm_flux,0,969,83,0.33746130030959753,5.278559999202944,0.6420754645632847,2.3447919761076608,0.8070175438596491,0.3772378516624041,2.395774757717357,0.19693996421917023,1.5075745429781784,0.19298245614035087,0.1711229946524064,5.278559999202944,0.543018018201925,2.2279584101177767,1.0,0.33746130030959753,smooth_variable,0,8104,0.00020553499999209635,0.07429224999998496,4,False
,,,,,0.035261973999979546,,,,,,,0.0884198050000009,,,36.51790846192604,,,,,,,,,,,,,,ellipse,,,,,,,,,,,,,,,0.2,1.5384992536785904,,5.029448656668193,20.539431251132672,,9.824621984680384,,,wls_strong,,,83,,,,,,,,,,,,,,,,,smooth_variable,,8104,0.0002268970000045556,0.12390867599998501,4,False
,,,,,0.09416827500001546,,,,,,,0.07391651300000035,1e-12,CLS-GFD-type-v1,28.49070237084177,,,,,,,,,,,,,,ellipse,,,,,,,,,,,,,,,0.2,0.506157018993718,,1.2179251424624535,811.3947930542889,9.523732913407912e-10,250.5732126593115,0.012481751733371559,22.0,cls_gfd,,,83,,,,,,,,,,,,,,,,,smooth_variable,,8104,0.00026366199998051343,0.16834844999999632,4,False
,,,,,0.06414079900000047,,,,,,,0.07395274699999277,1e-12,CLS-GFD-type-v1,33.46417675666382,,,,,,,,,,,,,,ellipse,,,,,,,,,,,,,,,0.16,0.2200617783841218,,0.6691057255242421,762.6154363828238,1.1712106839922853e-09,242.90486642440436,0.017150872838877704,26.0,cls_gfd,,,122,,,,,,,,,,,,,,,,,smooth_variable,,8100,0.0004051009999841426,0.13849864699997738,0,False
,,,,,0.04595067200000358,,,,,,,0.08350664699997878,1e-12,CLS-GFD-type-v1,57.169055926202354,,,,,,,,,,,,,,ellipse,,,,,,,,,,,,,,,0.16,0.21906751535131877,,0.5944488887771211,885.9796101018658,1.4292123040604565e-09,258.65702937072064,0.016613096567802427,26.0,cls_gfd,,,119,,,,,,,,,,,,,,,,,smooth_variable,,8101,0.0003904600000055325,0.1298477789999879,1,False
,,,,,0.08006918799998175,,,,,,,0.15770555900002137,,,38.648019773237635,,,,,,,,,,,,,,ellipse,,,,,,,,,,,,,,,0.16,0.5039439954659081,,1.5440673821371367,21.77376016492897,,9.500564381486718,,,wls_strong,,,122,,,,,,,,,,,,,,,,,smooth_variable,,8100,0.00037807100000009086,0.2381528180000032,0,False
,,,,,0.09803759600001172,,,,,,,0.12633761199998617,,,48.68103331976088,,,,,,,,,,,,,,ellipse,,,,,,,,,,,,,,,0.16,0.7494410978484125,,4.7999448193032235,21.353064994127525,,9.539915640479098,,,wls_strong,,,119,,,,,,,,,,,,,,,,,smooth_variable,,8101,0.0004214059999867459,0.22479661399998463,1,False
,,,,,0.07344219899999871,,,,,,,0.1412490560000208,,,28.807914614723984,,,,,,,,,,,,,,ellipse,,,,,,,,,,,,,,,0.16,0.48020831410099196,,1.7722098000752604,21.552679081523866,,9.335867213877696,,,wls_strong,,,117,,,,,,,,,,,,,,,,,smooth_variable,,8102,0.00027589999999122483,0.21496715500001073,2,False
nan,nan,nan,0.0,nan,0.13016241099998638,0.0,4.922965281332958,0.6822627733844271,2.1660232842491283,0.6929347826086957,0.3911764705882353,0.1333975840000221,,,136.08026587112607,9.887153422372119e-11,5.444202568027598e-10,3.0607790116195766,0.25888523992441514,1.757423876434415,0.3070652173913043,0.26548672566371684,0.8827618375849533,0.15117234829210918,0.6285552207825468,4.922965281332958,0.5653595972359822,2.0088820615372134,ellipse,nan,nan,5.4532927290352795,21.87635606230935,6.9283726701587875,32.51749534609982,5.980289532913277,5.4532927290352795,21.87635606230935,6.9283726701587875,32.51749534609982,5.980289532913277,28.294561885489745,28.294561885489745,0.16,0.2280944402974704,0.7938178971497856,0.443476328447162,25.222760084867996,,9.695878567202504,,,ccpfm_flux,0,1472,122,0.35258152173913043,4.922965281332958,0.6822627733844271,2.1660232842491283,0.6929347826086957,0.3911764705882353,3.0607790116195766,0.25888523992441514,1.757423876434415,0.3070652173913043,0.26548672566371684,4.922965281332958,0.5653595972359822,2.0088820615372134,1.0,0.35258152173913043,smooth_variable,0,8100,0.00030244900000298003,0.26386244400001146,0,False
,,,,,0.04779479499998729,,,,,,,0.09280579299999658,,,43.668301888837824,,,,,,,,,,,,,,ellipse,,,,,,,,,,,,,,,0.16,0.5728410139207973,,2.9754782401360864,21.7111505874897,,9.3945134783902,,,wls_strong,,,119,,,,,,,,,,,,,,,,,smooth_variable,,8103,0.00041329400002609873,0.14101388200000997,3,False
nan,nan,nan,0.0,nan,0.16120519899999408,0.0,5.255083890487919,0.6960673407252864,2.174448994871472,0.6932685634975712,0.3963963963963964,0.1097492339999917,,,144.04918752043093,9.954356436359113e-11,5.021290260696712e-10,2.6427473394266174,0.2726580921487033,1.7533698940667308,0.30673143650242884,0.27828054298642535,0.825474550940935,0.14488489921357384,0.6234378150273926,5.255083890487919,0.549051396345959,2.044651490614629,ellipse,nan,nan,5.0090330357927595,20.799831303007817,6.886532865763227,30.542330719725435,5.580172414698037,5.0090330357927595,20.799831303007817,6.886532865763227,30.542330719725435,5.580172414698037,25.65780606893274,25.65780606893274,0.16,0.26622446036881997,0.7884967623256949,0.5506386621792321,25.190871409584414,,9.821740829596832,,,ccpfm_flux,0,1441,119,0.36016655100624567,5.255083890487919,0.6960673407252864,2.174448994871472,0.6932685634975712,0.3963963963963964,2.6427473394266174,0.2726580921487033,1.7533698940667308,0.30673143650242884,0.27828054298642535,5.255083890487919,0.549051396345959,2.044651490614629,1.0,0.36016655100624567,smooth_variable,0,8101,0.0004743439999970178,0.2714287769999828,1,False
nan,nan,nan,0.0,nan,0.09268395199998736,0.0,5.153726956677198,0.7057006640447029,2.14717011975812,0.7119252873563219,0.3854692230070636,0.10310775799999305,,,138.686829076544,1.0695853230879848e-10,5.241882822296019e-10,2.9607934383794596,0.28695098002196306,1.77075318311841,0.2880747126436782,0.26683291770573564,0.9882392020623825,0.14513186479030174,0.628293680570718,5.153726956677198,0.5695049581310492,2.042621004524126,ellipse,nan,nan,5.0197824349258156,22.384253000325398,6.722723788179334,27.64182870749392,5.580364130906247,5.0197824349258156,22.384253000325398,6.722723788179334,27.64182870749392,5.580364130906247,24.062579825560558,24.062579825560558,0.16,0.24246745825239147,0.783733906028431,0.5154864733361204,25.963703657071413,,9.718853216588862,,,ccpfm_flux,0,1392,117,0.35129310344827586,5.153726956677198,0.7057006640447029,2.14717011975812,0.7119252873563219,0.3854692230070636,2.9607934383794596,0.28695098002196306,1.77075318311841,0.2880747126436782,0.26683291770573564,5.153726956677198,0.5695049581310492,2.042621004524126,1.0,0.35129310344827586,smooth_variable,0,8102,0.0002999149999993733,0.19609162499997979,2,False
,,,,,0.12013134200000763,,,,,,,0.11276784599999701,1e-12,CLS-GFD-type-v1,39.80106141736427,,,,,,,,,,,,,,ellipse,,,,,,,,,,,,,,,0.16,0.2775421110655005,,0.8246633386259608,957.9922497737217,1.449505404593765e-09,241.4683901719077,0.01629881840485654,26.0,cls_gfd,,,117,,,,,,,,,,,,,,,,,smooth_variable,,8102,0.0003597250000098029,0.23325891300001445,2,False
nan,nan,nan,0.0,nan,0.038568693000001986,0.0,5.203122145129154,0.6909062394906709,2.15166214119214,0.6873315363881402,0.3843137254901961,0.0709399229999974,,,146.40595997343576,9.190840623285457e-11,4.820198163412189e-10,2.7577425742776653,0.2818856426586197,1.7652809322334788,0.31266846361185985,0.27370689655172414,0.9059959464814837,0.15363415592701735,0.6296074513658446,5.203122145129154,0.5630126291783548,2.0006554241620997,ellipse,nan,nan,5.366848346661429,20.80227720751606,7.171858234461662,33.26643269297149,5.922388130653935,5.366848346661429,20.80227720751606,7.171858234461662,33.26643269297149,5.922388130653935,28.543410021735596,28.543410021735596,0.16,0.2529276531828487,0.774156435231488,0.5476710990221078,24.886320514384952,,9.57860197377841,,,ccpfm_flux,0,1484,122,0.3497304582210243,5.203122145129154,0.6909062394906709,2.15166214119214,0.6873315363881402,0.3843137254901961,2.7577425742776653,0.2818856426586197,1.7652809322334788,0.31266846361185985,0.27370689655172414,5.203122145129154,0.5630126291783548,2.0006554241620997,1.0,0.3497304582210243,smooth_variable,0,8104,0.0002916029999937564,0.10980021899999315,4,False
,,,,,0.10651128599999993,,,,,,,0.13359248899999443,1e-12,CLS-GFD-type-v1,26.40085764523911,,,,,,,,,,,,,,ellipse,,,,,,,,,,,,,,,0.16,0.2184499366464911,,0.46120276576720687,1001.8091173648332,1.4325927111258352e-09,231.3210045894654,0.014444496420636539,22.0,cls_gfd,,,119,,,,,,,,,,,,,,,,,smooth_variable,,8103,0.004431389000018271,0.24453516400001263,3,False
nan,nan,nan,0.0,nan,0.1043018009999912,0.0,4.508816830206211,0.6681332306419839,2.1866652702990264,0.7004132231404959,0.39036381514257623,0.1404097050000246,,,144.91376280993623,1.0296080394517348e-10,5.30128465224161e-10,2.7267046983572434,0.29996243814989587,1.8336339384030251,0.29958677685950413,0.271264367816092,0.8095728094044872,0.14883611233412725,0.628188229075762,4.508816830206211,0.5858021940582008,2.0701504101411277,ellipse,nan,nan,5.0821846259549295,20.79983130300791,6.7634038520689215,27.637514394807294,5.608041353947238,5.0821846259549295,20.79983130300791,6.7634038520689215,27.637514394807294,5.608041353947238,24.95413493593754,24.95413493593754,0.16,0.24594298760634242,0.8004525705590355,0.5003777760011365,25.798727784111485,,9.756344257983127,,,ccpfm_flux,0,1452,119,0.3546831955922865,4.508816830206211,0.6681332306419839,2.1866652702990264,0.7004132231404959,0.39036381514257623,2.7267046983572434,0.29996243814989587,1.8336339384030251,0.29958677685950413,0.271264367816092,4.508816830206211,0.5858021940582008,2.0701504101411277,1.0,0.3546831955922865,smooth_variable,0,8103,0.0003473459999838724,0.24505885199999966,3,False
,,,,,0.07102506000001085,,,,,,,0.1303770899999961,,,146.85404885378586,,,,,,,,,,,,,,ellipse,,,,,,,,,,,,,,,0.16,2.463733330876955,,20.677486854282417,21.211771888623957,,9.47480097562553,,,wls_strong,,,122,,,,,,,,,,,,,,,,,smooth_variable,,8104,0.0003182920000028844,0.20172044200000983,4,False
,,,,,0.12242589999999609,,,,,,,0.12030031800000529,1e-12,CLS-GFD-type-v1,28.270083583981936,,,,,,,,,,,,,,ellipse,,,,,,,,,,,,,,,0.16,0.21837486177560092,,0.61539075818765,942.0386599603713,1.2197229892763062e-09,238.8892039287544,0.016152566901064442,24.0,cls_gfd,,,122,,,,,,,,,,,,,,,,,smooth_variable,,8104,0.00036231800001473857,0.24308853600001612,4,False
,,,,,0.11439519099999984,,,,,,,0.14771590300000526,1e-12,CLS-GFD-type-v1,68.24593419434711,,,,,,,,,,,,,,ellipse,,,,,,,,,,,,,,,0.12,0.10724919467162779,,0.4367075722335736,950.5260810371983,2.7103617128432234e-09,234.54099512450168,0.017761308457591735,30.0,cls_gfd,,,192,,,,,,,,,,,,,,,,,smooth_variable,,8100,0.0007186269999976957,0.2628297210000028,0,False
,,,,,0.06875706299999251,,,,,,,0.1195299339999849,,,101.1989351859535,,,,,,,,,,,,,,ellipse,,,,,,,,,,,,,,,0.12,0.2523347063656785,,1.573973338267122,21.55341516518624,,9.5229168000545,,,wls_strong,,,191,,,,,,,,,,,,,,,,,smooth_variable,,8101,0.0005378790000065692,0.188824875999984,1,False
,,,,,0.11287197900000479,,,,,,,0.21595320400001583,,,49.61264236266436,,,,,,,,,,,,,,ellipse,,,,,,,,,,,,,,,0.12,0.2204773661589677,,1.1364637277606242,21.827644957931437,,9.221462560332704,,,wls_strong,,,192,,,,,,,,,,,,,,,,,smooth_variable,,8100,0.0006347129999824119,0.329459896000003,0,False
nan,nan,nan,0.0,nan,0.15442866899999785,0.0,5.868808504255847,0.7251657656078262,2.191936364557216,0.576499388004896,0.4012738853503185,0.23051295000001915,,,256.2520557777113,2.559305835835024e-10,1.717094132241019e-09,3.569130731035216,0.3294756318852146,1.879133329619891,0.423500611995104,0.29190751445086704,0.8795184943452464,0.15930619553951397,0.6392295056508608,5.868808504255847,0.5642074028724834,2.0092630388885087,ellipse,nan,nan,9.021619722582994,36.04578065685498,11.266702026009245,50.07268683506515,10.004442717274568,9.021619722582994,36.04578065685498,11.266702026009245,50.07268683506515,10.004442717274568,45.70357288285013,45.70357288285013,0.12,0.21255453654010661,0.7812791078614469,0.45860980710621635,25.485989486686325,,9.577337377636407,,,ccpfm_flux,0,2451,192,0.35495716034271724,5.868808504255847,0.7251657656078262,2.191936364557216,0.576499388004896,0.4012738853503185,3.569130731035216,0.3294756318852146,1.879133329619891,0.423500611995104,0.29190751445086704,5.868808504255847,0.5642074028724834,2.0092630388885087,1.0,0.35495716034271724,smooth_variable,0,8100,0.0006615819999922223,0.3856032010000092,0,False
,,,,,0.06847073800000203,,,,,,,0.10988130399999818,,,66.8584527011469,,,,,,,,,,,,,,ellipse,,,,,,,,,,,,,,,0.12,0.23633295856847913,,1.0846232705616212,22.221243039580074,,9.35410395151792,,,wls_strong,,,196,,,,,,,,,,,,,,,,,smooth_variable,,8103,0.0005827850000059698,0.17893482700000618,3,False
nan,nan,nan,0.0,nan,0.10040856500000928,0.0,5.339651735817233,0.7769343746034514,2.13487772125819,0.5648369132856006,0.39929577464788735,0.12174691699999585,,,257.44860419974424,2.8030602752110445e-10,1.8326348750453392e-09,2.958561348026447,0.35353708490870905,1.8265005916695913,0.43516308671439935,0.30987202925045704,1.006586328345661,0.1704596926249099,0.6367278264196503,5.339651735817233,0.6001429547171154,1.9777451802772144,ellipse,nan,nan,9.31074916380366,35.559464153251234,11.511877379300335,51.54466625004408,10.289317515909381,9.31074916380366,35.559464153251234,11.511877379300335,51.54466625004408,10.289317515909381,47.20197021705715,47.20197021705715,0.12,0.1969998620380885,0.7773851971911189,0.4327427663916615,26.179203905413843,,9.6580167972427,,,ccpfm_flux,0,2514,195,0.360381861575179,5.339651735817233,0.7769343746034514,2.13487772125819,0.5648369132856006,0.39929577464788735,2.958561348026447,0.35353708490870905,1.8265005916695913,0.43516308671439935,0.30987202925045704,5.339651735817233,0.6001429547171154,1.9777451802772144,1.0,0.360381861575179,smooth_variable,0,8102,0.0006910259999983737,0.2228465080000035,2,False
,,,,,0.14821192899998437,,,,,,,0.22555839400001787,,,46.89609194406386,,,,,,,,,,,,,,ellipse,,,,,,,,,,,,,,,0.12,0.17968771575438194,,0.6130127882984857,21.092569005056287,,9.22420356964593,,,wls_strong,,,195,,,,,,,,,,,,,,,,,smooth_variable,,8102,0.0007914850000076967,0.37456180800000993,2,False
,,,,,0.1980582249999827,,,,,,,0.23587999900001932,1e-12,CLS-GFD-type-v1,74.12398697142915,,,,,,,,,,,,,,ellipse,,,,,,,,,,,,,,,0.12,0.12839767496962856,,0.4081520343119447,874.153159725684,2.196085091554778e-09,243.96836273036618,0.01867547973829786,30.0,cls_gfd,,,191,,,,,,,,,,,,,,,,,smooth_variable,,8101,0.0007073100000241084,0.43464553400002615,1,False
nan,nan,nan,0.0,nan,0.18606653099999448,0.0,4.7800592570447415,0.7526971444165885,2.0972243151317795,0.5726600985221675,0.4100358422939068,0.2226273429999992,,,237.43251983839238,2.637003723021669e-10,1.7688720183178499e-09,3.1148338429426325,0.35470529790033384,1.9198861454696994,0.4273399014778325,0.29010566762728146,0.911947419963262,0.16400371551332382,0.6378124940556964,4.7800592570447415,0.5763725104550684,2.0078474513752225,ellipse,nan,nan,9.452186917198091,38.28662545120825,10.789811248194068,47.09736257772259,9.94497630698007,9.452186917198091,38.28662545120825,10.789811248194068,47.09736257772259,9.94497630698007,43.83742292443131,43.83742292443131,0.12,0.24073397108854097,0.7887626991103135,0.532909952765684,25.50405251495511,,9.75001983121557,,,ccpfm_flux,0,2436,191,0.3587848932676519,4.7800592570447415,0.7526971444165885,2.0972243151317795,0.5726600985221675,0.4100358422939068,3.1148338429426325,0.35470529790033384,1.9198861454696994,0.4273399014778325,0.29010566762728146,4.7800592570447415,0.5763725104550684,2.0078474513752225,1.0,0.3587848932676519,smooth_variable,0,8101,0.0009071570000003248,0.409601030999994,1,False
,,,,,0.07530958099999907,,,,,,,0.1093302010000059,,,47.22485580628737,,,,,,,,,,,,,,ellipse,,,,,,,,,,,,,,,0.12,0.21209338233011626,,0.9932664324085776,21.017166479371692,,9.24544886350228,,,wls_strong,,,199,,,,,,,,,,,,,,,,,smooth_variable,,8104,0.0006168559999935042,0.18525663799999847,4,False
,,,,,0.2311405830000126,,,,,,,0.2433485769999777,1e-12,CLS-GFD-type-v1,53.766741999528925,,,,,,,,,,,,,,ellipse,,,,,,,,,,,,,,,0.12,0.11408375668246311,,0.4341883059826608,784.7589449396953,2.2733424032139737e-09,236.94766020188177,0.018296781994377596,30.0,cls_gfd,,,195,,,,,,,,,,,,,,,,,smooth_variable,,8102,0.0007075899999904323,0.47519674999998074,2,False
,,,,,0.10634566100000598,,,,,,,0.13839180899998382,1e-12,CLS-GFD-type-v1,62.564085196587826,,,,,,,,,,,,,,ellipse,,,,,,,,,,,,,,,0.12,0.11989768735746022,,0.3357182201555816,923.6115837229745,2.28363106202778e-09,240.25912078185053,0.018438843156988294,34.0,cls_gfd,,,199,,,,,,,,,,,,,,,,,smooth_variable,,8104,0.0007106550000059997,0.2454481249999958,4,False
nan,nan,nan,0.0,nan,0.15753387899999893,0.0,4.9883339032389795,0.7710820557271905,2.117757002311623,0.5615292712066906,0.40354609929078017,0.24102168200002438,,,242.75138779920746,3.646167265683453e-10,2.005473465917559e-09,3.0048036648336223,0.35519840830893284,1.8629133493695245,0.43847072879330945,0.30154405086285196,0.9489665789163257,0.16742079084438918,0.6399151284235964,4.9883339032389795,0.5942416144958607,1.9898232449880942,ellipse,nan,nan,9.467853969108422,38.47193961585042,11.38745429318451,50.94008763249995,10.54058251537919,9.467853969108422,38.47193961585042,11.38745429318451,50.94008763249995,10.54058251537919,45.88590342779952,45.88590342779952,0.12,0.16980365989629137,0.7792388626529646,0.42380309915263353,25.289775419748256,,9.5638480134836,,,ccpfm_flux,0,2511,196,0.35882118677817604,4.9883339032389795,0.7710820557271905,2.117757002311623,0.5615292712066906,0.40354609929078017,3.0048036648336223,0.35519840830893284,1.8629133493695245,0.43847072879330945,0.30154405086285196,4.9883339032389795,0.5942416144958607,1.9898232449880942,1.0,0.35882118677817604,smooth_variable,0,8103,0.0006506259999810027,0.3992061870000043,3,False
,,,,,0.19755251399999452,,,,,,,0.2581789859999901,1e-12,CLS-GFD-type-v1,59.037795182938915,,,,,,,,,,,,,,ellipse,,,,,,,,,,,,,,,0.12,0.10972836548618761,,0.41321619596515835,855.1968959385596,2.46847875473577e-09,242.42174708931947,0.018704611427766468,34.0,cls_gfd,,,196,,,,,,,,,,,,,,,,,smooth_variable,,8103,0.0006748520000030567,0.4564063519999877,3,False
nan,nan,nan,0.0,nan,0.17938887699997963,0.0,4.346448474638526,0.7894751614719129,2.1029752809826077,0.5451664025356577,0.4055232558139535,0.23241904000002478,,,247.86456896580958,3.502105411223866e-10,2.258075168716054e-09,3.1241875213842425,0.3578270517843464,1.8491257442136846,0.4548335974643423,0.3153310104529617,0.8966345614907427,0.1785275747097717,0.6401619297460663,4.346448474638526,0.6188410299307514,1.9688688745947733,ellipse,nan,nan,9.893361560415391,37.35200966740946,11.864271222397107,53.48707741836054,10.904166925426598,9.893361560415391,37.35200966740946,11.864271222397107,53.48707741836054,10.904166925426598,49.74670872501928,49.74670872501928,0.12,0.17654145781684766,0.7697599437271001,0.3859062890139678,25.276774387984087,,9.500081070977819,,,ccpfm_flux,0,2524,199,0.36450079239302696,4.346448474638526,0.7894751614719129,2.1029752809826077,0.5451664025356577,0.4055232558139535,3.1241875213842425,0.3578270517843464,1.8491257442136846,0.4548335974643423,0.3153310104529617,4.346448474638526,0.6188410299307514,1.9688688745947733,1.0,0.36450079239302696,smooth_variable,0,8104,0.0006143420000057631,0.41242225900001017,4,False
nan,nan,nan,0.0,nan,0.14236909799998898,0.0,5.9949700508151755,0.797562574413369,2.1325644256299006,0.4889768230638779,0.4144508670520231,0.18768009699999766,,,362.36231596537505,6.754579534584693e-16,4.4000259345229496e-15,3.1693067626091684,0.38584243555733677,1.840327723230004,0.5110231769361221,0.31913716814159293,0.9375519889352062,0.1759025206022423,0.6459302137586991,5.9949700508151755,0.5983824799873556,1.9589265406680445,ellipse,nan,nan,13.412475267757241,51.629449680699594,15.88862895441881,70.12129908497884,14.696528995056738,13.412475267757241,51.629449680699594,15.88862895441881,70.12129908497884,14.696528995056738,65.06531598554777,65.06531598554777,0.1,0.15959592735191425,0.7661481832579995,0.34011724450306025,24.3577411213026,,9.46507344018292,,,ccpfm_flux,0,3538,267,0.3657433578292821,5.9949700508151755,0.797562574413369,2.1325644256299006,0.4889768230638779,0.4144508670520231,3.1693067626091684,0.38584243555733677,1.840327723230004,0.5110231769361221,0.31913716814159293,5.9949700508151755,0.5983824799873556,1.9589265406680445,1.0,0.3657433578292821,smooth_variable,0,8100,0.0011484249999966778,0.3311976199999833,0,False
,,,,,0.18362618800000519,,,,,,,0.3252090340000109,,,73.35800544475487,,,,,,,,,,,,,,ellipse,,,,,,,,,,,,,,,0.1,0.12090040966769677,,0.41737376387352165,20.945579332348164,,9.185274674931241,,,wls_strong,,,267,,,,,,,,,,,,,,,,,smooth_variable,,8100,0.005077868999990187,0.5139130910000063,0,False
,,,,,0.17192097899999226,,,,,,,0.18557576200001336,1e-12,CLS-GFD-type-v1,79.96050991549649,,,,,,,,,,,,,,ellipse,,,,,,,,,,,,,,,0.1,0.07305123606831808,,0.23637839832792373,945.3190020826436,3.4436666851433984e-09,232.6546127316572,0.019690639829381427,34.0,cls_gfd,,,268,,,,,,,,,,,,,,,,,smooth_variable,,8101,0.003174212999994097,0.3606709539999997,1,False
,,,,,0.19187210999999138,,,,,,,0.3701540389999991,,,56.079548276162065,,,,,,,,,,,,,,ellipse,,,,,,,,,,,,,,,0.1,0.1272542208935897,,0.6634376812800286,21.15065786561973,,9.188583966425531,,,wls_strong,,,268,,,,,,,,,,,,,,,,,smooth_variable,,8101,0.000931483000016442,0.5629576320000069,1,False
,,,,,0.30832250300002784,,,,,,,0.37795694399997615,1e-12,CLS-GFD-type-v1,62.790995969200935,,,,,,,,,,,,,,ellipse,,,,,,,,,,,,,,,0.1,0.07122891485421468,,0.234910414385603,951.4070141951423,3.2138345318344363e-09,233.6604458896385,0.01952438115686829,34.0,cls_gfd,,,267,,,,,,,,,,,,,,,,,smooth_variable,,8100,0.0011903279999785354,0.6874697749999825,0,False
nan,nan,nan,0.0,nan,0.1512241309999922,0.0,5.286289223690379,0.8139534028636224,2.1631402879168125,0.4771890053839615,0.4180522565320665,0.15741908900000112,,,346.8935927903768,6.800116025829084e-16,3.955964538428535e-15,3.071162161030929,0.4028070102226923,1.8695595118828936,0.5228109946160385,0.3224932249322493,1.0235224432006214,0.18141019607176412,0.6456562809593294,5.286289223690379,0.615266124704057,1.981147716036988,ellipse,nan,nan,13.175813664716642,51.62944968070001,16.081829086062886,71.1163322560542,14.933206287131572,13.175813664716642,51.62944968070001,16.081829086062886,71.1163322560542,14.933206287131572,66.70200864079702,66.70200864079702,0.1,0.12960644112836847,0.7727445999642226,0.3327616342173373,24.79318047119201,,9.439626201503573,,,ccpfm_flux,0,3529,268,0.36809294417682065,5.286289223690379,0.8139534028636224,2.1631402879168125,0.4771890053839615,0.4180522565320665,3.071162161030929,0.4028070102226923,1.8695595118828936,0.5228109946160385,0.3224932249322493,5.286289223690379,0.615266124704057,1.981147716036988,1.0,0.36809294417682065,smooth_variable,0,8102,0.0012421339999946213,0.30988535399998796,2,False
,,,,,0.18077524500000663,,,,,,,0.336942745999977,,,59.63447111725052,,,,,,,,,,,,,,ellipse,,,,,,,,,,,,,,,0.1,0.12682823910087535,,0.5778507830592283,20.197106924842206,,9.253083289871912,,,wls_strong,,,268,,,,,,,,,,,,,,,,,smooth_variable,,8102,0.0009641510000051312,0.5186821419999887,2,False
nan,nan,nan,0.0,nan,0.2865249209999945,0.0,4.747284461178642,0.8176799353780134,2.0940329279434753,0.4788732394366197,0.4164705882352941,0.33205732199999716,,,374.5668737128937,6.114900252818245e-16,4.3053416323410745e-15,3.223859085452949,0.40014945083158215,1.8506953534679769,0.5211267605633803,0.3216216216216216,1.014067195983022,0.1765285018687887,0.6430725307331491,4.747284461178642,0.5902304536623237,1.989933184001715,ellipse,nan,nan,13.398386766514573,50.31190054876934,16.180122108114876,70.15035730190688,14.860142284745242,13.398386766514573,50.31190054876934,16.180122108114876,70.15035730190688,14.860142284745242,66.57977215408529,66.57977215408529,0.1,0.12365578225724788,0.7659104918019324,0.3202271618278882,25.049187359799504,,9.42024629325784,,,ccpfm_flux,0,3550,268,0.36704225352112674,4.747284461178642,0.8176799353780134,2.0940329279434753,0.4788732394366197,0.4164705882352941,3.223859085452949,0.40014945083158215,1.8506953534679769,0.5211267605633803,0.3216216216216216,4.747284461178642,0.5902304536623237,1.989933184001715,1.0,0.36704225352112674,smooth_variable,0,8101,0.00525685499999895,0.6238390979999906,1,False
,,,,,0.16603529099998582,,,,,,,0.19071862800001327,1e-12,CLS-GFD-type-v1,62.2637517924358,,,,,,,,,,,,,,ellipse,,,,,,,,,,,,,,,0.1,0.07442649515205496,,0.2708414737267034,930.9879904110596,3.681236648844788e-09,230.36877186473464,0.01913167587716241,34.0,cls_gfd,,,264,,,,,,,,,,,,,,,,,smooth_variable,,8103,0.0010594430000026023,0.3578133620000017,3,False
,,,,,0.04949962200001323,,,,,,,0.04255108499998528,,,24.35287614198036,,,,,,,,,,,,,,star,,,,,,,,,,,,,,,0.2,1.0447670918203633,,5.339542628838422,21.992602049234332,,11.979131413420497,,,wls_strong,,,84,,,,,,,,,,,,,,,,,smooth_variable,,8100,0.00020766800000160401,0.09225837500000011,0,False
,,,,,0.028274649000024965,,,,,,,0.046727716999981794,1e-12,CLS-GFD-type-v1,17.139868786412595,,,,,,,,,,,,,,star,,,,,,,,,,,,,,,0.2,0.33553118038965346,,1.4091143405616982,864.5793057255155,8.743556989543322e-10,343.17300484399766,0.01249052324828358,22.0,cls_gfd,,,84,,,,,,,,,,,,,,,,,smooth_variable,,8100,0.0002360799999792107,0.07523844599998597,0,False
,,,,,0.17632202400000097,,,,,,,0.32350343200002385,,,60.73453778860739,,,,,,,,,,,,,,ellipse,,,,,,,,,,,,,,,0.1,0.10708125267642113,,0.41460438671802147,21.29703621114691,,9.230692449669867,,,wls_strong,,,264,,,,,,,,,,,,,,,,,smooth_variable,,8103,0.0009480069999767693,0.5007734630000016,3,False
,,,,,0.04328206100001353,,,,,,,0.02277116799999135,,,36.12296685229012,,,,,,,,,,,,,,star,,,,,,,,,,,,,,,0.2,34.5621984415467,,257.04923049247884,21.555357002665605,,11.905242590610746,,,wls_strong,,,85,,,,,,,,,,,,,,,,,smooth_variable,,8101,0.00020147899999756191,0.06625470800000244,1,True
,,,,,0.2961245930000018,,,,,,,0.3532310589999952,1e-12,CLS-GFD-type-v1,85.23233114731315,,,,,,,,,,,,,,ellipse,,,,,,,,,,,,,,,0.1,0.06672115644679463,,0.20920721693363076,828.7967460973995,3.748098720279813e-09,236.48197079587726,0.01952954130207142,34.0,cls_gfd,,,268,,,,,,,,,,,,,,,,,smooth_variable,,8102,0.005142946000006532,0.6544985980000035,2,False
nan,nan,nan,0.0,nan,0.06827399599998785,0.0,4.007323174436563,0.46200854854221285,2.201679908295951,0.9127906976744186,0.3363057324840764,0.04242040100001532,,,26.291709440267496,6.35317527752921e-11,2.4054014191523365e-10,1.9620102737940195,0.2432392875428933,1.1547235942985365,0.0872093023255814,0.17333333333333334,0.6776711524133551,0.10881377932718561,0.5625300858974415,4.007323174436563,0.44772952544472266,2.1509323429852607,star,nan,nan,4.311105871262327,22.40414685614461,4.624189316908555,18.872361847719446,4.319579739302673,4.311105871262327,22.40414685614461,4.624189316908555,18.872361847719446,4.319579739302673,22.10453971482783,22.10453971482783,0.2,0.13580680105656828,0.8584890747817968,0.2880050769347746,28.34313570618639,,14.272039880133184,,,ccpfm_flux,0,860,84,0.32209302325581396,4.007323174436563,0.46200854854221285,2.201679908295951,0.9127906976744186,0.3363057324840764,1.9620102737940195,0.2432392875428933,1.1547235942985365,0.0872093023255814,0.17333333333333334,4.007323174436563,0.44772952544472266,2.1509323429852607,1.0,0.32209302325581396,smooth_variable,0,8100,0.00017391800000154944,0.11086831500000471,0,False
,,,,,0.13827285200000006,,,,,,,0.1824764010000024,1e-12,CLS-GFD-type-v1,68.54141054506643,,,,,,,,,,,,,,ellipse,,,,,,,,,,,,,,,0.1,0.07002846625468921,,0.25377743395402275,1054.180713715391,3.0303581866064633e-09,234.68965618287217,0.019266361833136857,34.0,cls_gfd,,,265,,,,,,,,,,,,,,,,,smooth_variable,,8104,0.0011083560000031412,0.3218576090000056,4,False
nan,nan,nan,0.0,nan,0.02097291799998402,0.0,3.7876520386314874,0.4762467160391964,2.246549911263523,0.9140811455847255,0.3224543080939948,0.024017028000002938,,,24.55278391027275,5.565377152183526e-11,2.4321981790450825e-10,2.3469166555766448,0.22589036601637896,1.0570915807534547,0.08591885441527446,0.125,0.6996510813291519,0.10915602468458173,0.5625706711750238,3.7876520386314874,0.4429265787629998,2.1598722362520664,star,nan,nan,4.416137313802674,22.540791765908637,4.925909978483821,20.25046554138871,4.455772735118406,4.416137313802674,22.540791765908637,4.925909978483821,20.25046554138871,4.455772735118406,22.412250349539292,22.412250349539292,0.2,0.133398444897119,0.8769874827412425,0.28208975339723863,28.619689739066352,,14.664716296771985,,,ccpfm_flux,0,838,84,0.3054892601431981,3.7876520386314874,0.4762467160391964,2.246549911263523,0.9140811455847255,0.3224543080939948,2.3469166555766448,0.22589036601637896,1.0570915807534547,0.08591885441527446,0.125,3.7876520386314874,0.4429265787629998,2.1598722362520664,1.0,0.3054892601431981,smooth_variable,0,8102,0.00017624200000909696,0.045166187999996055,2,False
,,,,,0.06257063800001106,,,,,,,0.0633494039999789,1e-12,CLS-GFD-type-v1,25.753621319490517,,,,,,,,,,,,,,star,,,,,,,,,,,,,,,0.2,0.3913308199563158,,1.7386951348563935,921.5674723867525,8.768585857410471e-10,380.9664381551727,0.011455163864985208,26.0,cls_gfd,,,85,,,,,,,,,,,,,,,,,smooth_variable,,8101,0.00026180899999417306,0.12618185099998414,1,False
nan,nan,nan,0.0,nan,0.05088457700000504,0.0,4.627454226846075,0.45882602120119576,2.2507622841492667,0.9224629418472063,0.3337453646477132,0.04311899900000071,,,28.49199914969195,5.919771964291165e-11,2.1709909311525825e-10,1.8149564831194391,0.22059548135067336,0.9144420914599244,0.07753705815279362,0.07352941176470588,0.6733821048883109,0.10521267781490672,0.5616665393982598,4.627454226846075,0.43382872418980284,2.189523772979801,star,nan,nan,4.292245267818542,22.1079266140868,5.756795956651246,22.039709517005953,4.455772735118425,4.292245267818542,22.1079266140868,5.756795956651246,22.039709517005953,4.455772735118425,22.1079266140868,22.1079266140868,0.2,0.137872693854377,0.8507989302918108,0.2969157854889304,28.223358726796512,,14.141495986198196,,,ccpfm_flux,0,877,85,0.31356898517673887,4.627454226846075,0.45882602120119576,2.2507622841492667,0.9224629418472063,0.3337453646477132,1.8149564831194391,0.22059548135067336,0.9144420914599244,0.07753705815279362,0.07352941176470588,4.627454226846075,0.43382872418980284,2.189523772979801,1.0,0.31356898517673887,smooth_variable,0,8101,0.00017413899999496607,0.09417771500000072,1,False
,,,,,0.04843381999998542,,,,,,,0.0480497190000051,,,30.72936123931289,,,,,,,,,,,,,,star,,,,,,,,,,,,,,,0.2,1.1878652744349643,,5.232949719140806,21.91800606733753,,11.653422646970116,,,wls_strong,,,84,,,,,,,,,,,,,,,,,smooth_variable,,8102,0.00019740300001558353,0.0966809420000061,2,False
,,,,,0.05918162599999732,,,,,,,0.048403353999987075,1e-12,CLS-GFD-type-v1,18.375971605544123,,,,,,,,,,,,,,star,,,,,,,,,,,,,,,0.2,0.42785324008710046,,1.6511638161276005,864.5793057255155,8.680016705397975e-10,344.825388049369,0.01142511710930015,22.0,cls_gfd,,,84,,,,,,,,,,,,,,,,,smooth_variable,,8102,0.00020064800000341165,0.10778562799998781,2,False
,,,,,0.01411938299997928,,,,,,,0.02536132400001634,,,28.46387748343982,,,,,,,,,,,,,,star,,,,,,,,,,,,,,,0.2,1.0248139349610808,,5.246264838441008,22.04430604092674,,11.18506116182163,,,wls_strong,,,85,,,,,,,,,,,,,,,,,smooth_variable,,8103,0.00020019699999807017,0.03968090399999369,3,False
,,,,,0.18023268999999686,,,,,,,0.3265549680000106,,,64.61527613652959,,,,,,,,,,,,,,ellipse,,,,,,,,,,,,,,,0.1,0.12096190251291382,,0.6301019142074964,21.467689395236132,,9.217089375909936,,,wls_strong,,,265,,,,,,,,,,,,,,,,,smooth_variable,,8104,0.0008917540000084045,0.5076794120000159,4,False
nan,nan,nan,0.0,nan,0.04416839600000344,0.0,3.6472744562931996,0.4742614247140825,2.1718069398483406,0.9174757281553398,0.3333333333333333,0.022857356000002937,,,27.964814450560457,5.5821748265461046e-11,2.1545868093526234e-10,1.6988248630299263,0.21108958229266092,1.1604580407124452,0.0825242718446602,0.14705882352941177,0.7006064549706524,0.10410858289349362,0.5560753075053375,3.6472744562931996,0.43710043306671165,2.11984337658347,star,nan,nan,4.273442190673821,22.1079266140868,5.493139677523187,20.61059213166667,4.328485141968912,4.273442190673821,22.1079266140868,5.493139677523187,20.61059213166667,4.328485141968912,22.107926614086804,22.107926614086804,0.2,0.14145637586315285,0.8478384558269402,0.2914425140434682,28.673273985999277,,14.627467856407147,,,ccpfm_flux,0,824,83,0.3179611650485437,3.6472744562931996,0.4742614247140825,2.1718069398483406,0.9174757281553398,0.3333333333333333,1.6988248630299263,0.21108958229266092,1.1604580407124452,0.0825242718446602,0.14705882352941177,3.6472744562931996,0.43710043306671165,2.11984337658347,1.0,0.3179611650485437,smooth_variable,0,8104,0.00016615699999533717,0.06719190900000171,4,False
,,,,,0.041246128000011595,,,,,,,0.046743669999983695,,,138.27800512091434,,,,,,,,,,,,,,star,,,,,,,,,,,,,,,0.2,0.9757250214322365,,5.215195697122816,22.233580072382825,,11.917358691842065,,,wls_strong,,,83,,,,,,,,,,,,,,,,,smooth_variable,,8104,0.00021606000001384018,0.08820585800000913,4,False
nan,nan,nan,0.0,nan,0.05307683200001634,0.0,6.106881148636814,0.4716468188325044,2.135657012692353,0.9146198830409357,0.31841432225063937,0.04848387399999865,,,26.017294518057515,5.621651928688909e-11,2.3040727371826463e-10,1.66858620529235,0.2483840952680666,1.17429280063481,0.08538011695906433,0.136986301369863,0.8304421950490007,0.10837014637973767,0.5723198066453951,6.106881148636814,0.44945415098539293,2.084467806196624,star,nan,nan,4.474551644981213,22.404146856144706,5.274395807296345,24.16965693931478,4.561585245383878,4.474551644981213,22.404146856144706,5.274395807296345,24.16965693931478,4.561585245383878,22.420353842933842,22.420353842933842,0.2,0.12873129380358056,0.8592620106863836,0.2695382542319206,27.931422410654314,,13.239541475865344,,,ccpfm_flux,0,855,85,0.30292397660818715,6.106881148636814,0.4716468188325044,2.135657012692353,0.9146198830409357,0.31841432225063937,1.66858620529235,0.2483840952680666,1.17429280063481,0.08538011695906433,0.136986301369863,6.106881148636814,0.44945415098539293,2.084467806196624,1.0,0.30292397660818715,smooth_variable,0,8103,0.0001774939999847902,0.10173819999999978,3,False
,,,,,0.06312875700001541,,,,,,,0.04866632499999923,1e-12,CLS-GFD-type-v1,28.546084905017725,,,,,,,,,,,,,,star,,,,,,,,,,,,,,,0.2,0.3724713107057795,,1.4445977736773918,864.5793057255155,8.764464709543063e-10,287.3688474556811,0.013701744835138432,22.0,cls_gfd,,,85,,,,,,,,,,,,,,,,,smooth_variable,,8103,0.00025621999998293177,0.11205130199999758,3,False
,,,,,0.042133796000001666,,,,,,,0.06943407800000045,1e-12,CLS-GFD-type-v1,17.853328168896173,,,,,,,,,,,,,,star,,,,,,,,,,,,,,,0.2,0.4345895245100467,,1.8458393359945529,928.801365248932,9.73595426501106e-10,378.8946926279688,0.013040435730148339,30.0,cls_gfd,,,83,,,,,,,,,,,,,,,,,smooth_variable,,8104,0.00020427300000847026,0.11177214700001059,4,False
nan,nan,nan,0.0,nan,0.2829685909999853,0.0,5.031531950421333,0.8113514666939845,2.1503500569456713,0.48679678530424797,0.4115566037735849,0.32905220600000007,,,352.62143847645547,9.818534874028728e-16,4.4217690366261195e-15,3.2535518783087927,0.3856208628315385,1.8523701915703015,0.513203214695752,0.3232662192393736,0.9670185083377187,0.17402916879046637,0.6439048085541784,5.031531950421333,0.6038295260239959,1.9566049038230502,ellipse,nan,nan,12.834256602351871,48.89250059242153,16.013411946223087,69.47016189859698,14.441528103485902,12.834256602351871,48.89250059242153,16.013411946223087,69.47016189859698,14.441528103485902,64.41921686540192,64.41921686540192,0.1,0.1942357419750342,0.7651308444030583,0.4160692253663447,25.959759291035923,,9.45221855175036,,,ccpfm_flux,0,3484,264,0.36624569460390355,5.031531950421333,0.8113514666939845,2.1503500569456713,0.48679678530424797,0.4115566037735849,3.2535518783087927,0.3856208628315385,1.8523701915703015,0.513203214695752,0.3232662192393736,5.031531950421333,0.6038295260239959,1.9566049038230502,1.0,0.36624569460390355,smooth_variable,0,8103,0.0037374380000017027,0.615758234999987,3,False
,,,,,0.05815712599999756,,,,,,,0.036539329000021326,1e-12,CLS-GFD-type-v1,27.236920618673807,,,,,,,,,,,,,,star,,,,,,,,,,,,,,,0.16,0.18779500825531206,,0.7737492755402147,826.883838395492,1.7272743235707821e-09,305.055786211121,0.014485966157932895,24.0,cls_gfd,,,116,,,,,,,,,,,,,,,,,smooth_variable,,8100,0.00034086599998772726,0.09503732100000661,0,False
,,,,,0.027519628000021612,,,,,,,0.08402091499999642,,,35.05006816186163,,,,,,,,,,,,,,star,,,,,,,,,,,,,,,0.16,0.4713014372405111,,1.4974298879722223,22.515761648280286,,10.674755817183158,,,wls_strong,,,117,,,,,,,,,,,,,,,,,smooth_variable,,8101,0.00030485299998872506,0.11184539600000676,1,False
,,,,,0.04105677700002275,,,,,,,0.09563946499997655,,,38.27314816497859,,,,,,,,,,,,,,star,,,,,,,,,,,,,,,0.16,0.40733109622606434,,1.0557838406916376,22.808247624251,,10.635833692407124,,,wls_strong,,,116,,,,,,,,,,,,,,,,,smooth_variable,,8100,0.0002895399999829351,0.13698578199998224,0,False
nan,nan,nan,0.0,nan,0.29811419699998964,0.0,4.805887730887296,0.791078561119227,2.1344635595795425,0.4839080459770115,0.41211401425178146,0.3315447610000035,,,349.9136677052493,6.765421556309548e-16,4.240050605177076e-15,3.31393230301075,0.40831288230100027,1.8597363825125575,0.5160919540229885,0.3212694877505568,0.987974449370687,0.17947373427035274,0.6447786373097126,4.805887730887296,0.6087752677421463,1.9666916054518297,ellipse,nan,nan,13.594995935020478,52.90503317002286,15.451418526911876,70.00822056838895,14.714578632928403,13.594995935020478,52.90503317002286,15.451418526911876,70.00822056838895,14.714578632928403,64.70998960866487,64.70998960866487,0.1,0.1532686278291425,0.7649931375758421,0.325726082126887,24.34894351304105,,9.417571025288641,,,ccpfm_flux,0,3480,265,0.3652298850574713,4.805887730887296,0.791078561119227,2.1344635595795425,0.4839080459770115,0.41211401425178146,3.31393230301075,0.40831288230100027,1.8597363825125575,0.5160919540229885,0.3212694877505568,4.805887730887296,0.6087752677421463,1.9666916054518297,1.0,0.3652298850574713,smooth_variable,0,8104,0.001049808999994184,0.6307087669999873,4,False
nan,nan,nan,0.0,nan,0.06772624300000984,0.0,3.9300377214795654,0.4839593921363893,2.1204951968606305,0.8839907192575406,0.30533683289588803,0.0860838469999976,,,60.00690796772437,6.720004760984999e-11,3.3721386743998063e-10,2.5033859273257777,0.3089522346063022,1.5405536034655338,0.11600928074245939,0.28,0.8499461506084307,0.10657075300802252,0.5502936385348324,3.9300377214795654,0.4678426964784261,2.057271843154596,star,nan,nan,6.180042937835874,33.40231714358487,7.899288125730518,33.63054474653375,6.359601538372432,6.180042937835874,33.40231714358487,7.899288125730518,33.63054474653375,6.359601538372432,33.40231714358491,33.40231714358491,0.16,0.11300820560018444,0.8256482546398838,0.2915261941665242,30.329354940102334,,11.694698545951837,,,ccpfm_flux,0,1293,116,0.3023975251353442,3.9300377214795654,0.4839593921363893,2.1204951968606305,0.8839907192575406,0.30533683289588803,2.5033859273257777,0.3089522346063022,1.5405536034655338,0.11600928074245939,0.28,3.9300377214795654,0.4678426964784261,2.057271843154596,1.0,0.3023975251353442,smooth_variable,0,8100,0.0002805660000149146,0.15409065600002236,0,False
,,,,,0.06014142099999731,,,,,,,0.03561605900000586,1e-12,CLS-GFD-type-v1,33.261270028490976,,,,,,,,,,,,,,star,,,,,,,,,,,,,,,0.16,0.19158839866807703,,0.571504650938381,765.9272526439195,1.4903527301157737e-09,291.3741259548256,0.012553136532526005,26.0,cls_gfd,,,118,,,,,,,,,,,,,,,,,smooth_variable,,8102,0.00033537799998839546,0.09609285799999157,2,False
,,,,,0.09253750999999966,,,,,,,0.08890187099999025,1e-12,CLS-GFD-type-v1,31.826081700548976,,,,,,,,,,,,,,star,,,,,,,,,,,,,,,0.16,0.18093675819412403,,0.49853376576289343,778.8635063353922,1.5215881887797877e-09,326.52737430887976,0.015294770044029269,30.0,cls_gfd,,,117,,,,,,,,,,,,,,,,,smooth_variable,,8101,0.00033160200001702833,0.18177098300000694,1,False
,,,,,0.07131050399999594,,,,,,,0.086442911000006,,,26.8676940036885,,,,,,,,,,,,,,star,,,,,,,,,,,,,,,0.16,0.33635599311026976,,0.8505014303791485,22.249026257875627,,10.723366034545661,,,wls_strong,,,118,,,,,,,,,,,,,,,,,smooth_variable,,8102,0.0002929150000170466,0.158046330000019,2,False
nan,nan,nan,0.0,nan,0.08349864999999568,0.0,4.814719564711894,0.4640586352370837,2.135269226115849,0.8714613618974751,0.30816505706760317,0.08598866599999155,,,61.19920855994646,8.048459121390295e-11,3.3822840667827994e-10,2.544137575247784,0.31832163054010654,1.6843832195734538,0.12853863810252486,0.22023809523809523,0.8736346237978437,0.10678125436758501,0.5561453478430202,4.814719564711894,0.4508997513118411,2.04641934904648,star,nan,nan,6.3596015383724405,33.01097355863459,7.633778859523339,33.78841302469716,6.440180176669157,6.3596015383724405,33.01097355863459,7.633778859523339,33.78841302469716,6.440180176669157,33.01097355863646,33.01097355863646,0.16,0.136274859443866,0.8241198776615395,0.26554489875062126,29.71291940348776,,11.848175452072967,,,ccpfm_flux,0,1307,117,0.29686304514154555,4.814719564711894,0.4640586352370837,2.135269226115849,0.8714613618974751,0.30816505706760317,2.544137575247784,0.31832163054010654,1.6843832195734538,0.12853863810252486,0.22023809523809523,4.814719564711894,0.4508997513118411,2.04641934904648,1.0,0.29686304514154555,smooth_variable,0,8101,0.00028620500000897664,0.1697735209999962,1,False
,,,,,0.020480286999998043,,,,,,,0.03749843299999611,,,26.637450158720128,,,,,,,,,,,,,,star,,,,,,,,,,,,,,,0.16,0.3375417646410143,,1.0986575794924636,23.61904822000513,,11.453283114929484,,,wls_strong,,,115,,,,,,,,,,,,,,,,,smooth_variable,,8104,0.0003793230000042058,0.05835804299999836,4,False
nan,nan,nan,0.0,nan,0.09508822699999087,0.0,3.5549821698508066,0.5043664090047635,2.0270914577564643,0.8600299401197605,0.3167972149695387,0.0678708070000198,,,46.37362921116551,1.0546495621266416e-10,3.600917682735729e-10,2.5531030735755382,0.28821891939383404,1.6626168263694452,0.13997005988023953,0.23529411764705882,0.9003096593854588,0.1162096415161808,0.5549421054076437,3.5549821698508066,0.4692715483633554,1.9844250168579904,star,nan,nan,6.31245679708172,33.010973558636124,8.17033904988462,32.49823444898999,6.419803620218789,6.31245679708172,33.010973558636124,8.17033904988462,32.49823444898999,6.419803620218789,33.01097355863534,33.01097355863534,0.16,0.10003613818807174,0.8065549081150507,0.25232636967245625,30.02312511195989,,11.437899359498264,,,ccpfm_flux,0,1336,118,0.30538922155688625,3.5549821698508066,0.5043664090047635,2.0270914577564643,0.8600299401197605,0.3167972149695387,2.5531030735755382,0.28821891939383404,1.6626168263694452,0.13997005988023953,0.23529411764705882,3.5549821698508066,0.4692715483633554,1.9844250168579904,1.0,0.30538922155688625,smooth_variable,0,8102,0.0002872059999958765,0.16324624000000654,2,False
,,,,,0.0638598820000027,,,,,,,0.09879223600000842,,,50.4686758389145,,,,,,,,,,,,,,star,,,,,,,,,,,,,,,0.16,0.34769793073065647,,1.0835581564231966,20.04032907284064,,10.653569798059213,,,wls_strong,,,119,,,,,,,,,,,,,,,,,smooth_variable,,8103,0.006075951000013902,0.16872806900002502,3,False
nan,nan,nan,0.0,nan,0.08727843200000507,0.0,4.248453955025707,0.5053400238955891,2.048443970708607,0.8626734842951059,0.31837425910245554,0.07212833799999885,,,66.03526324901206,1.1927295956448702e-10,3.8700700867618217e-10,2.486159528643241,0.30126934595326993,1.755021993899142,0.13732651570489407,0.22872340425531915,0.9479201704372087,0.11586485120167149,0.55683207849862,4.248453955025707,0.47238160215639924,2.0077616053012353,star,nan,nan,6.359601538372469,33.01097355863451,8.418393686071832,35.41206409054812,6.441354638801585,6.359601538372469,33.01097355863451,8.418393686071832,35.41206409054812,6.441354638801585,33.40231714358486,33.40231714358486,0.16,0.11158030155166347,0.803329547331783,0.2797232686836645,30.687855690186293,,11.361830599772585,,,ccpfm_flux,0,1369,119,0.3060628195763331,4.248453955025707,0.5053400238955891,2.048443970708607,0.8626734842951059,0.31837425910245554,2.486159528643241,0.30126934595326993,1.755021993899142,0.13732651570489407,0.22872340425531915,4.248453955025707,0.47238160215639924,2.0077616053012353,1.0,0.3060628195763331,smooth_variable,0,8103,0.00033315400000333284,0.15973992400000725,3,False
,,,,,0.07676228799999762,,,,,,,0.0888978449999911,1e-12,CLS-GFD-type-v1,32.436046386089394,,,,,,,,,,,,,,star,,,,,,,,,,,,,,,0.16,0.1968602337766443,,0.7476462615911216,800.7756460809832,1.5998651292647992e-09,272.3999721212129,0.015370693320397696,26.0,cls_gfd,,,119,,,,,,,,,,,,,,,,,smooth_variable,,8103,0.00034423200000333054,0.16600436499999205,3,False
nan,nan,nan,0.0,nan,0.08233738499998822,0.0,4.256763833387464,0.5000007948363109,2.0896868814411786,0.879163439194423,0.3066079295154185,0.09191466500001866,,,62.52637919550421,8.657041750126382e-11,3.362737944445996e-10,2.259045771962254,0.37413259351397665,1.5547315290128259,0.12083656080557707,0.24358974358974358,0.6917878037792775,0.10762857452705399,0.5535573619169711,4.256763833387464,0.4803499968562613,2.0010212367216433,star,nan,nan,6.0366419535183296,33.010973558636785,7.416362871052753,28.468274905766535,6.173252732892732,6.0366419535183296,33.010973558636785,7.416362871052753,28.468274905766535,6.173252732892732,31.92521244891838,31.92521244891838,0.16,0.10678620337383936,0.8053719080454438,0.2458256647144098,30.442586827250086,,12.27447555822983,,,ccpfm_flux,0,1291,115,0.29899302865995353,4.256763833387464,0.5000007948363109,2.0896868814411786,0.879163439194423,0.3066079295154185,2.259045771962254,0.37413259351397665,1.5547315290128259,0.12083656080557707,0.24358974358974358,4.256763833387464,0.4803499968562613,2.0010212367216433,1.0,0.29899302865995353,smooth_variable,0,8104,0.0002762700000005225,0.1745283200000074,4,False
,,,,,0.08537606599998071,,,,,,,0.08181634199999621,1e-12,CLS-GFD-type-v1,27.99408317791414,,,,,,,,,,,,,,star,,,,,,,,,,,,,,,0.16,0.1917239271312432,,0.6085779210480524,775.5707404604368,1.5274643772045238e-09,349.17828824727974,0.014239354950927912,30.0,cls_gfd,,,115,,,,,,,,,,,,,,,,,smooth_variable,,8104,0.008378901000014594,0.17557130899999152,4,False
,,,,,0.08560394500000257,,,,,,,0.06311149099997237,1e-12,CLS-GFD-type-v1,48.20111053482736,,,,,,,,,,,,,,star,,,,,,,,,,,,,,,0.12,0.07790835091887326,,0.42195783286375,741.1255486172876,2.7775506339366984e-09,259.87051322007744,0.016336914060916374,30.0,cls_gfd,,,180,,,,,,,,,,,,,,,,,smooth_variable,,8100,0.0005007840000246233,0.14921621999999957,0,False
,,,,,0.09203897000000438,,,,,,,0.16504409899999928,,,68.70782918529028,,,,,,,,,,,,,,star,,,,,,,,,,,,,,,0.12,0.2623516891316369,,2.3895965587047265,20.215931253445,,9.395000242843706,,,wls_strong,,,180,,,,,,,,,,,,,,,,,smooth_variable,,8100,0.00045684799999889947,0.25753991700000256,0,False
nan,nan,nan,0.0,nan,0.0883469370000114,0.0,5.145389481760224,0.6011968079822186,2.0538321943562505,0.773394495412844,0.3279952550415184,0.1274645860000021,,,82.37988510638462,1.569599034079161e-10,5.632750679290724e-10,2.5274953607306547,0.3086898400240941,1.6932764477293343,0.22660550458715598,0.27530364372469635,0.8180214484755437,0.13310215938035957,0.5894900979969606,5.145389481760224,0.5370988563140064,1.9546605453803307,star,nan,nan,10.31903249473331,47.72438132495478,12.497434771575236,52.005944045896506,10.793522522553408,10.31903249473331,47.72438132495478,12.497434771575236,52.005944045896506,10.793522522553408,51.00430153619095,51.00430153619095,0.12,0.07841988668063242,0.7651960130325939,0.21265953624182832,36.79968138302206,,9.958831519467381,,,ccpfm_flux,0,2180,180,0.31605504587155964,5.145389481760224,0.6011968079822186,2.0538321943562505,0.773394495412844,0.3279952550415184,2.5274953607306547,0.3086898400240941,1.6932764477293343,0.22660550458715598,0.27530364372469635,5.145389481760224,0.5370988563140064,1.9546605453803307,1.0,0.31605504587155964,smooth_variable,0,8100,0.0004637190000096325,0.21627524200002313,0,False
,,,,,0.09333167900001627,,,,,,,0.1792155589999993,,,64.85682343960802,,,,,,,,,,,,,,star,,,,,,,,,,,,,,,0.12,0.1801260342158364,,1.3353716812368033,21.664149784854654,,9.375583803049892,,,wls_strong,,,183,,,,,,,,,,,,,,,,,smooth_variable,,8101,0.0006787680000002183,0.2732260060000158,1,False
nan,nan,nan,0.0,nan,0.07959691700000349,0.0,5.269693954399483,0.5910534478722791,2.093833163602202,0.7543299908842297,0.3365558912386707,0.08420599000001516,,,83.1642833381249,1.2926924808365214e-10,5.578962087860334e-10,2.2761576093910176,0.31965460765561543,1.6810596018074477,0.24567000911577028,0.30612244897959184,0.8458391255974913,0.12938218884761596,0.588879768517284,5.269693954399483,0.536248839512723,1.9182541634660695,star,nan,nan,10.307285572097935,47.69460748399786,13.458292162341404,57.58571507171461,10.99094524699548,10.307285572097935,47.69460748399786,13.458292162341404,57.58571507171461,10.99094524699548,51.192436784919515,51.192436784919515,0.12,0.08483366522520708,0.7770919490550582,0.2515593449459905,36.19728509087048,,9.747151844861914,,,ccpfm_flux,0,2194,182,0.3290793072014585,5.269693954399483,0.5910534478722791,2.093833163602202,0.7543299908842297,0.3365558912386707,2.2761576093910176,0.31965460765561543,1.6810596018074477,0.24567000911577028,0.30612244897959184,5.269693954399483,0.536248839512723,1.9182541634660695,1.0,0.3290793072014585,smooth_variable,0,8102,0.0004765869999800998,0.16427949399999875,2,False
,,,,,0.12238255999997705,,,,,,,0.15056101700000113,,,63.87617434105126,,,,,,,,,,,,,,star,,,,,,,,,,,,,,,0.12,0.19915621033965283,,1.0246626659451366,20.511571472306272,,9.50865749794539,,,wls_strong,,,182,,,,,,,,,,,,,,,,,smooth_variable,,8102,0.0004887960000132807,0.27343237299999146,2,False
nan,nan,nan,0.0,nan,0.150605282000015,0.0,5.275516317677245,0.6141265128964475,2.0707911732008695,0.7616279069767442,0.33705226071638283,0.15875505200000362,,,81.42676469633403,1.6398776780945923e-10,6.257735183584842e-10,2.541981034517854,0.2990265516066922,1.7189393142040088,0.23837209302325582,0.2776735459662289,0.7660088078685904,0.1319634748307079,0.594135342045379,5.275516317677245,0.5539058678272597,1.971173038237163,star,nan,nan,10.502873108177015,48.1780264603223,12.86782257647884,54.89477540071093,11.01361068848057,10.502873108177015,48.1780264603223,12.86782257647884,54.89477540071093,11.01361068848057,51.00430153619736,51.00430153619736,0.12,0.08034340533046115,0.7736225214278392,0.22217286400640374,34.71525154613356,,9.973047876892037,,,ccpfm_flux,0,2236,183,0.3228980322003578,5.275516317677245,0.6141265128964475,2.0707911732008695,0.7616279069767442,0.33705226071638283,2.541981034517854,0.2990265516066922,1.7189393142040088,0.23837209302325582,0.2776735459662289,5.275516317677245,0.5539058678272597,1.971173038237163,1.0,0.3228980322003578,smooth_variable,0,8101,0.0005317600000012135,0.3098920940000198,1,False
,,,,,0.17169310099998825,,,,,,,0.15354625800000576,1e-12,CLS-GFD-type-v1,48.754819717128996,,,,,,,,,,,,,,star,,,,,,,,,,,,,,,0.12,0.07173728412653343,,0.3542759165920104,871.7609272987261,2.606245885772296e-09,245.75137366417985,0.016264139516206828,30.0,cls_gfd,,,183,,,,,,,,,,,,,,,,,smooth_variable,,8101,0.000502416000017547,0.32574177500001156,1,False
,,,,,0.16129247999998597,,,,,,,0.15051213300000654,1e-12,CLS-GFD-type-v1,47.148778728141096,,,,,,,,,,,,,,star,,,,,,,,,,,,,,,0.12,0.07280703380744828,,0.38238776940865926,921.6122296886341,2.8350122249776177e-09,259.977802013951,0.016510361155106665,30.0,cls_gfd,,,182,,,,,,,,,,,,,,,,,smooth_variable,,8102,0.000527323000000024,0.31233193599999254,2,False
,,,,,0.09354761000000167,,,,,,,0.09885404700000322,1e-12,CLS-GFD-type-v1,49.61196009563844,,,,,,,,,,,,,,star,,,,,,,,,,,,,,,0.12,0.08665707025886238,,0.3008113242847123,845.8575958503645,2.685951017156185e-09,252.13414965038749,0.015903423218281094,30.0,cls_gfd,,,177,,,,,,,,,,,,,,,,,smooth_variable,,8103,0.007394338000011658,0.19979599500001655,3,False
,,,,,0.03702674299998421,,,,,,,0.07836315500000524,,,67.07765967037845,,,,,,,,,,,,,,star,,,,,,,,,,,,,,,0.12,0.1743667632518025,,0.6745979462828622,21.146166304180085,,9.476341039888437,,,wls_strong,,,179,,,,,,,,,,,,,,,,,smooth_variable,,8104,0.000450809000000163,0.1158407069999896,4,False
,,,,,0.0952376289999961,,,,,,,0.14239519200000927,,,55.736638794090304,,,,,,,,,,,,,,star,,,,,,,,,,,,,,,0.12,0.1806418813845399,,0.7620547468530907,20.78117291948428,,9.5920691668586,,,wls_strong,,,177,,,,,,,,,,,,,,,,,smooth_variable,,8103,0.00043891100000337246,0.23807173200000875,3,False
nan,nan,nan,0.0,nan,0.15820217099999923,0.0,5.344131596918032,0.5978361876740914,2.0814862451762672,0.7865483418963102,0.333729216152019,0.14618527999999742,,,78.25817392360693,1.2895155776515566e-10,5.399672746905357e-10,2.546523891735168,0.29985615954524425,1.6748110105517156,0.21345165810368985,0.25601750547045954,0.7866093588396003,0.12554049712389173,0.5822723593417405,5.344131596918032,0.5326008985337785,1.986600498167036,star,nan,nan,9.940624389460783,46.20533358366846,12.242517495622709,54.04825979561698,10.504959425917823,9.940624389460783,46.20533358366846,12.242517495622709,54.04825979561698,10.504959425917823,48.9940187174935,48.9940187174935,0.12,0.08043366261095122,0.7882522266875199,0.2302401729321606,35.274671995865766,,9.958476382103736,,,ccpfm_flux,0,2141,177,0.3171415226529659,5.344131596918032,0.5978361876740914,2.0814862451762672,0.7865483418963102,0.333729216152019,2.546523891735168,0.29985615954524425,1.6748110105517156,0.21345165810368985,0.25601750547045954,5.344131596918032,0.5326008985337785,1.986600498167036,1.0,0.3171415226529659,smooth_variable,0,8103,0.0004897770000127366,0.3048772280000094,3,False
,,,,,0.07747996399999124,,,,,,,0.11389980600000627,,,505.34916362964833,,,,,,,,,,,,,,star,,,,,,,,,,,,,,,0.1,0.43154928391529296,,5.823805299123054,21.47352549404478,,9.388494929599366,,,wls_strong,,,242,,,,,,,,,,,,,,,,,smooth_variable,,8101,0.0006460390000029292,0.19202580900000044,1,False
nan,nan,nan,0.0,nan,0.11720569399997771,0.0,6.015150821441203,0.6333132683195682,2.106685511925455,0.7040639110802361,0.36457819437592504,0.16140761000002612,,,123.8591434000643,4.2627093977017083e-10,1.9328124261407644e-09,3.610237889996721,0.38620972187436675,1.802188099603696,0.2959360889197638,0.29107981220657275,0.9209372912169842,0.144392451912144,0.62494038403965,6.015150821441203,0.5593745557219172,2.0244437172671077,star,nan,nan,15.102160059205096,71.45767163228606,16.05284499684682,70.57910019615281,15.33543465942289,15.102160059205096,71.45767163228606,16.05284499684682,70.57910019615281,15.33543465942289,70.70640243462084,70.70640243462084,0.1,0.05879689934560004,0.8023008750146066,0.19077447589582114,34.42963760074495,,9.919698310562184,,,ccpfm_flux,0,2879,236,0.3428273706147968,6.015150821441203,0.6333132683195682,2.106685511925455,0.7040639110802361,0.36457819437592504,3.610237889996721,0.38620972187436675,1.802188099603696,0.2959360889197638,0.29107981220657275,6.015150821441203,0.5593745557219172,2.0244437172671077,1.0,0.3428273706147968,smooth_variable,0,8100,0.000730525000022908,0.27934382900002674,0,False
nan,nan,nan,0.0,nan,0.13897961099999634,0.0,5.11301106959549,0.602262555118557,2.0738556807007753,0.7677989762680316,0.3412121212121212,0.1669736940000064,,,88.01273278634113,1.3344507443502351e-10,5.294209926281207e-10,2.7374686895126543,0.3024609853420743,1.6766990007088536,0.23220102373196835,0.2925851703406814,0.8029791422767305,0.12831746369483815,0.5850565684187903,5.11301106959549,0.5318984846746543,1.95046416354057,star,nan,nan,10.221718591154335,47.7243813249551,12.229475520445675,53.4550467810734,10.84170905537161,10.221718591154335,47.7243813249551,12.229475520445675,53.4550467810734,10.84170905537161,50.79269041672206,50.79269041672206,0.12,0.08705209505621406,0.7791484815678614,0.2425822954517094,35.50872444475173,,10.038086509154315,,,ccpfm_flux,0,2149,179,0.32992089343880876,5.11301106959549,0.602262555118557,2.0738556807007753,0.7677989762680316,0.3412121212121212,2.7374686895126543,0.3024609853420743,1.6766990007088536,0.23220102373196835,0.2925851703406814,5.11301106959549,0.5318984846746543,1.95046416354057,1.0,0.32992089343880876,smooth_variable,0,8104,0.0004855210000016541,0.3064388260000044,4,False
,,,,,0.17137942599998723,,,,,,,0.14905256700001246,1e-12,CLS-GFD-type-v1,51.16940149560781,,,,,,,,,,,,,,star,,,,,,,,,,,,,,,0.12,0.08569772748221616,,0.32981026366834076,897.554334647476,3.273676441040152e-09,254.74255462636387,0.01628766048531259,30.0,cls_gfd,,,179,,,,,,,,,,,,,,,,,smooth_variable,,8104,0.0004891260000192688,0.32092111900001896,4,False
,,,,,0.14820793199999116,,,,,,,0.21394590400001334,,,216.3581355836226,,,,,,,,,,,,,,star,,,,,,,,,,,,,,,0.1,0.32470150503594447,,3.8592375259939202,21.169016716517714,,9.325057313760924,,,wls_strong,,,236,,,,,,,,,,,,,,,,,smooth_variable,,8100,0.0006186889999924006,0.3627725249999969,0,False
,,,,,0.05308282199999326,,,,,,,0.13479491900000085,,,117.09273108299706,,,,,,,,,,,,,,star,,,,,,,,,,,,,,,0.1,0.1338129638409518,,0.8864418278656102,21.39956124461375,,9.449793182450321,,,wls_strong,,,241,,,,,,,,,,,,,,,,,smooth_variable,,8102,0.0006883920000007038,0.1885661329999948,2,False
,,,,,0.20815787999998747,,,,,,,0.20915050800002177,1e-12,CLS-GFD-type-v1,63.29698209683726,,,,,,,,,,,,,,star,,,,,,,,,,,,,,,0.1,0.05056317360700747,,0.21268997642553522,1022.2068219405946,3.9757708236720646e-09,244.80149924057363,0.017200920404510506,26.0,cls_gfd,,,236,,,,,,,,,,,,,,,,,smooth_variable,,8100,0.0007321870000112085,0.41804057500002045,0,False
,,,,,0.2198982909999927,,,,,,,0.2144895609999935,1e-12,CLS-GFD-type-v1,63.41454265005022,,,,,,,,,,,,,,star,,,,,,,,,,,,,,,0.1,0.04503676879142515,,0.16143648533715993,827.6749620497706,4.102517436876951e-09,239.1284392308558,0.016099714490333653,30.0,cls_gfd,,,242,,,,,,,,,,,,,,,,,smooth_variable,,8101,0.0007032640000090851,0.4350911159999953,1,False
,,,,,0.12824826900001085,,,,,,,0.16693250299999818,1e-12,CLS-GFD-type-v1,50.34874384431027,,,,,,,,,,,,,,star,,,,,,,,,,,,,,,0.1,0.04975804876847861,,0.25269552443663057,987.8700781067128,3.548279892129358e-09,237.53492289618669,0.016890462608776687,34.0,cls_gfd,,,241,,,,,,,,,,,,,,,,,smooth_variable,,8102,0.0007332890000100178,0.29591406100001905,2,False
nan,nan,nan,0.0,nan,0.20981495000000905,0.0,5.522259579836361,0.6357653443321345,2.137208076606293,0.6815886906765399,0.3619753086419753,0.2207830950000016,,,127.7812953652128,4.2546293571588123e-10,2.2842852483852863e-09,2.9810344635276773,0.37843224691323196,1.7767535642566816,0.3184113093234601,0.3054968287526427,0.8736811356136628,0.14498389522338992,0.6307048733623247,5.522259579836361,0.5664931791412514,1.9811019906272826,star,nan,nan,15.100979010408103,70.75925253340793,17.193613736693642,79.61634859582111,15.746254607168991,15.100979010408103,70.75925253340793,17.193613736693642,79.61634859582111,15.746254607168991,77.10014196512225,77.10014196512225,0.1,0.051845456084396925,0.799603078520433,0.13855794162192936,33.27955216670794,,9.729234393779008,,,ccpfm_flux,0,2971,242,0.3439919219118142,5.522259579836361,0.6357653443321345,2.137208076606293,0.6815886906765399,0.3619753086419753,2.9810344635276773,0.37843224691323196,1.7767535642566816,0.3184113093234601,0.3054968287526427,5.522259579836361,0.5664931791412514,1.9811019906272826,1.0,0.3439919219118142,smooth_variable,0,8101,0.0007984949999979563,0.4313965400000086,1,False
nan,nan,nan,0.0,nan,0.10350009600000476,0.0,5.832304550975081,0.6520099530644385,2.1304511855148465,0.6847492323439099,0.36571998006975587,0.1170899519999864,,,117.13986293987337,3.92657135972474e-10,2.115309357756503e-09,2.7444768337382324,0.4052784126828789,1.7665953971347788,0.31525076765609006,0.31385281385281383,0.953920725763661,0.1439096074145324,0.6295129833995621,5.832304550975081,0.568444736231267,2.002914361884256,star,nan,nan,15.100467255406956,71.97186557586635,16.957999337419388,75.59751284028695,15.660617076752384,15.100467255406956,71.97186557586635,16.957999337419388,75.59751284028695,15.660617076752384,74.52744623236275,74.52744623236275,0.1,0.051417569108588905,0.7938244244808604,0.12411250453875734,34.380106068950624,,9.791296096075463,,,ccpfm_flux,0,2931,240,0.3493688161037189,5.832304550975081,0.6520099530644385,2.1304511855148465,0.6847492323439099,0.36571998006975587,2.7444768337382324,0.4052784126828789,1.7665953971347788,0.31525076765609006,0.31385281385281383,5.832304550975081,0.568444736231267,2.002914361884256,1.0,0.3493688161037189,smooth_variable,0,8103,0.000785476000004337,0.2213755239999955,3,False
,,,,,0.13400934200001302,,,,,,,0.24231743600000755,,,128.73646062403884,,,,,,,,,,,,,,star,,,,,,,,,,,,,,,0.1,0.1100194490921538,,0.6500032281093205,21.067812715105955,,9.383107228446406,,,wls_strong,,,240,,,,,,,,,,,,,,,,,smooth_variable,,8103,0.0006435359999841239,0.3769703140000047,3,False
nan,nan,nan,0.0,nan,0.19982931499998813,0.0,5.420636257323304,0.6529781028590842,2.1131996931661865,0.6757586089328332,0.37235116044399597,0.24373050400001262,,,128.47158419633578,3.496391262451659e-10,2.1034112249789824e-09,3.007201791011795,0.3851076340706468,1.8122952281162021,0.3242413910671667,0.3028391167192429,1.0265839538592003,0.1470912665670211,0.6275447177129376,5.420636257323304,0.5689284018587316,1.9930669834466386,star,nan,nan,15.056038454393486,74.86465292547513,17.258976555610985,78.58884716257674,15.680062353240684,15.056038454393486,74.86465292547513,17.258976555610985,78.58884716257674,15.680062353240684,77.23433857426538,77.23433857426538,0.1,0.05241749652682753,0.7840747697300257,0.1638616916372937,34.999247184411104,,9.646888428095295,,,ccpfm_flux,0,2933,241,0.3498124786907603,5.420636257323304,0.6529781028590842,2.1131996931661865,0.6757586089328332,0.37235116044399597,3.007201791011795,0.3851076340706468,1.8122952281162021,0.3242413910671667,0.3028391167192429,5.420636257323304,0.5689284018587316,1.9930669834466386,1.0,0.3498124786907603,smooth_variable,0,8102,0.0007938990000013746,0.4443537180000021,2,False
,,,,,0.053041519999993625,,,,,,,0.029456062999997812,1e-12,CLS-GFD-type-v1,22.287909463353962,,,,,,,,,,,,,,annulus,,,,,,,,,,,,,,,0.2,0.43248678976686683,,1.1618679916117487,782.9929163440808,9.030909353668903e-10,392.63614242663493,0.013290906701808167,26.0,cls_gfd,,,102,,,,,,,,,,,,,,,,,smooth_variable,,8100,0.0003145770000116954,0.08281216000000313,0,False
,,,,,0.06310793599999442,,,,,,,0.056752971000008756,,,21.7071701250383,,,,,,,,,,,,,,annulus,,,,,,,,,,,,,,,0.2,0.8226852254961029,,2.8849879141786356,17.96419294420022,,11.471530813053667,,,wls_strong,,,102,,,,,,,,,,,,,,,,,smooth_variable,,8100,0.0002673070000014377,0.12012821400000462,0,False
,,,,,0.05250278099998695,,,,,,,0.02890062800000237,1e-12,CLS-GFD-type-v1,30.7633003631582,,,,,,,,,,,,,,annulus,,,,,,,,,,,,,,,0.2,0.5056024566367274,,2.018932594876781,824.0134688346651,9.147296253786408e-10,396.7027610320639,0.012277097881963541,26.0,cls_gfd,,,102,,,,,,,,,,,,,,,,,smooth_variable,,8101,0.00032556300001829186,0.08172897200000762,1,False
,,,,,0.1284613950000164,,,,,,,0.2222040939999772,,,1017.1458875029706,,,,,,,,,,,,,,star,,,,,,,,,,,,,,,0.1,1.500238869099591,,19.876476341731802,21.914435616893556,,9.480582311516288,,,wls_strong,,,240,,,,,,,,,,,,,,,,,smooth_variable,,8104,0.0006803699999977653,0.3513458589999914,4,False
nan,nan,nan,0.0,nan,0.07041158900000255,0.0,6.702466694756773,0.3709537081628424,1.844678663471424,0.9420018709073901,0.22740814299900694,0.062155001000007815,,,9.718925515676668,4.104790986281248e-11,1.7794087690129064e-10,4.147844557966556,0.0587766373138868,0.5896911972089732,0.057998129092609915,0.08064516129032258,0.8876736791251254,0.0744313391945034,0.49985538249455713,6.702466694756773,0.3224475006957405,1.7752932887447046,annulus,nan,nan,4.444939819010023,21.669909849676884,5.817066387234345,26.398461614851964,4.620883017688788,4.444939819010023,21.669909849676884,5.817066387234345,26.398461614851964,4.620883017688788,22.73345863279395,22.73345863279395,0.2,0.27321359126740036,0.9155895557479657,0.5164420148702901,32.93194457746223,,14.012741113928637,,,ccpfm_flux,0,1069,102,0.21889616463985032,6.702466694756773,0.3709537081628424,1.844678663471424,0.9420018709073901,0.22740814299900694,4.147844557966556,0.0587766373138868,0.5896911972089732,0.057998129092609915,0.08064516129032258,6.702466694756773,0.3224475006957405,1.7752932887447046,1.0,0.21889616463985032,smooth_variable,0,8100,0.00022750799999471383,0.13279409800000508,0,False
,,,,,0.030148641000010912,,,,,,,0.08092797300000143,,,16.62896273607879,,,,,,,,,,,,,,annulus,,,,,,,,,,,,,,,0.2,0.7896580347588212,,3.307253637696954,17.429198169555264,,12.07397473181823,,,wls_strong,,,102,,,,,,,,,,,,,,,,,smooth_variable,,8101,0.0002594049999800063,0.11133601899999235,1,False
,,,,,0.23449666499999466,,,,,,,0.22309064000000944,1e-12,CLS-GFD-type-v1,61.42729554711205,,,,,,,,,,,,,,star,,,,,,,,,,,,,,,0.1,0.04685387848330024,,0.1723165673417162,843.4086474238226,4.302272316181188e-09,242.07294513444714,0.01749235639326934,30.0,cls_gfd,,,240,,,,,,,,,,,,,,,,,smooth_variable,,8103,0.008785994000021446,0.46637329900002555,3,False
,,,,,0.019218273999996427,,,,,,,0.028915229999995518,,,18.61389397955528,,,,,,,,,,,,,,annulus,,,,,,,,,,,,,,,0.2,0.745499137650238,,2.7414402433063754,18.19209758917604,,11.269946145022118,,,wls_strong,,,101,,,,,,,,,,,,,,,,,smooth_variable,,8102,0.00026655499999606036,0.048400058999988005,2,False
nan,nan,nan,0.0,nan,0.05571761300001299,0.0,6.0550290334129535,0.33248769297590725,1.770131341591694,0.9523355576739753,0.23223223223223224,0.07643577400000368,,,11.645414212390945,3.70208377842296e-11,1.767465627866492e-10,4.137000811173959,0.08059394613784313,0.4121830817247434,0.047664442326024785,0.06,0.7703340266617837,0.070086686403101,0.5157557887002431,6.0550290334129535,0.3189063795726165,1.7500528271327136,annulus,nan,nan,4.444939819009724,22.733460098950793,6.710943814239947,24.687299781718096,4.471660197885015,4.444939819009724,22.733460098950793,6.710943814239947,24.687299781718096,4.471660197885015,22.73346115286134,22.73346115286134,0.2,0.27315941579926817,0.8929143242041686,0.5184730939613478,33.024155836957135,,13.388251643584372,,,ccpfm_flux,0,1049,102,0.22402287893231648,6.0550290334129535,0.33248769297590725,1.770131341591694,0.9523355576739753,0.23223223223223224,4.137000811173959,0.08059394613784313,0.4121830817247434,0.047664442326024785,0.06,6.0550290334129535,0.3189063795726165,1.7500528271327136,1.0,0.22402287893231648,smooth_variable,0,8101,0.00023116299999514922,0.1323845500000118,1,False
nan,nan,nan,0.0,nan,0.026681703999997808,0.0,5.320476339002938,0.37623471453302865,1.6825407832335615,0.9417293233082706,0.22355289421157684,0.04739892199998508,,,9.35164876408132,3.2751967804500737e-11,1.8282809604801627e-10,4.6763761261118315,0.05076272268644505,2.500941251698499,0.05827067669172932,0.14516129032258066,0.8563831512887914,0.07721087522663625,0.4962104674976715,5.320476339002938,0.3414378131452474,1.7000456180991184,annulus,nan,nan,4.421098081697856,21.780497243821586,5.484583888419267,22.461167877101886,4.451906942214505,4.421098081697856,21.780497243821586,5.484583888419267,22.461167877101886,4.451906942214505,21.829011309641214,21.829011309641214,0.2,0.2678499828504891,0.895268518502256,0.46174467270200537,34.92945611735921,,13.619450440061726,,,ccpfm_flux,0,1064,102,0.21898496240601503,5.320476339002938,0.37623471453302865,1.6825407832335615,0.9417293233082706,0.22355289421157684,4.6763761261118315,0.05076272268644505,2.500941251698499,0.05827067669172932,0.14516129032258066,5.320476339002938,0.3414378131452474,1.7000456180991184,1.0,0.21898496240601503,smooth_variable,0,8103,0.00028141800001435513,0.07436204399999724,3,False
nan,nan,nan,0.0,nan,0.188289731999987,0.0,5.411855106053127,0.6252125691124248,2.1548793461022147,0.6924650528469144,0.3663220088626292,0.16399533200001315,,,130.86286147248117,5.065781362098565e-10,2.19094224171324e-09,2.7605461222013594,0.3501426964031201,1.772617738748672,0.3075349471530856,0.29933481152993346,0.9075153751646312,0.1409931738550731,0.6279024903454289,5.411855106053127,0.5567554924416656,1.9843225569181921,star,nan,nan,15.007017064066114,71.99983969635792,17.29845278864743,76.0776022179434,15.587765068359953,15.007017064066114,71.99983969635792,17.29845278864743,76.0776022179434,15.587765068359953,74.31788897786541,74.31788897786541,0.1,0.057240041634365066,0.7823655607661922,0.17552809052050222,33.3827288382053,,9.743475087667141,,,ccpfm_flux,0,2933,240,0.3457211046709853,5.411855106053127,0.6252125691124248,2.1548793461022147,0.6924650528469144,0.3663220088626292,2.7605461222013594,0.3501426964031201,1.772617738748672,0.3075349471530856,0.29933481152993346,5.411855106053127,0.5567554924416656,1.9843225569181921,1.0,0.3457211046709853,smooth_variable,0,8104,0.0007071299999950043,0.35299219399999515,4,False
,,,,,0.22137489299998947,,,,,,,0.23438882500002478,1e-12,CLS-GFD-type-v1,57.743544614420045,,,,,,,,,,,,,,star,,,,,,,,,,,,,,,0.1,0.047325276088197116,,0.1636169800255055,831.7497479989346,4.7411674586328445e-09,251.8651530945611,0.016914349012529237,34.0,cls_gfd,,,240,,,,,,,,,,,,,,,,,smooth_variable,,8104,0.0007185259999857863,0.45648224400000004,4,False
,,,,,0.037972908000000416,,,,,,,0.07966932400000815,,,24.96074277186137,,,,,,,,,,,,,,annulus,,,,,,,,,,,,,,,0.2,0.6842563114572684,,2.3732598002027396,18.039849315954122,,11.522286221639654,,,wls_strong,,,102,,,,,,,,,,,,,,,,,smooth_variable,,8103,0.00027928500000484746,0.11792151700001341,3,False
nan,nan,nan,0.0,nan,0.05146677299998714,0.0,7.029853189281701,0.37204056545557523,1.8183976746604353,0.9550342130987293,0.2241555783009212,0.0791300930000034,,,9.54412941143042,3.973785726472598e-11,1.9100452912756336e-10,3.4904491327444442,0.02679593023926992,0.21811239594239723,0.044965786901270774,0.021739130434782608,0.8148993010904374,0.07621857656902739,0.5013660726843941,7.029853189281701,0.33838290675261135,1.7817081087908608,annulus,nan,nan,4.452001726398926,22.733459866589705,7.496035320870275,22.809277581537785,4.58341191737072,4.452001726398926,22.733459866589705,7.496035320870275,22.809277581537785,4.58341191737072,22.73345986659016,22.73345986659016,0.2,0.26709344438102955,0.9066820568233519,0.5140344704507265,32.83238000714566,,13.408862054836792,,,ccpfm_flux,0,1023,101,0.21505376344086022,7.029853189281701,0.37204056545557523,1.8183976746604353,0.9550342130987293,0.2241555783009212,3.4904491327444442,0.02679593023926992,0.21811239594239723,0.044965786901270774,0.021739130434782608,7.029853189281701,0.33838290675261135,1.7817081087908608,1.0,0.21505376344086022,smooth_variable,0,8102,0.00024496300000009796,0.13084182899999064,2,False
,,,,,0.05772179900000651,,,,,,,0.08019911099998467,1e-12,CLS-GFD-type-v1,22.235767127470854,,,,,,,,,,,,,,annulus,,,,,,,,,,,,,,,0.2,0.440643644802911,,1.3809037274232963,731.4061612214686,8.249525507153521e-10,404.2322808230043,0.01251731828287222,26.0,cls_gfd,,,101,,,,,,,,,,,,,,,,,smooth_variable,,8102,0.0002906120000147894,0.13821152200000597,2,False
,,,,,0.08143087900000978,,,,,,,0.06791585399997757,1e-12,CLS-GFD-type-v1,23.670649207140457,,,,,,,,,,,,,,annulus,,,,,,,,,,,,,,,0.2,0.42338884374630353,,1.4440738858529372,818.6445108402513,7.643858879191612e-10,399.1896919651357,0.012265646031664834,26.0,cls_gfd,,,102,,,,,,,,,,,,,,,,,smooth_variable,,8103,0.0002961499999969419,0.1496428829999843,3,False
,,,,,0.05067559799999799,,,,,,,0.02946124100000702,1e-12,CLS-GFD-type-v1,17.580867661000614,,,,,,,,,,,,,,annulus,,,,,,,,,,,,,,,0.2,0.41708928267149337,,1.2443023534272526,807.4292733448867,8.406768614577231e-10,361.32199041420796,0.013414722799634491,26.0,cls_gfd,,,102,,,,,,,,,,,,,,,,,smooth_variable,,8104,0.00027487799999903473,0.08041171700000405,4,False
,,,,,0.061677723000002516,,,,,,,0.05744167299999958,,,11.085470377702709,,,,,,,,,,,,,,annulus,,,,,,,,,,,,,,,0.2,0.6637872622591177,,2.372751679471726,17.793417869703294,,11.029139888694687,,,wls_strong,,,102,,,,,,,,,,,,,,,,,smooth_variable,,8104,0.0002474770000162607,0.11936687300001836,4,False
nan,nan,nan,0.0,nan,0.08307068400000617,0.0,6.5462635295577565,0.35172012944783154,1.9191426488871275,0.9452449567723343,0.2266260162601626,0.07520889200000624,,,10.538456968526072,4.071746238787366e-11,1.8398640340100708e-10,2.7882465907883267,0.04946217705376658,0.5108112067103739,0.05475504322766571,0.05263157894736842,0.7934053095895927,0.07662843437549893,0.5089274009560042,6.5462635295577565,0.3276784952401659,1.8695613466677934,annulus,nan,nan,4.587695263155609,22.73345940391601,6.381399287365208,23.034760889143488,4.686918329877308,4.587695263155609,22.73345940391601,6.381399287365208,23.034760889143488,4.686918329877308,22.73345986658925,22.73345986658925,0.2,0.2586773216701344,0.9306088301968671,0.4774640901804945,32.94410365276908,,12.687173592676597,,,ccpfm_flux,0,1041,102,0.21709894332372717,6.5462635295577565,0.35172012944783154,1.9191426488871275,0.9452449567723343,0.2266260162601626,2.7882465907883267,0.04946217705376658,0.5108112067103739,0.05475504322766571,0.05263157894736842,6.5462635295577565,0.3276784952401659,1.8695613466677934,1.0,0.21709894332372717,smooth_variable,0,8104,0.00024179900000831367,0.15852137500002073,4,False
nan,nan,nan,0.0,nan,0.0616474569999923,0.0,5.223171973892008,0.5204224373343217,2.2443420921166135,0.8994739918176505,0.31773879142300193,0.04303239999998709,,,32.32492200256664,5.871697138920551e-11,3.5049697921500546e-10,1.698800854716661,0.025200392097734628,0.538045551032197,0.1005260081823495,0.01744186046511628,0.7817805971262024,0.0983551374810882,0.5855694395557139,5.223171973892008,0.4402982509101069,2.138599448249688,annulus,nan,nan,5.837247621662763,21.866847536516175,10.62858443968733,38.57159758725679,6.049230533466276,5.837247621662763,21.866847536516175,10.62858443968733,38.57159758725679,6.049230533466276,29.59686420023846,29.59686420023846,0.16,0.22138630587054614,0.7997796906828778,0.4212676876014546,27.42677320985016,,10.010742198629583,,,ccpfm_flux,0,1711,143,0.2875511396843951,5.223171973892008,0.5204224373343217,2.2443420921166135,0.8994739918176505,0.31773879142300193,1.698800854716661,0.025200392097734628,0.538045551032197,0.1005260081823495,0.01744186046511628,5.223171973892008,0.4402982509101069,2.138599448249688,1.0,0.2875511396843951,smooth_variable,0,8101,0.0003920020000123259,0.10507185899999172,1,False
,,,,,0.06684329199998729,,,,,,,0.10413899400001014,,,39.55095216283158,,,,,,,,,,,,,,annulus,,,,,,,,,,,,,,,0.16,0.8794662216510459,,5.8122194020045415,19.740390556937793,,10.149035524498782,,,wls_strong,,,141,,,,,,,,,,,,,,,,,smooth_variable,,8100,0.0003790629999969042,0.17136134899999433,0,False
,,,,,0.0561102270000049,,,,,,,0.10602312099999267,,,37.75989421451554,,,,,,,,,,,,,,annulus,,,,,,,,,,,,,,,0.16,0.9456789703569307,,4.581848742228692,19.865855128189523,,9.688446624307682,,,wls_strong,,,143,,,,,,,,,,,,,,,,,smooth_variable,,8101,0.0004033279999759998,0.16253667599997357,1,False
nan,nan,nan,0.0,nan,0.09032686699998749,0.0,5.579631317789018,0.5159609290840637,2.1894177616942407,0.9054696789536266,0.3118844386080105,0.10930649700000572,,,33.75488912211081,5.663023088658958e-11,3.3898149478563934e-10,1.1088029760369134,0.03701563350833265,0.3731884897984349,0.09453032104637336,0.006289308176100629,0.8538093774608383,0.09540593563566202,0.5793440279342914,5.579631317789018,0.4301156048180518,2.107842304524775,annulus,nan,nan,5.587228833180589,23.36482734925067,9.319467302858754,33.51105963322354,5.9337228017248975,5.587228833180589,23.36482734925067,9.319467302858754,33.51105963322354,5.9337228017248975,27.053556070015766,27.053556070015766,0.16,0.2182904953529698,0.8065779600236971,0.38484410505120414,29.626588889554057,,10.680621680952312,,,ccpfm_flux,0,1682,141,0.28299643281807374,5.579631317789018,0.5159609290840637,2.1894177616942407,0.9054696789536266,0.3118844386080105,1.1088029760369134,0.03701563350833265,0.3731884897984349,0.09453032104637336,0.006289308176100629,5.579631317789018,0.4301156048180518,2.107842304524775,1.0,0.28299643281807374,smooth_variable,0,8100,0.0003757880000136993,0.2000091520000069,0,False
,,,,,0.11105487199998265,,,,,,,0.09803066500001023,1e-12,CLS-GFD-type-v1,24.963000170876978,,,,,,,,,,,,,,annulus,,,,,,,,,,,,,,,0.16,0.1881352737298592,,0.44272303619149467,812.5160238496816,1.2225420675804344e-09,294.7045020075619,0.011824358978302014,22.0,cls_gfd,,,141,,,,,,,,,,,,,,,,,smooth_variable,,8100,0.0003991430000098717,0.20948468000000275,0,False
,,,,,0.1058667190000051,,,,,,,0.10658594800000287,1e-12,CLS-GFD-type-v1,27.030550825186396,,,,,,,,,,,,,,annulus,,,,,,,,,,,,,,,0.16,0.25152834800133855,,0.8682719631450113,777.8088145996588,1.1565450819261969e-09,243.33862657898166,0.014000016679218356,22.0,cls_gfd,,,143,,,,,,,,,,,,,,,,,smooth_variable,,8101,0.0004188519999956952,0.21287151900000367,1,False
,,,,,0.07946477599998047,,,,,,,0.11328867800000353,,,50.71448613152831,,,,,,,,,,,,,,annulus,,,,,,,,,,,,,,,0.16,1.0338150176795562,,4.896228433336514,19.854522853121182,,10.471727832303012,,,wls_strong,,,142,,,,,,,,,,,,,,,,,smooth_variable,,8102,0.00034599300002469136,0.1930994470000087,2,False
nan,nan,nan,0.0,nan,0.06639520600000992,0.0,5.667384169291445,0.5293875848548644,2.2285716141438883,0.8796296296296297,0.3394736842105263,0.04298354799999515,,,37.60996931494145,9.212955658782773e-11,4.0618547656511875e-10,2.8008555684947485,0.04928095377936599,0.704706915566243,0.12037037037037036,0.0625,0.7722420416480372,0.10077895638229065,0.5969904702898209,5.667384169291445,0.4123961701418606,2.160109391032007,annulus,nan,nan,5.9207090872500405,25.0461037568241,10.273447659365669,37.54017914030246,6.209483646376674,5.9207090872500405,25.0461037568241,10.273447659365669,37.54017914030246,6.209483646376674,30.744972876443235,30.744972876443235,0.16,0.2134658252796122,0.8031209609171313,0.39617716990283536,28.87779853725346,,10.401050243740666,,,ccpfm_flux,0,1728,145,0.30613425925925924,5.667384169291445,0.5293875848548644,2.2285716141438883,0.8796296296296297,0.3394736842105263,2.8008555684947485,0.04928095377936599,0.704706915566243,0.12037037037037036,0.0625,5.667384169291445,0.4123961701418606,2.160109391032007,1.0,0.30613425925925924,smooth_variable,0,8103,0.00042419999999765423,0.10980295400000273,3,False
nan,nan,nan,0.0,nan,0.1082708379999815,0.0,7.030975394406066,0.5325601661957091,2.2132177652469944,0.8879668049792531,0.32710280373831774,0.08201961400001778,,,32.31480727287058,7.554811116972093e-11,3.921349376192817e-10,2.330282109518746,0.04359784134420117,0.47057507264910653,0.11203319502074689,0.031746031746031744,0.7662213625497774,0.10219678902051266,0.5929721555129931,7.030975394406066,0.43878993317162673,2.1164982215020745,annulus,nan,nan,5.772865010332588,22.577614418649308,9.913283826589788,37.58457635143805,6.155028551149095,5.772865010332588,22.577614418649308,9.913283826589788,37.58457635143805,6.155028551149095,27.882898784625812,27.882898784625812,0.16,0.2185243872253363,0.7929335564381116,0.45578491703302915,29.727053757556675,,10.71870669510815,,,ccpfm_flux,0,1687,142,0.2940130409010077,7.030975394406066,0.5325601661957091,2.2132177652469944,0.8879668049792531,0.32710280373831774,2.330282109518746,0.04359784134420117,0.47057507264910653,0.11203319502074689,0.031746031746031744,7.030975394406066,0.43878993317162673,2.1164982215020745,1.0,0.2940130409010077,smooth_variable,0,8102,0.004883831000000782,0.19517428300000006,2,False
,,,,,0.07243908000000943,,,,,,,0.11095294000000422,,,30.451986476226015,,,,,,,,,,,,,,annulus,,,,,,,,,,,,,,,0.16,0.9469569975232981,,5.408817197042275,19.759669382659283,,10.273378736061643,,,wls_strong,,,145,,,,,,,,,,,,,,,,,smooth_variable,,8103,0.00037986399999567766,0.18377188400000932,3,False
,,,,,0.11291766800002279,,,,,,,0.11746660099998962,1e-12,CLS-GFD-type-v1,26.300502659095514,,,,,,,,,,,,,,annulus,,,,,,,,,,,,,,,0.16,0.26928564191992904,,1.198083262241759,1039.9046335143016,1.289702566964479e-09,291.87512234579833,0.013855991767612664,30.0,cls_gfd,,,142,,,,,,,,,,,,,,,,,smooth_variable,,8102,0.0004489769999906912,0.2308332460000031,2,False
,,,,,0.0560641369999928,,,,,,,0.10282227999999805,,,27.988244187159257,,,,,,,,,,,,,,annulus,,,,,,,,,,,,,,,0.16,0.7868283044367447,,2.915044394225117,19.557377117053814,,9.968795937654916,,,wls_strong,,,144,,,,,,,,,,,,,,,,,smooth_variable,,8104,0.00036643400000002657,0.15925285099999087,4,False
,,,,,0.11562160200000449,,,,,,,0.09812010799998916,1e-12,CLS-GFD-type-v1,22.842506862669403,,,,,,,,,,,,,,annulus,,,,,,,,,,,,,,,0.16,0.2056265504341326,,0.6157955848597357,950.5152807830552,1.5214531856599933e-09,267.60401217976994,0.01215026171438971,22.0,cls_gfd,,,145,,,,,,,,,,,,,,,,,smooth_variable,,8103,0.00043191100002104577,0.2141736210000147,3,False
nan,nan,nan,0.0,nan,0.10683816199997409,0.0,6.026372200638108,0.5739058050660344,2.268262162004388,0.8834212067955477,0.3448275862068966,0.10984217100002525,,,38.108188239179476,8.618375371000075e-11,4.4541116095175827e-10,1.4142383159862324,0.04244800809948049,0.5637823404575113,0.11657879320445226,0.02512562814070352,0.7767603913777916,0.11161888049892027,0.6018774506416216,6.026372200638108,0.4721318948176177,2.1419554855523852,annulus,nan,nan,5.986163831494948,23.884797842377886,9.741040050233762,37.55035446977715,6.209483842252046,5.986163831494948,23.884797842377886,9.741040050233762,37.55035446977715,6.209483842252046,29.278059861968416,29.278059861968416,0.16,0.21100225613417806,0.8152510104719695,0.36989933035712064,27.839934479397826,,10.488505982336022,,,ccpfm_flux,0,1707,144,0.30755711775043937,6.026372200638108,0.5739058050660344,2.268262162004388,0.8834212067955477,0.3448275862068966,1.4142383159862324,0.04244800809948049,0.5637823404575113,0.11657879320445226,0.02512562814070352,6.026372200638108,0.4721318948176177,2.1419554855523852,1.0,0.30755711775043937,smooth_variable,0,8104,0.0003859230000102798,0.21706625600000962,4,False
,,,,,0.11133747200000244,,,,,,,0.1048661240000115,1e-12,CLS-GFD-type-v1,23.649307295350425,,,,,,,,,,,,,,annulus,,,,,,,,,,,,,,,0.16,0.23014792231866057,,0.7521274427341557,925.4299938852994,1.5909193962215795e-09,284.61753499646625,0.014018653445273324,30.0,cls_gfd,,,144,,,,,,,,,,,,,,,,,smooth_variable,,8104,0.0004086060000076941,0.21661220200002163,4,False
,,,,,0.07575959900000839,,,,,,,0.10215093299999012,,,83.30744362473915,,,,,,,,,,,,,,annulus,,,,,,,,,,,,,,,0.12,0.18502981800835386,,0.9372682097158973,21.0537838968333,,9.577426658246212,,,wls_strong,,,232,,,,,,,,,,,,,,,,,smooth_variable,,8100,0.0006752630000050885,0.1785857950000036,0,False
,,,,,0.07192878199998631,,,,,,,0.15776160700002606,,,76.16695060181246,,,,,,,,,,,,,,annulus,,,,,,,,,,,,,,,0.12,0.21162171036800803,,1.4504861446319308,20.779139027472812,,9.653345109276803,,,wls_strong,,,227,,,,,,,,,,,,,,,,,smooth_variable,,8101,0.000663384999995742,0.23035377400000812,1,False
nan,nan,nan,0.0,nan,0.09642474599999673,0.0,5.155563767396553,0.661106575937904,2.3640134668302495,0.8003466204506066,0.39800779558250327,0.09126863599999524,,,128.53207752416793,1.9744575766034167e-10,1.1051489783459643e-09,2.2614684597047967,0.2003066385231715,1.2591584995180245,0.1996533795493934,0.1579861111111111,0.9209813775009377,0.13864711355951914,0.6150579789423245,5.155563767396553,0.5106394218599983,2.2232201292510143,annulus,nan,nan,9.476522489568266,44.362539474290266,14.51281673323643,58.690818953733135,10.285564320890758,9.476522489568266,44.362539474290266,14.51281673323643,58.690818953733135,10.285564320890758,54.90969614297807,54.90969614297807,0.12,0.16154021451359749,0.837603469418655,0.34715826531151817,24.36458335034805,,10.803298593664001,,,ccpfm_flux,0,2885,225,0.35008665511265163,5.155563767396553,0.661106575937904,2.3640134668302495,0.8003466204506066,0.39800779558250327,2.2614684597047967,0.2003066385231715,1.2591584995180245,0.1996533795493934,0.1579861111111111,5.155563767396553,0.5106394218599983,2.2232201292510143,1.0,0.35008665511265163,smooth_variable,0,8102,0.00082330199998637,0.18851668399997834,2,False
nan,nan,nan,0.0,nan,0.19841292200001703,0.0,5.484874166347265,0.6563744657816102,2.3942574994815193,0.783288948069241,0.4050148746281343,0.20658632699999657,,,127.44937295067481,1.838793310324216e-10,1.0650406062241665e-09,2.4103540592602615,0.18264615529484268,1.3361320692843235,0.21671105193075899,0.18433179723502305,0.8520830783242874,0.1405594216077753,0.6119568864381314,5.484874166347265,0.515438201318491,2.23150995171,annulus,nan,nan,9.903887370618556,45.2151602946385,14.985540778390252,63.32245344982224,10.652120668969893,9.903887370618556,45.2151602946385,14.985540778390252,63.32245344982224,10.652120668969893,54.84194694259026,54.84194694259026,0.12,0.1597175102344394,0.8208315245548667,0.3286374739942721,24.490543555282443,,10.414708380094272,,,ccpfm_flux,0,3004,232,0.35719041278295605,5.484874166347265,0.6563744657816102,2.3942574994815193,0.783288948069241,0.4050148746281343,2.4103540592602615,0.18264615529484268,1.3361320692843235,0.21671105193075899,0.18433179723502305,5.484874166347265,0.515438201318491,2.23150995171,1.0,0.35719041278295605,smooth_variable,0,8100,0.0008585239999945316,0.40585777300000814,0,False
,,,,,0.22441890300001432,,,,,,,0.20818775399999367,1e-12,CLS-GFD-type-v1,29.52802223980736,,,,,,,,,,,,,,annulus,,,,,,,,,,,,,,,0.12,0.08797443753230796,,0.32069368072155824,872.5111983824202,2.627260187182401e-09,253.27319935033387,0.015224240207250352,22.0,cls_gfd,,,232,,,,,,,,,,,,,,,,,smooth_variable,,8100,0.0007907129999864537,0.43339736999999445,0,False
,,,,,0.22722723199998995,,,,,,,0.17117993900001238,1e-12,CLS-GFD-type-v1,28.136493732158673,,,,,,,,,,,,,,annulus,,,,,,,,,,,,,,,0.12,0.09299306752412732,,0.43467550557799484,972.1493149318768,2.6604283220876823e-09,247.1305605558103,0.013562830226180546,22.0,cls_gfd,,,227,,,,,,,,,,,,,,,,,smooth_variable,,8101,0.0009571509999943828,0.3993643219999967,1,False
,,,,,0.14373848700000735,,,,,,,0.19834507099997722,,,35.75357511351489,,,,,,,,,,,,,,annulus,,,,,,,,,,,,,,,0.12,0.17214115841100985,,1.4485168917959763,20.83722511676596,,9.665547008158146,,,wls_strong,,,225,,,,,,,,,,,,,,,,,smooth_variable,,8102,0.0006639150000182781,0.34274747300000286,2,False
nan,nan,nan,0.0,nan,0.20045805799998107,0.0,5.249680716587381,0.676962310625969,2.3850344482322403,0.7900646478394011,0.400947459086994,0.1918681749999962,,,134.2505052764738,1.8407864642300265e-10,1.0801219048250502e-09,2.2938537558185605,0.2003085514315146,1.2245089305760644,0.20993535216059883,0.17017828200972449,0.8680994574627064,0.1437208881428355,0.6095526625747039,5.249680716587381,0.5282168038868064,2.232606873998667,annulus,nan,nan,9.589437286389058,38.388877245846885,14.225255679273971,61.62996549687509,10.33095036665492,9.589437286389058,38.388877245846885,14.225255679273971,61.62996549687509,10.33095036665492,54.848723943306446,54.848723943306446,0.12,0.17338990339325056,0.8300149653136097,0.3709229674336917,24.393901696110742,,10.40671395594402,,,ccpfm_flux,0,2939,227,0.3525008506294658,5.249680716587381,0.676962310625969,2.3850344482322403,0.7900646478394011,0.400947459086994,2.2938537558185605,0.2003085514315146,1.2245089305760644,0.20993535216059883,0.17017828200972449,5.249680716587381,0.5282168038868064,2.232606873998667,1.0,0.3525008506294658,smooth_variable,0,8101,0.0008382750000066608,0.3931645079999839,1,False
,,,,,0.10080532500001027,,,,,,,0.10766711200000145,,,73.12008350629719,,,,,,,,,,,,,,annulus,,,,,,,,,,,,,,,0.12,0.16686626862240794,,0.8963908990868461,21.6352820987363,,9.387238905288058,,,wls_strong,,,224,,,,,,,,,,,,,,,,,smooth_variable,,8103,0.0006351429999824632,0.2091075799999942,3,False
,,,,,0.2011079430000109,,,,,,,0.16696893699997872,1e-12,CLS-GFD-type-v1,30.86241256755815,,,,,,,,,,,,,,annulus,,,,,,,,,,,,,,,0.12,0.08795951647866805,,0.27281494010697815,1132.3111609642874,2.324021863842063e-09,254.74918906133593,0.014462578287684595,22.0,cls_gfd,,,225,,,,,,,,,,,,,,,,,smooth_variable,,8102,0.0006819829999926696,0.3687588629999823,2,False
,,,,,0.10633129900000426,,,,,,,0.09567026999999939,1e-12,CLS-GFD-type-v1,25.79893673454857,,,,,,,,,,,,,,annulus,,,,,,,,,,,,,,,0.12,0.0886385551082947,,0.2938792117064557,855.432485077147,2.3054731457250455e-09,241.71041148511537,0.014865428587346545,22.0,cls_gfd,,,224,,,,,,,,,,,,,,,,,smooth_variable,,8103,0.0007402990000002774,0.20274186800000393,3,False
,,,,,0.13032502199999385,,,,,,,0.18805724699998905,,,77.5712025129528,,,,,,,,,,,,,,annulus,,,,,,,,,,,,,,,0.12,0.1812992074424965,,1.3958383747240592,20.078541564470203,,9.559904782295078,,,wls_strong,,,225,,,,,,,,,,,,,,,,,smooth_variable,,8104,0.0006494540000119287,0.3190317229999948,4,False
,,,,,0.09063432400000693,,,,,,,0.1309148880000066,,,41.169258083784115,,,,,,,,,,,,,,annulus,,,,,,,,,,,,,,,0.1,0.09813302957023143,,0.3704486386926118,21.51906980318415,,9.273255634545453,,,wls_strong,,,298,,,,,,,,,,,,,,,,,smooth_variable,,8101,0.0009349679999957061,0.22248418000000925,1,False
nan,nan,nan,0.0,nan,0.18470568499998308,0.0,4.282126517594259,0.6624361105019637,2.3895656926967868,0.8088996205588134,0.4081023454157783,0.1734080370000015,,,120.18653984100348,1.8839430536432555e-10,1.0754595974102985e-09,1.993618235646087,0.20778243799456558,1.221422770148808,0.19110037944118663,0.15162454873646208,0.8379456457924779,0.14143059882169495,0.6097324971090974,4.282126517594259,0.5431616355583205,2.244199443003039,annulus,nan,nan,9.300578088682462,42.47393708057878,13.99371356126678,54.70162509000528,10.200223448403555,9.300578088682462,42.47393708057878,13.99371356126678,54.70162509000528,10.200223448403555,48.96761356063297,48.96761356063297,0.12,0.161753180340977,0.819370217793536,0.3165332745974646,24.404732074292024,,10.887078036512984,,,ccpfm_flux,0,2899,224,0.35908934115212143,4.282126517594259,0.6624361105019637,2.3895656926967868,0.8088996205588134,0.4081023454157783,1.993618235646087,0.20778243799456558,1.221422770148808,0.19110037944118663,0.15162454873646208,4.282126517594259,0.5431616355583205,2.244199443003039,1.0,0.35908934115212143,smooth_variable,0,8103,0.005002377000010938,0.36311609899999553,3,False
,,,,,0.20579882800001315,,,,,,,0.19123161900000696,1e-12,CLS-GFD-type-v1,45.91796816540592,,,,,,,,,,,,,,annulus,,,,,,,,,,,,,,,0.12,0.08797537503266423,,0.3215748649028373,1013.4447709659158,2.1549730888636986e-09,249.4694530133685,0.014524196812726372,22.0,cls_gfd,,,225,,,,,,,,,,,,,,,,,smooth_variable,,8104,0.004779655999982424,0.4018101030000025,4,False
nan,nan,nan,0.0,nan,0.19991999900000224,0.0,4.7850901919592435,0.6695653500905482,2.4205461129019303,0.7989018531228552,0.40936426116838487,0.1905124820000026,,,123.05344498938625,1.801912573144715e-10,1.0919947552157306e-09,2.119084623442473,0.20591777260251806,1.2271933931687782,0.2010981468771448,0.1689419795221843,0.902496050226298,0.13992735375923124,0.6118319106999204,4.7850901919592435,0.5167127415138386,2.2610754671126205,annulus,nan,nan,9.286038273527478,41.004366716679606,14.090531730299393,57.323606459931355,10.171497077389581,9.286038273527478,41.004366716679606,14.090531730299393,57.323606459931355,10.171497077389581,50.899373402103784,50.899373402103784,0.12,0.1677352055228837,0.8308769504510941,0.4073633857120419,24.841938347392198,,10.739141284862935,,,ccpfm_flux,0,2914,225,0.36101578586135896,4.7850901919592435,0.6695653500905482,2.4205461129019303,0.7989018531228552,0.40936426116838487,2.119084623442473,0.20591777260251806,1.2271933931687782,0.2010981468771448,0.1689419795221843,4.7850901919592435,0.5167127415138386,2.2610754671126205,1.0,0.36101578586135896,smooth_variable,0,8104,0.0008173539999916102,0.39124983499999644,4,False
,,,,,0.09406703100000868,,,,,,,0.2931293359999927,,,53.99974149556814,,,,,,,,,,,,,,annulus,,,,,,,,,,,,,,,0.1,0.09945452762080322,,0.5633888665761841,20.992583118492828,,9.264577536809236,,,wls_strong,,,298,,,,,,,,,,,,,,,,,smooth_variable,,8100,0.0009459639999818137,0.3881423309999832,0,False
,,,,,0.24090737299999887,,,,,,,0.19849809800001594,1e-12,CLS-GFD-type-v1,45.95377400302617,,,,,,,,,,,,,,annulus,,,,,,,,,,,,,,,0.1,0.06664024486255372,,0.202063499779487,930.6059392066675,2.9852103011762665e-09,239.08497016115325,0.01632997804455697,26.0,cls_gfd,,,298,,,,,,,,,,,,,,,,,smooth_variable,,8100,0.0011947439999744347,0.44060021499998925,0,False
,,,,,0.08814131299999417,,,,,,,0.13173644799999806,,,46.87300131248402,,,,,,,,,,,,,,annulus,,,,,,,,,,,,,,,0.1,0.10174629647721037,,0.5630250796938238,22.0974735236976,,9.320122822848838,,,wls_strong,,,299,,,,,,,,,,,,,,,,,smooth_variable,,8103,0.0010541149999880872,0.22093187599998032,3,False
nan,nan,nan,0.0,nan,0.2796051569999918,0.0,4.710728551040148,0.704555393328077,2.2483905412718035,0.6707797322131793,0.40117416829745595,0.2707834489999925,,,163.60476949326167,2.472881803841642e-10,1.4473979036654244e-09,2.750927781614667,0.29838101675833273,1.6643840753779438,0.3292202677868207,0.2687400318979266,0.9249339289562186,0.1486874175114033,0.6222604202120758,4.710728551040148,0.5453774003567465,2.044684236469659,annulus,nan,nan,13.35580034977846,55.01560366147173,17.656505108266714,74.4932326923233,14.878222255155299,13.35580034977846,55.01560366147173,17.656505108266714,74.4932326923233,14.878222255155299,65.38835790741689,65.38835790741689,0.1,0.13196192576062066,0.8064742532693955,0.32894260292567884,26.35411756279507,,9.607746091615176,,,ccpfm_flux,0,3809,298,0.3575741664478866,4.710728551040148,0.704555393328077,2.2483905412718035,0.6707797322131793,0.40117416829745595,2.750927781614667,0.29838101675833273,1.6643840753779438,0.3292202677868207,0.2687400318979266,4.710728551040148,0.5453774003567465,2.044684236469659,1.0,0.3575741664478866,smooth_variable,0,8100,0.0011604630000192628,0.5515490690000036,0,False
,,,,,0.1746039020000012,,,,,,,0.1360104840000247,1e-12,CLS-GFD-type-v1,39.8580020569808,,,,,,,,,,,,,,annulus,,,,,,,,,,,,,,,0.1,0.06803471014510025,,0.233105700571832,827.3037713919443,3.5409541965236713e-09,236.38809253771586,0.016994657487640775,28.0,cls_gfd,,,299,,,,,,,,,,,,,,,,,smooth_variable,,8103,0.0011686049999752868,0.3117829910000012,3,False
,,,,,0.1912469920000035,,,,,,,0.27340566299997704,,,37.13755516109846,,,,,,,,,,,,,,annulus,,,,,,,,,,,,,,,0.1,0.12096463660319459,,1.0381918482337675,21.446370533297618,,9.243501291448514,,,wls_strong,,,302,,,,,,,,,,,,,,,,,smooth_variable,,8102,0.0009634710000057112,0.46561612599998625,2,False
,,,,,0.3049727200000234,,,,,,,0.2875629619999813,1e-12,CLS-GFD-type-v1,50.28826242525352,,,,,,,,,,,,,,annulus,,,,,,,,,,,,,,,0.1,0.06392590761652424,,0.2292604990410767,835.6121822157403,3.141416016205767e-09,235.76854672584548,0.01729681564109101,30.0,cls_gfd,,,298,,,,,,,,,,,,,,,,,smooth_variable,,8101,0.0011082559999806563,0.5936439379999854,1,False
nan,nan,nan,0.0,nan,0.27631485200001293,0.0,4.656084171209864,0.6982661163690782,2.2590283518912275,0.6730366492146597,0.39984441851419683,0.2628597359999958,,,161.2226543142883,2.2360648836011743e-10,1.4649022614118744e-09,2.679060219085783,0.2932353778397555,1.6417918668928195,0.32696335078534033,0.2658126501200961,0.9994809555408901,0.1509450547627376,0.6249663283506699,4.656084171209864,0.5500353585140214,2.0611033546790543,annulus,nan,nan,13.513427812966643,52.634787165382825,17.036374788630923,77.02918989150847,14.8269479916089,13.513427812966643,52.634787165382825,17.036374788630923,77.02918989150847,14.8269479916089,67.50141208117957,67.50141208117957,0.1,0.13237730935279549,0.8030212606216515,0.2653002327144638,26.287743396942847,,9.689994973977631,,,ccpfm_flux,0,3820,298,0.35602094240837695,4.656084171209864,0.6982661163690782,2.2590283518912275,0.6730366492146597,0.39984441851419683,2.679060219085783,0.2932353778397555,1.6417918668928195,0.32696335078534033,0.2658126501200961,4.656084171209864,0.5500353585140214,2.0611033546790543,1.0,0.35602094240837695,smooth_variable,0,8101,0.0011160059999895111,0.5402905939999982,1,False
nan,nan,nan,0.0,nan,0.13352846899999804,0.0,4.574860905894543,0.6932531267049606,2.1993948495686024,0.6622830089426618,0.3943606036536934,0.1324321910000208,,,156.84144079412192,2.1946526085163398e-10,1.419472213792437e-09,2.695493336626663,0.31772768253542116,1.6521642401135377,0.33771699105733827,0.26869158878504673,0.9305132243810005,0.15237520781282732,0.6248321200013639,4.574860905894543,0.5401214433386781,2.0202760862745506,annulus,nan,nan,13.576988363903023,53.403631757668705,17.39639525559565,78.37583068015643,15.157949746426024,13.576988363903023,53.403631757668705,17.39639525559565,78.37583068015643,15.157949746426024,67.34289871340644,67.34289871340644,0.1,0.12967559626713906,0.7958646791789097,0.26713690793603184,24.931297522158882,,9.59980650379155,,,ccpfm_flux,0,3802,299,0.35192004208311417,4.574860905894543,0.6932531267049606,2.1993948495686024,0.6622830089426618,0.3943606036536934,2.695493336626663,0.31772768253542116,1.6521642401135377,0.33771699105733827,0.26869158878504673,4.574860905894543,0.5401214433386781,2.0202760862745506,1.0,0.35192004208311417,smooth_variable,0,8103,0.0011558159999935924,0.2671164760000124,3,False
nan,nan,nan,0.0,nan,0.29893301300000985,0.0,5.068634419689843,0.7218275135832223,2.2365167960473444,0.6639854696419305,0.39898397811645175,0.29348960100000454,,,164.23267484876976,2.93302058421846e-10,1.6390252666368237e-09,2.860888275024228,0.32071477215604877,1.6230799422012916,0.33601453035806955,0.27876447876447874,0.9975580706702486,0.1583958853223587,0.6279245301869344,5.068634419689843,0.5619462329162577,2.0468195074955364,annulus,nan,nan,13.877738678861345,52.02423068539602,17.753831983730706,77.10729952090988,15.192793830253196,13.877738678861345,52.02423068539602,17.753831983730706,77.10729952090988,15.192793830253196,68.40825370169378,68.40825370169378,0.1,0.120298405868936,0.7951525959108625,0.29527078749045144,24.900779517557666,,9.708111267617038,,,ccpfm_flux,0,3854,302,0.35858847950181627,5.068634419689843,0.7218275135832223,2.2365167960473444,0.6639854696419305,0.39898397811645175,2.860888275024228,0.32071477215604877,1.6230799422012916,0.33601453035806955,0.27876447876447874,5.068634419689843,0.5619462329162577,2.0468195074955364,1.0,0.35858847950181627,smooth_variable,0,8102,0.0012028559999919253,0.5936254700000063,2,False
,,,,,0.31041300699999397,,,,,,,0.29496271799999363,1e-12,CLS-GFD-type-v1,59.65975857018142,,,,,,,,,,,,,,annulus,,,,,,,,,,,,,,,0.1,0.06671806281504475,,0.2647791517626441,951.0711936016112,3.0345219670380175e-09,236.9260366543012,0.01682413431819075,30.0,cls_gfd,,,302,,,,,,,,,,,,,,,,,smooth_variable,,8102,0.0011736229999996795,0.6065493479999873,2,False
,,,,,0.02027629399998432,,,,,,,0.031031011000010267,,,142.10541202656998,,,,,,,,,,,,,,circle,,,,,,,,,,,,,,,0.2,3.8457255945819306,,8.663981986307187,21.44726287761905,,9.351748413557956,,,wls_strong,,,94,,,,,,,,,,,,,,,,,circular_interface,,8101,0.00023940600001992607,0.05154671100001451,1,False
nan,nan,nan,0.0,nan,0.07415896300000213,0.0,11.278786642718364,0.3118777752584941,2.8096323758833206,0.7162162162162162,0.2275943396226415,0.0690202829999862,,,44.275982192639205,1.7389645279308752e-10,4.919002182141246e-10,6.5966017406240995,0.07854732254623384,1.989621012740857,0.28378378378378377,0.18452380952380953,6.6803663341937805,0.09710151545073795,0.4370203759799393,11.278786642718364,0.22021018575241505,2.625427486727649,circle,nan,nan,3.3337838755088915,14.115252416119711,4.526516822640221,19.27885430755358,3.7394836276408583,3.3337838755088915,14.115252416119711,4.526516822640221,19.27885430755358,3.7394836276408583,17.328147571862,17.328147571862,0.2,5.503554301268805,1.0,6.774619640339424,24.82383817502041,,9.912977839464894,,,ccpfm_flux,0,1184,97,0.21537162162162163,11.278786642718364,0.3118777752584941,2.8096323758833206,0.7162162162162162,0.2275943396226415,6.5966017406240995,0.07854732254623384,1.989621012740857,0.28378378378378377,0.18452380952380953,11.278786642718364,0.22021018575241505,2.625427486727649,1.0,0.21537162162162163,circular_interface,19,8100,0.0002587349999885191,0.14343798099997684,0,False
,,,,,0.06507510700001262,,,,,,,0.06497437699999864,,,151.3046709634057,,,,,,,,,,,,,,circle,,,,,,,,,,,,,,,0.2,3.8157266534991314,,7.989824609017917,21.6724063694903,,9.424677205927898,,,wls_strong,,,97,,,,,,,,,,,,,,,,,circular_interface,,8100,0.0003066149999995105,0.13035609900001077,0,False
nan,nan,nan,0.0,nan,0.027453530000002502,0.0,10.620238793479658,0.26817014171027215,2.9405012860923407,0.7248945147679325,0.21885913853317812,0.03158874999999739,,,43.23492060146255,1.3402201570755778e-10,4.6021644570419315e-10,9.423322491394215,0.07341320172722168,1.6461971276185094,0.2751054852320675,0.1687116564417178,5.962241340240432,0.08017383004504983,0.4068472370397983,10.620238793479658,0.1965948089962858,2.52164888745558,circle,nan,nan,3.373279550157113,12.89719043967879,4.813584020117974,20.233945002357128,3.725607122477162,3.373279550157113,12.89719043967879,4.813584020117974,20.233945002357128,3.725607122477162,17.150094826446292,17.150094826446292,0.2,5.534644247937667,1.0,6.82649124343077,24.746443564809997,,10.11523912219325,,,ccpfm_flux,0,1185,97,0.20506329113924052,10.620238793479658,0.26817014171027215,2.9405012860923407,0.7248945147679325,0.21885913853317812,9.423322491394215,0.07341320172722168,1.6461971276185094,0.2751054852320675,0.1687116564417178,10.620238793479658,0.1965948089962858,2.52164888745558,1.0,0.20506329113924052,circular_interface,19,8102,0.0002556690000119488,0.05929794900001184,2,False
,,,,,0.1615241039999944,,,,,,,0.3020313220000048,,,63.38058357805802,,,,,,,,,,,,,,annulus,,,,,,,,,,,,,,,0.1,0.1059192606616495,,0.5347214694152915,20.514527620781294,,9.130208263411376,,,wls_strong,,,305,,,,,,,,,,,,,,,,,smooth_variable,,8104,0.0009664240000120117,0.4645218500000112,4,False
,,,,,0.01973154600000271,,,,,,,0.049940816000003,,,116.12092248463254,,,,,,,,,,,,,,circle,,,,,,,,,,,,,,,0.2,3.429811802171781,,8.485470843712688,22.91417387223931,,9.379182072822907,,,wls_strong,,,95,,,,,,,,,,,,,,,,,circular_interface,,8104,0.0002768010000124832,0.06994916300001819,4,False
nan,nan,nan,0.0,nan,0.0756469519999996,0.0,20.696987870199898,0.3533429164223321,3.195120970864176,0.745374449339207,0.2647754137115839,0.06128726299999698,,,43.09249050407371,1.3499198980859717e-10,5.04631520932694e-10,4.701133759337011,0.0772291714585858,1.8642969297070568,0.25462555066079295,0.1903114186851211,7.487110320150865,0.11190183313369872,0.44630342346754026,20.696987870199898,0.27969525889249514,2.6585753744683163,circle,nan,nan,3.2678813986796866,12.897190439671743,4.752168130190847,20.06794493865958,3.462954512319251,3.2678813986796866,12.897190439671743,4.752168130190847,20.06794493865958,3.462954512319251,16.09077906000569,16.09077906000569,0.2,5.561350186948304,1.0,6.750576750665283,26.145758457888295,,9.962982383724986,,,ccpfm_flux,0,1135,94,0.24581497797356827,20.696987870199898,0.3533429164223321,3.195120970864176,0.745374449339207,0.2647754137115839,4.701133759337011,0.0772291714585858,1.8642969297070568,0.25462555066079295,0.1903114186851211,20.696987870199898,0.27969525889249514,2.6585753744683163,1.0,0.24581497797356827,circular_interface,16,8101,0.00023001200000294375,0.13716422699999953,1,False
,,,,,0.06395885899999598,,,,,,,0.0647399489999998,,,199.89309275019167,,,,,,,,,,,,,,circle,,,,,,,,,,,,,,,0.2,4.002356761661104,,9.655983261823955,22.78150599385571,,9.443401304406933,,,wls_strong,,,97,,,,,,,,,,,,,,,,,circular_interface,,8102,0.00025561000001061984,0.1289544180000064,2,False
,,,,,0.07142402300002004,,,,,,,0.08739133899999274,,,127.00742772947949,,,,,,,,,,,,,,circle,,,,,,,,,,,,,,,0.2,4.14500418018091,,9.478229784570708,21.21779066129028,,9.474436564134686,,,wls_strong,,,97,,,,,,,,,,,,,,,,,circular_interface,,8103,0.0003104609999979857,0.15912582300001077,3,False
nan,nan,nan,0.0,nan,0.07596854900000949,0.0,17.325465877388655,0.26517287524823,2.581950314561372,0.717948717948718,0.2130952380952381,0.08374307299999373,,,40.638492722608476,1.0300288399989199e-10,3.851018531230102e-10,8.543696242505918,0.0500439438092654,1.6973483885232439,0.28205128205128205,0.19090909090909092,8.620084403276614,0.07972709498543681,0.41268520348392174,17.325465877388655,0.19890145279601823,2.3165102047055,circle,nan,nan,3.3375836852923264,12.902112878136956,4.742321753498264,20.44487250734365,3.761638767761459,3.3375836852923264,12.902112878136956,4.742321753498264,20.44487250734365,3.761638767761459,17.72485700976165,17.72485700976165,0.2,5.557802105462884,0.9981659383032668,6.8216508493160655,25.961056703388177,,10.121431966874864,,,ccpfm_flux,0,1170,97,0.20683760683760682,17.325465877388655,0.26517287524823,2.581950314561372,0.717948717948718,0.2130952380952381,8.543696242505918,0.0500439438092654,1.6973483885232439,0.28205128205128205,0.19090909090909092,17.325465877388655,0.19890145279601823,2.3165102047055,1.0,0.20683760683760682,circular_interface,19,8103,0.00027995600001418097,0.1599915780000174,3,False
nan,nan,nan,0.0,nan,0.05589999500000431,0.0,19.23155325986265,0.3578901690010915,2.8710803592488103,0.7383015597920277,0.25938967136150237,0.08545617499999025,,,45.16640737213973,1.731899484935795e-10,5.438566012860127e-10,5.878179103908045,0.12694498072747445,1.9416694507981727,0.2616984402079723,0.18874172185430463,7.473315719429572,0.11295422050440118,0.4387269785437419,19.23155325986265,0.2800836596333094,2.595738698399483,circle,nan,nan,3.30518114979109,12.89719043967862,4.6811190969607726,19.639252987890544,3.553673754791757,3.30518114979109,12.89719043967862,4.6811190969607726,19.639252987890544,3.553673754791757,16.990285204852352,16.990285204852352,0.2,5.525641409437845,1.0,6.756031724962379,27.102950070776938,,10.353001241751452,,,ccpfm_flux,0,1154,95,0.24090121317157712,19.23155325986265,0.3578901690010915,2.8710803592488103,0.7383015597920277,0.25938967136150237,5.878179103908045,0.12694498072747445,1.9416694507981727,0.2616984402079723,0.18874172185430463,19.23155325986265,0.2800836596333094,2.595738698399483,1.0,0.24090121317157712,circular_interface,16,8104,0.0002628100000094946,0.14161898000000406,4,False
,,,,,0.030106028000005836,,,,,,,0.06638023400000748,,,180.68898986193585,,,,,,,,,,,,,,circle,,,,,,,,,,,,,,,0.16,3.3801602944221147,,10.81526680243923,20.71435566545283,,9.254221038073128,,,wls_strong,,,135,,,,,,,,,,,,,,,,,circular_interface,,8100,0.0004143459999852439,0.09690060799999856,0,False
,,,,,0.334444867000002,,,,,,,0.20996553300000187,1e-12,CLS-GFD-type-v1,54.68738569455282,,,,,,,,,,,,,,annulus,,,,,,,,,,,,,,,0.1,0.06233610825766014,,0.2209874739008033,851.4311326726289,3.2849172271198768e-09,232.68331088391642,0.017935627404294295,30.0,cls_gfd,,,305,,,,,,,,,,,,,,,,,smooth_variable,,8104,0.001171589999984235,0.5455819899999881,4,False
nan,nan,nan,0.0,nan,0.10945321400001262,0.0,11.878054202186485,0.39845982424485316,2.7021022215196586,0.6343195266272189,0.21921641791044777,0.11317568999999139,,,116.95575054588625,1.8348123020928142e-10,7.551782064277877e-10,9.933177184129427,0.17589028276851792,1.969930426163399,0.3656804733727811,0.2297734627831715,7.596881875766629,0.1276808185276886,0.5042468583480934,11.878054202186485,0.3135089079916543,2.4619083121134038,circle,nan,nan,4.859975517113807,20.760797407548438,6.269277908229595,28.094636327381902,5.5215349424302085,4.859975517113807,20.760797407548438,6.269277908229595,28.094636327381902,5.5215349424302085,24.94891960398424,24.94891960398424,0.16,5.23808762809513,0.9618727089281762,7.25540284174384,24.932775719077416,,9.81489141466337,,,ccpfm_flux,0,1690,135,0.2230769230769231,11.878054202186485,0.39845982424485316,2.7021022215196586,0.6343195266272189,0.21921641791044777,9.933177184129427,0.17589028276851792,1.969930426163399,0.3656804733727811,0.2297734627831715,11.878054202186485,0.3135089079916543,2.4619083121134038,1.0,0.2230769230769231,circular_interface,20,8100,0.00036530299999526505,0.22299420699999928,0,False
,,,,,0.03058932599998343,,,,,,,0.04938488100000882,,,165.7443792827896,,,,,,,,,,,,,,circle,,,,,,,,,,,,,,,0.16,3.381988281615573,,11.329628648993541,21.986423157725998,,9.31107726680262,,,wls_strong,,,136,,,,,,,,,,,,,,,,,circular_interface,,8103,0.019194026999997504,0.09916823399998975,3,False
,,,,,0.08300237299999935,,,,,,,0.12037048299998787,,,179.8802847249126,,,,,,,,,,,,,,circle,,,,,,,,,,,,,,,0.16,3.0043127445632245,,9.273653416872003,21.133768581537428,,9.23047589047262,,,wls_strong,,,136,,,,,,,,,,,,,,,,,circular_interface,,8101,0.0003745360000095843,0.2037473919999968,1,False
nan,nan,nan,0.0,nan,0.29433554700000286,0.0,4.528609076931577,0.6880851496869735,2.210823211334484,0.6607096607096608,0.3994511956095649,0.2980646130000082,,,165.53332876293098,2.470439338124117e-10,1.541830919729216e-09,2.720273245542184,0.3156958814218521,1.6544857767929486,0.3392903392903393,0.26641221374045804,0.9066376227469863,0.1584822720796077,0.6285691053747486,4.528609076931577,0.5526940390431914,2.041943338926066,annulus,nan,nan,14.176136000155626,59.844650929507125,18.196376076259693,78.3939734263342,15.41407555347276,14.176136000155626,59.844650929507125,18.196376076259693,78.3939734263342,15.41407555347276,71.25154452737074,71.25154452737074,0.1,0.11452199166330507,0.7946662393024131,0.26307426204751183,25.102714620403226,,9.61107958101298,,,ccpfm_flux,0,3861,305,0.3543123543123543,4.528609076931577,0.6880851496869735,2.210823211334484,0.6607096607096608,0.3994511956095649,2.720273245542184,0.3156958814218521,1.6544857767929486,0.3392903392903393,0.26641221374045804,4.528609076931577,0.5526940390431914,2.041943338926066,1.0,0.3543123543123543,smooth_variable,0,8104,0.0012444079999909263,0.593644568000002,4,False
nan,nan,nan,0.0,nan,0.11136459200000104,0.0,9.574866880758652,0.333769421826311,2.01670688207445,0.6352729454109178,0.21624173748819642,0.11918475299998477,,,305.49100037080194,2.0550949830777654e-10,6.649062953008029e-10,9.278282702044171,0.20217711074919634,2.175141780067386,0.36472705458908217,0.26644736842105265,7.881283387963471,0.10597248231472085,0.5270644608640488,9.574866880758652,0.2868660419080608,2.0487103292562567,circle,nan,nan,5.106321576085749,19.498818450555728,6.561314500947599,27.990071681926054,5.726524358515637,5.106321576085749,19.498818450555728,6.561314500947599,27.990071681926054,5.726524358515637,26.135518604975356,26.135518604975356,0.16,4.73127053394881,0.9478606144182191,9.382693225696803,25.688274505519285,,9.61728061813628,,,ccpfm_flux,0,1667,136,0.23455308938212358,9.574866880758652,0.333769421826311,2.01670688207445,0.6352729454109178,0.21624173748819642,9.278282702044171,0.20217711074919634,2.175141780067386,0.36472705458908217,0.26644736842105265,9.574866880758652,0.2868660419080608,2.0487103292562567,1.0,0.23455308938212358,circular_interface,22,8101,0.0003890870000020641,0.23093843199998787,1,False
,,,,,0.08295698500000981,,,,,,,0.11874901599998111,,,139.01611470514285,,,,,,,,,,,,,,circle,,,,,,,,,,,,,,,0.16,2.8966881665443585,,7.756129972330948,21.060066385239924,,9.296786168216018,,,wls_strong,,,135,,,,,,,,,,,,,,,,,circular_interface,,8102,0.0007364939999945364,0.20244249499998546,2,False
nan,nan,nan,0.0,nan,0.10085929500002067,0.0,8.372767270419555,0.2635727569107429,2.063850470177285,0.632788868723533,0.20076481835564053,0.1350827059999915,,,141.74109563083388,1.5980070044996353e-10,5.52620289584128e-10,7.210843828883831,0.14124972595939211,2.082761634637036,0.36721113127646704,0.23064250411861614,6.940766832544524,0.0858945291403857,0.49095929806474026,8.372767270419555,0.2189877361631905,2.074902067659798,circle,nan,nan,5.219090217851544,19.134531932982924,6.391691732356801,29.38899469957017,5.724975197824122,5.219090217851544,19.134531932982924,6.391691732356801,29.38899469957017,5.724975197824122,25.37587433431525,25.37587433431525,0.16,5.108051500747725,0.9691286881712701,7.2182924071183,26.486666970137815,,9.555253780194036,,,ccpfm_flux,0,1653,135,0.21173623714458562,8.372767270419555,0.2635727569107429,2.063850470177285,0.632788868723533,0.20076481835564053,7.210843828883831,0.14124972595939211,2.082761634637036,0.36721113127646704,0.23064250411861614,8.372767270419555,0.2189877361631905,2.074902067659798,1.0,0.21173623714458562,circular_interface,24,8102,0.00036457099997733167,0.2363065719999895,2,False
nan,nan,nan,0.0,nan,0.044715198000005785,0.0,9.52825379671998,0.3659296756695454,2.3592825951123975,0.5981941309255079,0.22075471698113208,0.07326882199998863,,,107.79462648512346,1.6805167674105448e-10,6.66326352522638e-10,10.339382725636193,0.18050528755233508,2.051094860082277,0.4018058690744921,0.24859550561797752,6.769306817987939,0.12419514364058123,0.5029490441303278,10.339382725636193,0.2967980413146144,2.2027173846706964,circle,nan,nan,5.589797943785771,22.14254099567901,7.110225795012936,30.78323278181924,6.259498942521366,5.589797943785771,22.14254099567901,7.110225795012936,30.78323278181924,6.259498942521366,29.586565485846705,29.586565485846705,0.16,5.387334561679855,0.9553786010369765,7.456045498521851,24.436432346121247,,9.476440784812745,,,ccpfm_flux,0,1772,143,0.231941309255079,9.52825379671998,0.3659296756695454,2.3592825951123975,0.5981941309255079,0.22075471698113208,10.339382725636193,0.18050528755233508,2.051094860082277,0.4018058690744921,0.24859550561797752,10.339382725636193,0.2967980413146144,2.2027173846706964,1.0,0.231941309255079,circular_interface,24,8104,0.00042835599998625185,0.11841237599998067,4,False
nan,nan,nan,0.0,nan,0.1120781010000087,0.0,8.574905049777168,0.3374440062491013,2.1755924119869112,0.625821876867902,0.21298949379178606,0.10185691600000268,,,1644.9761352646574,1.4225154387759176e-10,5.746003203930128e-10,9.30779764408526,0.19481398852083925,2.0671874435056,0.37417812313209803,0.2571884984025559,7.240383995925402,0.11128278935382728,0.50525925841582,9.30779764408526,0.29092022938747664,2.1615410084688533,circle,nan,nan,5.183941225979183,20.430409497804824,6.512529574752927,28.335873024942742,5.711913774388701,5.183941225979183,20.430409497804824,6.512529574752927,28.335873024942742,5.711913774388701,25.780520990165176,25.780520990165176,0.16,9.763196210362052,0.95545056945732,21.511546028217182,25.533676975810295,,9.540088581155091,,,ccpfm_flux,0,1673,136,0.22952779438135087,8.574905049777168,0.3374440062491013,2.1755924119869112,0.625821876867902,0.21298949379178606,9.30779764408526,0.19481398852083925,2.0671874435056,0.37417812313209803,0.2571884984025559,9.30779764408526,0.29092022938747664,2.1615410084688533,1.0,0.22952779438135087,circular_interface,20,8103,0.00040033499999481137,0.2143353520000062,3,False
,,,,,0.0923666859999912,,,,,,,0.12579448500000012,,,131.65948483478198,,,,,,,,,,,,,,circle,,,,,,,,,,,,,,,0.16,3.0338056176282167,,7.70591690824267,21.09051467456429,,9.180769607188621,,,wls_strong,,,143,,,,,,,,,,,,,,,,,circular_interface,,8104,0.0004458120000094823,0.2186069830000008,4,False
nan,nan,nan,0.0,nan,0.09565963500000407,0.0,6.779804782851592,0.5550457559063231,2.0660661193070706,0.5144671841919548,0.3292181069958848,0.15382970999999657,,,405.642421415649,2.787349240307435e-10,1.205752637578289e-09,10.063329072441368,0.28445218795466726,2.0766943542516874,0.4855328158080452,0.2754360465116279,6.955954426371595,0.16430594860309972,0.5476872858631078,10.063329072441368,0.4300503926679461,2.066987232565003,circle,nan,nan,9.310017305460391,37.785490401197926,10.67160586998528,45.17323710321982,10.165235839514372,9.310017305460391,37.785490401197926,10.67160586998528,45.17323710321982,10.165235839514372,42.55136326103197,42.55136326103197,0.12,4.712332586665602,0.8467574895458593,7.006152058099884,25.74326585275455,,9.416873572238817,,,ccpfm_flux,0,2834,218,0.30310515172900493,6.779804782851592,0.5550457559063231,2.0660661193070706,0.5144671841919548,0.3292181069958848,10.063329072441368,0.28445218795466726,2.0766943542516874,0.4855328158080452,0.2754360465116279,10.063329072441368,0.4300503926679461,2.066987232565003,1.0,0.30310515172900493,circular_interface,32,8102,0.0008683390000214786,0.2503576840000221,2,False
nan,nan,nan,0.0,nan,0.19950490299999046,0.0,7.616684488247659,0.5933830272953069,2.1598159253401907,0.49018920812894184,0.3173695496783417,0.27486325200001716,,,1095.8842113831754,2.0541285339348292e-10,1.3525525980469282e-09,9.879133892812385,0.3358845115605102,2.0185127786984745,0.5098107918710582,0.2907216494845361,6.994668778679534,0.1898304013058898,0.5638736886904567,9.879133892812385,0.46996792110949803,2.0946279491784896,circle,nan,nan,9.128431556033377,34.90688947539876,11.234781242541478,49.84594937855322,10.289466177251311,9.128431556033377,34.90688947539876,11.234781242541478,49.84594937855322,10.289466177251311,45.24169413556404,45.24169413556404,0.12,3.9231260934248824,0.8610281562167341,8.30871040215284,24.903783779942533,,9.406757143293245,,,ccpfm_flux,0,2854,222,0.3037841625788367,7.616684488247659,0.5933830272953069,2.1598159253401907,0.49018920812894184,0.3173695496783417,9.879133892812385,0.3358845115605102,2.0185127786984745,0.5098107918710582,0.2907216494845361,9.879133892812385,0.46996792110949803,2.0946279491784896,1.0,0.3037841625788367,circular_interface,29,8100,0.0009075670000129321,0.47527572200002055,0,False
nan,nan,nan,0.0,nan,0.19085689300001718,0.0,9.91986981321334,0.6144074255510101,2.026450377265651,0.506190307746728,0.3466107617051013,0.21650899899998421,,,912.2806266152904,2.4136337373192873e-10,1.3350632178371955e-09,9.083468774949138,0.334563644019803,2.148300162609514,0.49380969225327204,0.29369627507163326,7.162450195570637,0.18239771486081338,0.556109207273296,9.91986981321334,0.48884944965395366,2.077145772960978,circle,nan,nan,9.59028526775424,37.562206502925314,10.515083193477095,46.80482993267964,10.179465627533629,9.59028526775424,37.562206502925314,10.515083193477095,46.80482993267964,10.179465627533629,44.27967372353541,44.27967372353541,0.12,3.431272521161088,0.8467349234939983,10.240455000373164,25.798693587436507,,9.441611330005859,,,ccpfm_flux,0,2827,219,0.32048107534488857,9.91986981321334,0.6144074255510101,2.026450377265651,0.506190307746728,0.3466107617051013,9.083468774949138,0.334563644019803,2.148300162609514,0.49380969225327204,0.29369627507163326,9.91986981321334,0.48884944965395366,2.077145772960978,1.0,0.32048107534488857,circular_interface,28,8101,0.000885734999997112,0.4082516269999985,1,False
,,,,,0.07816363899999601,,,,,,,0.15887509999998883,,,261.0084117408712,,,,,,,,,,,,,,circle,,,,,,,,,,,,,,,0.12,2.7544689587585385,,7.0943844147798725,21.515632261297466,,9.236134676647552,,,wls_strong,,,224,,,,,,,,,,,,,,,,,circular_interface,,8103,0.0007884000000046854,0.23782713899998953,3,False
,,,,,0.155025720000026,,,,,,,0.219820655999996,,,422.6024150483024,,,,,,,,,,,,,,circle,,,,,,,,,,,,,,,0.12,2.5847198557798,,6.223998512821759,21.086564171380903,,9.22298903941152,,,wls_strong,,,222,,,,,,,,,,,,,,,,,circular_interface,,8100,0.0007905729999890809,0.3756369490000111,0,False
nan,nan,nan,0.0,nan,0.20432336700000064,0.0,7.622965968704403,0.552216441923467,2.0702504439730594,0.49228659581762085,0.3231197771587744,0.23592236100000719,,,332.2441363802348,1.602868660282447e-10,1.2680383747112135e-09,11.176927214192915,0.339705071151404,2.004907894009138,0.5077134041823792,0.2775151924375422,6.6970600981389,0.18545532583803168,0.5477910211860995,11.176927214192915,0.4544476205783774,2.039998377643881,circle,nan,nan,9.318703497648537,34.49577149770083,11.316956690782629,52.12607093658979,10.407720028534447,9.318703497648537,34.49577149770083,11.316956690782629,52.12607093658979,10.407720028534447,46.75516560379022,46.75516560379022,0.12,4.335028212331732,0.8563442868275175,6.026579400915431,25.15994828649515,,9.462429335928917,,,ccpfm_flux,0,2917,224,0.2999657182036339,7.622965968704403,0.552216441923467,2.0702504439730594,0.49228659581762085,0.3231197771587744,11.176927214192915,0.339705071151404,2.004907894009138,0.5077134041823792,0.2775151924375422,11.176927214192915,0.4544476205783774,2.039998377643881,1.0,0.2999657182036339,circular_interface,31,8103,0.0009364899999866338,0.44118221799999446,3,False
,,,,,0.0574129100000107,,,,,,,0.1363840489999859,,,207.97586343281,,,,,,,,,,,,,,circle,,,,,,,,,,,,,,,0.12,2.6556527614297103,,6.498473884093938,22.2384864365383,,9.189052321050205,,,wls_strong,,,227,,,,,,,,,,,,,,,,,circular_interface,,8104,0.0008215199999881406,0.19461847899998475,4,False
,,,,,0.1629950479999991,,,,,,,0.21205002300001752,,,258.0745927994368,,,,,,,,,,,,,,circle,,,,,,,,,,,,,,,0.12,2.6231406452649813,,6.437134587525345,21.207061380025145,,9.232759797665985,,,wls_strong,,,218,,,,,,,,,,,,,,,,,circular_interface,,8102,0.0007284810000101061,0.3757735520000267,2,False
,,,,,0.1597061740000072,,,,,,,0.24246972800000322,,,313.6891573447513,,,,,,,,,,,,,,circle,,,,,,,,,,,,,,,0.12,2.5042634395116004,,7.7637900805508835,22.66823861175381,,9.18564716206468,,,wls_strong,,,219,,,,,,,,,,,,,,,,,circular_interface,,8101,0.000711596000002146,0.40288749800001256,1,False
nan,nan,nan,0.0,nan,0.19732822100002068,0.0,5.944620900960321,0.597747095667313,2.0600810592251477,0.49070631970260226,0.34228650137741046,0.22982806299998515,,,546.2514887986181,2.5300117556525947e-10,1.370036781760521e-09,10.559185585484231,0.3278017296568292,2.0204119676034793,0.5092936802973977,0.2859986728599867,6.974197893098117,0.19159083949164876,0.5569909560533769,10.559185585484231,0.473239563747641,2.0362538668563523,circle,nan,nan,9.970214944416696,36.62048022399886,11.113694251498538,50.98570259188542,10.617174476786674,9.970214944416696,36.62048022399886,11.113694251498538,50.98570259188542,10.617174476786674,47.97517168643962,47.97517168643962,0.12,4.072466926147576,0.8366307297676644,7.69168518622742,25.508143552362156,,9.465510001784267,,,ccpfm_flux,0,2959,227,0.3136194660358229,5.944620900960321,0.597747095667313,2.0600810592251477,0.49070631970260226,0.34228650137741046,10.559185585484231,0.3278017296568292,2.0204119676034793,0.5092936802973977,0.2859986728599867,10.559185585484231,0.473239563747641,2.0362538668563523,1.0,0.3136194660358229,circular_interface,29,8104,0.004950549999989562,0.4321068339999954,4,False
nan,nan,nan,0.0,nan,0.17722252000001504,0.0,5.663961559746785,0.7040498091648522,2.1708978380272272,0.43168418354268134,0.38836104513064135,0.2538638599999956,,,1999.8155619490963,4.884981308350689e-15,1.8743151429783227e-14,9.182073133047552,0.36102261829634547,2.085104418220516,0.5683158164573187,0.29093369418132614,7.608859872346882,0.20585914126337418,0.5678301347947078,9.182073133047552,0.49670255298638416,2.1333175696543565,circle,nan,nan,13.050537406741514,47.28083116246645,14.915535793009989,64.62334155248202,14.146913381964437,13.050537406741514,47.28083116246645,14.915535793009989,64.62334155248202,14.146913381964437,60.55360040363399,60.55360040363399,0.1,2.062490279037768,0.8350078725696539,15.052585079259266,25.099390013199258,,9.36740518685705,,,ccpfm_flux,0,3901,296,0.33299154063060754,5.663961559746785,0.7040498091648522,2.1708978380272272,0.43168418354268134,0.38836104513064135,9.182073133047552,0.36102261829634547,2.085104418220516,0.5683158164573187,0.29093369418132614,9.182073133047552,0.49670255298638416,2.1333175696543565,1.0,0.33299154063060754,circular_interface,35,8100,0.0015070169999944483,0.4325933970000051,0,False
,,,,,0.10107811000000311,,,,,,,0.17153518599999984,,,320.005626736094,,,,,,,,,,,,,,circle,,,,,,,,,,,,,,,0.1,2.4746307182956717,,5.566849695167685,20.713614997850623,,9.144958336532191,,,wls_strong,,,299,,,,,,,,,,,,,,,,,circular_interface,,8102,0.0012052989999915553,0.2738185949999945,2,False
,,,,,0.19474755999999616,,,,,,,0.32419792300001404,,,384.7421164636436,,,,,,,,,,,,,,circle,,,,,,,,,,,,,,,0.1,2.634200226460258,,6.278525989941501,21.723432112265936,,9.170104604328666,,,wls_strong,,,296,,,,,,,,,,,,,,,,,circular_interface,,8100,0.005270155000005161,0.5242156380000154,0,False
,,,,,0.10112120399998048,,,,,,,0.20015243400001737,,,324.65035259193496,,,,,,,,,,,,,,circle,,,,,,,,,,,,,,,0.1,2.21549226887875,,5.11785676225277,21.11311418373347,,9.258809233171103,,,wls_strong,,,303,,,,,,,,,,,,,,,,,circular_interface,,8104,0.0012139620000084506,0.3024876000000063,4,False
nan,nan,nan,0.0,nan,0.336182717000014,0.0,6.178920314661995,0.6952133293422043,2.2039021138194714,0.43896891584533737,0.3880253310305124,0.31807152799999017,,,13312.536067076186,4.052314039881821e-15,1.75827019227437e-14,9.585662799127247,0.33447609144698176,2.025514736788731,0.5610310841546626,0.29234234234234235,6.9501030328849716,0.19404702115423691,0.5557297558501462,9.585662799127247,0.47282771651548744,2.1118556755650677,circle,nan,nan,13.384361666164603,50.62917807905902,14.991242066851893,64.57541948663999,14.3360246019366,13.384361666164603,50.62917807905902,14.991242066851893,64.57541948663999,14.3360246019366,62.66671832238115,62.66671832238115,0.1,20.511989249795445,0.8580465643198102,119.47163209642798,25.24111922963554,,9.438484834344521,,,ccpfm_flux,0,3957,299,0.33434420015163,6.178920314661995,0.6952133293422043,2.2039021138194714,0.43896891584533737,0.3880253310305124,9.585662799127247,0.33447609144698176,2.025514736788731,0.5610310841546626,0.29234234234234235,9.585662799127247,0.47282771651548744,2.1118556755650677,1.0,0.33434420015163,circular_interface,38,8102,0.0014517349999891849,0.6557059799999934,2,True
,,,,,0.20706392599998935,,,,,,,0.3205397319999861,,,431.14826744388427,,,,,,,,,,,,,,circle,,,,,,,,,,,,,,,0.1,2.372029407626171,,6.03386637741168,21.666584496460583,,9.271822089510998,,,wls_strong,,,301,,,,,,,,,,,,,,,,,circular_interface,,8101,0.005327320000020563,0.532930977999996,1,False
nan,nan,nan,0.0,nan,0.3272878009999829,0.0,4.31013940286314,0.6725191414512023,2.1716830967307352,0.4425616745576875,0.3969594594594595,0.31643983500001127,,,4872.243841665766,8.215650382226158e-15,2.1897391047779683e-14,10.573890222079044,0.3800168527011305,2.0299164468434263,0.5574383254423125,0.2995082700044703,7.212793917433162,0.20691097122066224,0.5734899595366739,10.573890222079044,0.5078405031953975,2.108415247805699,circle,nan,nan,13.467344641338975,49.52852040991674,15.195267370640977,68.27294077458976,14.58951432162606,13.467344641338975,49.52852040991674,15.195267370640977,68.27294077458976,14.58951432162606,64.07671782528215,64.07671782528215,0.1,9.657010227846964,0.8360266957570232,29.01892162635803,25.82867189805736,,9.405713402473712,,,ccpfm_flux,0,4013,301,0.3426364315973087,4.31013940286314,0.6725191414512023,2.1716830967307352,0.4425616745576875,0.3969594594594595,10.573890222079044,0.3800168527011305,2.0299164468434263,0.5574383254423125,0.2995082700044703,10.573890222079044,0.5078405031953975,2.108415247805699,1.0,0.3426364315973087,circular_interface,33,8101,0.0014880390000087118,0.6452156750000029,1,False
nan,nan,nan,0.0,nan,0.14582921099997748,0.0,5.447851768637408,0.6777250273391782,2.149257801644054,0.4363726216950828,0.398074745186863,0.17003854500001125,,,1125.1697107209668,6.217248937900877e-15,2.2847792219607133e-14,10.008297957115094,0.3734177748374303,2.056698867058929,0.5636273783049173,0.3016220955721175,6.940871358434662,0.20583044277017792,0.5786662635385776,10.008297957115094,0.49499700859427465,2.1095857442326595,circle,nan,nan,13.825394376168619,53.84983398485802,15.275038309189796,68.21079532889678,14.778399270582437,13.825394376168619,53.84983398485802,15.275038309189796,68.21079532889678,14.778399270582437,65.62366221385138,65.62366221385138,0.1,7.928771145552452,0.83958005971971,24.506504749325313,24.525712127981414,,9.390968080166903,,,ccpfm_flux,0,4047,303,0.34371139115394117,5.447851768637408,0.6777250273391782,2.149257801644054,0.4363726216950828,0.398074745186863,10.008297957115094,0.3734177748374303,2.056698867058929,0.5636273783049173,0.3016220955721175,10.008297957115094,0.49499700859427465,2.1095857442326595,1.0,0.34371139115394117,circular_interface,33,8104,0.0015796250000050804,0.3174473809999938,4,False
nan,nan,nan,0.0,nan,0.3120964759999936,0.0,5.282796646703607,0.6821374602229697,2.203568495066722,0.4353982300884956,0.3914053426248548,0.3257993009999893,,,2235.007048317831,7.105427357601002e-15,2.323177199524711e-14,10.970347122481456,0.33977526780311557,1.97565267066167,0.5646017699115045,0.29377519032691446,7.21819493111324,0.19698498583642352,0.5578572195775281,10.970347122481456,0.47054180972683335,2.1105771264175712,circle,nan,nan,13.356212719198503,51.49629623097926,14.862305178113674,64.20706616563771,14.242693129248059,13.356212719198503,51.49629623097926,14.862305178113674,64.20706616563771,14.242693129248059,61.88233958122119,61.88233958122119,0.1,1.9713390511980762,0.8390738330249158,5.828868407069615,26.408213455436915,,9.451164132495187,,,ccpfm_flux,0,3955,298,0.336283185840708,5.282796646703607,0.6821374602229697,2.203568495066722,0.4353982300884956,0.3914053426248548,10.970347122481456,0.33977526780311557,1.97565267066167,0.5646017699115045,0.29377519032691446,10.970347122481456,0.47054180972683335,2.1105771264175712,1.0,0.336283185840708,circular_interface,39,8103,0.0055295200000102795,0.6434252969999932,3,False
,,,,,0.23290578300000675,,,,,,,0.313624706000013,,,310.2192153860384,,,,,,,,,,,,,,circle,,,,,,,,,,,,,,,0.1,2.4030997260780365,,6.03830769854288,22.22374839302146,,9.147521037734386,,,wls_strong,,,298,,,,,,,,,,,,,,,,,circular_interface,,8103,0.001124388999983239,0.547654878000003,3,False
