assembly_seconds,constraint_resid_inf,constraint_resid_l2,correction_rel_l2,domain,family_seed,frac_err2_near_boundary_interior,frac_max_error_on_boundary,h_target,l2,l2_core_interior,l2_interior,l2_near_boundary_interior,lambda_ratio_median,linf,linf_core_interior,linf_interior,linf_near_boundary_interior,max_error_idx,max_error_is_boundary,max_error_x,max_error_y,max_local_cond,max_namls_reproduction_defect,mean_local_stencil_size,median_local_cond,median_local_sigma_min,median_namls_selection_score,method_id,min_local_sigma_min,n_boundary,n_core_interior,n_interior_eval,n_near_boundary_interior,n_points,namls_kernel,namls_kernel_beta,namls_max_neighbors,namls_min_neighbors,namls_neighbor_step,namls_regularization,namls_size_penalty,negative_lambda_fraction,operator,patch_const_max,patch_quad_max,patch_x2h_max,patch_x_max,patch_xy_max,patch_y2h_max,patch_y_max,rms,rms_core_interior,rms_interior,rms_near_boundary_interior,solve_seconds,status,total_seconds,trial,unstable,unstable_reasons
0.07000697899999864,0.0,0.0,0.0,annulus,4000,1.0,0.0,0.2,0.163341226891793,nan,0.2232873748497257,0.2232873748497257,1.0,0.9815397398180694,nan,0.9815397398180694,0.9815397398180694,59,False,1.8893813258482854e-13,0.8899999999999999,4.508523264980279,2.4305326648127472e-08,18.959183673469386,2.839010862715559,0.5167321010456386,2512.2700824041885,NAMLS-reconstructed-v1,0.3431015555577717,54,0,49,49,103,wendland_c2,3.0,26,14,4,1e-10,2.0,0.0,namls,2.4305327528395537e-08,7.382316091764096e-09,7.3980750414648355e-09,1.8769617859959453e-08,6.866732300825351e-09,6.953410736088017e-09,1.8825858205673285e-08,0.20092896856914313,nan,0.2913151877562938,0.2913151877562938,0.0004968880000006948,ok,0.07050386699999933,0,False,
0.18147876500000848,0.0,0.0,0.0,annulus,4000,1.0,0.0,0.16,0.04810296199939405,nan,0.06097805394790771,0.06097805394790771,1.0,0.23257480421035326,nan,0.23257480421035326,0.23257480421035326,100,False,0.0760578966086903,-0.4313457777922659,4.508745680537699,3.951998635779644e-08,17.467532467532468,2.7727893305485054,0.5346069855680293,3596.5089659121454,NAMLS-reconstructed-v1,0.3424805949077088,68,0,77,77,145,wendland_c2,3.0,26,14,4,1e-10,2.0,0.0,namls,3.9519990835401586e-08,1.3157615441627968e-08,1.3209490834498183e-08,3.288965677583633e-08,1.1337404925379151e-08,1.2346590416711933e-08,2.989759989796906e-08,0.0476295543739388,nan,0.0653604685351853,0.0653604685351853,0.0004139250000037009,ok,0.18189269000001218,0,False,
0.1493853910000098,0.0,0.0,0.0,annulus,4000,0.7572433162237009,0.0,0.12,0.026247019963828295,0.027519882125536764,0.03083849320707017,0.03218598626444712,1.0,0.10966267710855218,0.07136066777280115,0.10966267710855218,0.10966267710855218,120,False,0.8670956117226822,-0.34713272110811383,4.614127419724653,7.171631747807338e-08,17.25531914893617,2.654950471429245,0.5513124949818619,5400.254640298288,NAMLS-reconstructed-v1,0.33585074901381345,89,32,141,109,230,wendland_c2,3.0,26,14,4,1e-10,2.0,0.0,namls,7.171628786661888e-08,2.7157140980449412e-08,2.581899538611765e-08,5.988700468861907e-08,2.7355076558099878e-08,2.5227728794874338e-08,5.908282579847324e-08,0.02484251585396355,0.028117665014405407,0.031728528967194816,0.03271300527817011,0.01953440199999079,ok,0.1689197930000006,0,False,
0.4797360889999993,0.0,0.0,0.0,annulus,4000,0.5057454896724527,0.0,0.1,0.021325863687517224,0.024149400680393847,0.02446830577762106,0.024792496724380334,1.0,0.15107782919846163,0.06093587815673174,0.15107782919846163,0.15107782919846163,139,False,0.3485764073310538,-0.8783618166603095,4.531188368564621,1.0216381703032865e-07,16.94871794871795,2.548472715026829,0.5662992371626402,6691.835942621391,NAMLS-reconstructed-v1,0.3372327764800027,107,80,195,115,302,wendland_c2,3.0,26,14,4,1e-10,2.0,0.0,namls,1.0216385337713518e-07,4.1852322052449153e-08,3.79349005541485e-08,8.432917297795939e-08,3.913086232820717e-08,3.6523253976739056e-08,8.440970944434412e-08,0.020705270014093426,0.02373296435227724,0.02576719026100857,0.027092368661424383,0.0013730689999960077,ok,0.4811091579999953,0,False,
0.3500034269999901,0.0,0.0,0.0,annulus,4000,0.2517936459757971,0.0,0.08,0.013228145940504638,0.016142733107945752,0.014721717634199083,0.012019725359848028,1.0,0.05827379723582479,0.04344000426269301,0.05827379723582479,0.05827379723582479,157,False,-0.9325108344057017,0.21061685554928533,4.872510257425499,1.568410560658587e-07,16.868852459016395,2.493625179919343,0.5738332370947895,9401.723397220167,NAMLS-reconstructed-v1,0.3160467844535113,134,160,305,145,439,wendland_c2,3.0,26,14,4,1e-10,2.0,0.0,namls,1.5684105392210768e-07,6.58093508576485e-08,6.400060259537099e-08,1.4044338523394595e-07,6.371263395176664e-08,6.041375444354458e-08,1.310274500010422e-07,0.012016017405312477,0.01587590328357779,0.014415937447669901,0.012610281300669593,0.0016342460000089432,ok,0.35163767299999904,0,False,
0.11730663900000593,0.0,0.0,0.0,annulus,4001,1.0,0.0,0.2,0.09525296246404125,nan,0.12937217765002085,0.12937217765002085,1.0,0.7291178214473417,nan,0.7291178214473417,0.7291178214473417,67,False,-0.5231288745404166,-0.7200251249936193,4.511880054403168,2.824022901770044e-08,18.142857142857142,2.8125641073605743,0.5144578669369648,2696.629508010452,NAMLS-reconstructed-v1,0.34355130360713204,54,0,49,49,103,wendland_c2,3.0,26,14,4,1e-10,2.0,0.0,namls,2.8240209504204472e-08,8.96875018696619e-09,8.45718339803625e-09,2.1121044430777447e-08,8.757324814964718e-09,7.387267686453924e-09,1.9406450890713245e-08,0.11196338653770382,nan,0.16232918131880889,0.16232918131880889,0.0004845999999929518,ok,0.11779123899999888,1,False,
0.16501913200001184,0.0,0.0,0.0,annulus,4001,1.0,0.0,0.16,0.05684559418125202,nan,0.07209133778403419,0.07209133778403419,1.0,0.3920789971625563,nan,0.3920789971625563,0.3920789971625563,72,False,0.48867403702092704,0.7700270680577855,4.458899219692292,3.9426862728713524e-08,17.526315789473685,2.8335171734409816,0.5344172246930725,3285.3145053916523,NAMLS-reconstructed-v1,0.3443281457391825,68,0,76,76,144,wendland_c2,3.0,26,14,4,1e-10,2.0,0.0,namls,3.9426876902852484e-08,1.3781292107495346e-08,1.37145508283254e-08,3.329713364752518e-08,1.1337625283047714e-08,1.3593689729418656e-08,3.314651950194681e-08,0.06223162802151231,nan,0.08566148767509038,0.08566148767509038,0.0005078339999897707,ok,0.1655269660000016,1,False,
0.18251332500000217,0.0,0.0,0.0,annulus,4001,0.5426640501604396,0.0,0.12,0.028512228554565068,0.0375492108069071,0.03345503847655164,0.030879597848603568,1.0,0.11490136586879807,0.08350178177292689,0.11490136586879807,0.11490136586879807,139,False,-0.38752101226680136,-0.16706724709443668,4.493123422843799,6.872022843887085e-08,17.180555555555557,2.6194896750725007,0.5581219547051519,5401.3689772655725,NAMLS-reconstructed-v1,0.3383917068754618,89,39,144,105,233,wendland_c2,3.0,26,14,4,1e-10,2.0,0.0,namls,6.87202328791825e-08,2.7189211326827945e-08,2.3594328935061526e-08,5.477082332117078e-08,2.402039278592838e-08,2.63263382205281e-08,6.029365540172194e-08,0.02549458051153485,0.03785789970867081,0.032429823493495775,0.030165930770017856,0.0009895390000025373,ok,0.1835028640000047,1,False,
0.46537935400000663,0.0,0.0,0.0,annulus,4001,0.3703461295713071,0.0,0.1,0.02366375842855498,0.030986106100050315,0.027143620782151875,0.022977323975543244,1.0,0.10070410529109142,0.09006737556276756,0.10070410529109142,0.10070410529109142,130,False,-0.821507611424556,-0.4670654577421069,4.6803642046037295,1.0692016038690311e-07,16.927835051546392,2.5544115422505844,0.5675632311727422,6621.643685457946,NAMLS-reconstructed-v1,0.32323244027472414,107,76,194,118,301,wendland_c2,3.0,26,14,4,1e-10,2.0,0.0,namls,1.0692019714042544e-07,4.4113789954280946e-08,4.3852651288034394e-08,9.733884098750423e-08,4.144586948640061e-08,3.9819529007445453e-08,8.936040529761158e-08,0.02129890667026314,0.03127992473413256,0.026530149259698262,0.022956427128103366,0.028958463999998685,ok,0.4943378180000053,1,False,
0.773087034999989,0.0,0.0,0.0,annulus,4001,0.2626489747193543,0.0,0.08,0.012179859826175893,0.014909381156230873,0.013566427355503246,0.011140377547861744,1.0,0.04385932304760565,0.041984981795700316,0.04385932304760565,0.04385932304760565,154,False,-0.78743476079865,0.5421091850220646,4.629125399966668,1.5372363601046653e-07,16.49514563106796,2.5072821957857205,0.5723354157611678,9858.825821974271,NAMLS-reconstructed-v1,0.32738804318474957,134,158,309,151,443,wendland_c2,3.0,26,14,4,1e-10,2.0,0.0,namls,1.537236940563764e-07,6.591556411805755e-08,6.557870713130853e-08,1.42407793480948e-07,6.201126684368674e-08,6.237072347481387e-08,1.3614172988951623e-07,0.010966521351965164,0.014780591033931537,0.013130809839962584,0.01114611147474016,0.005879559000007362,ok,0.7789665939999963,1,False,
0.1055188429999987,0.0,0.0,0.0,annulus,4002,1.0,0.0,0.2,0.12549764059004326,nan,0.17210391048867696,0.17210391048867696,1.0,0.7486124842272552,nan,0.7486124842272552,0.7486124842272552,77,False,-0.41444565565681646,0.19958650802513533,4.446027011317852,2.531068255249731e-08,19.29787234042553,2.832378812396344,0.5086603915627829,2763.9455844699114,NAMLS-reconstructed-v1,0.3432495376202711,54,0,47,47,101,wendland_c2,3.0,26,14,4,1e-10,2.0,0.0,namls,2.5310692208790897e-08,7.647012800759967e-09,7.229685738963099e-09,1.931027959756193e-08,6.827004073173271e-09,7.723383488311697e-09,1.9277391238858854e-08,0.13842361028230424,nan,0.20291863395251697,0.20291863395251697,0.0005747530000093093,ok,0.106093596000008,2,False,
0.15689730399999746,0.0,0.0,0.0,annulus,4002,0.7871592981353182,0.0,0.16,0.05731490046153152,0.1326364407074475,0.07289503818011811,0.06685871276434603,1.0,0.2074505762182024,0.2074505762182024,0.2074505762182024,0.18801451248042245,115,False,0.46026720360869844,0.49605084586860604,4.523964732423706,3.629932050048576e-08,17.21917808219178,2.893826275048514,0.5083697605928462,3635.4222627260997,NAMLS-reconstructed-v1,0.3396207362653453,68,3,73,70,141,wendland_c2,3.0,26,14,4,1e-10,2.0,0.0,namls,3.629932938779834e-08,1.239108815553891e-08,1.1855859405329738e-08,2.980501387925619e-08,1.159092376246118e-08,1.1779492714580897e-08,2.8916018468549964e-08,0.05071097184342346,0.12167242326709019,0.0704774301585444,0.06742015807678153,0.0005580990000026986,ok,0.15745540300000016,2,False,
0.1455286249999972,0.0,0.0,0.0,annulus,4002,0.6464622937518052,0.0,0.12,0.028442502118447097,0.03599685871340075,0.033498257430776966,0.03233439232164041,1.0,0.08759854999220329,0.08332222994609895,0.08759854999220329,0.08759854999220329,204,False,-0.3335617807398573,0.7375049930909765,4.596387784954682,6.809760911932582e-08,16.942446043165468,2.588445830934328,0.5621519020284723,4984.496493442862,NAMLS-reconstructed-v1,0.334854415152606,89,32,139,107,228,wendland_c2,3.0,26,14,4,1e-10,2.0,0.0,namls,6.809761755702081e-08,2.6263646812907382e-08,2.539701782211523e-08,5.887362597434276e-08,2.4440963475313993e-08,2.505707441535776e-08,5.882759506079552e-08,0.0248592648555238,0.035558764622794295,0.03183818521000044,0.030637847140124855,0.0008290210000012621,ok,0.14635764599999845,2,False,
0.4334006609999932,0.0,0.0,0.0,annulus,4002,0.3889899432766661,0.0,0.1,0.022257556358369724,0.02798469437301295,0.025632117118669303,0.02289863683226268,1.0,0.09828842020741979,0.09287513490505761,0.09828842020741979,0.09828842020741979,141,False,0.6058334740340241,-0.7252522049809138,4.851974868372735,1.0687587760840606e-07,16.8,2.5706523640983385,0.5606080576079882,6499.54194368816,NAMLS-reconstructed-v1,0.32407269516531056,107,77,190,113,297,wendland_c2,3.0,26,14,4,1e-10,2.0,0.0,namls,1.0687585800389643e-07,4.304933254317689e-08,4.0054664474098445e-08,9.015697166603331e-08,3.779592072997162e-08,3.9571318666276056e-08,8.884713764700791e-08,0.020982817582300032,0.028567287430444975,0.026234043190856496,0.024517256167716116,0.0011617650000061985,ok,0.4345624259999994,2,False,
0.766135214000002,0.0,0.0,0.0,annulus,4002,0.24684802097914424,0.0,0.08,0.012846053828331495,0.0157793407704975,0.014327095061333051,0.011561007828569418,1.0,0.05071444511193701,0.05071444511193701,0.05071444511193701,0.04287571097817494,401,False,0.4391238628967783,0.502343945288556,4.600592083059654,1.6465176061953227e-07,16.728476821192054,2.51004380910308,0.5702519405600726,9761.403417097987,NAMLS-reconstructed-v1,0.3312313770133005,134,159,302,143,436,wendland_c2,3.0,26,14,4,1e-10,2.0,0.0,namls,1.646517136938419e-07,6.932309437601702e-08,5.96439804212423e-08,1.3244351482200045e-07,6.95726827121268e-08,5.865545715799669e-08,1.2701917451174438e-07,0.011677862146582813,0.0160046910162989,0.01403146823388592,0.011444766431897206,0.0014327770000051032,ok,0.767567991000007,2,False,
0.06577761900000212,0.0,0.0,0.0,annulus,4003,1.0,0.0,0.2,0.12556101288455201,nan,0.16995645710805923,0.16995645710805923,1.0,0.9537961650138604,nan,0.9537961650138604,0.9537961650138604,59,False,1.8893813258482854e-13,0.8899999999999999,4.408910731961668,2.6458951311023358e-08,18.41176470588235,2.9542393890235967,0.49378811944042983,3576.1682251989023,NAMLS-reconstructed-v1,0.3493395058047294,54,0,51,51,105,wendland_c2,3.0,26,14,4,1e-10,2.0,0.0,namls,2.6458960800113118e-08,7.85326381702589e-09,7.515263744650724e-09,1.8993264965135037e-08,6.915707118082537e-09,7.826684633727155e-09,2.033957891001137e-08,0.14570320417838528,nan,0.20906371527735243,0.20906371527735243,0.0002975419999984297,ok,0.06607516100000055,3,False,
0.1813209649999976,0.0,0.0,0.0,annulus,4003,0.991798868786379,0.0,0.16,0.059003906518362716,0.0289178774119843,0.0748635826867047,0.07669346259257769,1.0,0.30816427580781647,0.039402751840637906,0.30816427580781647,0.30816427580781647,138,False,0.39812640224088947,-0.14648585690963248,4.516299834691395,4.005121516081013e-08,17.473684210526315,2.739219299622827,0.5405657810817792,3470.0725087007563,NAMLS-reconstructed-v1,0.34192365056541707,68,3,76,73,144,wendland_c2,3.0,26,14,4,1e-10,2.0,0.0,namls,4.0051231664506304e-08,1.388011749980933e-08,1.38644491443074e-08,3.3797439513705285e-08,1.1801396702139585e-08,1.3366426410144072e-08,3.283375971108171e-08,0.05814874121986273,0.029254082557578415,0.08004141684362516,0.08145394153169826,0.0004525619999924402,ok,0.18177352699999005,3,False,
0.16859578199999703,0.0,0.0,0.0,annulus,4003,0.6372351471819175,0.0,0.12,0.026775484863059116,0.03341722910540849,0.031478360167359325,0.03051491290857712,1.0,0.17607231025514936,0.08529867780309908,0.17607231025514936,0.17607231025514936,110,False,-0.6116399077090805,-0.7058700841393593,4.7120951472039785,7.270810511755436e-08,17.12857142857143,2.6979921506198545,0.5503335905822622,5402.465932080925,NAMLS-reconstructed-v1,0.32841322860271976,89,34,140,106,229,wendland_c2,3.0,26,14,4,1e-10,2.0,0.0,namls,7.270810975512632e-08,2.8160362930407246e-08,2.457317660464753e-08,6.011440589759331e-08,2.3882049893231283e-08,2.5296121197726507e-08,5.894693128061235e-08,0.02677681731527674,0.03422584622288024,0.03424622289159119,0.03425275623654522,0.0006632349999904363,ok,0.16925901699998747,3,False,
0.2306111860000044,0.0,0.0,0.0,annulus,4003,0.3920823261772168,0.0,0.1,0.02088549666519158,0.026520083248201473,0.023909737435572447,0.021049686687959333,1.0,0.09532695985879591,0.09532695985879591,0.09532695985879591,0.0713345321401272,292,False,-0.5602072718795176,0.14226360030050308,4.76960755270813,9.869072881857263e-08,16.663265306122447,2.5294960433734452,0.5687828049146141,6887.149909545695,NAMLS-reconstructed-v1,0.328624774088449,107,79,196,117,303,wendland_c2,3.0,26,14,4,1e-10,2.0,0.0,namls,9.869072892959493e-08,4.021695776401657e-08,3.79636377889625e-08,8.600627521282433e-08,4.004684257328626e-08,3.7828805643513874e-08,8.45115462055901e-08,0.018346456347233076,0.026490871085299197,0.022811060190155233,0.01994607724730832,0.0008790750000002845,ok,0.2314902610000047,3,False,
0.7216311490000038,0.0,0.0,0.0,annulus,4003,0.2845322950396489,0.0,0.08,0.013519919838063433,0.016288122798148945,0.015049293523190522,0.012867100702197582,1.0,0.10868958870061682,0.06624746171009255,0.10868958870061682,0.10868958870061682,160,False,-0.9439915714678053,-0.15104933407700494,4.763647981426184,1.553743159967981e-07,16.481967213114753,2.511409320775395,0.5718590251072033,10200.155331438908,NAMLS-reconstructed-v1,0.32486692705408876,134,159,305,146,439,wendland_c2,3.0,26,14,4,1e-10,2.0,0.0,namls,1.553743302906696e-07,6.586978429368173e-08,5.5600971604619076e-08,1.216494009084355e-07,6.167003618884337e-08,6.000998098443233e-08,1.294411275942764e-07,0.012629141981208528,0.016437819636985828,0.01515151939929381,0.013613123286663817,0.0021134180000075276,ok,0.7237445670000113,3,False,
0.0633633150000037,0.0,0.0,0.0,annulus,4004,1.0,0.0,0.2,0.12265694012434515,nan,0.17097724078765647,0.17097724078765647,1.0,0.7062338014016731,nan,0.7062338014016731,0.7062338014016731,76,False,-0.10235962633558923,0.4484668177563439,4.467592758036809,2.4433425600442784e-08,18.47826086956522,2.8578054917452107,0.5153916288310719,2724.1329240839964,NAMLS-reconstructed-v1,0.34085228331482165,54,0,46,46,100,wendland_c2,3.0,26,14,4,1e-10,2.0,0.0,namls,2.443341706737101e-08,7.346518948736502e-09,7.171466087640965e-09,1.8606730710203856e-08,6.570326727128872e-09,7.33648564121836e-09,1.9164191122911234e-08,0.13274887199090857,nan,0.19572753363695597,0.19572753363695597,0.0004190820000076201,ok,0.06378239700001131,4,False,
0.1868423880000023,0.0,0.0,0.0,annulus,4004,0.9410808166231791,0.0,0.16,0.053177827318766975,0.06892254258584708,0.06838466010489175,0.06835140182985854,1.0,0.1641466678403245,0.10512144480688035,0.1641466678403245,0.1641466678403245,102,False,0.42563432207400476,0.42033578496543605,4.7237822690512505,3.994502488554368e-08,17.273972602739725,2.743837447943314,0.5364898317177842,3234.751238939148,NAMLS-reconstructed-v1,0.32926900855088526,68,3,73,70,141,wendland_c2,3.0,26,14,4,1e-10,2.0,0.0,namls,3.9945042829003796e-08,1.3822464950408175e-08,1.2394081094768694e-08,3.175079166749771e-08,1.35627589159526e-08,1.352792544651038e-08,3.2429506094389104e-08,0.0490335604135896,0.07002533202591628,0.06814618619701515,0.0680644920254159,0.0003898789999965402,ok,0.18723226699999884,4,False,
0.14310005900000533,0.0,0.0,0.0,annulus,4004,0.7193511980110007,0.0,0.12,0.03244278088737165,0.03515796022353511,0.038360446489947804,0.039870465675092226,1.0,0.21078301568218444,0.09197333820115527,0.21078301568218444,0.21078301568218444,123,False,0.3554384495267079,0.2161469135206439,4.757937523289487,7.093893947527518e-08,17.622222222222224,2.71540749512437,0.5471302825393028,5176.635318999039,NAMLS-reconstructed-v1,0.3278307233741312,89,32,135,103,224,wendland_c2,3.0,26,14,4,1e-10,2.0,0.0,namls,7.09389138542349e-08,2.6959451560060188e-08,2.6027934918460005e-08,5.991874017785559e-08,2.5747404319709233e-08,2.710875168787652e-08,6.208769676163683e-08,0.03225237616371109,0.03621743451088192,0.04154500746205844,0.04306619989687537,0.0006137009999918064,ok,0.14371375999999714,4,False,
0.44494551599999,0.0,0.0,0.0,annulus,4004,0.4690292449923982,0.0,0.1,0.02018510281204472,0.024219437132137697,0.02319249173467557,0.022174059326797297,1.0,0.0970546594984325,0.08114613066697318,0.0970546594984325,0.0970546594984325,121,False,-0.576520968896997,0.7487646015822289,4.7458315148870085,1.0349008019088305e-07,17.010362694300518,2.549894669087478,0.5685799630858854,6665.6099731666045,NAMLS-reconstructed-v1,0.3255058665325387,107,75,193,118,300,wendland_c2,3.0,26,14,4,1e-10,2.0,0.0,namls,1.0349013632865445e-07,4.22473536154655e-08,3.451623387107361e-08,7.800125756407539e-08,3.7075018069487875e-08,4.1981913279087735e-08,9.363033643197682e-08,0.019187529438252256,0.024637410480181657,0.023922195319998993,0.02345627669701664,0.0011274140000097077,ok,0.4460729299999997,4,False,
0.370852119999995,0.0,0.0,0.0,annulus,4004,0.29576369502975464,0.0,0.08,0.01219211948183497,0.014612390754424269,0.013563576580759394,0.011763146081667177,1.0,0.04997691801267218,0.03609982543324164,0.04997691801267218,0.04997691801267218,171,False,-0.015167865619538635,-0.9558796162628133,4.487092183267426,1.668781569962656e-07,16.6,2.508700498089671,0.5726017090675096,10231.015159068143,NAMLS-reconstructed-v1,0.33939843581278334,134,159,310,151,444,wendland_c2,3.0,26,14,4,1e-10,2.0,0.0,namls,1.6687816941154954e-07,7.12233005906171e-08,6.709046207475922e-08,1.4503301137835933e-07,7.101896305197405e-08,5.8673544467424676e-08,1.3078571603486466e-07,0.011035209182349744,0.014631795849555243,0.013206605594758612,0.011516832253516431,0.002468195000005835,ok,0.37332031500000085,4,False,
0.1407008170000097,0.0,0.0,0.0,annulus,4005,1.0,0.0,0.2,0.10879034459574145,nan,0.14717887028551546,0.14717887028551546,1.0,0.6700049641808856,nan,0.6700049641808856,0.6700049641808856,78,False,-0.41444565565679964,-0.19958650802517025,4.405321850458171,2.8242692912704402e-08,18.79591836734694,2.948477695674828,0.5098544504777316,3291.9489891584753,NAMLS-reconstructed-v1,0.3465355675936267,54,0,49,49,103,wendland_c2,3.0,26,14,4,1e-10,2.0,0.0,namls,2.824269174084293e-08,8.984970545355964e-09,9.21161991129793e-09,2.324942727227608e-08,6.714243716565704e-09,7.665248213939435e-09,1.969704910287362e-08,0.12531597063634117,nan,0.1816883139089296,0.1816883139089296,0.004685756999990076,ok,0.14538657399999977,5,False,
0.17988936000000422,0.0,0.0,0.0,annulus,4005,0.9201305017802757,0.0,0.16,0.058537897520440904,0.06458646382494405,0.07436059421703117,0.07543412678627404,1.0,0.2800664077187136,0.14234251381651974,0.2800664077187136,0.2800664077187136,135,False,0.4672995312400392,-0.5805727939082643,4.627465761734052,3.9276570401951826e-08,17.36842105263158,2.74997890163032,0.5366791773867079,3400.707783141501,NAMLS-reconstructed-v1,0.3358164085329047,68,5,76,71,144,wendland_c2,3.0,26,14,4,1e-10,2.0,0.0,namls,3.9276556673684127e-08,1.3501559426032372e-08,1.2600600562961972e-08,3.189790592772468e-08,1.2126700074666097e-08,1.3240105012357617e-08,3.22156630261361e-08,0.05120601090735359,0.06684595168140377,0.07048478742536708,0.07073398822023609,0.0003340459999918721,ok,0.1802234059999961,5,False,
0.17006096800000137,0.0,0.0,0.0,annulus,4005,0.6352311674123761,0.0,0.12,0.02962083510719814,0.03616116737744611,0.034770700349849845,0.034041323990936505,1.0,0.12637778163242985,0.0885852564000944,0.12637778163242985,0.12637778163242985,103,False,-0.8301722938823634,0.42798356238159696,4.530205892360289,7.106173879479912e-08,17.070422535211268,2.620327208770166,0.5631740909607952,5190.825891263737,NAMLS-reconstructed-v1,0.33795369811881765,89,36,142,106,231,wendland_c2,3.0,26,14,4,1e-10,2.0,0.0,namls,7.106174049198444e-08,2.7450292705566426e-08,2.692390177472248e-08,6.196188051532658e-08,2.567983009571506e-08,2.7137723623837928e-08,6.252716211463394e-08,0.027132614343823316,0.03652430226678643,0.03460616384700114,0.03393006211484932,0.0006426240000081407,ok,0.1707035920000095,5,False,
0.45487373600001035,0.0,0.0,0.0,annulus,4005,0.42820081410947936,0.0,0.1,0.022924759853400534,0.0277245235003705,0.02635255876301321,0.024802570980930895,1.0,0.17929020483948943,0.08319334528242472,0.17929020483948943,0.17929020483948943,113,False,0.5462969117561779,0.771093116646425,4.493215238692205,9.734090241668497e-08,16.989690721649485,2.5547682014003916,0.5649479094030025,6799.842221636027,NAMLS-reconstructed-v1,0.3449039535764649,107,81,194,113,301,wendland_c2,3.0,26,14,4,1e-10,2.0,0.0,namls,9.734092909496894e-08,4.02337803073749e-08,4.039083623119666e-08,8.901259629379155e-08,3.88145833408321e-08,3.382600777257494e-08,7.84410705279015e-08,0.023124883647481515,0.02787585356248795,0.028804605995921793,0.02945233335074094,0.0011645889999982728,ok,0.4560383250000086,5,False,
0.7413367860000051,0.0,0.0,0.0,annulus,4005,0.2571702268601872,0.0,0.08,0.012894608766841089,0.015878887676562165,0.014392137359618163,0.011690585878104382,1.0,0.04581737234150918,0.04581737234150918,0.04581737234150918,0.036877942930530344,416,False,0.5290617217421704,-0.47700596664145395,4.802093827674997,1.550040940616116e-07,16.66887417218543,2.510461865687692,0.5724156254007284,9835.619553518323,NAMLS-reconstructed-v1,0.3224259604346295,134,157,302,145,436,wendland_c2,3.0,26,14,4,1e-10,2.0,0.0,namls,1.550041601738883e-07,6.613207137462496e-08,5.945035508325702e-08,1.307903863545512e-07,6.10676536005883e-08,5.697550853334121e-08,1.2724928066809582e-07,0.011552439278495268,0.015749901022121822,0.013880767106634797,0.01151991888892844,0.001574397999988264,ok,0.7429111839999933,5,False,
0.04619317300000603,0.0,0.0,0.0,annulus,4006,1.0,0.0,0.2,0.07035028423850175,nan,0.09606850405078379,0.09606850405078379,1.0,0.28027090967367485,nan,0.28027090967367485,0.28027090967367485,73,False,0.8464402995026802,-0.27502512499372317,4.4778652309698215,2.567453276129762e-08,17.571428571428573,2.848518878601156,0.5094582180683809,2957.004529549064,NAMLS-reconstructed-v1,0.34104889140654276,54,0,49,49,103,wendland_c2,3.0,26,14,4,1e-10,2.0,0.0,namls,2.5674531833885794e-08,7.697777082427137e-09,7.683016667314746e-09,1.9836378761795004e-08,7.082226888277532e-09,7.915768929223077e-09,2.0367023401135498e-08,0.07344545058302372,nan,0.10648427341663527,0.10648427341663527,0.000506270999991898,ok,0.046699443999997925,6,False,
0.1906184400000086,0.0,0.0,0.0,annulus,4006,0.98519173301014,0.0,0.16,0.04944524879955887,0.035416323542678214,0.0625457429846518,0.06356614349728586,1.0,0.16219313571985566,0.04632461464118687,0.16219313571985566,0.16219313571985566,72,False,0.48867403702092704,0.7700270680577855,4.608693310371245,4.41819370171803e-08,17.157894736842106,2.7350423610195187,0.5339925778443626,3374.007459609433,NAMLS-reconstructed-v1,0.3310970068002361,68,2,76,74,144,wendland_c2,3.0,26,14,4,1e-10,2.0,0.0,namls,4.418192889321659e-08,1.5454217905386258e-08,1.2568379448296696e-08,3.1146970912165894e-08,1.4094440135836717e-08,1.3150962985264414e-08,3.421290450944525e-08,0.04448580877157615,0.037343675571960236,0.0612344667969397,0.06175201649036764,0.00034585299999889685,ok,0.1909642930000075,6,False,
0.16754420099999834,0.0,0.0,0.0,annulus,4006,0.7354432308793752,0.0,0.12,0.03227204198965175,0.03397602516799997,0.03799395145293914,0.03983091297500438,1.0,0.31384862959990445,0.08074389090104983,0.31384862959990445,0.31384862959990445,94,False,0.5417731360683339,0.7608139113243116,4.5105021283373,7.065554004549835e-08,17.014388489208635,2.614288782081314,0.5562239257403957,5007.223533283928,NAMLS-reconstructed-v1,0.3378916518459484,89,34,139,105,228,wendland_c2,3.0,26,14,4,1e-10,2.0,0.0,namls,7.06555418616972e-08,2.7431894089602338e-08,2.169545276764495e-08,5.135417591173308e-08,2.5863726604846704e-08,2.7557994108917683e-08,6.282885145481032e-08,0.03317757001158534,0.034270628010554485,0.04249174804587572,0.04483186372416347,0.0006165050000106476,ok,0.16816070600000899,6,False,
0.4871126209999943,0.0,0.0,0.0,annulus,4006,0.36460761110596845,0.0,0.1,0.020548297121475843,0.026774922061191177,0.023547144759449957,0.01993774112359419,1.0,0.09980519827022821,0.06797194228644132,0.09980519827022821,0.09980519827022821,145,False,0.9182274782533543,-0.22334548133108048,4.803503948521627,1.000795239159576e-07,16.899497487437184,2.558969386943276,0.5683969808387124,6690.845342180289,NAMLS-reconstructed-v1,0.32648276151891814,107,79,199,120,306,wendland_c2,3.0,26,14,4,1e-10,2.0,0.0,namls,1.0007954372517891e-07,4.122374175352661e-08,3.8853221973056407e-08,8.757985625607034e-08,3.7450465728561255e-08,4.011440668527655e-08,8.973897180908352e-08,0.0187636465618811,0.0261225279075127,0.023267590879686852,0.021179047351397657,0.004913224999995691,ok,0.49202584599999,6,False,
0.37102125100000194,0.0,0.0,0.0,annulus,4006,0.26780744054297617,0.0,0.08,0.013415821162518392,0.016306186492643,0.014947466614102742,0.012470757834728452,1.0,0.052808662477635604,0.04462924944851898,0.052808662477635604,0.052808662477635604,232,False,-0.4307970489475857,-0.20457571560876409,4.882490826805602,1.57728415992301e-07,16.596091205211728,2.498613193719526,0.5725969392479487,9869.126984252376,NAMLS-reconstructed-v1,0.31683110218975735,134,160,307,147,441,wendland_c2,3.0,26,14,4,1e-10,2.0,0.0,namls,1.577283441633881e-07,6.765243298900714e-08,6.669531948944041e-08,1.4541855009042592e-07,6.119367323975666e-08,5.829984672800492e-08,1.289091215994631e-07,0.011778624458552793,0.01629469942268737,0.014117073708015732,0.011278724999615249,0.0014520060000080548,ok,0.37247325700001,6,False,
0.11066023600000108,0.0,0.0,0.0,annulus,4007,1.0,0.0,0.2,0.14117206656456321,nan,0.1941531371233939,0.1941531371233939,1.0,0.8104061914398144,nan,0.8104061914398144,0.8104061914398144,71,False,0.5231288745402516,-0.720025124993739,4.319988031296534,2.589998475360138e-08,18.27659574468085,2.861796636828693,0.504058222992316,2740.9115937474817,NAMLS-reconstructed-v1,0.3591078617626388,54,0,47,47,101,wendland_c2,3.0,26,14,4,1e-10,2.0,0.0,namls,2.5899990596656153e-08,8.138212326258554e-09,7.90423637653248e-09,2.0174439008258105e-08,6.947634967335858e-09,8.264034345728533e-09,2.09496828773581e-08,0.1565441430191317,nan,0.2294819763039406,0.2294819763039406,0.0002557400000000598,ok,0.11091597600000114,7,False,
0.1915221809999963,0.0,0.0,0.0,annulus,4007,0.980492469506669,0.0,0.16,0.05082918986314276,0.04783526948918911,0.06463809030087395,0.06517579643009773,1.0,0.2428838243224612,0.06765581124092146,0.2428838243224612,0.2428838243224612,95,False,0.07605789660867143,0.43134577779226924,4.48868689531563,4.115918817269104e-08,17.467532467532468,2.7498152739826827,0.5353227050796326,3408.371135927503,NAMLS-reconstructed-v1,0.33738442617732584,68,2,77,75,145,wendland_c2,3.0,26,14,4,1e-10,2.0,0.0,namls,4.11591908372263e-08,1.479419964312001e-08,1.496160306757588e-08,3.549165202919057e-08,1.151519746223073e-08,1.1982550507383394e-08,2.972484747232329e-08,0.04834633574246264,0.04829231487366027,0.06634408399621182,0.0667586789072512,0.00034321999999065156,ok,0.19186540099998695,7,False,
0.1689020280000051,0.0,0.0,0.0,annulus,4007,0.6411739100409934,0.0,0.12,0.036456955525595414,0.04411477185489762,0.04283537199033306,0.0421662287167755,1.0,0.24947929816577064,0.10917333791873673,0.24947929816577064,0.24947929816577064,90,False,0.9171213305540633,0.17676064130567,4.530738525558221,7.009886370083779e-08,17.302158273381295,2.702857042005886,0.5525317421182149,5366.001621206477,NAMLS-reconstructed-v1,0.3405996608439806,89,33,139,106,228,wendland_c2,3.0,26,14,4,1e-10,2.0,0.0,namls,7.009886893172279e-08,2.6454118007279703e-08,2.3892521072710338e-08,5.489128751534622e-08,2.3472909393973396e-08,2.4549949628749346e-08,5.789943902101413e-08,0.034286973449527906,0.04482201990354797,0.04391260229619673,0.0436256122373868,0.0006986869999963119,ok,0.1696007150000014,7,False,
0.44514048599999967,0.0,0.0,0.0,annulus,4007,0.36705903812561874,0.0,0.1,0.025521120431858967,0.032969551902710906,0.029435538404427062,0.025335428400951734,1.0,0.16313041210138868,0.10553884444947403,0.16313041210138868,0.16313041210138868,133,False,-0.5152090361632298,-0.7922023504507563,4.687378732093506,9.562718027415491e-08,17.23404255319149,2.5345212081612347,0.566781806858775,6363.868931401005,NAMLS-reconstructed-v1,0.3267149367784562,107,76,188,112,295,wendland_c2,3.0,26,14,4,1e-10,2.0,0.0,namls,9.562715774791286e-08,3.8091803489237464e-08,3.541353454927787e-08,7.938603996393567e-08,3.571052802076036e-08,3.692383820919076e-08,8.277302665504749e-08,0.024030840273393052,0.0336714626940678,0.030102394303971353,0.027417189676949446,0.0008265069999993102,ok,0.445966992999999,7,False,
0.6311397359999944,0.0,0.0,0.0,annulus,4007,0.22318534999956893,0.0,0.08,0.012348644936043254,0.01540392326663436,0.013729876710510824,0.01048293618159156,1.0,0.05159237301964381,0.05048332755767482,0.05159237301964381,0.05159237301964381,163,False,-0.8202321145299254,-0.49107556549444104,4.509215093016742,1.506995518216889e-07,16.6,2.51331961349959,0.5711592287944043,10016.850327590731,NAMLS-reconstructed-v1,0.3398812732600335,134,163,310,147,444,wendland_c2,3.0,26,14,4,1e-10,2.0,0.0,namls,1.506995443018022e-07,6.325797041739634e-08,5.800816582635093e-08,1.276248359603622e-07,5.661932231002957e-08,5.8611463904512107e-08,1.310375263852137e-07,0.011207785702027141,0.015753702319734993,0.013413139969652103,0.010208580190429167,0.001483813000007217,ok,0.6326235490000016,7,False,
0.11598083600000564,0.0,0.0,0.0,annulus,4008,1.0,0.0,0.2,0.09445030262273607,nan,0.12807226656059678,0.12807226656059678,1.0,0.5514566283877362,nan,0.5514566283877362,0.5514566283877362,57,False,0.5231288745403727,0.7200251249936511,4.547771862280474,2.6687820081433777e-08,18.04,2.8358838406158924,0.5210821014940883,2835.2637112546463,NAMLS-reconstructed-v1,0.33735098062881547,54,0,50,50,104,wendland_c2,3.0,26,14,4,1e-10,2.0,0.0,namls,2.6687811072179102e-08,7.654101352727594e-09,7.124340450914701e-09,1.980576680438162e-08,7.491692974315178e-09,7.141768065821452e-09,1.8619403453057772e-08,0.10985021316914953,nan,0.15842823048080729,0.15842823048080729,0.0004340939999991633,ok,0.1164149300000048,8,False,
0.08906568499999423,0.0,0.0,0.0,annulus,4008,0.9837325900829862,0.0,0.16,0.06285428161578359,0.06061140515906205,0.07987904065648124,0.08037017667779177,1.0,0.4710644639363879,0.06061140515906205,0.4710644639363879,0.4710644639363879,97,False,-0.4115853429945482,0.14980481328427306,4.818294985070356,4.038200850704085e-08,17.602739726027398,2.7912158179206985,0.5226829299706537,3285.436678142791,NAMLS-reconstructed-v1,0.31936724732975413,68,1,73,72,141,wendland_c2,3.0,26,14,4,1e-10,2.0,0.0,namls,4.0382008847927864e-08,1.3538298038184848e-08,1.212333966549295e-08,3.177653873365216e-08,1.2178315245137128e-08,1.3539714460719665e-08,3.2533229665787644e-08,0.06467911294559352,0.06061140515906205,0.08989016576953726,0.09022994671148318,0.00038170599999887145,ok,0.0894473909999931,8,False,
0.3244595210000085,0.0,0.0,0.0,annulus,4008,0.5975372603975119,0.0,0.12,0.025494990169178278,0.03171655091355293,0.030015683688898235,0.029013154868462728,1.0,0.09085066007117426,0.09085066007117426,0.09085066007117426,0.09079618350865781,223,False,0.5167891271602248,-0.4736821836046915,4.6503984539352325,6.562456064303365e-08,17.057142857142857,2.58746102328506,0.5597695337184017,5085.317829996692,NAMLS-reconstructed-v1,0.32651847675978685,89,38,140,102,229,wendland_c2,3.0,26,14,4,1e-10,2.0,0.0,namls,6.562456866809896e-08,2.528414499991527e-08,2.5446438511878e-08,5.822568049929089e-08,2.3066174970054476e-08,2.402650900457104e-08,5.426881100056846e-08,0.023022179513176838,0.03250525766590381,0.02944422713780352,0.028219077151490485,0.0006593089999995527,ok,0.3251188300000081,8,False,
0.23340413300000762,0.0,0.0,0.0,annulus,4008,0.3888722089309785,0.0,0.1,0.019459522436297044,0.025459641929166155,0.022325282637157627,0.019121791622408603,1.0,0.07194585971002115,0.07194585971002115,0.07194585971002115,0.06573762067829386,212,False,-0.5741477583431127,0.10709511035660496,4.583461216514515,1.0441219015851427e-07,17.03045685279188,2.532770762912852,0.5669239975672836,6893.847501590404,NAMLS-reconstructed-v1,0.3397750295699012,107,76,197,121,304,wendland_c2,3.0,26,14,4,1e-10,2.0,0.0,namls,1.0441217405260383e-07,4.2674966227451705e-08,3.6978027750933506e-08,8.338881585245872e-08,3.6587411739175124e-08,3.974743667534142e-08,8.98180174956467e-08,0.017149969473431937,0.02582049295415795,0.021304288276132392,0.01789406028410148,0.001150116999994566,ok,0.23455425000000218,8,False,
0.35336211800000683,0.0,0.0,0.0,annulus,4008,0.3041386095543497,0.0,0.08,0.01240891222491258,0.014664532664963805,0.013808621095762481,0.012305183988316778,1.0,0.05008767452073559,0.039836208834536646,0.05008767452073559,0.05008767452073559,437,False,-0.45044087261843346,-0.22170181603084893,4.570756755660586,1.5180930818211633e-07,16.612903225806452,2.524559045959385,0.5704539028141489,10470.211811061301,NAMLS-reconstructed-v1,0.3349058526059838,134,162,310,148,444,wendland_c2,3.0,26,14,4,1e-10,2.0,0.0,namls,1.5180936152603408e-07,6.50647962174844e-08,6.165626742493657e-08,1.3571960164583036e-07,5.638090114031894e-08,6.441213251662248e-08,1.4019832317302416e-07,0.01106024896345598,0.014681338621205329,0.01323657244973931,0.01144799273277501,0.001435190999998781,ok,0.3547973090000056,8,False,
0.11284841500000198,0.0,0.0,0.0,annulus,4009,1.0,0.0,0.2,0.10522157340148748,nan,0.14569785709098534,0.14569785709098534,1.0,0.42240282523783046,nan,0.42240282523783046,0.42240282523783046,58,False,0.2750251249938278,0.8464402995026461,4.5052567898751175,2.6308177138059286e-08,18.872340425531913,2.861903608912852,0.5059138925359997,2420.4198035243526,NAMLS-reconstructed-v1,0.33988727647133227,54,0,47,47,101,wendland_c2,3.0,26,14,4,1e-10,2.0,0.0,namls,2.6308184075674035e-08,8.497662573603293e-09,8.216500146929206e-09,2.0775902775937993e-08,6.934214313858433e-09,8.711936505534368e-09,2.1785915294003644e-08,0.11261176946075871,nan,0.1650804106275658,0.1650804106275658,0.00446074300000987,ok,0.11730915800001185,9,False,
0.14831762000000026,0.0,0.0,0.0,annulus,4009,0.9969158836615637,0.0,0.16,0.06149199916698022,0.03292214481286915,0.07813234180344408,0.07869827883198811,1.0,0.4565544671589501,0.03292214481286915,0.4565544671589501,0.4565544671589501,69,False,0.8833478429493176,0.226805177094324,5.073432753223177,4.0658277660375266e-08,17.526315789473685,2.7892006707447083,0.5360070672151669,3614.958165234034,NAMLS-reconstructed-v1,0.30831936632674817,68,1,76,75,144,wendland_c2,3.0,26,14,4,1e-10,2.0,0.0,namls,4.06582771894648e-08,1.4292146577332687e-08,1.2155988438067311e-08,2.8903690107995317e-08,1.2649227554284437e-08,1.4368299439126986e-08,3.330134568102494e-08,0.06258899819952449,0.03292214481286915,0.08615340572500307,0.086642502314604,0.00032809699999347686,ok,0.14864571699999374,9,False,
0.2128680830000036,0.0,0.0,0.0,annulus,4009,0.5550886041133155,0.0,0.12,0.030282521604526772,0.03874079583074794,0.03568248814766664,0.033693436836689766,1.0,0.1213962685506973,0.1213962685506973,0.1213962685506973,0.09308708577920766,200,False,0.3974341939072116,-0.5767458047404096,4.5771403424260395,7.116486217446142e-08,17.087591240875913,2.669638320637527,0.5504373554241777,5445.517313188643,NAMLS-reconstructed-v1,0.3378947334646721,89,38,137,99,226,wendland_c2,3.0,26,14,4,1e-10,2.0,0.0,namls,7.116485534197636e-08,2.7602170327156728e-08,2.5017439675423248e-08,5.744853641307368e-08,2.486909056464981e-08,2.5591036845185045e-08,6.088751902666445e-08,0.0255185685454001,0.03831976713079387,0.03277556938845414,0.030379955174591012,0.0007268490000029715,ok,0.21359493200000657,9,False,
0.24302243299999304,0.0,0.0,0.0,annulus,4009,0.4390398113236835,0.0,0.1,0.02182447319344833,0.027264651056334438,0.025079084725030926,0.02292615105989436,1.0,0.07836080343475305,0.07783318766416081,0.07836080343475305,0.07836080343475305,130,False,-0.821507611424556,-0.4670654577421069,4.5021807668690625,1.0101410526510823e-07,16.93717277486911,2.5739742828053105,0.5640714055365526,6571.947325884784,NAMLS-reconstructed-v1,0.33973784913857497,107,74,191,117,298,wendland_c2,3.0,26,14,4,1e-10,2.0,0.0,namls,1.0101408306064773e-07,4.1008253681695805e-08,3.736640774576472e-08,8.729790758579966e-08,3.7984459577700136e-08,3.7443998790465116e-08,8.530250125671134e-08,0.019083222406101476,0.02710154552375107,0.023836536967087794,0.021517223373996926,0.00087291600000583,ok,0.24389534899999887,9,False,
0.3152158679999957,0.0,0.0,0.0,annulus,4009,0.2646646393829667,0.0,0.08,0.013288176534122394,0.016249151806476014,0.014802938192095211,0.01219866527989498,1.0,0.06488817020694587,0.03948385758204753,0.06488817020694587,0.06488817020694587,142,False,0.5040275378313847,0.8123374928927579,4.840498386679658,1.5889490357036026e-07,16.60655737704918,2.505535814291977,0.5717518779375534,9710.923264353985,NAMLS-reconstructed-v1,0.3191155300202697,134,158,305,147,439,wendland_c2,3.0,26,14,4,1e-10,2.0,0.0,namls,1.5889491034037917e-07,6.789601858514516e-08,5.784960244170634e-08,1.2924689651860888e-07,5.820401613454429e-08,6.577259981099814e-08,1.4416202986922144e-07,0.011894799373584496,0.01616760409606993,0.014270508933048438,0.01189884233200433,0.0016225090000006048,ok,0.3168383769999963,9,False,
0.06832754500000249,0.0,0.0,0.0,circle,1000,0.2688923890230712,0.0,0.2,0.13428260037663872,0.19362463963399787,0.160485624230986,0.11795762117791249,1.0,0.35221983778962707,0.35221983778962707,0.35221983778962707,0.33218987995896154,71,False,-0.024456743494682853,-0.5896135730458179,4.541088394526896,2.5778994556512005e-08,16.614035087719298,2.5498405828889075,0.5649126418350839,1835.9527996087043,NAMLS-reconstructed-v1,0.34443737677294917,40,22,57,35,97,wendland_c2,3.0,26,14,4,1e-10,2.0,0.0,namls,2.5778988721469887e-08,7.871667317971287e-09,8.096615378150318e-09,2.094924234086193e-08,6.8229535910013794e-09,7.886997499539916e-09,2.0255143340364157e-08,0.11142763548913287,0.1850304874154929,0.14535880839928417,0.1135360550922773,0.001364086000009479,ok,0.06969163100001197,0,False,
0.24078771499999618,0.0,0.0,0.0,circle,1000,0.552765031651533,0.0,0.16,0.08072843669501958,0.07807838169632363,0.09304716970505515,0.11453017120185759,1.0,0.6480044197607023,0.25964224584560314,0.6480044197607023,0.6480044197607023,58,False,-0.38831071390710015,0.8252022718491254,4.617711880283811,3.9628691330075314e-08,16.516483516483518,2.5221780842926687,0.5696402493122339,2806.7764462809328,NAMLS-reconstructed-v1,0.32973032257531565,50,47,91,44,141,wendland_c2,3.0,26,14,4,1e-10,2.0,0.0,namls,3.962868255769081e-08,1.4267946379931118e-08,1.264857574234668e-08,3.047359597996291e-08,1.2111544656079332e-08,1.2521756520555982e-08,3.131242490295172e-08,0.08628266301077077,0.07863033233222919,0.10740200793181337,0.13134913038804882,0.0009581129999958193,ok,0.241745827999992,0,False,
0.37272392899998863,0.0,0.0,0.0,circle,1000,0.22183652623296604,0.0,0.12,0.0313752363364926,0.03612945911751191,0.03483905745619638,0.03120976884176709,1.0,0.112545984007979,0.09927821817418868,0.112545984007979,0.112545984007979,95,False,0.6759675410945166,-0.6445337552871596,4.505285142789159,6.456005888194159e-08,16.139240506329113,2.4803555345116575,0.5764138135797697,4212.488502007564,NAMLS-reconstructed-v1,0.34290323853321136,66,99,158,59,224,wendland_c2,3.0,26,14,4,1e-10,2.0,0.0,namls,6.456005688382227e-08,2.5246305934700786e-08,2.4370781837035338e-08,5.6484054766769987e-08,2.4717897284531887e-08,2.3824087591606258e-08,5.4883546596329325e-08,0.029693888661872156,0.03609102296974154,0.03535595247768296,0.0340869330757729,0.001421871000005126,ok,0.37414579999999376,0,False,
0.5702433539999987,0.0,0.0,0.0,circle,1000,0.23432770193385394,0.0,0.1,0.021602079877146647,0.02415225941285225,0.02357195508281466,0.02193208902638946,1.0,0.11289339435016443,0.06649111673356911,0.11289339435016443,0.11289339435016443,116,False,0.8712576690821211,-0.3659712356965786,4.625724208844941,1.0325025095511498e-07,16.315555555555555,2.469844470436004,0.5806224450607613,5923.452562341363,NAMLS-reconstructed-v1,0.3310361706622636,79,146,225,79,304,wendland_c2,3.0,26,14,4,1e-10,2.0,0.0,namls,1.0325022969936981e-07,4.088937233248657e-08,3.91473287120192e-08,8.796398631716329e-08,3.89236669562365e-08,3.7796085372576727e-08,8.88667175402702e-08,0.02087432576655637,0.024189671243651626,0.024263753741591048,0.024400073748446563,0.005720233000005237,ok,0.5759635870000039,0,False,
0.43646939200000645,0.0,0.0,0.0,circle,1000,0.09440308083029793,0.0,0.08,0.015295813598404172,0.01736566607714825,0.016358743060951184,0.011342186453932212,1.0,0.06293318569903805,0.04882543807460871,0.06293318569903805,0.06293318569903805,104,False,0.7698383465710045,0.5668199681965604,4.297073431705543,1.5773777626373505e-07,16.19088319088319,2.470083184215133,0.5765628840070816,9261.721245113968,NAMLS-reconstructed-v1,0.3506294814566611,99,253,351,98,450,wendland_c2,3.0,26,14,4,1e-10,2.0,0.0,namls,1.5773779615813055e-07,6.818638809136246e-08,6.579654865390694e-08,1.443814738877336e-07,6.57799961167882e-08,6.21128573019547e-08,1.3706587430502293e-07,0.014037401030634434,0.017244773388754506,0.01589422680606505,0.011708266540522094,0.0027682399999946483,ok,0.4392376320000011,0,False,
0.1413887690000024,0.0,0.0,0.0,circle,1001,0.3983467868803257,0.0,0.2,0.11512593572783897,0.15563935238881038,0.1380626660687448,0.12008277700784874,1.0,0.47535927032626235,0.30655489235908734,0.47535927032626235,0.47535927032626235,53,False,-0.5231288745404166,-0.7200251249936193,4.819007943117159,2.666814974319972e-08,16.964285714285715,2.528421580839925,0.565379345663287,1685.015844918558,NAMLS-reconstructed-v1,0.32195511898808304,40,21,56,35,96,wendland_c2,3.0,26,14,4,1e-10,2.0,0.0,namls,2.666814344069626e-08,7.685017511249725e-09,6.760712434328298e-09,1.7875058766492202e-08,7.350521913752892e-09,7.264962409436748e-09,1.986414055465957e-08,0.10548129928818943,0.15708038038061134,0.1381074395401199,0.12535276714063423,0.0009831189999971457,ok,0.14237188799999956,1,False,
0.21950895300000184,0.0,0.0,0.0,circle,1001,0.4350911003107263,0.0,0.16,0.0747203121056234,0.0862706017014927,0.08596822239070688,0.08558032531322347,1.0,0.39473551007468033,0.23908831301746314,0.39473551007468033,0.39473551007468033,54,False,0.48867403702092704,0.7700270680577855,4.656371706957012,4.14583600020129e-08,16.8876404494382,2.5604055451962062,0.5624124547164561,2830.684962699906,NAMLS-reconstructed-v1,0.33469467890774135,50,41,89,48,139,wendland_c2,3.0,26,14,4,1e-10,2.0,0.0,namls,4.1458362520785386e-08,1.499924895398408e-08,1.247780989643843e-08,3.1053887850074346e-08,1.2100709545492805e-08,1.4673336767856426e-08,3.498937502171987e-08,0.07416669595946632,0.08374399011989954,0.09268753426642018,0.09969347193369466,0.000942609999995625,ok,0.22045156299999746,1,False,
0.4132858319999997,0.0,0.0,0.0,circle,1001,0.2857416695059885,0.0,0.12,0.03277877030964162,0.03640126193638438,0.03642610723032569,0.03648843533831068,1.0,0.12244814340830235,0.1032827804965184,0.12244814340830235,0.12244814340830235,94,False,0.541773136068204,-0.7608139113244041,4.770178720620454,6.81662042867652e-08,16.4025974025974,2.4794298776638715,0.5755756103218724,4295.319877440286,NAMLS-reconstructed-v1,0.3268100009482393,66,94,154,60,220,wendland_c2,3.0,26,14,4,1e-10,2.0,0.0,namls,6.816621184800955e-08,2.6956346488304916e-08,2.2732238313949438e-08,5.2258095162173065e-08,2.4552940118320883e-08,2.7082813547352202e-08,6.112538455852156e-08,0.0305121851935113,0.036053124060095726,0.03646903667659399,0.03711126267500187,0.005378776000000585,ok,0.41866460800000027,1,False,
0.28921241099999406,0.0,0.0,0.0,circle,1001,0.3084082460100215,0.0,0.1,0.023708554777393583,0.02495504873150339,0.02582794759951794,0.028174241016468725,1.0,0.15757917286539852,0.0772988996179389,0.15757917286539852,0.15757917286539852,112,False,0.4833064860083501,-0.8120589239676937,5.076363662406201,9.811191704362899e-08,16.388646288209607,2.48262909907722,0.5766081067044798,6240.670175322174,NAMLS-reconstructed-v1,0.31532851039191134,79,150,229,79,308,wendland_c2,3.0,26,14,4,1e-10,2.0,0.0,namls,9.811191394054229e-08,3.9551036667972994e-08,3.764884404233726e-08,8.524245620478155e-08,3.893733385718079e-08,3.901087053392871e-08,8.794443621089202e-08,0.024520223200164514,0.025070722350777893,0.028436885950147844,0.03392119807405897,0.001632383000000459,ok,0.2908447939999945,1,False,
0.8535287349999976,0.0,0.0,0.0,circle,1001,0.10031338591482819,0.0,0.08,0.017370922087799587,0.019687152532095565,0.0185770599342393,0.013192414666093883,1.0,0.07827845209487783,0.07827845209487783,0.07827845209487783,0.04738486663230179,412,False,0.512657080278452,-0.48759776916259734,4.564283621504798,1.5847250928517565e-07,16.1887323943662,2.466849078586354,0.5798121170038547,9356.225496296795,NAMLS-reconstructed-v1,0.339721090592958,99,256,355,99,454,wendland_c2,3.0,26,14,4,1e-10,2.0,0.0,namls,1.5847247425426758e-07,6.716925815553054e-08,6.039320399331416e-08,1.3014680325107442e-07,5.792097753848879e-08,6.697617971340719e-08,1.4612252652312918e-07,0.016172490767641795,0.0198517556280689,0.018289029557400725,0.013429896611113186,0.0064839270000049964,ok,0.8600126620000026,1,False,
0.13563991300000566,0.0,0.0,0.0,circle,1002,0.2498734069976309,0.0,0.2,0.16360231047657092,0.245268050712522,0.1966527963972142,0.13661269739252377,1.0,0.7841171059207281,0.7841171059207281,0.7841171059207281,0.4341560841770241,74,False,-0.5291302241612935,0.13913840860320947,4.716182533615774,2.6171103781249655e-08,16.964285714285715,2.500052968642714,0.573167431569369,1645.1662890273815,NAMLS-reconstructed-v1,0.3281963584817827,40,21,56,35,96,wendland_c2,3.0,26,14,4,1e-10,2.0,0.0,namls,2.6171102618377518e-08,8.181311184074502e-09,7.44014849729524e-09,1.889014411560197e-08,6.815657267842008e-09,8.403254092570478e-09,2.1424948037918057e-08,0.1411220270826694,0.24529197242886858,0.18477210609484018,0.13610392669695356,0.0006386089999921296,ok,0.1362785219999978,2,False,
0.21521714099999656,0.0,0.0,0.0,circle,1002,0.34660562060055183,0.0,0.16,0.0727813800775947,0.0891900079078011,0.08370137331045888,0.07562864903645142,1.0,0.2689731591542963,0.19664547569410956,0.2689731591542963,0.2689731591542963,62,False,-0.9048086075987769,0.1143039090108568,4.48409818512365,4.046903536685051e-08,16.933333333333334,2.544617450680608,0.5630285557855983,2811.707194735881,NAMLS-reconstructed-v1,0.3480921295969223,50,42,90,48,140,wendland_c2,3.0,26,14,4,1e-10,2.0,0.0,namls,4.046903936960611e-08,1.3978710633466562e-08,1.2448653885499539e-08,3.215714948490156e-08,1.2681428018801455e-08,1.2933409676563201e-08,3.0991250010714566e-08,0.06876899155220506,0.0876715858838102,0.08577000174076763,0.08407084005430557,0.0006329699999980676,ok,0.21585011099999463,2,False,
0.19167384099999651,0.0,0.0,0.0,circle,1002,0.18781783559512125,0.0,0.12,0.043596995169507914,0.05295329267407924,0.048394881570330034,0.036981906369720444,1.0,0.20365655012922712,0.1441825071365903,0.20365655012922712,0.20365655012922712,69,False,0.7857307505642039,0.5049584867516164,4.471142962800102,7.559603121099968e-08,16.528662420382165,2.4905349601032065,0.5736445650227469,4522.350148554337,NAMLS-reconstructed-v1,0.34117925297473806,66,90,157,67,223,wendland_c2,3.0,26,14,4,1e-10,2.0,0.0,namls,7.559608034002352e-08,2.9737711848554227e-08,2.923469555327074e-08,6.610041436427849e-08,2.572174007120509e-08,2.698261991618267e-08,6.421747707208159e-08,0.04016599675467581,0.05359853619721039,0.04786974942361746,0.038867407484823396,0.001126482000003648,ok,0.19280032300000016,2,False,
0.5238259649999861,0.0,0.0,0.0,circle,1002,0.22058176560129283,0.0,0.1,0.022475354421334106,0.024873798885845802,0.024477854363521536,0.0232166551926427,1.0,0.11240719288001388,0.07454574162832261,0.11240719288001388,0.11240719288001388,98,False,-0.9382829818577008,0.11247218724529282,4.7960365195138985,9.973635458678803e-08,16.26605504587156,2.476893071288788,0.5791752769250975,5880.203076558719,NAMLS-reconstructed-v1,0.3247468080252693,79,144,218,74,297,wendland_c2,3.0,26,14,4,1e-10,2.0,0.0,namls,9.973640388069032e-08,4.052076052474263e-08,3.589757335831223e-08,8.500156626042667e-08,3.6247321574449155e-08,3.8619034192777235e-08,8.735515253342763e-08,0.02160255147890719,0.02487943006650892,0.02521477090298772,0.02585486221351633,0.0015492899999998144,ok,0.5253752549999859,2,False,
0.9081730700000037,0.0,0.0,0.0,circle,1002,0.11094815879221266,0.0,0.08,0.014419981488315638,0.01640365607939102,0.015428172869362593,0.011120683524122089,1.0,0.046885043434676366,0.04055162903775833,0.046885043434676366,0.046885043434676366,117,False,-0.626046846652398,0.7224965723519539,4.696328410571774,1.6670416938835393e-07,16.228169014084507,2.474225795919453,0.5793735778353533,9345.914490063748,NAMLS-reconstructed-v1,0.33135537456331243,99,253,355,102,454,wendland_c2,3.0,26,14,4,1e-10,2.0,0.0,namls,1.667041511638212e-07,7.115104505572845e-08,6.161543453231388e-08,1.336411895869194e-07,6.933613770892383e-08,6.264147733858749e-08,1.384428590794906e-07,0.013499270612477866,0.016442129480358246,0.015265957655016111,0.011855181328374596,0.0022728649999947947,ok,0.9104459349999985,2,False,
0.15528506100000072,0.0,0.0,0.0,circle,1003,0.5130772597272103,0.0,0.2,0.10614059966941927,0.12951247959883916,0.1270560276484141,0.12484953850929717,1.0,0.46016036403680033,0.28236155347909575,0.46016036403680033,0.46016036403680033,43,False,0.5231288745403727,0.7200251249936511,4.751710697306605,2.6746509160738306e-08,17.140350877192983,2.552918801930696,0.5673581866750704,1804.7427786503113,NAMLS-reconstructed-v1,0.33068440907915697,40,20,57,37,97,wendland_c2,3.0,26,14,4,1e-10,2.0,0.0,namls,2.6746510561892478e-08,7.784744848748915e-09,7.825050829524116e-09,2.0298329239665236e-08,7.163302867541077e-09,7.997679851712292e-09,2.0463998273712036e-08,0.10737491914064178,0.12979000228360502,0.14007198689749958,0.14532724604659075,0.0047545089999943,ok,0.16003956999999502,3,False,
0.10002483600000289,0.0,0.0,0.0,circle,1003,0.2130742372852468,0.0,0.16,0.08659405811280298,0.11509071947497299,0.10013420929464423,0.07269241113497237,1.0,0.4548441193292913,0.4548441193292913,0.4548441193292913,0.22825351163745955,135,False,-0.017442642913079644,0.07342757122115304,4.55094021900805,4.32208567847699e-08,16.471264367816094,2.491160963509367,0.572821431997947,2481.5057113348475,NAMLS-reconstructed-v1,0.34004817498544676,50,42,87,45,137,wendland_c2,3.0,26,14,4,1e-10,2.0,0.0,namls,4.322085090058787e-08,1.4358377153911306e-08,1.2384589354041964e-08,3.1577667147786315e-08,1.457770421643783e-08,1.2852911179805915e-08,3.093863155945176e-08,0.0762364665000211,0.11595433075829958,0.09566727775911264,0.07173047584714372,0.0006778159999925037,ok,0.1007026519999954,3,False,
0.37454400199999327,0.0,0.0,0.0,circle,1003,0.2851160518466905,0.0,0.12,0.03751005095347276,0.04273171487753859,0.04166633751435118,0.03931020103128545,1.0,0.15963674853489596,0.10093738820159848,0.15963674853489596,0.15963674853489596,88,False,-0.4669999703557758,-0.8088676651078409,4.799738134292354,7.223212855262594e-08,16.564102564102566,2.5269537989735946,0.568884116684484,4398.226495867439,NAMLS-reconstructed-v1,0.32762903380915914,66,90,156,66,222,wendland_c2,3.0,26,14,4,1e-10,2.0,0.0,namls,7.223215181539899e-08,2.7466170227086195e-08,2.446657876298275e-08,5.7185836954687375e-08,2.588877759390762e-08,2.504134566372329e-08,6.03303123014598e-08,0.03560669652626284,0.042533495621212274,0.04247622094410136,0.0423979944225493,0.005125850000013088,ok,0.37966985200000636,3,False,
0.2737673200000046,0.0,0.0,0.0,circle,1003,0.13816741547768804,0.0,0.1,0.02345167248488318,0.02733027134467115,0.025593267201542945,0.019249708065100214,1.0,0.06739795315824118,0.06598174752286412,0.06739795315824118,0.06739795315824118,80,False,0.9330696227982375,0.1496861178067268,4.408997978766627,9.942233731289993e-08,16.24229074889868,2.4812768415103865,0.5760327072828567,6365.033670230608,NAMLS-reconstructed-v1,0.3416880969054325,79,150,227,77,306,wendland_c2,3.0,26,14,4,1e-10,2.0,0.0,namls,9.942231216086839e-08,3.9309346000493406e-08,3.854174024375823e-08,8.505557147486797e-08,3.5655452812477506e-08,3.447013652291275e-08,8.018784392049838e-08,0.02091821312004377,0.026802540770271163,0.024286915848172917,0.01842517092562972,0.0016047519999915494,ok,0.27537207199999614,3,False,
0.46170829400000457,0.0,0.0,0.0,circle,1003,0.12820192646290232,0.0,0.08,0.012546484295325086,0.013989566547512638,0.013430996446593336,0.010850553465814889,1.0,0.05870565741515693,0.04111526817322364,0.05870565741515693,0.05870565741515693,144,False,0.8042383222841424,-0.5168525940754752,4.640702977038876,1.6457242102444976e-07,16.175487465181057,2.471824571317455,0.5792185469158134,9384.416754754142,NAMLS-reconstructed-v1,0.3308372475463882,99,262,359,97,458,wendland_c2,3.0,26,14,4,1e-10,2.0,0.0,namls,1.6457244549072936e-07,7.121920742036991e-08,6.537713703735903e-08,1.4101755674289507e-07,5.703392763472457e-08,6.257506091067455e-08,1.4383601891487796e-07,0.011797644156688426,0.01396716154445863,0.013325416966589147,0.011413086665244833,0.002469687000001386,ok,0.46417798100000596,3,False,
0.15316034599999284,0.0,0.0,0.0,circle,1004,0.7055459830938847,0.0,0.2,0.11682730029826792,0.10907499166163409,0.13952025507704996,0.16279442216105908,1.0,0.7346945908055544,0.22312354182780175,0.7346945908055544,0.7346945908055544,57,False,0.5231288745402516,-0.720025124993739,4.803166489707611,2.6870556855597354e-08,17.413793103448278,2.5888331188100353,0.564588651878277,1843.6802059502743,NAMLS-reconstructed-v1,0.32935432555404853,40,21,58,37,98,wendland_c2,3.0,26,14,4,1e-10,2.0,0.0,namls,2.687055733474608e-08,8.45362757573298e-09,7.101446986013116e-09,1.8438782500851403e-08,6.81814520120394e-09,7.890025077728069e-09,2.1047642295712876e-08,0.13295231709954744,0.10997613802788767,0.1728203783965617,0.1998843892423734,0.0007955309999942983,ok,0.15395587699998714,4,False,
0.21245626200000345,0.0,0.0,0.0,circle,1004,0.11317850017700132,0.0,0.16,0.08773372822782229,0.12212232435847097,0.10050767313667361,0.05350836417859223,1.0,0.5200476076791654,0.5200476076791654,0.5200476076791654,0.14897884353084834,114,False,0.010337244428584524,-0.11685999499869529,4.668492160415016,3.947841566051537e-08,16.369565217391305,2.5759470390623402,0.5624138977091266,2885.080073284869,NAMLS-reconstructed-v1,0.3359040960846513,50,45,92,47,142,wendland_c2,3.0,26,14,4,1e-10,2.0,0.0,namls,3.947841786811068e-08,1.4267648840160518e-08,1.3053476521918128e-08,3.25114920889696e-08,1.4486867705443274e-08,1.3794944742073767e-08,3.2610720585718456e-08,0.07772981149799801,0.12520242197993178,0.09656903087176141,0.05697126177913019,0.0006350830000059204,ok,0.21309134500000937,4,False,
0.3721901269999961,0.0,0.0,0.0,circle,1004,0.270166382551449,0.0,0.12,0.03163640774869988,0.035987681019785375,0.03510249476180302,0.03300326906204847,1.0,0.14291452349578587,0.12861156920278932,0.14291452349578587,0.14291452349578587,98,False,0.9171213305540572,-0.17676064130570146,4.562532957804394,7.191043448417122e-08,16.658227848101266,2.4827431075598083,0.5756378389228898,4348.438563338275,NAMLS-reconstructed-v1,0.34174390629164986,66,94,158,64,224,wendland_c2,3.0,26,14,4,1e-10,2.0,0.0,namls,7.191048763686007e-08,2.840721391450529e-08,2.4318260072320186e-08,5.7025337452110136e-08,2.5303552060695045e-08,2.8520084516259203e-08,6.439595387414372e-08,0.031141970626358904,0.0363276128354606,0.03708015632660233,0.038158556998246385,0.0011667619999968792,ok,0.373356888999993,4,False,
0.5419638230000032,0.0,0.0,0.0,circle,1004,0.26444740765456576,0.0,0.1,0.0195925807439017,0.021289552263082615,0.02131968423619232,0.021404173034833388,1.0,0.122585026915909,0.05409443388049673,0.122585026915909,0.122585026915909,82,False,0.8394270042683221,0.4340359017732494,4.441456019576636,1.0073265445906411e-07,16.370689655172413,2.4808143627431756,0.5770885320537535,6362.554425539232,NAMLS-reconstructed-v1,0.34236608566656895,79,152,232,80,311,wendland_c2,3.0,26,14,4,1e-10,2.0,0.0,namls,1.0073262401988359e-07,4.099712924698906e-08,3.922335745087935e-08,8.766858172748471e-08,4.1160281405439036e-08,3.9565515308481736e-08,8.711442767150857e-08,0.019416468305209714,0.021457275230157533,0.022480524530066263,0.02430630980940651,0.029868395000008263,ok,0.5718322180000115,4,False,
0.4288693179999967,0.0,0.0,0.0,circle,1004,0.06517628667223298,0.0,0.08,0.020965163068361353,0.024347349547054187,0.022443753330308038,0.012635324234397352,1.0,0.07893427024874211,0.07893427024874211,0.07893427024874211,0.06490587304026696,340,False,0.40273247969582154,0.5243219756030778,4.807854924869245,1.7098085060645441e-07,16.144475920679888,2.463139002276765,0.5788516628595465,9482.323735713479,NAMLS-reconstructed-v1,0.31907986084957246,99,253,353,100,452,wendland_c2,3.0,26,14,4,1e-10,2.0,0.0,namls,1.7098085058897539e-07,7.243814437174478e-08,6.681647324313644e-08,1.4639181194473228e-07,7.221605027862843e-08,6.16502138228725e-08,1.3822670474894494e-07,0.019222658899136515,0.024391172980904843,0.021751806153977385,0.012845886596375812,0.002144512999990411,ok,0.43101383099998714,4,False,
0.11984544399999209,0.0,0.0,0.0,circle,1005,0.6384735646765595,0.0,0.2,0.10853034968879789,0.1131794244019992,0.13048641124627583,0.1446650180648041,1.0,0.6093178313000296,0.27722327903256117,0.6093178313000296,0.6093178313000296,45,False,1.8893813258482854e-13,0.8899999999999999,4.561064879273079,2.6060065982618805e-08,16.814814814814813,2.5207106879560865,0.5680365487716745,1717.3366839125367,NAMLS-reconstructed-v1,0.3490683112959933,40,20,54,34,94,wendland_c2,3.0,26,14,4,1e-10,2.0,0.0,namls,2.60600660815331e-08,7.883264263597312e-09,8.11506373210591e-09,2.0861996907761693e-08,7.033171314058898e-09,7.689546777100986e-09,1.9505264958752377e-08,0.10957618092391294,0.11348301327398848,0.14457167298685564,0.16006289388833678,0.0005995799999993778,ok,0.12044502399999146,5,False,
0.2011256990000021,0.0,0.0,0.0,circle,1005,0.44355707789580906,0.0,0.16,0.060869164055435174,0.07069195237282969,0.07032384467944384,0.06987008370793854,1.0,0.2557932389944606,0.20451974476321955,0.2557932389944606,0.2557932389944606,59,False,-0.5813306786506081,0.7027080774116826,5.178047984625287,4.122256650839841e-08,16.811764705882354,2.5138358814036956,0.5718087118209468,2479.9840206585654,NAMLS-reconstructed-v1,0.3035822471857164,50,37,85,48,135,wendland_c2,3.0,26,14,4,1e-10,2.0,0.0,namls,4.122256990271578e-08,1.4401800196850445e-08,1.2681210748155536e-08,3.200335552122624e-08,1.2028519069673393e-08,1.3358777861682825e-08,3.350703045232328e-08,0.05923938834810929,0.07237982085388468,0.07465656212447254,0.07636523662741716,0.000582143999992013,ok,0.2017078429999941,5,False,
0.3523376719999902,0.0,0.0,0.0,circle,1005,0.2837271172555002,0.0,0.12,0.03471233813131196,0.03887333860496816,0.03853810183306211,0.037728926108373764,1.0,0.24725798745438532,0.10647129342694028,0.24725798745438532,0.24725798745438532,94,False,0.541773136068204,-0.7608139113244041,4.600893183937718,7.050550858486009e-08,16.307692307692307,2.4980459497544443,0.5772464604308919,4229.763447538793,NAMLS-reconstructed-v1,0.335720730808896,66,94,156,62,222,wendland_c2,3.0,26,14,4,1e-10,2.0,0.0,namls,7.050550898668462e-08,2.6988665524640965e-08,2.494438966493817e-08,5.807027592119596e-08,2.3153384987040226e-08,2.2853830827784805e-08,5.340741182635611e-08,0.034328883253927016,0.03888180146357332,0.04095188186813546,0.04390461663901165,0.0007859370000034005,ok,0.3531236089999936,5,False,
0.2443141809999929,0.0,0.0,0.0,circle,1005,0.1772858156574242,0.0,0.1,0.028337062701126372,0.03264244619435781,0.030865036358408367,0.02527195991510898,1.0,0.13768326240976592,0.13768326240976592,0.13768326240976592,0.08389304133843647,148,False,0.4667746883764646,-0.5454349709347837,4.572818983237561,1.0616973703501024e-07,16.436363636363637,2.489623290356393,0.5776897788800921,6122.594335795549,NAMLS-reconstructed-v1,0.33406321691872215,79,141,220,79,299,wendland_c2,3.0,26,14,4,1e-10,2.0,0.0,namls,1.061697569859632e-07,4.2076857109663024e-08,4.054158675437236e-08,9.021353530869192e-08,3.935730619186728e-08,3.8130921975465526e-08,8.54412378625824e-08,0.02582254438227824,0.033094800436444596,0.030103936296078996,0.023851294492424124,0.0010049920000057,ok,0.2453191729999986,5,False,
0.8738429660000122,0.0,0.0,0.0,circle,1005,0.11825997967135883,0.0,0.08,0.014123961689387324,0.015942867688403903,0.015104121238038894,0.011372659769655905,1.0,0.04704899525757478,0.04704899525757478,0.04704899525757478,0.044730867625652704,377,False,0.38008929642106826,0.5263896729644802,4.627163014313427,1.631586364985553e-07,16.210084033613445,2.4819472832648084,0.5776219656085865,9808.58455102304,NAMLS-reconstructed-v1,0.33436606711211025,99,255,357,102,456,wendland_c2,3.0,26,14,4,1e-10,2.0,0.0,namls,1.631586954431441e-07,7.013617775442071e-08,7.021912296067967e-08,1.517374386139636e-07,6.387261079765505e-08,5.797509583516103e-08,1.3304580441899413e-07,0.013014516649014667,0.016022193992921627,0.014708769986774556,0.010744345022680768,0.0020400889999905303,ok,0.8758830550000027,5,False,
0.12758805400000028,0.0,0.0,0.0,circle,1006,0.41212669503965815,0.0,0.2,0.1281939664723752,0.17745180409756445,0.15390167645349923,0.13228659796943992,1.0,0.5639195221855933,0.5024706220400522,0.5639195221855933,0.5639195221855933,57,False,0.5231288745402516,-0.720025124993739,4.57935963336709,2.6137836344867472e-08,16.896551724137932,2.5201658306819894,0.570436609865316,1838.3584188865336,NAMLS-reconstructed-v1,0.33513168823502043,40,20,58,38,98,wendland_c2,3.0,26,14,4,1e-10,2.0,0.0,namls,2.6137835878320415e-08,7.586597572384335e-09,7.799032308852816e-09,2.033288707542491e-08,7.11613674041732e-09,7.602653617766464e-09,1.9732626643786944e-08,0.121033687818333,0.1809667252421838,0.1573277411316875,0.14332865605967476,0.00047448400000860147,ok,0.12806253800000889,6,False,
0.208879311000004,0.0,0.0,0.0,circle,1006,0.5216494391736879,0.0,0.16,0.08414694979625892,0.0903502374612441,0.09706827096360564,0.10475897851322002,1.0,0.6740370132689598,0.20082887259835508,0.6740370132689598,0.6740370132689598,54,False,0.48867403702092704,0.7700270680577855,4.729778997219032,3.96703939118005e-08,16.83529411764706,2.51924767820616,0.5698391920977639,2505.37622295016,NAMLS-reconstructed-v1,0.32825114081643986,50,37,85,48,135,wendland_c2,3.0,26,14,4,1e-10,2.0,0.0,namls,3.96703835892076e-08,1.3709521962113058e-08,1.2784343361715855e-08,3.125320446883961e-08,1.262653821429427e-08,1.1735755478525789e-08,2.994342601647659e-08,0.09209028652483359,0.09089586760282334,0.11605697473784173,0.13222358306588702,0.00034258799999520306,ok,0.2092218989999992,6,False,
0.38649984299999574,0.0,0.0,0.0,circle,1006,0.1318557947877161,0.0,0.12,0.05278618888824536,0.0664408896240038,0.058544374826075975,0.03723561141262099,1.0,0.25624754815509065,0.25624754815509065,0.25624754815509065,0.09265525376882511,164,False,-0.4935700280848303,-0.16681955845113294,4.313803133744277,6.900128293020632e-08,16.371794871794872,2.4895916268387976,0.5701131379996887,4362.181580139164,NAMLS-reconstructed-v1,0.34528780421750177,66,90,156,66,222,wendland_c2,3.0,26,14,4,1e-10,2.0,0.0,namls,6.900128113329629e-08,2.635653517657488e-08,2.416813837946563e-08,5.73003446913134e-08,2.536614562582279e-08,2.433652546152132e-08,5.741599359843086e-08,0.046418143642883256,0.06654788567919379,0.05537349761542405,0.034762197161877936,0.004870781000008151,ok,0.3913706240000039,6,False,
0.2781668420000045,0.0,0.0,0.0,circle,1006,0.13555414915521338,0.0,0.1,0.03053248613892169,0.03582340375291838,0.033235857504068336,0.024188482836135443,1.0,0.11172584173491706,0.0945104960162299,0.11172584173491706,0.11172584173491706,106,False,-0.3832213973872795,-0.863809138181647,4.479510483752451,1.0341361558730743e-07,16.303571428571427,2.4632632499673717,0.578617598188628,6101.299502754796,NAMLS-reconstructed-v1,0.34794648065965583,79,146,224,78,303,wendland_c2,3.0,26,14,4,1e-10,2.0,0.0,namls,1.034135829747207e-07,4.204236381255555e-08,3.9689216579930076e-08,8.721528999043951e-08,3.671392813375807e-08,3.54714024819458e-08,8.119155114894028e-08,0.028016558975586938,0.03594458246135693,0.032584577844506926,0.025114904290172206,0.0010678849999976592,ok,0.2792347270000022,6,False,
0.4138711499999914,0.0,0.0,0.0,circle,1006,0.10594536616231089,0.0,0.08,0.016253677336918057,0.01849715599085965,0.017404846882937666,0.01240912054223824,1.0,0.05856380630547048,0.05856380630547048,0.05856380630547048,0.046572226871237965,390,False,-0.5544917199768822,0.08678326867910771,4.56130705312751,1.5141730140506451e-07,16.163323782234958,2.472101243252627,0.5777047604663617,9387.159350061207,NAMLS-reconstructed-v1,0.3342799196441066,99,250,349,99,448,wendland_c2,3.0,26,14,4,1e-10,2.0,0.0,namls,1.5141731113388346e-07,6.360648985292983e-08,6.290726872748564e-08,1.368050135397425e-07,6.184143080956161e-08,6.350209713623656e-08,1.3859567704610498e-07,0.015018126220241214,0.018495189748210704,0.017015395320774448,0.012523010190651,0.003482120000001032,ok,0.41735326999999245,6,False,
0.11951637500000345,0.0,0.0,0.0,circle,1007,0.6268869601382754,0.0,0.2,0.1580782915395328,0.16121881405839494,0.19042039619902032,0.2177318762844678,1.0,1.0456853542840645,0.3529656294699952,1.0456853542840645,1.0456853542840645,55,False,-1.0225344626630001e-13,-0.89,4.611856774968049,2.6630338531105678e-08,17.452830188679247,2.5396182868901827,0.5679507622739152,1696.5747521893056,NAMLS-reconstructed-v1,0.33548749404435485,40,20,53,33,93,wendland_c2,3.0,26,14,4,1e-10,2.0,0.0,namls,2.6630341820599313e-08,7.706810301044698e-09,7.938420365505294e-09,2.0153048008175745e-08,7.2521526284230475e-09,6.865994661708896e-09,1.8245260109458788e-08,0.17889439676002378,0.16281819378111384,0.23697376985921806,0.2722578322520582,0.000704545999994366,ok,0.12022092099999782,7,False,
0.2164203370000024,0.0,0.0,0.0,circle,1007,0.5330901547337775,0.0,0.16,0.07627841053031305,0.07760875038376473,0.08796402485238351,0.10152626342721009,1.0,0.5563311658326872,0.1910399098892172,0.5563311658326872,0.5563311658326872,73,False,0.7991916921999871,-0.4393593507807943,4.8311029487152855,4.005969152863263e-08,17.022727272727273,2.4877006653852023,0.5758667835374138,2400.3098643951575,NAMLS-reconstructed-v1,0.32101762623506397,50,42,88,46,138,wendland_c2,3.0,26,14,4,1e-10,2.0,0.0,namls,4.005970666298708e-08,1.3549970478976547e-08,1.2383466696519463e-08,3.016000454618719e-08,1.3293802503255847e-08,1.1969573332493155e-08,3.02252656164558e-08,0.08365468129564133,0.07808306648584426,0.10475830336851555,0.12420757919465318,0.0005802910000056727,ok,0.21700062800000808,7,False,
0.3808050470000097,0.0,0.0,0.0,circle,1007,0.19778768946811146,0.0,0.12,0.041222210217368375,0.04917724918628657,0.04585992019445903,0.037090802137453,1.0,0.2162076039842551,0.2162076039842551,0.2162076039842551,0.15813253178253006,218,False,-0.0026377685604210277,-0.20083454946376447,4.581214376576642,7.502272944900894e-08,16.54140127388535,2.490832102251196,0.5774552216787099,4318.499198901853,NAMLS-reconstructed-v1,0.33635320285335607,66,94,157,63,223,wendland_c2,3.0,26,14,4,1e-10,2.0,0.0,namls,7.50227388546243e-08,2.9301296056161164e-08,2.2991185621989985e-08,5.413714498736572e-08,2.7858486253973247e-08,2.5814063331353054e-08,6.016955467202934e-08,0.03887376402221489,0.04996841208259969,0.04632966920407953,0.04029408512553058,0.0009134860000017397,ok,0.38171853300001146,7,False,
0.6891827930000005,0.0,0.0,0.0,circle,1007,0.11675638032822583,0.0,0.1,0.021986486121485058,0.02590762681153006,0.023913781270788942,0.016425709542146748,1.0,0.1161196311773921,0.1161196311773921,0.1161196311773921,0.047872691177391014,282,False,-0.024814182661975118,0.14803681313384864,4.446282680378126,1.0381703479656736e-07,16.292576419213972,2.485068454793677,0.5768522639106335,6413.524207839883,NAMLS-reconstructed-v1,0.3418316408212246,79,151,229,78,308,wendland_c2,3.0,26,14,4,1e-10,2.0,0.0,namls,1.0381705184414614e-07,4.217158044994562e-08,3.861601949317617e-08,8.888705004933127e-08,3.8785570199983965e-08,3.9625060788139876e-08,9.112938137434412e-08,0.019823055721754915,0.026146198172002918,0.022989430811510236,0.015107526670260593,0.0011583689999952185,ok,0.6903411619999957,7,False,
1.006922452000012,0.0,0.0,0.0,circle,1007,0.1128139795028676,0.0,0.08,0.014748468927360828,0.016523890178801678,0.01577240050983901,0.012100291412366376,1.0,0.05585996112984093,0.053365273165268734,0.05585996112984093,0.05585996112984093,125,False,-0.9439915714678053,-0.15104933407700494,4.7519022773731034,1.5516355178730086e-07,16.151162790697676,2.4525545728438183,0.5822602790975331,8738.202315975803,NAMLS-reconstructed-v1,0.3240946488287916,99,250,344,94,443,wendland_c2,3.0,26,14,4,1e-10,2.0,0.0,namls,1.5516346909736957e-07,6.636902094570019e-08,6.411770780978543e-08,1.4143474082102576e-07,5.618412966812425e-08,5.879997622137978e-08,1.2880618616151196e-07,0.013516355936186285,0.016303293292443306,0.015338477785079277,0.012412741745301924,0.008547260000000279,ok,1.0154697120000122,7,False,
0.07059236700000326,0.0,0.0,0.0,circle,1008,0.6925318156421991,0.0,0.2,0.11706506973269297,0.11858669897041034,0.14140396080870574,0.15685313988235203,1.0,0.5484223180222186,0.1980570211110202,0.5484223180222186,0.5484223180222186,43,False,0.5231288745403727,0.7200251249936511,4.823802686956672,2.674020115303083e-08,17.37037037037037,2.553893134144836,0.5695998864066137,1618.505794337495,NAMLS-reconstructed-v1,0.32336627873574647,40,18,54,36,94,wendland_c2,3.0,26,14,4,1e-10,2.0,0.0,namls,2.6740192161608164e-08,8.19517964600891e-09,7.543306201895916e-09,2.058495395968347e-08,7.060000584147019e-09,8.424135611306838e-09,2.1171014275012112e-08,0.11497497217107625,0.11590335432748344,0.15169468344522488,0.1667336849773896,0.0004166789999970888,ok,0.07100904600000035,8,False,
0.2594899770000012,0.0,0.0,0.0,circle,1008,0.5679395532477172,0.0,0.16,0.053571143329056145,0.05260142870150945,0.06159107939961967,0.07269926067539241,1.0,0.3751706936783052,0.11176109762283803,0.3751706936783052,0.3751706936783052,54,False,0.48867403702092704,0.7700270680577855,4.684810253562599,3.910913395461095e-08,16.730337078651687,2.5205146905499287,0.577489237959765,2502.440132775743,NAMLS-reconstructed-v1,0.3316974574572264,50,42,89,47,139,wendland_c2,3.0,26,14,4,1e-10,2.0,0.0,namls,3.9109125715697246e-08,1.3012542599000199e-08,1.1552819589866203e-08,2.945677346488651e-08,1.2519375536257371e-08,1.2987231734484794e-08,3.135513389155817e-08,0.05708803676358906,0.05192775963355667,0.07134400818690441,0.0850224544318392,0.0008740279999983613,ok,0.26036400499999957,8,False,
0.18856079399999714,0.0,0.0,0.0,circle,1008,0.3999014385500347,0.0,0.12,0.03188542429192038,0.033032550078434975,0.035469593492530475,0.040410594240428276,1.0,0.2173572425491066,0.08419530597584202,0.2173572425491066,0.2173572425491066,77,False,-0.46699997035541824,0.8088676651080473,4.698841949114225,7.288999622097042e-08,16.394736842105264,2.4879224312634145,0.578133292082247,4085.2117804751956,NAMLS-reconstructed-v1,0.32498143400416246,66,88,152,64,218,wendland_c2,3.0,26,14,4,1e-10,2.0,0.0,namls,7.289000691912406e-08,2.6383275120167582e-08,2.3789865410961397e-08,5.65031443855446e-08,2.3140813716626685e-08,2.3819682670733755e-08,5.5183582148288224e-08,0.03168328059799368,0.033168350313022704,0.037943430776371946,0.04366468933128911,0.001160192000000393,ok,0.18972098599999754,8,False,
0.7001064110000073,0.0,0.0,0.0,circle,1008,0.18854496041644447,0.0,0.1,0.023096550235152447,0.026613155267528693,0.025161348066820584,0.020846872085234516,1.0,0.10143397895689452,0.08544356011228504,0.10143397895689452,0.10143397895689452,98,False,-0.9382829818577008,0.11247218724529282,4.655090679417017,1.0223080862933458e-07,16.327354260089685,2.464723487894981,0.5768950191113383,5831.587242070905,NAMLS-reconstructed-v1,0.33149453465633827,79,141,223,82,302,wendland_c2,3.0,26,14,4,1e-10,2.0,0.0,namls,1.022307918319143e-07,4.2799541244420425e-08,4.0964209802041296e-08,9.138811574160854e-08,3.4393315315367936e-08,3.5801573039506707e-08,7.981975194693014e-08,0.02203395572789492,0.026614367607671448,0.025641505023905598,0.02387615110509511,0.005676727999997411,ok,0.7057831390000047,8,False,
0.4224974130000021,0.0,0.0,0.0,circle,1008,0.09867257794476698,0.0,0.08,0.015645024525496758,0.017729071150615092,0.01671536685565506,0.01177630346653942,1.0,0.06389110740565562,0.06389110740565562,0.06389110740565562,0.03260349503701465,309,False,0.4942633294727507,0.45417007187902136,4.723371148876238,1.5204448524625153e-07,16.24791086350975,2.4788491678305915,0.5763984076428987,9904.956895131752,NAMLS-reconstructed-v1,0.3186437452124319,99,260,359,99,458,wendland_c2,3.0,26,14,4,1e-10,2.0,0.0,namls,1.5204444527822264e-07,6.564357946103883e-08,6.278161812645067e-08,1.384626955314161e-07,6.207413560943564e-08,5.968440452974733e-08,1.292903633043352e-07,0.013998374687885612,0.01750380697601938,0.015811137977480978,0.010094258272610476,0.0017783299999933888,ok,0.4242757429999955,8,False,
0.1183450759999971,0.0,0.0,0.0,circle,1009,0.4968371579464226,0.0,0.2,0.09856663305657871,0.12390232804632892,0.11794557647721224,0.1127113086834921,1.0,0.4125003490316692,0.24505428409627772,0.4125003490316692,0.4125003490316692,43,False,0.5231288745403727,0.7200251249936511,4.677958168479099,2.5705175139520197e-08,16.70909090909091,2.6067300155260096,0.5588330133864449,1750.9526512992882,NAMLS-reconstructed-v1,0.33627644467401613,40,19,55,36,95,wendland_c2,3.0,26,14,4,1e-10,2.0,0.0,namls,2.570517043665177e-08,7.832111403871522e-09,8.034050757999012e-09,2.0289697538625542e-08,6.6971305529234595e-09,7.421934400397845e-09,1.9986411858852193e-08,0.09161875889309391,0.12408708262626132,0.12041063930684207,0.11842428849342913,0.004564686999998457,ok,0.12290976299999556,9,False,
0.10318940499999485,0.0,0.0,0.0,circle,1009,0.2396322057974902,0.0,0.16,0.06818766545906473,0.08776882156486572,0.07874291414744682,0.061884206355296276,1.0,0.33607976994535915,0.23413679518457606,0.33607976994535915,0.33607976994535915,67,False,-0.3883107139074675,-0.8252022718489528,4.641662743441603,3.794551553281309e-08,16.930232558139537,2.519980890785042,0.5719578917640008,2602.602368120998,NAMLS-reconstructed-v1,0.3375717671643562,50,42,86,44,136,wendland_c2,3.0,26,14,4,1e-10,2.0,0.0,namls,3.7945511621728656e-08,1.238403601888649e-08,1.2091131873503969e-08,2.947259236663058e-08,1.2441816465980082e-08,1.140103389474234e-08,2.8317024842463826e-08,0.06527829334355983,0.0888051198876495,0.08208976645929005,0.07512173268713977,0.0005894149999932097,ok,0.10377881999998806,9,False,
0.4856677349999927,0.0,0.0,0.0,circle,1009,0.18595140893128304,0.0,0.12,0.048802738811238734,0.058057570356210376,0.05414807938422019,0.043218606580442215,1.0,0.25274510742698664,0.12862632135363827,0.25274510742698664,0.25274510742698664,72,False,0.3879975866704106,0.849596215795347,4.66317298346719,7.229823419480154e-08,16.428571428571427,2.4963189421561953,0.574505522347954,4204.560153648246,NAMLS-reconstructed-v1,0.32810329858283754,66,92,154,62,220,wendland_c2,3.0,26,14,4,1e-10,2.0,0.0,namls,7.229821652465773e-08,2.8388524420108752e-08,2.855437863935606e-08,6.451774181570613e-08,2.2283830780622793e-08,2.8157900011649417e-08,6.341449509950081e-08,0.04497161696359711,0.05832131113591302,0.05375136320291919,0.04614347584510578,0.0012058610000025283,ok,0.48687359599999525,9,False,
0.5517295779999927,0.0,0.0,0.0,circle,1009,0.1807848490379546,0.0,0.1,0.022972358579374196,0.025934013241357814,0.02501985234497245,0.02182804996229187,1.0,0.08187544204757113,0.08187544204757113,0.08187544204757113,0.06389719069136224,258,False,0.4515268556664172,-0.23030002905989613,4.718721828887556,1.038589668283721e-07,16.408071748878925,2.457563770086299,0.5797400154344691,5843.831274861763,NAMLS-reconstructed-v1,0.3211494954480943,79,149,223,74,302,wendland_c2,3.0,26,14,4,1e-10,2.0,0.0,namls,1.0385892323938606e-07,4.319354474091597e-08,4.011441845364061e-08,9.159765568256262e-08,3.557252313821536e-08,3.819935345816816e-08,8.578662757940947e-08,0.021110060026874423,0.025419428414890942,0.024566342826439155,0.022751805918854926,0.0056741340000030505,ok,0.5574037119999957,9,False,
0.42048053300000277,0.0,0.0,0.0,circle,1009,0.0930147429880107,0.0,0.08,0.01529335793090886,0.017369151975341553,0.01635225781899526,0.011261791620753005,1.0,0.061998671833978,0.061998671833978,0.061998671833978,0.05111964315683054,414,False,-0.4771739294094862,-0.18049955347823632,4.544401368050369,1.6400922964356394e-07,16.068181818181817,2.474067992740406,0.577587620215257,9401.777309968002,NAMLS-reconstructed-v1,0.3322075355765505,99,256,352,96,451,wendland_c2,3.0,26,14,4,1e-10,2.0,0.0,namls,1.640092411898834e-07,6.944289898669354e-08,6.632231119851895e-08,1.4461318187386496e-07,6.955021399030702e-08,6.402485741574537e-08,1.3864996262213936e-07,0.01385960023595829,0.01725506566269149,0.01568800224965282,0.010413920687327974,0.002191843999995058,ok,0.4226723769999978,9,False,
0.11805328300000895,0.0,0.0,0.0,ellipse,2000,0.7707088148745556,0.0,0.2,0.1481331545210097,0.13963943273848492,0.18399203779221002,0.20819698898727326,1.0,1.2624672602244054,0.2543579491754233,1.2624672602244054,1.2624672602244054,53,False,0.4702146793695062,-0.4032049961758867,4.740384755581659,2.5735551645261714e-08,17.355555555555554,2.599653051055531,0.5682869884097976,1585.3575923437495,NAMLS-reconstructed-v1,0.3253817674429248,38,12,45,33,83,wendland_c2,3.0,26,14,4,1e-10,2.0,0.0,namls,2.5735541942326995e-08,1.1958136703071887e-08,1.0550964546496289e-08,2.3521459446840254e-08,9.724257423875606e-09,4.678498921606433e-09,1.5560676067116752e-08,0.17523670461409313,0.1379590966927647,0.2379895384933536,0.26516794970238927,0.0004917600000027278,ok,0.11854504300001167,0,False,
0.18820189100000562,0.0,0.0,0.0,ellipse,2000,0.655524628798033,0.0,0.16,0.07335431496011667,0.0721789123013447,0.0868935735719617,0.09941892677407474,1.0,0.4368566632993325,0.13999816611540217,0.4368566632993325,0.4368566632993325,66,False,0.2873165964249576,-0.5403639268296674,4.706358834144709,4.066952955717435e-08,17.225352112676056,2.542448465975601,0.5737611892406574,2379.3880184947084,NAMLS-reconstructed-v1,0.3327290833001284,48,27,71,44,119,wendland_c2,3.0,26,14,4,1e-10,2.0,0.0,namls,4.0669521465808156e-08,2.086482187024785e-08,1.749354927582658e-08,3.732258352373563e-08,1.8187964889813252e-08,7.665482470997631e-09,2.398910886602934e-08,0.08226180009225258,0.07241613801062678,0.10649826069965765,0.12281571806587517,0.0007763729999936686,ok,0.18897826399999929,0,False,
0.35547775500000967,0.0,0.0,0.0,ellipse,2000,0.2616704862436582,0.0,0.12,0.044622838113346344,0.05393228979217857,0.05039034882130603,0.043234155293540806,1.0,0.19626839110242825,0.11971452656464521,0.19626839110242825,0.19626839110242825,78,False,-1.0223718674307,-0.21053159990691983,4.571971843812939,7.691774649065464e-08,16.49618320610687,2.508959714185146,0.572240164684765,4345.302643894207,NAMLS-reconstructed-v1,0.3378612323332812,64,70,131,61,195,wendland_c2,3.0,26,14,4,1e-10,2.0,0.0,namls,7.691775231674636e-08,4.316631097012191e-08,3.807222959117951e-08,7.690725987649638e-08,3.460466402316342e-08,1.6199859231846858e-08,4.836670264296572e-08,0.04024601954698134,0.05429540323261073,0.049102611630324505,0.04236654080658831,0.0007802679999997508,ok,0.3562580230000094,0,False,
0.2303262129999979,0.0,0.0,0.0,ellipse,2000,0.2393595541162812,0.0,0.1,0.024586218343422523,0.028091371710243045,0.02722395754544207,0.024922452623253863,1.0,0.10660594645938931,0.08485086672766223,0.10660594645938931,0.10660594645938931,109,False,0.8437207178238528,-0.13696002130212134,5.02591102363095,1.0290776701814985e-07,16.4,2.502862455845131,0.5759224601942672,5833.859682926073,NAMLS-reconstructed-v1,0.3081116010010959,76,108,180,72,256,wendland_c2,3.0,26,14,4,1e-10,2.0,0.0,namls,1.0290769125731458e-07,5.825356463873277e-08,4.9655884737376255e-08,9.853006255333696e-08,5.4493090040352854e-08,2.2582112180202785e-08,6.323280108941648e-08,0.023457308100192656,0.02856336890103516,0.027974472256633184,0.02706711437571275,0.0008545190000006642,ok,0.23118073199999856,0,False,
0.9067185619999947,0.0,0.0,0.0,ellipse,2000,0.12433015465206965,0.0,0.08,0.013997128449966647,0.01624830871984353,0.015126012083835223,0.010861650516591189,1.0,0.051871802626797,0.04314447874819305,0.051871802626797,0.051871802626797,112,False,-0.8121038611208277,0.19098541655239787,4.680076188471294,1.581588426820232e-07,16.247524752475247,2.4926498934991272,0.5748958633874829,10042.156498031425,NAMLS-reconstructed-v1,0.32843945383606293,95,205,303,98,398,wendland_c2,3.0,26,14,4,1e-10,2.0,0.0,namls,1.5815877318914318e-07,9.712099213743386e-08,8.157977493539192e-08,1.59287537826458e-07,8.591921751843756e-08,3.936418213612569e-08,1.0261187913598868e-07,0.013141776724323739,0.01625623099334153,0.015061710858541053,0.012190147889447518,0.002016443000002255,ok,0.9087350049999969,0,False,
0.11865220099998908,0.0,0.0,0.0,ellipse,2001,0.5783464081175042,0.0,0.2,0.1001544938566766,0.12281398325113095,0.12553126944923884,0.12763007412828706,1.0,0.3089213425606081,0.25908657772676624,0.3089213425606081,0.3089213425606081,69,False,0.5032372530804576,0.4844795401756923,4.875450998193144,2.7368489106562414e-08,17.177777777777777,2.66047981405273,0.5567054613805338,1698.7948199699222,NAMLS-reconstructed-v1,0.3173118799975428,38,14,45,31,83,wendland_c2,3.0,26,14,4,1e-10,2.0,0.0,namls,2.736848769835376e-08,1.3173174107095065e-08,1.1550207013044655e-08,2.5515521584473788e-08,9.835620560084794e-09,4.599125746906907e-09,1.5625681193398577e-08,0.09269732955953953,0.12708585603609504,0.12589254477264863,0.12534990639856783,0.0004173700000080771,ok,0.11906957099999715,1,False,
0.09855075799998758,0.0,0.0,0.0,ellipse,2001,0.4677875038427024,0.0,0.16,0.05865954897355569,0.07181156260565237,0.06938187775649644,0.06689650220304573,1.0,0.18033009586266735,0.18033009586266735,0.18033009586266735,0.13228125665651197,106,False,0.43786257078179985,0.21164166602779702,4.6160361221607324,3.9760865375089576e-08,16.52777777777778,2.5318448164039475,0.5668502647302047,2758.001980590656,NAMLS-reconstructed-v1,0.3377558689390782,48,27,72,45,120,wendland_c2,3.0,26,14,4,1e-10,2.0,0.0,namls,3.97608577173969e-08,2.0284891100175173e-08,1.8060321904656007e-08,3.7869645509724936e-08,1.7515120021016628e-08,8.909199156192926e-09,2.719835023867745e-08,0.051309297943568845,0.0735473502916693,0.06624001881367887,0.061439860896189726,0.00032865800000081435,ok,0.0988794159999884,1,False,
0.3717119129999986,0.0,0.0,0.0,ellipse,2001,0.14844521764673255,0.0,0.12,0.0463940530842759,0.06101066354082362,0.05245259136886934,0.03319742182413134,1.0,0.227848814904815,0.227848814904815,0.227848814904815,0.10561415715724709,193,False,-0.34659410620497116,-0.17040798001148727,4.412891069680637,7.31320333708172e-08,16.507462686567163,2.5096687910468543,0.5711782078088051,4525.3203765934395,NAMLS-reconstructed-v1,0.3398732447843884,64,71,134,63,198,wendland_c2,3.0,26,14,4,1e-10,2.0,0.0,namls,7.313199338471188e-08,4.192972014038787e-08,3.326185704644047e-08,7.010730285368638e-08,3.525991232322667e-08,1.4992407981750944e-08,4.431204736476957e-08,0.04102676525697971,0.06126825570986016,0.049870930616566535,0.032551049615294786,0.0008661359999990736,ok,0.3725780489999977,1,False,
0.24198022599999547,0.0,0.0,0.0,ellipse,2001,0.24456652857982,0.0,0.1,0.02679187689254002,0.030573627707077694,0.029599732967298127,0.027092492625083873,1.0,0.10753546301962008,0.09395383257568546,0.10753546301962008,0.10753546301962008,102,False,-0.055812886216093455,-0.7168417747050645,4.818243082300015,9.984919639482641e-08,16.821052631578947,2.482286334964763,0.5768794858981997,6373.814380989221,NAMLS-reconstructed-v1,0.3230925911244184,76,117,190,73,266,wendland_c2,3.0,26,14,4,1e-10,2.0,0.0,namls,9.98491316295258e-08,5.607000153062813e-08,4.738908088164351e-08,9.46061167184098e-08,5.1402824052804164e-08,2.3668667470388982e-08,6.593165025048364e-08,0.024385036040628274,0.030441022541495645,0.028852763746023285,0.02610643141104295,0.0012792889999957424,ok,0.2432595149999912,1,False,
0.8643909479999934,0.0,0.0,0.0,ellipse,2001,0.10427128719143978,0.0,0.08,0.018530299821537373,0.021848481517738674,0.020062541069782565,0.013095747405487955,1.0,0.08087517666802319,0.058903334535748614,0.08087517666802319,0.08087517666802319,136,False,0.8324766517145167,-0.16761808510326143,4.703058914219308,1.5786718459199667e-07,16.237113402061855,2.479466825850708,0.5765404221408822,9212.080079245252,NAMLS-reconstructed-v1,0.3305297008708804,95,195,291,96,386,wendland_c2,3.0,26,14,4,1e-10,2.0,0.0,namls,1.578672459423558e-07,9.438600656608287e-08,7.646313160414309e-08,1.5587419888163367e-07,8.656686745212028e-08,3.986692709290196e-08,1.0818038884054942e-07,0.016803657790996435,0.021624795290636458,0.01935311985917886,0.013618266621753677,0.009488988000001086,ok,0.8738799359999945,1,False,
0.07036693300000252,0.0,0.0,0.0,ellipse,2002,0.7017593537111768,0.0,0.2,0.198361567360424,0.22948806462400428,0.24670355083674228,0.2552924007214739,1.0,0.9667541641978354,0.3467091436782018,0.9667541641978354,0.9667541641978354,38,False,0.9624128762162308,0.5117240034366201,4.571098859445205,2.635063629281114e-08,17.355555555555554,2.7521692906398623,0.5350955075490607,2109.182237744832,NAMLS-reconstructed-v1,0.3427687573256056,38,11,45,34,83,wendland_c2,3.0,26,14,4,1e-10,2.0,0.0,namls,2.63506353000674e-08,1.2347980415938764e-08,1.0839441122456606e-08,2.4306515846285806e-08,1.0337382200242828e-08,4.246502260940588e-09,1.5057224744818853e-08,0.19041847158330452,0.22606360028810224,0.2586079455928996,0.2682931267587034,0.00022745799999768224,ok,0.0705943910000002,2,False,
0.20406766199999993,0.0,0.0,0.0,ellipse,2002,0.6066690075380942,0.0,0.16,0.06803548437170509,0.07000348405661395,0.08078139615641965,0.09117576276900881,1.0,0.4113279080346621,0.18656883299562832,0.4113279080346621,0.4113279080346621,48,False,0.9818377232591271,0.5220523778179099,4.54435788354193,4.029589475447012e-08,17.0,2.5597768013331956,0.5644478440554168,2663.0605061622864,NAMLS-reconstructed-v1,0.3419102815803895,48,30,73,43,121,wendland_c2,3.0,26,14,4,1e-10,2.0,0.0,namls,4.029592032273044e-08,2.0223752450476695e-08,1.8287345415757272e-08,3.878294646542102e-08,1.6549384529440658e-08,7.920597733246382e-09,2.4344222644155193e-08,0.0698666335613747,0.0709968289691702,0.08994998037030469,0.10109015467425661,0.008564606000007302,ok,0.21263226800000723,2,False,
0.40958839699999317,0.0,0.0,0.0,ellipse,2002,0.3605920003889985,0.0,0.12,0.0412679697100922,0.045719806700058506,0.04656562018383264,0.0481883555721399,1.0,0.2443553765156452,0.11392222497159765,0.2443553765156452,0.2443553765156452,89,False,0.45552042773489565,-0.4662255004761402,4.634035505567806,6.844020007361768e-08,16.73134328358209,2.5059261936599775,0.5718494591183332,4618.322818787168,NAMLS-reconstructed-v1,0.3316349569372743,64,74,134,60,198,wendland_c2,3.0,26,14,4,1e-10,2.0,0.0,namls,6.844018862750545e-08,3.582139473934376e-08,3.163203299294537e-08,6.43247815013126e-08,3.1658911048282334e-08,1.7214933700770985e-08,4.9086239073403704e-08,0.040839885286586976,0.04582041631352884,0.0496437648144687,0.05398760240387544,0.004993964999997047,ok,0.4145823619999902,2,False,
0.5358295059999989,0.0,0.0,0.0,ellipse,2002,0.22380653827364794,0.0,0.1,0.021512174140424643,0.024881560558854477,0.023796572405513788,0.020904206843455016,1.0,0.07668980508545609,0.07668980508545609,0.07668980508545609,0.07316654826428748,242,False,-0.5116580672679539,-0.4520560927863395,4.867359530669429,1.0095630706866983e-07,16.414893617021278,2.503725082419616,0.5729388552499605,6244.360090866168,NAMLS-reconstructed-v1,0.3172890800980965,76,115,188,73,264,wendland_c2,3.0,26,14,4,1e-10,2.0,0.0,namls,1.009563652121237e-07,5.895649435316841e-08,4.644466522485402e-08,9.654621871413305e-08,5.26183600579877e-08,2.494972184408084e-08,6.752275238941507e-08,0.020154798074329412,0.025167429839952467,0.02388369355480024,0.02170791421993973,0.0011431369999996832,ok,0.5369726429999986,2,False,
0.38999648299999023,0.0,0.0,0.0,ellipse,2002,0.219556431083204,0.0,0.08,0.012750489177100855,0.014102911638342878,0.013803162529442126,0.012874327554003483,1.0,0.09041765265089419,0.03664502354477145,0.09041765265089419,0.09041765265089419,100,False,0.5113813029716253,0.7915710039943095,4.588148205463784,1.5438665993116203e-07,16.27891156462585,2.4737945573011833,0.5765380343782753,9456.895843071099,NAMLS-reconstructed-v1,0.3345300032747476,95,194,294,100,389,wendland_c2,3.0,26,14,4,1e-10,2.0,0.0,namls,1.543866994246912e-07,8.807804086075066e-08,7.966826576222275e-08,1.569540017953841e-07,8.177540419818108e-08,4.025395639040141e-08,1.1195815768916262e-07,0.012827397500716842,0.01415435165812266,0.01475501612660148,0.0158555438621052,0.00142636800001128,ok,0.3914228510000015,2,False,
0.06690121799999815,0.0,0.0,0.0,ellipse,2003,0.789487659993875,0.0,0.2,0.11159208012079239,0.10392615817446414,0.13873725201787693,0.15594827936155164,1.0,0.8140756135695811,0.18640360745747553,0.8140756135695811,0.8140756135695811,38,False,0.9624128762162308,0.5117240034366201,4.859002029576965,2.426382206173848e-08,18.0,2.7553739443913745,0.5442115682395564,1999.1120471593174,NAMLS-reconstructed-v1,0.3224058550703801,38,13,46,33,84,wendland_c2,3.0,26,14,4,1e-10,2.0,0.0,namls,2.4263818509950852e-08,1.1264451149628485e-08,9.98261473483808e-09,2.1658102089539e-08,1.0282847939021428e-08,4.585632540354823e-09,1.504577383992797e-08,0.133555700992887,0.1032421588155848,0.18047753819573764,0.20298919652153977,0.0005313989999962132,ok,0.06743261699999437,3,False,
0.2353203170000029,0.0,0.0,0.0,ellipse,2003,0.5864753860055351,0.0,0.16,0.06063970945895346,0.0634658554705438,0.07174600227836635,0.08001396421219373,1.0,0.41634835758540645,0.14087739980995284,0.41634835758540645,0.41634835758540645,57,False,-0.8409142641383807,0.0873520231240745,4.561139943623679,4.1622265151831684e-08,16.813333333333333,2.5638342838039896,0.5695402592792308,2581.6225427952118,NAMLS-reconstructed-v1,0.34575885759816477,48,31,75,44,123,wendland_c2,3.0,26,14,4,1e-10,2.0,0.0,namls,4.162227718040867e-08,1.9685826302406895e-08,1.66410756285984e-08,3.6184308660480724e-08,1.7124038145799325e-08,8.920542970969336e-09,2.7916731148991403e-08,0.06496542878796799,0.062170988226532886,0.08319634233349112,0.09526281448474104,0.0005072330000075453,ok,0.23582755000001043,3,False,
0.1567299650000109,0.0,0.0,0.0,ellipse,2003,0.17474757767524132,0.0,0.12,0.04347396117578635,0.05495531553964308,0.049093666398315604,0.03512335679302641,1.0,0.20378577248323593,0.1813466566721812,0.20378577248323593,0.20378577248323593,76,False,-0.8586798528935846,0.10033277096236926,4.802345447933369,7.333710766219826e-08,16.484848484848484,2.509095225926319,0.576370175191325,4343.057515922435,NAMLS-reconstructed-v1,0.3241040676923612,64,72,132,60,196,wendland_c2,3.0,26,14,4,1e-10,2.0,0.0,namls,7.333706975032328e-08,4.086559446392357e-08,3.5839177847662995e-08,7.292831760707941e-08,3.3789595177413645e-08,1.5968123934229084e-08,4.602496694872116e-08,0.03995748248964825,0.05519057486469256,0.04868993422782166,0.03950141598179536,0.0007784859999873106,ok,0.15750845099999822,3,False,
0.5267677570000018,0.0,0.0,0.0,ellipse,2003,0.23125132888084274,0.0,0.1,0.029667453628273364,0.034241940360175895,0.032800282135701735,0.029059502890648948,1.0,0.16726682981710606,0.08377819393872654,0.16726682981710606,0.16726682981710606,106,False,0.5018125422669861,-0.44822283197470514,4.7800763348123105,1.0030784113998087e-07,16.544973544973544,2.4909784586878,0.5756059030536467,6198.494884224994,NAMLS-reconstructed-v1,0.328415657161261,76,115,189,74,265,wendland_c2,3.0,26,14,4,1e-10,2.0,0.0,namls,1.0030783663059206e-07,5.807055902806724e-08,4.5675536686218265e-08,9.425332819779086e-08,5.382678408549779e-08,2.4693035616252246e-08,6.775581695706023e-08,0.029431247636211327,0.03414464856872335,0.034849833520235664,0.03591826333627808,0.0011635679999955073,ok,0.5279313249999973,3,False,
0.380108313000008,0.0,0.0,0.0,ellipse,2003,0.10631995151427477,0.0,0.08,0.01661831750934348,0.019440238664414567,0.017997583684414405,0.0121304940652711,1.0,0.056521581559735926,0.0531799244129082,0.056521581559735926,0.056521581559735926,127,False,-0.1128363088582123,-0.7439997888649399,4.65536857237624,1.5685557821396927e-07,16.238754325259517,2.4790336796026495,0.5764984129457257,9229.649409081527,NAMLS-reconstructed-v1,0.331820082954972,95,195,289,94,384,wendland_c2,3.0,26,14,4,1e-10,2.0,0.0,namls,1.568555774156266e-07,9.097391950874112e-08,7.382506472808359e-08,1.444079795742681e-07,8.093180170476444e-08,4.3218259637711753e-08,1.1654678466754831e-07,0.015161091077732608,0.019524236727014078,0.01747620568673298,0.012174506538389791,0.0018968659999956117,ok,0.38200517900000364,3,False,
0.1483251370000005,0.0,0.0,0.0,ellipse,2004,0.9790690631582122,0.0,0.2,0.5557184772886429,0.17537962733603146,0.6913063885514665,0.8327118674386453,1.0,5.596843225646886,0.435364971872335,5.596843225646886,5.596843225646886,38,False,0.9624128762162308,0.5117240034366201,4.748276808136055,2.692476077021025e-08,17.956521739130434,2.6818958972757683,0.5508703386816078,1954.7902570838278,NAMLS-reconstructed-v1,0.33281932772687933,38,11,46,35,84,wendland_c2,3.0,26,14,4,1e-10,2.0,0.0,namls,2.6924762185744606e-08,1.1670432620292104e-08,1.0214373347139372e-08,2.2824761643225333e-08,1.0384317180058256e-08,5.101611355584623e-09,1.705401930209105e-08,0.7686297301552774,0.17803864536586145,1.038670760223606,1.1865655633311682,0.00046123499998884654,ok,0.14878637199998934,4,False,
0.20935174299999915,0.0,0.0,0.0,ellipse,2004,0.5918851242313786,0.0,0.16,0.06246193086200105,0.06506626941406837,0.07397495567184975,0.0827965670019569,1.0,0.26743136590048244,0.1432919132628041,0.26743136590048244,0.26743136590048244,64,False,-0.16273014522844303,-0.7108959146360602,4.513574484297942,4.135802660627596e-08,16.675675675675677,2.5689050684908357,0.5700499137085733,2554.95982120099,NAMLS-reconstructed-v1,0.3384826935474231,48,30,74,44,122,wendland_c2,3.0,26,14,4,1e-10,2.0,0.0,namls,4.135803646575882e-08,2.088979123016088e-08,1.677695071755636e-08,3.760209577586518e-08,1.7387183077906515e-08,9.005543866180687e-09,2.7288471108912794e-08,0.05886851835766756,0.06418586003483119,0.07558700904957676,0.08246163853163523,0.00041348400000629226,ok,0.20976522700000544,4,False,
0.2600442350000094,0.0,0.0,0.0,ellipse,2004,0.2903470760906569,0.0,0.12,0.04184184988524587,0.04943159572385926,0.047075582711482405,0.04249095767607477,1.0,0.18783833866051503,0.0983361433998905,0.18783833866051503,0.18783833866051503,68,False,0.3969880432050358,0.7679832343525307,4.732275238178962,6.644987634815049e-08,17.015037593984964,2.529423375942938,0.5707151178860043,4604.741541097468,NAMLS-reconstructed-v1,0.33187533398757024,64,72,133,61,197,wendland_c2,3.0,26,14,4,1e-10,2.0,0.0,namls,6.644986222381633e-08,3.701897588470615e-08,3.2057468013491075e-08,6.453536035231014e-08,3.1368751374216686e-08,1.5188528657006373e-08,4.351791194068255e-08,0.0409010661677158,0.049964723853582665,0.04977851327768724,0.04955782344602361,0.0005305379999924753,ok,0.26057477300000187,4,False,
0.49278750700000273,0.0,0.0,0.0,ellipse,2004,0.24455295757933895,0.0,0.1,0.024416070403718168,0.028528681280197137,0.027043526706052867,0.02359874531786264,1.0,0.0878339849001818,0.06490944954057576,0.0878339849001818,0.0878339849001818,100,False,-0.3582576343209534,-0.7760632477904336,4.9687176608967345,1.0548102396486283e-07,16.37704918032787,2.496956080527584,0.5760737802634367,6151.234742744037,NAMLS-reconstructed-v1,0.3125587751360448,76,107,183,76,259,wendland_c2,3.0,26,14,4,1e-10,2.0,0.0,namls,1.0548104123486723e-07,6.140819586164525e-08,5.347080245243774e-08,1.0662559324359222e-07,5.321664886537292e-08,2.6398067731747688e-08,7.308040039788466e-08,0.022523725912366472,0.028255496824351318,0.026795666938741646,0.02459393900515929,0.0008873579999999492,ok,0.4936748650000027,4,False,
0.7187158849999946,0.0,0.0,0.0,ellipse,2004,0.10766319362635537,0.0,0.08,0.019458405022144493,0.022727694251872804,0.021028242941667486,0.014199348545775873,1.0,0.09848088942452253,0.05349611622967722,0.09848088942452253,0.09848088942452253,113,False,-0.8902253336611886,0.09501816904729979,4.496315526861483,1.5313302086499197e-07,16.161073825503355,2.48201239783626,0.5770709502120588,9517.956375651753,NAMLS-reconstructed-v1,0.34274131041579076,95,203,298,95,393,wendland_c2,3.0,26,14,4,1e-10,2.0,0.0,namls,1.531330179049828e-07,9.026292246971934e-08,7.819126124353204e-08,1.5178379525372253e-07,8.095302306276864e-08,4.228369476777516e-08,1.1103184505145691e-07,0.01775736315808771,0.022374686508921698,0.02039231916423262,0.01531944476229122,0.001948974000001158,ok,0.7206648589999958,4,False,
0.12480610800000136,0.0,0.0,0.0,ellipse,2005,0.7422451217365428,0.0,0.2,0.08671178412746394,0.0853015589936618,0.10756854348905935,0.12063995338033776,1.0,0.44434916862258045,0.2127070699644028,0.44434916862258045,0.44434916862258045,46,False,-0.9504859129514319,-0.1385167868618165,4.427493949858468,2.671084842587037e-08,16.791666666666668,2.616116297402414,0.5519947934544409,1980.1704962215977,NAMLS-reconstructed-v1,0.3442750311997642,38,15,48,33,86,wendland_c2,3.0,26,14,4,1e-10,2.0,0.0,namls,2.6710831879661612e-08,1.2512265890052277e-08,1.1006324296403136e-08,2.440393243041683e-08,1.044368325153755e-08,5.174163986154667e-09,1.6677337802417647e-08,0.08748706900163969,0.08563052255019758,0.11710420064829008,0.12889437853265054,0.0003981809999942243,ok,0.12520428899999558,5,False,
0.18387360500000227,0.0,0.0,0.0,ellipse,2005,0.5789974626148316,0.0,0.16,0.08840168097955078,0.09581995428958628,0.10497270794166982,0.11356164407883836,1.0,0.4834616966743036,0.20255994798799443,0.4834616966743036,0.4834616966743036,62,False,-0.6291046017889671,-0.7359205084075309,4.922727774696753,4.0938689424683874e-08,17.579710144927535,2.569522578955902,0.5606609037243055,2603.394456911582,NAMLS-reconstructed-v1,0.3116585749846378,48,26,69,43,117,wendland_c2,3.0,26,14,4,1e-10,2.0,0.0,namls,4.093870286520085e-08,2.1053264465109578e-08,1.7598229762327833e-08,3.752441666421413e-08,1.7443400626704353e-08,7.95556820420984e-09,2.5318801943896574e-08,0.10093547699349188,0.09620509328171795,0.13143536188200705,0.1487429209614181,0.0003391430000050377,ok,0.1842127480000073,5,False,
0.18879887800000006,0.0,0.0,0.0,ellipse,2005,0.12611132803023536,0.0,0.12,0.058011493341855236,0.07639458626084468,0.06545726095499112,0.03882710283151319,1.0,0.25127155786255617,0.25127155786255617,0.25127155786255617,0.18661723750099599,196,False,0.06354057599293483,0.1842402209219049,4.523637953552322,7.32875049101108e-08,16.654135338345863,2.523117870343275,0.5706380519317673,4465.8763809198435,NAMLS-reconstructed-v1,0.340243457569299,64,70,133,63,197,wendland_c2,3.0,26,14,4,1e-10,2.0,0.0,namls,7.32875449216408e-08,3.8147388359277556e-08,3.243258817064998e-08,6.56021564293674e-08,3.387188218795245e-08,1.6239996902811527e-08,4.647734175994289e-08,0.0510210632029265,0.0771746744381638,0.062095023676749156,0.03901672518369384,0.0005940519999967364,ok,0.1893929299999968,5,False,
0.47714539800000466,0.0,0.0,0.0,ellipse,2005,0.20722390986569036,0.0,0.1,0.026577622438466154,0.0314028340485378,0.029405354625480714,0.024243126459924436,1.0,0.1427897069846219,0.07051182042664483,0.1427897069846219,0.1427897069846219,87,False,-0.5018125422669844,0.4482228319747063,4.676127256597352,1.0392379422604447e-07,16.296703296703296,2.493608862541931,0.5751613453893203,5753.609434091258,NAMLS-reconstructed-v1,0.3328439652104236,76,109,182,73,258,wendland_c2,3.0,26,14,4,1e-10,2.0,0.0,namls,1.039237691397758e-07,6.153349030313393e-08,5.347494891339011e-08,1.057628456269413e-07,4.9034775184697565e-08,2.777909169360271e-08,7.560318265875665e-08,0.024452121987043933,0.030993565290637348,0.029113251540242958,0.026054289691594765,0.0009148079999903302,ok,0.478060205999995,5,False,
0.3980801959999951,0.0,0.0,0.0,ellipse,2005,0.14123927782729817,0.0,0.08,0.01746305910890675,0.020138204874751448,0.01889045400866516,0.01436170091314074,1.0,0.11269305388026976,0.0530376923211644,0.11269305388026976,0.11269305388026976,120,False,-0.9307408253705127,-0.6537705821317134,4.647425017030541,1.587413816848511e-07,16.555555555555557,2.4823638501328147,0.5783838528675346,9576.722238268052,NAMLS-reconstructed-v1,0.3383019350449428,95,199,297,98,392,wendland_c2,3.0,26,14,4,1e-10,2.0,0.0,namls,1.5874145331551404e-07,9.480734330935547e-08,8.422880060088289e-08,1.6394944157838154e-07,8.02969726265701e-08,3.933018222213036e-08,1.0732680877367784e-07,0.01677041605414989,0.020108073638607414,0.01926675815352445,0.017433891620365873,0.0018479630000030056,ok,0.3999281589999981,5,False,
0.14126186000000018,0.0,0.0,0.0,ellipse,2006,0.9119666417894439,0.0,0.2,0.1826652075367821,0.10536212094004964,0.22667869294855592,0.2812201184638841,1.0,1.760413180560854,0.1912447182862992,1.760413180560854,1.760413180560854,46,False,-0.9504859129514319,-0.1385167868618165,4.3992170753046365,2.803507286773259e-08,17.25,2.6028567156857894,0.5620148054496259,1787.924151954112,NAMLS-reconstructed-v1,0.3483308892284596,38,14,48,34,86,wendland_c2,3.0,26,14,4,1e-10,2.0,0.0,namls,2.8035073817989087e-08,1.2298191798265634e-08,1.1475569827723575e-08,2.5774848033677245e-08,1.113053027523847e-08,5.1358786112842836e-09,1.6328553759104025e-08,0.23352812776941007,0.10724804835330541,0.31258476302156124,0.3649743432262815,0.000518380000002594,ok,0.14178024000000278,6,False,
0.21949594799998806,0.0,0.0,0.0,ellipse,2006,0.832089304475735,0.0,0.16,0.0917954261709484,0.06096886061177234,0.10863027480847971,0.1450101432428357,1.0,0.938005630700993,0.13642905301167166,0.938005630700993,0.938005630700993,48,False,0.9818377232591271,0.5220523778179099,4.841133387110711,4.2900591605554475e-08,17.281690140845072,2.5777436013729598,0.5669412404922243,2554.886411866192,NAMLS-reconstructed-v1,0.3221275278230893,48,28,71,43,119,wendland_c2,3.0,26,14,4,1e-10,2.0,0.0,namls,4.290058322475865e-08,2.2324285087194085e-08,1.7762280757338544e-08,3.945274157368672e-08,1.8575544433359348e-08,8.256954675545103e-09,2.5311948323293132e-08,0.11827170559134645,0.059902540500015936,0.1531176186435852,0.19072216263948177,0.0007740799999993442,ok,0.2202700279999874,6,False,
0.39875149800001,0.0,0.0,0.0,ellipse,2006,0.2553589606997704,0.0,0.12,0.03407497451088611,0.04104595317752315,0.03847248559819888,0.033060524172266514,1.0,0.14897506943940983,0.14897506943940983,0.14897506943940983,0.09661081998504345,194,False,-0.04678247679109695,0.0908431840371752,4.669659266695475,7.284974347017874e-08,16.603053435114504,2.5112086867358623,0.5711959713676974,4625.050707641734,NAMLS-reconstructed-v1,0.3376324110996954,64,72,131,59,195,wendland_c2,3.0,26,14,4,1e-10,2.0,0.0,namls,7.284973889409851e-08,3.876218501730477e-08,3.243393909002634e-08,6.731264498571754e-08,3.695162881754699e-08,1.5395876129531416e-08,4.427861691885804e-08,0.03153920729517978,0.04241975374479447,0.03847976680366314,0.03304115431209234,0.0008274879999987661,ok,0.39957898600000874,6,False,
0.29076875100000166,0.0,0.0,0.0,ellipse,2006,0.26301870915439624,0.0,0.1,0.025780788420668353,0.02948254121203155,0.028533057371602607,0.026293883573557764,1.0,0.1407416917309447,0.10095171413773396,0.1407416917309447,0.1407416917309447,80,False,0.5108319084225396,0.780584269975438,4.701681626882352,9.993471793292241e-08,16.706521739130434,2.5006951985721937,0.5730702728091148,6033.088867534555,NAMLS-reconstructed-v1,0.3319698499943067,76,108,184,76,260,wendland_c2,3.0,26,14,4,1e-10,2.0,0.0,namls,9.993470404824992e-08,5.8229197463788296e-08,5.0767624992786864e-08,1.0113159947398214e-07,5.03888282349374e-08,2.658287634460521e-08,7.303400328950715e-08,0.025465720972842498,0.030011875764138746,0.03027148586697072,0.03063662141046656,0.0011941830000097298,ok,0.2919629340000114,6,False,
0.8101125959999962,0.0,0.0,0.0,ellipse,2006,0.0851131005828083,0.0,0.08,0.017137314161632503,0.02022473314144589,0.018544590062057886,0.01126140443703623,1.0,0.07068178627780686,0.07068178627780686,0.07068178627780686,0.03761082195574958,251,False,0.5660456156014424,0.464049948085809,4.574705705027075,1.5380606620947204e-07,16.19322033898305,2.467179128243893,0.5780555168870521,9402.908592451466,NAMLS-reconstructed-v1,0.32995948475254366,95,201,295,94,390,wendland_c2,3.0,26,14,4,1e-10,2.0,0.0,namls,1.5380611806392608e-07,9.207767703856007e-08,7.733903473194914e-08,1.5327362312689274e-07,8.076314779397857e-08,4.051063995369475e-08,1.0933781191546643e-07,0.015433830486207362,0.020280156712332395,0.017745777072834094,0.01043265237505149,0.0018598409999981413,ok,0.8119724369999943,6,False,
0.12665816800000584,0.0,0.0,0.0,ellipse,2007,0.7633007804487459,0.0,0.2,0.1654978767606543,0.16356575922485722,0.20555557083545153,0.2269498492340536,1.0,0.9804525783588335,0.47506265509019374,0.9804525783588335,0.9804525783588335,38,False,0.9624128762162308,0.5117240034366201,4.837845002375898,2.5952357083857133e-08,17.51063829787234,2.6592112347195673,0.5484522733387774,2059.090195504918,NAMLS-reconstructed-v1,0.32503321433899107,38,13,47,34,85,wendland_c2,3.0,26,14,4,1e-10,2.0,0.0,namls,2.5952351934144247e-08,1.1160867785520168e-08,1.037464381070663e-08,2.364427692524984e-08,9.007013801465291e-09,4.8109514150240784e-09,1.5746027613727787e-08,0.18489274641367742,0.1677358540473435,0.2486453876034188,0.27332343128094616,0.0004454519999939066,ok,0.12710361999999975,7,False,
0.19954384000000402,0.0,0.0,0.0,ellipse,2007,0.43989090428220945,0.0,0.16,0.06874032971927173,0.08387047540574794,0.08108061038281693,0.07790090985386049,1.0,0.21674150887252452,0.21674150887252452,0.21674150887252452,0.19759033181626973,95,False,0.02412811867265588,0.1989529817069369,4.429361037380861,4.0281214389088995e-08,16.726027397260275,2.560993894439113,0.5654940264829236,2849.862738243293,NAMLS-reconstructed-v1,0.3513906286140172,48,29,73,44,121,wendland_c2,3.0,26,14,4,1e-10,2.0,0.0,namls,4.0281196378444406e-08,2.0735138495098226e-08,1.6621395371174685e-08,3.691366368130389e-08,1.7522565176619764e-08,8.957531161257748e-09,2.7487452092245235e-08,0.061351042291084894,0.08648492651443966,0.07898656008569588,0.07362811411880965,0.0005403130000019019,ok,0.20008415300000593,7,False,
0.3730648260000038,0.0,0.0,0.0,ellipse,2007,0.3317893638540341,0.0,0.12,0.03343707730049547,0.03934440444475465,0.03766732801899672,0.03485276576829721,1.0,0.20853161551653587,0.09540729919028146,0.20853161551653587,0.20853161551653587,67,False,0.575557875178881,0.765189585430897,4.530746622478771,6.744618115156604e-08,16.37878787878788,2.5258078495832437,0.5698674183490693,4378.689905921427,NAMLS-reconstructed-v1,0.3361103459725961,64,67,132,65,196,wendland_c2,3.0,26,14,4,1e-10,2.0,0.0,namls,6.744619263088225e-08,3.6510563905522986e-08,3.161102979376551e-08,6.571968658164451e-08,3.310669960399082e-08,1.682879702258333e-08,4.74932040361864e-08,0.03152232778346328,0.039002250939193704,0.038411330515687195,0.037792558778022955,0.000822321000001125,ok,0.3738871470000049,7,False,
0.47379065199999104,0.0,0.0,0.0,ellipse,2007,0.15082224771144714,0.0,0.1,0.021999583279722686,0.026479824087268473,0.024321724491624373,0.017736827268073383,1.0,0.07119236747147664,0.07119236747147664,0.07119236747147664,0.04037109691264418,261,False,-0.07056416847037765,0.17730538604800147,4.365587901645789,9.826432084500538e-08,16.155080213903744,2.492266696800666,0.5756585717100794,6190.458997828427,NAMLS-reconstructed-v1,0.35474873756559533,76,115,187,72,263,wendland_c2,3.0,26,14,4,1e-10,2.0,0.0,namls,9.826431224269072e-08,5.874794339888467e-08,4.709439838102014e-08,9.557188818121176e-08,4.8752017534070546e-08,2.388826736421379e-08,6.684925990541046e-08,0.019719403667120092,0.02651546932622342,0.023385725535485288,0.017246485405526257,0.005145659000007186,ok,0.4789363109999982,7,False,
0.3920709539999905,0.0,0.0,0.0,ellipse,2007,0.10861270884806384,0.0,0.08,0.014668368636162148,0.016990289601787424,0.015889450934584493,0.0111548199285178,1.0,0.05382320808550045,0.048069088414080904,0.05382320808550045,0.05382320808550045,136,False,0.8324766517145167,-0.16761808510326143,4.996455075427638,1.5885874447717077e-07,16.285223367697593,2.4822923001741093,0.5759685146450751,9215.603981541157,NAMLS-reconstructed-v1,0.3155814923308407,95,201,291,90,386,wendland_c2,3.0,26,14,4,1e-10,2.0,0.0,namls,1.5885881143873348e-07,9.502685571760594e-08,7.573482818656885e-08,1.4975260853589134e-07,8.77352483996674e-08,4.223965177629907e-08,1.1478844941237298e-07,0.013505097322404219,0.01717485142096594,0.015554099615763815,0.011111332821160507,0.0013250670000104492,ok,0.39339602100000093,7,False,
0.11713724199999831,0.0,0.0,0.0,ellipse,2008,0.7426002721220437,0.0,0.2,0.10466270364504786,0.11244749226226267,0.1300514461340212,0.13840145008736443,1.0,0.5680653642444772,0.18144231560394086,0.5680653642444772,0.5680653642444772,50,False,-0.3618199480402876,-0.7211720948346481,4.642541617004368,2.6908718688940573e-08,17.217391304347824,2.6127617884975596,0.5510628243822627,1974.5457084616633,NAMLS-reconstructed-v1,0.33534288464425577,38,12,46,34,84,wendland_c2,3.0,26,14,4,1e-10,2.0,0.0,namls,2.6908716588280868e-08,1.2499701274037989e-08,1.0974306130506761e-08,2.4581913948829026e-08,1.1055301230022962e-08,4.3773482616416e-09,1.4706646245173035e-08,0.10633311401883241,0.1138736890738581,0.14369089828540996,0.15283197335863877,0.0004013660000055097,ok,0.11753860800000382,8,False,
0.10101814000000786,0.0,0.0,0.0,ellipse,2008,0.7328704465702205,0.0,0.16,0.06827758845626174,0.05789738753517956,0.0803194707419182,0.09864156966844102,1.0,0.488606546618936,0.14715888423765833,0.488606546618936,0.488606546618936,63,False,-0.39781517972496616,-0.7459961517029882,4.495158755732808,4.2633595614458574e-08,16.643835616438356,2.5585482577233365,0.5654390387560062,2717.425789164576,NAMLS-reconstructed-v1,0.34375381411994793,48,28,73,45,121,wendland_c2,3.0,26,14,4,1e-10,2.0,0.0,namls,4.2633579555584333e-08,1.990981468580344e-08,1.67741391887688e-08,3.5432708185878174e-08,1.9524815524779582e-08,7.944034097207009e-09,2.5472693291478388e-08,0.07951352172002184,0.061083707438502666,0.1023698917968738,0.12115520584868301,0.0005981079999912708,ok,0.10161624799999913,8,False,
0.3172845790000025,0.0,0.0,0.0,ellipse,2008,0.43963586523418546,0.0,0.12,0.0371761244569753,0.03956882875184874,0.04199786895606011,0.04585876957092898,1.0,0.2724697261403286,0.11282291158537205,0.2724697261403286,0.2724697261403286,89,False,0.45552042773489565,-0.4662255004761402,4.691825022484438,7.043780184467604e-08,16.51145038167939,2.5095949133741513,0.5744508969689979,4243.996586832506,NAMLS-reconstructed-v1,0.32937985035649125,64,68,131,63,195,wendland_c2,3.0,26,14,4,1e-10,2.0,0.0,namls,7.043778893489616e-08,3.98050499228475e-08,3.1366905961505154e-08,6.692134846275621e-08,3.5456958258350824e-08,1.7505741745083014e-08,4.8547498933531764e-08,0.035295061624632924,0.037525390640236043,0.04306213938497952,0.04833169653027122,0.0005563859999995202,ok,0.31784096500000203,8,False,
0.4907304330000102,0.0,0.0,0.0,ellipse,2008,0.269299857794709,0.0,0.1,0.020671275730327246,0.023459342806250314,0.022871475398483845,0.02147501555697966,1.0,0.07116049213493003,0.061462682637459576,0.07116049213493003,0.07116049213493003,106,False,0.5018125422669861,-0.44822283197470514,4.732697423419008,1.0088804696896023e-07,16.544973544973544,2.4902832922693077,0.5732646625606217,6339.005157847439,NAMLS-reconstructed-v1,0.3256270014906528,76,112,189,77,265,wendland_c2,3.0,26,14,4,1e-10,2.0,0.0,namls,1.0088809787589526e-07,5.978399419959146e-08,5.028075866775339e-08,1.0017246321325501e-07,4.928756691668923e-08,2.5289367489023107e-08,6.907370719844153e-08,0.01912903844972664,0.023122922032044402,0.022650884991873114,0.02194616881434832,0.005269983999994565,ok,0.49600041700000475,8,False,
0.6262833669999992,0.0,0.0,0.0,ellipse,2008,0.16211609867509494,0.0,0.08,0.01358040720093818,0.015379085071967967,0.014708128124581854,0.012251938137616677,1.0,0.07115008504620529,0.03890281063330869,0.07115008504620529,0.07115008504620529,95,False,1.0223861886015504,0.5397902749701909,5.019943553582424,1.5690496925515256e-07,16.32191780821918,2.4775809591397513,0.578562635527506,9335.442732771226,NAMLS-reconstructed-v1,0.31494685026717134,95,198,292,94,387,wendland_c2,3.0,26,14,4,1e-10,2.0,0.0,namls,1.569049405958367e-07,9.339395656837723e-08,7.57664757600196e-08,1.476893771723553e-07,8.542432450298065e-08,4.036376655136564e-08,1.1170082103717505e-07,0.012974285256997448,0.015505593295035187,0.01493645377019144,0.013660268649246571,0.024845537999993894,ok,0.6511289049999931,8,False,
0.13247612600000025,0.0,0.0,0.0,ellipse,2009,0.8175464758016067,0.0,0.2,0.14281139431476042,0.12986602583256238,0.17865087333355226,0.19963356867045504,1.0,0.7910270393869809,0.23476765421981738,0.7910270393869809,0.7910270393869809,53,False,0.4702146793695062,-0.4032049961758867,4.612705617861466,2.6584654499643006e-08,17.47826086956522,2.644883113939264,0.5592520200217587,1709.0075103111642,NAMLS-reconstructed-v1,0.33853132862489727,38,11,46,35,84,wendland_c2,3.0,26,14,4,1e-10,2.0,0.0,namls,2.6584663359585647e-08,1.1830258106471092e-08,1.040611308233963e-08,2.2990424205870788e-08,9.977333396971044e-09,4.548958765226985e-09,1.5066911274175254e-08,0.15518769702232404,0.13360779332298972,0.20970945686808765,0.22845000221947634,0.00037509700000271096,ok,0.13285122300000296,9,False,
0.09341436100000067,0.0,0.0,0.0,ellipse,2009,0.5954181750225414,0.0,0.16,0.07312177757411059,0.07265263678163066,0.08709765896200705,0.10388354650666341,1.0,0.5458497549670915,0.15137780495594055,0.5458497549670915,0.5458497549670915,69,False,0.8409142641383847,-0.0873520231240694,4.608116298787626,4.044065530603636e-08,16.91549295774648,2.607887596636975,0.5590713366109208,2779.6261823812556,NAMLS-reconstructed-v1,0.33416905854031,48,32,71,39,119,wendland_c2,3.0,26,14,4,1e-10,2.0,0.0,namls,4.044064333408315e-08,2.1094018975986728e-08,1.7344600200530635e-08,3.741300055870589e-08,1.7225182905901415e-08,8.286532793277956e-09,2.5108302026920215e-08,0.07768740294043026,0.07284433530466117,0.10057612746318323,0.11858168952662118,0.0005875220000035597,ok,0.09400188300000423,9,False,
0.3471888879999909,0.0,0.0,0.0,ellipse,2009,0.38174862175297003,0.0,0.12,0.037551253793140844,0.04169394010283183,0.04258652649017403,0.04416216546847361,1.0,0.19063000759045373,0.1242872387511269,0.19063000759045373,0.19063000759045373,81,False,-0.8955570760759451,-0.6537898351999187,4.895126365954734,7.11315773202244e-08,16.606299212598426,2.504191300913999,0.5723734013840291,4200.470011889153,NAMLS-reconstructed-v1,0.31803147540667226,64,67,127,60,191,wendland_c2,3.0,26,14,4,1e-10,2.0,0.0,namls,7.113156894056338e-08,3.967695150208783e-08,3.457586417177083e-08,7.056685352724301e-08,3.2998094368075215e-08,1.6856336992887577e-08,4.7743592412885505e-08,0.03739776508307963,0.04223828235133195,0.045862790155099614,0.0495981138605715,0.0006756030000047986,ok,0.3478644909999957,9,False,
0.2648329449999949,0.0,0.0,0.0,ellipse,2009,0.31041885864710506,0.0,0.1,0.02082248626400835,0.022422770916125778,0.022971493035949836,0.024350494606191937,1.0,0.11951670046939955,0.0662553009843374,0.11951670046939955,0.11951670046939955,87,False,-0.5018125422669844,0.4482228319747063,4.593920924488574,1.018605189395113e-07,16.364583333333332,2.5053607115280188,0.5734304190947287,6401.290532774061,NAMLS-reconstructed-v1,0.3335307841240453,76,119,192,73,268,wendland_c2,3.0,26,14,4,1e-10,2.0,0.0,namls,1.0186051468963342e-07,5.511435485772154e-08,5.125626545421369e-08,1.0257355498310972e-07,4.7327140872965856e-08,2.3515998703871333e-08,6.410950317390994e-08,0.021299845024179476,0.02253150305808163,0.025164785113006554,0.028948367759078438,0.0008876380000089057,ok,0.2657205830000038,9,False,
0.752259022000004,0.0,0.0,0.0,ellipse,2009,0.10098456845193313,0.0,0.08,0.018347990218343078,0.02138817945129845,0.019850826200869375,0.01328177156188626,1.0,0.05578704725417061,0.05578704725417061,0.05578704725417061,0.046404635133186156,228,False,0.447348689225804,0.4862140443139171,4.765594683022667,1.6378334138949613e-07,16.301038062283737,2.466710646594297,0.5788594828651439,9172.6457090251,NAMLS-reconstructed-v1,0.3250240692998252,95,196,289,93,384,wendland_c2,3.0,26,14,4,1e-10,2.0,0.0,namls,1.6378331713085004e-07,1.0028683705698427e-07,7.653493172554704e-08,1.5882673309874917e-07,8.681309759950295e-08,4.168176825913861e-08,1.1023134561325206e-07,0.0162014899629813,0.02064099902189521,0.018675474579824613,0.013634843731835296,0.0018610529999989467,ok,0.754120075000003,9,False,
0.03602081900000087,0.0,0.0,0.0,star,3000,0.9676934127496152,0.0,0.2,0.37810704491504904,0.4220933279361029,0.5256288207102856,0.5305288178147801,1.0,3.245704091654549,0.4220933279361029,3.245704091654549,3.245704091654549,66,False,0.30413942001062766,-0.8248744727342502,5.706743520790458,2.6555753690005765e-08,19.11111111111111,2.901635240757447,0.5137374192925135,2597.595339056663,NAMLS-reconstructed-v1,0.30327292564186237,48,1,36,35,84,wendland_c2,3.0,26,14,4,1e-10,2.0,0.0,namls,2.655575137566757e-08,6.4927023757377356e-09,5.873033614989254e-09,1.7926772954979242e-08,6.992821766083068e-09,5.495769173080589e-09,1.6885056020043976e-08,0.4557619662682587,0.4220933279361029,0.6961879031020686,0.7024494022212645,0.00035675000000878754,ok,0.03637756900000966,0,False,
0.07574915399999327,0.0,0.0,0.0,star,3000,0.5451932389860332,0.0,0.16,0.05210488987585579,0.09541798115705853,0.06709305793183472,0.05626834100785993,1.0,0.21661723928335208,0.21334052495145409,0.21661723928335208,0.21661723928335208,74,False,-0.6253106680311513,0.23715149736382163,4.61218090490059,5.2482989568683674e-08,17.821428571428573,2.877491829982813,0.5262084652411332,3847.9795866156096,NAMLS-reconstructed-v1,0.33542388549338875,60,8,56,48,116,wendland_c2,3.0,26,14,4,1e-10,2.0,0.0,namls,5.2482983292634344e-08,1.7396360352250895e-08,1.7822989972771097e-08,4.3832482532479844e-08,1.3795098578052758e-08,1.1979135905448857e-08,3.240196377873872e-08,0.047316059610234835,0.09747747465379458,0.06809944168752655,0.06186124209630862,0.0005044490000045698,ok,0.07625360299999784,0,False,
0.26320616900000005,0.0,0.0,0.0,star,3000,0.8364322774637853,0.0,0.12,0.031996012872590754,0.025764803958238717,0.03826939098804694,0.043779548762554056,1.0,0.3195837574387807,0.06883189953487692,0.3195837574387807,0.3195837574387807,88,False,0.3325788237646691,0.8585999531986871,5.2487322158981,8.608277620065526e-08,17.854368932038835,2.625060304521395,0.5595093162163421,5460.079777687935,NAMLS-reconstructed-v1,0.2983440034685316,80,27,103,76,183,wendland_c2,3.0,26,14,4,1e-10,2.0,0.0,namls,8.608273915911013e-08,3.29260840814527e-08,2.8115466399469824e-08,6.450705567076608e-08,2.9042480614860366e-08,3.059674824612557e-08,7.30093212553129e-08,0.03734147280287613,0.02588952977591445,0.04977352233782055,0.05585169905824,0.0005150749999955906,ok,0.26372124399999564,0,False,
0.18772748800000727,0.0,0.0,0.0,star,3000,0.7385206042085918,0.0,0.1,0.017735023321661166,0.015051895806186438,0.020587006265657813,0.024752981629503696,1.0,0.18874221956257842,0.04162109703283934,0.18874221956257842,0.18874221956257842,96,False,0.9025779187977131,0.09090308216614809,4.884993556997027,1.1564623657407704e-07,17.10958904109589,2.5570574477643095,0.5686980020509553,7110.1841885397425,NAMLS-reconstructed-v1,0.31674660245827746,95,55,146,91,241,wendland_c2,3.0,26,14,4,1e-10,2.0,0.0,namls,1.156462268170344e-07,4.497187156005111e-08,3.939438575351062e-08,9.58334992752735e-08,4.30354152314294e-08,3.660351399759065e-08,8.651299054918127e-08,0.019274932816377,0.014878980962492785,0.02476423783820918,0.029156818770975035,0.00128594899999257,ok,0.18901343699999984,0,False,
0.5795598769999941,0.0,0.0,0.0,star,3000,0.30104083532795595,0.0,0.08,0.008343672630833798,0.010073795542528432,0.009353503661311087,0.008140700225232087,1.0,0.02932093968166319,0.02932093968166319,0.02932093968166319,0.026287960884517403,290,False,0.037302173564611144,-0.16921735086804038,4.892569881596224,1.8550054439511393e-07,16.716814159292035,2.5035202644546417,0.5750647319797887,9796.188576247543,NAMLS-reconstructed-v1,0.3220042362558138,119,109,226,117,345,wendland_c2,3.0,26,14,4,1e-10,2.0,0.0,namls,1.8550053937360644e-07,7.920921518689283e-08,7.954690772749018e-08,1.7219193182427261e-07,7.122677381232734e-08,6.71798829898762e-08,1.515511200977926e-07,0.007386388619183497,0.010072412925135802,0.009126147450607809,0.008146276206041575,0.001271017000007646,ok,0.5808308940000018,0,False,
0.08831700300000023,0.0,0.0,0.0,star,3001,0.9987452116004849,0.0,0.2,0.366114627658354,0.08468217125646132,0.513547219322572,0.5254932047029178,1.0,3.7271928894920414,0.08468217125646132,3.7271928894920414,3.7271928894920414,66,False,0.30413942001062766,-0.8248744727342502,5.463771908737109,3.388672296353303e-08,17.97142857142857,2.8406663170028503,0.5384730245058316,2405.774030143349,NAMLS-reconstructed-v1,0.2960390254701998,48,1,35,34,83,wendland_c2,3.0,26,14,4,1e-10,2.0,0.0,namls,3.388672220605571e-08,8.345151680799745e-09,8.866125611461939e-09,2.5563799813110855e-08,7.814526248317577e-09,5.495769173080589e-09,1.6885056020043976e-08,0.44928001461666134,0.08468217125646132,0.6918662157489622,0.7018167400981736,0.00036851800000192725,ok,0.08868552100000215,1,False,
0.0848138319999947,0.0,0.0,0.0,star,3001,0.7054282610073268,0.0,0.16,0.05500549108857396,0.08800468700448873,0.07068571663357939,0.06596689558460966,1.0,0.3446468124118006,0.12203594163087889,0.3446468124118006,0.3446468124118006,76,False,-0.5447280326474833,-0.1485706795091492,5.560088682649134,4.67502352374757e-08,17.912280701754387,2.797882551786314,0.5389721458860506,3796.4736622946148,NAMLS-reconstructed-v1,0.30120657478757473,60,7,57,50,117,wendland_c2,3.0,26,14,4,1e-10,2.0,0.0,namls,4.675023513103782e-08,1.3915342211845427e-08,1.1511499975469519e-08,3.23236162766416e-08,1.3228915740626235e-08,1.1938553479140523e-08,3.0727592026380535e-08,0.05503084755243927,0.08759021953199936,0.07884273924827315,0.07753938269422979,0.0007262080000032256,ok,0.08554003999999793,1,False,
0.2621773119999915,0.0,0.0,0.0,star,3001,0.8061087895181516,0.0,0.12,0.03431201025244525,0.02928547272560659,0.04108111991262225,0.04690106602948575,1.0,0.39978678565241366,0.06781013571101452,0.39978678565241366,0.39978678565241366,81,False,0.8791552635756316,0.09795156282756037,4.962318602017795,9.250699620377246e-08,17.38,2.6352780413697374,0.5580010507260944,5250.881306397288,NAMLS-reconstructed-v1,0.32742415917511397,80,27,100,73,180,wendland_c2,3.0,26,14,4,1e-10,2.0,0.0,namls,9.250699405886215e-08,3.5583191948518333e-08,2.2571690960759838e-08,5.761720345276444e-08,2.7742387498363996e-08,3.308061979900856e-08,7.866230967794839e-08,0.041633990885232244,0.02784430578814329,0.055857860276391565,0.0631454952476791,0.004755801000001725,ok,0.2669331129999932,1,False,
0.3790724549999993,0.0,0.0,0.0,star,3001,0.4438994041203307,0.0,0.1,0.014894951040360628,0.018710111478849722,0.017249583970202854,0.015826307022043455,1.0,0.05178355882458058,0.03807417606300642,0.05178355882458058,0.05178355882458058,142,False,0.7407121883327672,-0.1835781728523247,4.504120751624305,1.2170657503193265e-07,16.79591836734694,2.557697283715262,0.5647300237706735,6885.702104660596,NAMLS-reconstructed-v1,0.3433055007378476,95,55,147,92,242,wendland_c2,3.0,26,14,4,1e-10,2.0,0.0,namls,1.2170654883902898e-07,4.843719381142364e-08,4.878535087016189e-08,1.0953341345043555e-07,4.277898134171964e-08,4.0132599687936477e-08,9.293457306537683e-08,0.01296584550030412,0.01858799294849824,0.016636036245455715,0.015351016354328414,0.0008288410000005797,ok,0.3799012959999999,1,False,
0.5634173999999916,0.0,0.0,0.0,star,3001,0.2582389393113207,0.0,0.08,0.009563629400560525,0.011897126246712188,0.010746755567999425,0.008692146544548782,1.0,0.04321401852912676,0.04008572155620349,0.04321401852912676,0.04321401852912676,157,False,-0.7565095719141083,-0.5803991501298438,4.9670060737002775,1.943790470687628e-07,16.797356828193834,2.5028011761385502,0.5724282595673819,10192.71074683261,NAMLS-reconstructed-v1,0.3110315636272462,119,110,227,117,346,wendland_c2,3.0,26,14,4,1e-10,2.0,0.0,namls,1.9437899112517698e-07,8.132753315237551e-08,7.608544549952967e-08,1.6968975558029342e-07,7.643112986954748e-08,7.224494069646425e-08,1.623610756951166e-07,0.00828171154425669,0.01188685022812633,0.010224573954995689,0.008365742738513109,0.0012909860000007711,ok,0.5647083859999924,1,False,
0.03785861899999077,0.0,0.0,0.0,star,3002,0.9634075387719484,0.0,0.2,0.29267522241838606,0.23933523188520073,0.4212536779161995,0.4391121405269123,1.0,2.782302786868147,0.32701312762030676,2.782302786868147,2.782302786868147,66,False,0.30413942001062766,-0.8248744727342502,6.264394676173516,2.8289016263041074e-08,18.058823529411764,2.9143529003716147,0.5166844136647811,2307.689454462042,NAMLS-reconstructed-v1,0.2733769349165947,48,2,34,32,82,wendland_c2,3.0,26,14,4,1e-10,2.0,0.0,namls,2.8289028424464957e-08,7.905646359773755e-09,5.402402525334082e-09,1.817512914747011e-08,8.040852175501129e-09,5.5530704479167525e-09,1.727652258753931e-08,0.3495855836350401,0.25368941696036945,0.5429014259840371,0.5560044385741125,0.0004463920000006283,ok,0.038305010999991396,2,False,
0.05517634000000271,0.0,0.0,0.0,star,3002,0.5861951057593179,0.0,0.16,0.046381817113619175,0.0849445329443665,0.06002363303476089,0.05159437453025987,1.0,0.30040835305921676,0.14122488332836614,0.30040835305921676,0.30040835305921676,83,False,0.08975796168561298,-0.7533073668457827,4.815056550712876,5.462850595709454e-08,17.31578947368421,2.7326787809942785,0.5471374520045494,3252.4789236343986,NAMLS-reconstructed-v1,0.32044849932278047,60,8,57,49,117,wendland_c2,3.0,26,14,4,1e-10,2.0,0.0,namls,5.462852392668083e-08,1.7672056262796332e-08,1.811731076273304e-08,4.5219770150595195e-08,1.6444670764004243e-08,1.1931430732303738e-08,3.140483428865082e-08,0.046217344014193876,0.08517398999986454,0.06621562568860177,0.06257732348030956,0.00046863600000790484,ok,0.055644976000010615,2,False,
0.11734112499999583,0.0,0.0,0.0,star,3002,0.8167341104543593,0.0,0.12,0.032050030117157326,0.0254844333751528,0.038794600516044435,0.046223357181980236,1.0,0.22499988555977696,0.05331143152073775,0.22499988555977696,0.22499988555977696,119,False,0.8211096193971628,-0.1373016865485837,4.8245262650420395,8.108717747145724e-08,17.666666666666668,2.6662602149352037,0.5535170969009209,5043.128704220496,NAMLS-reconstructed-v1,0.3235377764622456,80,30,99,69,179,wendland_c2,3.0,26,14,4,1e-10,2.0,0.0,namls,8.108715088273044e-08,3.109581436788744e-08,2.720027580949136e-08,6.530347196331832e-08,2.901910692298948e-08,2.5479367060654567e-08,6.210333913791999e-08,0.03570810501190905,0.025503422344508617,0.04801486603483088,0.054999943627831636,0.000820318000009479,ok,0.1181614430000053,2,False,
0.18573457900001245,0.0,0.0,0.0,star,3002,0.6354742574013491,0.0,0.1,0.019268608342780904,0.019434571768408168,0.02238331657564137,0.024828621119733663,1.0,0.21128720719568903,0.057389810476796754,0.21128720719568903,0.21128720719568903,104,False,0.3333786996870049,0.8735025082237651,5.0917003867778865,1.1462352076503521e-07,17.22222222222222,2.5777433084938997,0.5603288840307215,6903.716355029432,NAMLS-reconstructed-v1,0.3197459972404992,95,54,144,90,239,wendland_c2,3.0,26,14,4,1e-10,2.0,0.0,namls,1.146235248938865e-07,4.122856722688084e-08,3.8731766238697674e-08,9.46816207658685e-08,4.0485964802883245e-08,3.83423779393155e-08,8.896728721390573e-08,0.02117963248757585,0.019967142926207198,0.027285764364535052,0.03085463694730077,0.0009367699999955903,ok,0.18667134900000804,2,False,
0.5352646919999984,0.0,0.0,0.0,star,3002,0.3060950612807051,0.0,0.08,0.009562479240192512,0.011306754659216251,0.010765088885236829,0.00977836281736837,1.0,0.03762801170650275,0.030510242472434834,0.03762801170650275,0.03762801170650275,166,False,0.01654127694746335,-0.7259953567395259,4.7461652746163505,1.8741811488886947e-07,16.836363636363636,2.540359887867721,0.5689136270078536,9876.2553580607,NAMLS-reconstructed-v1,0.3305878089335992,119,109,220,111,339,wendland_c2,3.0,26,14,4,1e-10,2.0,0.0,namls,1.8741809146316365e-07,7.707659976929904e-08,7.735847518119954e-08,1.6809068496939314e-07,7.243171085136169e-08,5.991861384835317e-08,1.36771139927494e-07,0.008432795473083997,0.011301268047538181,0.010467912309747423,0.009579279206945217,0.0015596359999960896,ok,0.5368243279999945,2,False,
0.05522390999999516,0.0,0.0,0.0,star,3003,0.9610485619929446,0.0,0.2,0.1702909333581386,0.1249189662883411,0.23388263737505025,0.24674579407503053,1.0,1.1559718503274254,0.21666967968337816,1.1559718503274254,1.1559718503274254,60,False,-0.5470711752408862,-0.18358034994141717,4.635008683269735,2.7209892727526556e-08,18.243243243243242,2.6540871481064494,0.5498027436980026,2261.272940801863,NAMLS-reconstructed-v1,0.33598552611869353,48,3,37,34,85,wendland_c2,3.0,26,14,4,1e-10,2.0,0.0,namls,2.7209901234948042e-08,6.806025076855349e-09,6.935533924945503e-09,2.0122718695393466e-08,7.251873490599081e-09,5.5538018628453756e-09,1.732913820426396e-08,0.20569150039398135,0.12785085855684294,0.3117632692257369,0.32300186246579454,0.00022511499999211537,ok,0.05544902499998727,3,False,
0.12493631200000266,0.0,0.0,0.0,star,3003,0.563515630678557,0.0,0.16,0.047060280814142846,0.08643295744632133,0.060486587170060155,0.05120763565804028,1.0,0.25704673594553695,0.12097693410674393,0.25704673594553695,0.25704673594553695,86,False,0.366492804491621,-0.5594079803786647,4.860187570808948,5.511247668045878e-08,17.70175438596491,2.732759602703335,0.5463653983266858,3330.444265050623,NAMLS-reconstructed-v1,0.319128580892528,60,8,57,49,117,wendland_c2,3.0,26,14,4,1e-10,2.0,0.0,namls,5.511247458400703e-08,1.7789012041191654e-08,1.823220374674861e-08,4.5574689799821044e-08,1.3522710284874506e-08,1.1847701708589398e-08,3.1208414519312555e-08,0.045433756873703615,0.08761779068790178,0.06509297976647414,0.060625894462216876,0.0005169279999961418,ok,0.1254532399999988,3,False,
0.11928175599999236,0.0,0.0,0.0,star,3003,0.6624011022365719,0.0,0.12,0.024083286340344,0.027826485825276057,0.02885528294146593,0.02942552501357529,1.0,0.15735254886882577,0.05669446006384504,0.15735254886882577,0.15735254886882577,117,False,0.5048044205196557,-0.22801068051808746,5.089689381509419,8.414711641444074e-08,17.431372549019606,2.634600773175449,0.5604516889518518,5150.7338618781005,NAMLS-reconstructed-v1,0.3051346665452099,80,28,102,74,182,wendland_c2,3.0,26,14,4,1e-10,2.0,0.0,namls,8.414709776269393e-08,3.2857262244334606e-08,2.6252910956259257e-08,6.068685998172896e-08,2.734475312848872e-08,3.055954422848117e-08,7.203398859459478e-08,0.025823020493920386,0.027933605119881966,0.03449392764294652,0.03667143196452659,0.0005124209999962659,ok,0.11979417699998862,3,False,
0.18265094000000204,0.0,0.0,0.0,star,3003,0.7035875471643961,0.0,0.1,0.01961336487179667,0.017355557270483195,0.022838498522554006,0.027459148360685096,1.0,0.15589875337673753,0.04274039300865215,0.15589875337673753,0.15589875337673753,135,False,0.3333786996870061,-0.873502508223764,5.006595198089319,1.1905474299371345e-07,17.573426573426573,2.53468258724196,0.5671683365359563,6574.550227580906,NAMLS-reconstructed-v1,0.3096305186952573,95,55,143,88,238,wendland_c2,3.0,26,14,4,1e-10,2.0,0.0,namls,1.1905476071660814e-07,4.607537107403914e-08,3.251314950603046e-08,8.840150300670757e-08,4.280544718682222e-08,3.6909927336736814e-08,8.806208900630284e-08,0.02126301411149112,0.01761609685304507,0.027431230357582995,0.03207512050721878,0.0007422019999978602,ok,0.1833931419999999,3,False,
0.29556532200000163,0.0,0.0,0.0,star,3003,0.3651908187300099,0.0,0.08,0.0094428835080827,0.010692026994577932,0.010591708173517641,0.010423847582634753,1.0,0.061826691962995756,0.03920363079937861,0.061826691962995756,0.061826691962995756,170,False,0.32534790656365015,-0.8942381701283225,4.921743414890595,1.9545107224236883e-07,16.515151515151516,2.5230249829954903,0.5699303675672653,10251.975369691581,NAMLS-reconstructed-v1,0.3152071648339224,119,117,231,114,350,wendland_c2,3.0,26,14,4,1e-10,2.0,0.0,namls,1.9545104115612414e-07,8.355085201472434e-08,6.465606183780892e-08,1.490861301078894e-07,7.264957369024216e-08,7.78618558516797e-08,1.7478026958743342e-07,0.008802081670844286,0.010822136681039025,0.010834613565860794,0.01084740386716133,0.0013563939999983177,ok,0.29692171599999995,3,False,
0.09614775000000009,0.0,0.0,0.0,star,3004,0.9272418581407262,0.0,0.2,0.16316361949320332,0.14703845357636272,0.22718469493398194,0.2406602719502799,1.0,1.4030372523682524,0.24575201569456795,1.4030372523682524,1.4030372523682524,52,False,0.3374840457948018,0.7479494562408507,4.658261918594555,2.7799115396414877e-08,18.35135135135135,2.8261699570506496,0.5271523965897864,2552.8225887788462,NAMLS-reconstructed-v1,0.3350036678973744,48,4,37,33,85,wendland_c2,3.0,26,14,4,1e-10,2.0,0.0,namls,2.7799114121762614e-08,7.776492338962271e-09,7.06608438427736e-09,1.9875501722603713e-08,7.889040753994436e-09,5.4875723964897816e-09,1.7191510187641867e-08,0.1898848559494318,0.148067482949289,0.28780539474826633,0.3003576684091439,0.000386133000006339,ok,0.09653388300000643,4,False,
0.15474391700000467,0.0,0.0,0.0,star,3004,0.8004502660114815,0.0,0.16,0.04301034018794699,0.05557827442097836,0.054681766179360845,0.05446494455374972,1.0,0.3296763495131365,0.08539524721912645,0.3296763495131365,0.3296763495131365,76,False,-0.5447280326474833,-0.1485706795091492,4.8078931491561665,5.452149718321987e-08,17.333333333333332,2.7185343831766553,0.5428437303577587,3724.127652507239,NAMLS-reconstructed-v1,0.32108099684462016,60,8,60,52,120,wendland_c2,3.0,26,14,4,1e-10,2.0,0.0,namls,5.452148001692039e-08,1.7654479211870466e-08,1.809900540550302e-08,4.514685620488068e-08,1.3316918900940777e-08,1.1625654661173712e-08,3.3008582533966546e-08,0.045474415114872,0.05568715243113312,0.06431053459643604,0.06553657523117822,0.0004914390000010371,ok,0.1552353560000057,4,False,
0.2354704010000006,0.0,0.0,0.0,star,3004,0.7738324515385291,0.0,0.12,0.02687743978546413,0.02406201065585205,0.03242683759401268,0.037160162243586536,1.0,0.2123749772569854,0.05516782885731572,0.2123749772569854,0.2123749772569854,113,False,0.3648313892474991,-0.8058576447194922,4.584070369006472,9.064842862592927e-08,17.46,2.6237646268589714,0.55499683950055,5261.656596929508,NAMLS-reconstructed-v1,0.3386980635521168,80,30,100,70,180,wendland_c2,3.0,26,14,4,1e-10,2.0,0.0,namls,9.064835637673241e-08,3.485263277980266e-08,3.0789757854421396e-08,6.947362097872831e-08,2.9796781801860546e-08,3.2388795645488244e-08,7.706177385102819e-08,0.027401494774793835,0.024149714662704474,0.03676296300092658,0.04099743603691201,0.0005275329999960832,ok,0.2359979339999967,4,False,
0.17916057700000465,0.0,0.0,0.0,star,3004,0.6225463928654056,0.0,0.1,0.018844494113385964,0.019428249273378134,0.021923496154584558,0.024002670023878972,1.0,0.17450831250941723,0.05100559820083683,0.17450831250941723,0.17450831250941723,115,False,-0.7831409257838237,0.510723290677701,4.780667241557805,1.2235371424681556e-07,17.153846153846153,2.5259463525011645,0.5693297981200197,6663.065357695536,NAMLS-reconstructed-v1,0.32812847118720934,95,52,143,91,238,wendland_c2,3.0,26,14,4,1e-10,2.0,0.0,namls,1.2235371826818664e-07,4.8139217057041606e-08,4.412114629204211e-08,9.881788947456666e-08,4.721096047433093e-08,4.3864437859753025e-08,1.008286418802129e-07,0.02029841658779319,0.019233043669992952,0.02618681144612621,0.02943176164723412,0.0007647259999998823,ok,0.17992530300000453,4,False,
0.5733704569999958,0.0,0.0,0.0,star,3004,0.3388680862609938,0.0,0.08,0.009906882180001625,0.011651582344475648,0.011121567927944038,0.010266725278146566,1.0,0.04214784865752236,0.03197996649833712,0.04214784865752236,0.04214784865752236,239,False,-0.5087407504450403,0.11754013263694406,4.37809572976039,1.9039607391945258e-07,16.814977973568283,2.529987440264847,0.5706059120783914,10833.474321153919,NAMLS-reconstructed-v1,0.3573297639374447,119,110,227,117,346,wendland_c2,3.0,26,14,4,1e-10,2.0,0.0,namls,1.9039606125037523e-07,8.00699297975882e-08,6.936001706314698e-08,1.5067860781314835e-07,7.74360293942511e-08,6.362552507077623e-08,1.5178217438460706e-07,0.008809267052822,0.011538206325375404,0.010875892258448563,0.010214109474586055,0.001285198000005039,ok,0.5746556550000008,4,False,
0.09966130600000156,0.0,0.0,0.0,star,3005,0.9985448338908618,0.0,0.2,0.26273859425607443,0.06262765790355357,0.3667783719642883,0.37601496701353404,1.0,2.5798935216593786,0.06262765790355357,2.5798935216593786,2.5798935216593786,66,False,0.30413942001062766,-0.8248744727342502,6.0780700222542645,2.708099956268769e-08,18.61111111111111,2.7841540531985345,0.5235205311012912,2472.6845024452296,NAMLS-reconstructed-v1,0.28320273651131783,48,1,36,35,84,wendland_c2,3.0,26,14,4,1e-10,2.0,0.0,namls,2.708099922088536e-08,6.520156414779876e-09,4.2926455723346635e-09,1.5393372279096046e-08,7.012551775376075e-09,5.492511778726339e-09,1.7241650371313533e-08,0.32091476171272015,0.06262765790355357,0.49020539572575217,0.49704629437785774,0.00038330900000005386,ok,0.10004461500000161,5,False,
0.133491432999989,0.0,0.0,0.0,star,3005,0.6684188788168222,0.0,0.16,0.044687730022224884,0.07450423407266106,0.05774676917715337,0.052758113587493015,1.0,0.2556088339973711,0.12536205794796246,0.2556088339973711,0.2556088339973711,86,False,0.366492804491621,-0.5594079803786647,5.801583419557674,4.89991238425265e-08,17.79310344827586,2.6942576126771,0.5473213286152336,3527.7689696028965,NAMLS-reconstructed-v1,0.29381125719899104,60,7,58,51,118,wendland_c2,3.0,26,14,4,1e-10,2.0,0.0,namls,4.899913719214055e-08,1.5741415282377602e-08,1.1761690732470242e-08,3.317100008336087e-08,1.2493109755040699e-08,1.4472292697575995e-08,3.810925974789825e-08,0.04570792477155303,0.07910769546359044,0.0651956336671023,0.06304699543242528,0.00037338399999953253,ok,0.13386481699998853,5,False,
0.2718615799999924,0.0,0.0,0.0,star,3005,0.6912437007099448,0.0,0.12,0.027711555536524258,0.02959558648180415,0.033134716324186186,0.035186342763545826,1.0,0.32544705685721464,0.0695799029735662,0.32544705685721464,0.32544705685721464,88,False,0.3325788237646691,0.8585999531986871,4.978712526402145,8.577134440407979e-08,17.403846153846153,2.6143593335095194,0.5614958412417859,5526.7215857678375,NAMLS-reconstructed-v1,0.3153196364380845,80,30,104,74,184,wendland_c2,3.0,26,14,4,1e-10,2.0,0.0,namls,8.577133377152268e-08,3.313098684287752e-08,3.206933718580274e-08,7.280430408540539e-08,2.9658215439098967e-08,3.081635990831444e-08,7.308095422917105e-08,0.0307701994733877,0.0298189179510332,0.040928191374591645,0.044651369683780855,0.0046976350000136335,ok,0.276559215000006,5,False,
0.3525142839999944,0.0,0.0,0.0,star,3005,0.42165711167236336,0.0,0.1,0.014677776849998186,0.01843217137994847,0.017036564609121122,0.015553223482177867,1.0,0.09093636097110061,0.06047001100427314,0.09093636097110061,0.09093636097110061,135,False,0.3333786996870061,-0.873502508223764,4.803468647436091,1.1273502225643296e-07,16.862068965517242,2.5496942356797327,0.5693451504923402,6869.295624256547,NAMLS-reconstructed-v1,0.3200251738850291,95,55,145,90,240,wendland_c2,3.0,26,14,4,1e-10,2.0,0.0,namls,1.1273503638942195e-07,4.607041503845721e-08,4.0764588149500014e-08,9.438401349370906e-08,4.209659820730849e-08,4.295396593967382e-08,9.871904749214622e-08,0.013768930304917227,0.01870518730245489,0.017714211325451687,0.017080334454474808,0.0009433310000019901,ok,0.3534576149999964,5,False,
0.27558160399999565,0.0,0.0,0.0,star,3005,0.26887657348008615,0.0,0.08,0.009515046634847132,0.011718425966979478,0.010697491547123194,0.008874112440851921,1.0,0.03460550575786919,0.03460550575786919,0.03460550575786919,0.031265038335548834,307,False,0.001491409611389674,-0.12947921372665755,4.594343337257226,1.8796422272070014e-07,16.892857142857142,2.5475447685348724,0.5695971350650673,10200.032281022748,NAMLS-reconstructed-v1,0.34074664356577716,119,109,224,115,343,wendland_c2,3.0,26,14,4,1e-10,2.0,0.0,namls,1.8796423959609011e-07,7.607356433680934e-08,7.614344643691595e-08,1.6954750953472618e-07,6.937920105087869e-08,6.401638152908617e-08,1.4437198037065002e-07,0.008269003185137094,0.011546098092072857,0.0102323693952613,0.008808128827227512,0.0013518869999984418,ok,0.2769334909999941,5,False,
0.09254950700000109,0.0,0.0,0.0,star,3006,0.9844157116294576,0.0,0.2,0.18948889592902743,0.08814960472131697,0.269267241119708,0.28899844266527625,1.0,1.2789271067217065,0.15257824323522579,1.2789271067217065,1.2789271067217065,66,False,0.30413942001062766,-0.8248744727342502,5.056113391936738,2.7582794453412032e-08,18.314285714285713,2.878256693564798,0.5073054074101478,2638.3852329583883,NAMLS-reconstructed-v1,0.323741586120783,48,3,35,32,83,wendland_c2,3.0,26,14,4,1e-10,2.0,0.0,namls,2.758279027403887e-08,7.658858880432717e-09,6.2336136252838514e-09,1.8646733934701842e-08,7.801157109188495e-09,5.545813586138593e-09,1.731917929209681e-08,0.22849703965355606,0.09058894744231513,0.3518727230051237,0.36695049860430334,0.00035097199999256645,ok,0.09290047899999365,6,False,
0.0787409959999934,0.0,0.0,0.0,star,3006,0.8368978792037327,0.0,0.16,0.0533363653453257,0.06750335755696545,0.06890700769005596,0.0691908999121628,1.0,0.27016188777881134,0.1401406897734495,0.27016188777881134,0.27016188777881134,76,False,-0.5447280326474833,-0.1485706795091492,4.885325879807362,5.334193515630356e-08,18.19298245614035,2.8058584941038993,0.5398126831696899,3363.887048874191,NAMLS-reconstructed-v1,0.31495253043119653,60,6,57,51,117,wendland_c2,3.0,26,14,4,1e-10,2.0,0.0,namls,5.33419299841853e-08,1.747317046607577e-08,1.790791692712901e-08,4.435469502794831e-08,1.590043891247072e-08,1.5611731463138767e-08,3.963141104179613e-08,0.055207020697443265,0.06800674358421656,0.0790951426538515,0.08029905716660266,0.0006687529999993558,ok,0.07940974899999276,6,False,
0.26824538099999984,0.0,0.0,0.0,star,3006,0.5779776079284367,0.0,0.12,0.020377372758084804,0.02621013225161559,0.024501621458229973,0.023445830081096068,1.0,0.14412544582597303,0.05582313052959881,0.14412544582597303,0.14412544582597303,109,False,-0.06085789871544931,-0.5505567087689018,4.61532174444357,8.543690716604823e-08,17.352941176470587,2.6143138884774517,0.5607814832399931,5187.0112348036855,NAMLS-reconstructed-v1,0.3412349317712093,80,27,102,75,182,wendland_c2,3.0,26,14,4,1e-10,2.0,0.0,namls,8.543690157020308e-08,3.2023184104446045e-08,2.749639183008412e-08,6.278131392534192e-08,3.013201472692052e-08,2.8131638352135724e-08,6.656810569438676e-08,0.01971925852374689,0.025975248625046545,0.026340631873441087,0.026470935234355383,0.00046852599999169797,ok,0.26871390699999154,6,False,
0.35943424799999946,0.0,0.0,0.0,star,3006,0.354968478181726,0.0,0.1,0.014836226235530308,0.019935183272692912,0.017205915511612564,0.01422266993154011,1.0,0.0904353299133902,0.05846823183245853,0.0904353299133902,0.0904353299133902,109,False,-0.11020694270919792,0.5076230249600959,4.422032722039607,1.1810827493124837e-07,16.724137931034484,2.5899048480596822,0.5602203844871294,7356.065631410246,NAMLS-reconstructed-v1,0.3491714818059895,95,53,145,92,240,wendland_c2,3.0,26,14,4,1e-10,2.0,0.0,namls,1.1810823652425029e-07,4.458657798522836e-08,4.235439199362645e-08,9.627571628811893e-08,4.224403227226503e-08,4.1538586126321775e-08,9.590774441292638e-08,0.012896518203673976,0.019163771134026907,0.016591822586307207,0.014910088155684623,0.000911864000002538,ok,0.360346112000002,6,False,
0.2889860150000061,0.0,0.0,0.0,star,3006,0.27418806837301335,0.0,0.08,0.008578025407392475,0.010446725939848949,0.00962237660365486,0.008128658976649262,1.0,0.029360473576524243,0.029360473576524243,0.029360473576524243,0.0214454376310369,338,False,0.04060292471543624,-0.17572869698339832,4.395610426205177,1.9711284222858283e-07,16.568281938325992,2.519403705038855,0.5709162884481588,10159.124228987166,NAMLS-reconstructed-v1,0.3509377499153169,119,111,227,116,346,wendland_c2,3.0,26,14,4,1e-10,2.0,0.0,namls,1.9711297483127055e-07,7.820997538487973e-08,7.434126669814134e-08,1.6156416640655813e-07,7.295333562873379e-08,7.178676852959143e-08,1.6863764074059873e-07,0.007306746238393266,0.010602070391198936,0.009020884980792194,0.007189313504079983,0.0009382129999977451,ok,0.28992422800000384,6,False,
0.09277828700000157,0.0,0.0,0.0,star,3007,0.9864150413680111,0.0,0.2,0.2514795467741692,0.11142831464953952,0.3494909545409107,0.37292095509732004,1.0,1.969754456990633,0.13788397124247523,1.969754456990633,1.969754456990633,66,False,0.30413942001062766,-0.8248744727342502,5.203584320107473,3.03577115310935e-08,18.513513513513512,2.7993509741461824,0.5371045538599059,2536.9412560387464,NAMLS-reconstructed-v1,0.3199830654009308,48,3,37,34,85,wendland_c2,3.0,26,14,4,1e-10,2.0,0.0,namls,3.035771552791899e-08,7.90652077142795e-09,8.106417981323943e-09,2.313825667485625e-08,8.04162847122414e-09,5.660442115029696e-09,1.733622831401327e-08,0.3067208064167102,0.11358451218762772,0.4648917488805774,0.48379310685977794,0.004407243999992261,ok,0.09718553099999383,7,False,
0.13218873900000006,0.0,0.0,0.0,star,3007,0.6012868010076529,0.0,0.16,0.05662258023291718,0.09619778651918194,0.0727539420857781,0.06421030968774244,1.0,0.2771522947495627,0.1503490263874625,0.2771522947495627,0.2771522947495627,86,False,0.366492804491621,-0.5594079803786647,4.532721542105893,5.4093878021685276e-08,17.70175438596491,2.7235510015345787,0.546113829040501,3456.7626326614527,NAMLS-reconstructed-v1,0.3380566643710461,60,8,57,49,117,wendland_c2,3.0,26,14,4,1e-10,2.0,0.0,namls,5.4093863166571055e-08,1.8347217523029258e-08,1.8735105911105165e-08,4.5525630931742e-08,1.2430484197523128e-08,1.5059037572484613e-08,3.7688994147799804e-08,0.05750551308539766,0.09924979683488895,0.08238819453416178,0.0792955276740252,0.0006683619999989787,ok,0.13285710099999903,7,False,
0.2762517670000051,0.0,0.0,0.0,star,3007,0.670207219063204,0.0,0.12,0.03263692510725422,0.03421048810533705,0.039120190190449544,0.042466167020079056,1.0,0.1719676052989122,0.07708938237751381,0.1719676052989122,0.1719676052989122,109,False,-0.06085789871544931,-0.5505567087689018,5.115077891025596,8.59978086771436e-08,17.83495145631068,2.645347266569677,0.5526949957932822,5406.749983715684,NAMLS-reconstructed-v1,0.3126140815032602,80,32,103,71,183,wendland_c2,3.0,26,14,4,1e-10,2.0,0.0,namls,8.599779643958527e-08,3.328380460132507e-08,2.5545367599022484e-08,6.521708328932618e-08,3.053238861738805e-08,3.0956969210294005e-08,7.333862228620092e-08,0.03385565777469682,0.0344654111840629,0.045127179300241425,0.04918260770048888,0.0005662909999983867,ok,0.2768180580000035,7,False,
0.16006803099999445,0.0,0.0,0.0,star,3007,0.5238522542029065,0.0,0.1,0.016153397386659402,0.018571343254983417,0.018773750548955467,0.018963585273196644,1.0,0.11546060588626839,0.04954422694652881,0.11546060588626839,0.11546060588626839,101,False,0.3945207245540274,0.51121802450368,4.731385920157852,1.292891019958729e-07,16.929577464788732,2.577402017507478,0.5663635562168103,6672.826538434585,NAMLS-reconstructed-v1,0.3268787777844524,95,54,142,88,237,wendland_c2,3.0,26,14,4,1e-10,2.0,0.0,namls,1.2928916248711175e-07,4.586150126328903e-08,4.158626354389128e-08,9.324117389297726e-08,4.38718217310452e-08,4.441370293761793e-08,1.0752921753010014e-07,0.01585720875816554,0.018761888236387452,0.02048598000406206,0.02147552708229672,0.0007194079999948144,ok,0.16078743899998926,7,False,
0.5947413159999968,0.0,0.0,0.0,star,3007,0.28548408435354683,0.0,0.08,0.010624258649232401,0.01304605508965108,0.011938142886646075,0.01006428183597807,1.0,0.03936655622721319,0.028972544327676764,0.03936655622721319,0.03936655622721319,137,False,-0.11132605605076223,0.5214491042153595,4.689227308953084,2.0105995840708312e-07,16.894736842105264,2.5112717287480835,0.5748722914582105,10146.08678898852,NAMLS-reconstructed-v1,0.335801991721891,119,109,228,119,347,wendland_c2,3.0,26,14,4,1e-10,2.0,0.0,namls,2.010599899904264e-07,8.485402602786962e-08,7.747462316132214e-08,1.6741105746120866e-07,7.366796455700725e-08,7.59473834932578e-08,1.7496178372766735e-07,0.009392622335045174,0.013218310638490263,0.011587351307187674,0.009859484497964564,0.0014403180000073235,ok,0.5961816340000041,7,False,
0.09184657400000162,0.0,0.0,0.0,star,3008,0.988058119295742,0.0,0.2,0.21549956172521764,0.08829465357527624,0.3002894774674559,0.32152160995248324,1.0,2.2795797460924727,0.10928881699971851,2.2795797460924727,2.2795797460924727,66,False,0.30413942001062766,-0.8248744727342502,5.460622966246982,3.39148167818072e-08,17.72222222222222,2.7974492350325413,0.5319001510633585,2452.9636522889405,NAMLS-reconstructed-v1,0.2964093424447171,48,3,36,33,84,wendland_c2,3.0,26,14,4,1e-10,2.0,0.0,namls,3.391480335457331e-08,8.36791480551824e-09,8.888168645526662e-09,2.5597466368765254e-08,8.041676839397319e-09,7.270225976796496e-09,2.136311283429393e-08,0.263528388716074,0.08648903864447777,0.40254626302038515,0.419636376429802,0.0004194929999954411,ok,0.09226606699999707,8,False,
0.1288750200000095,0.0,0.0,0.0,star,3008,0.813970551924564,0.0,0.16,0.050270968725461704,0.06232982122646136,0.06440873666041919,0.06491377744618654,1.0,0.30306778796634837,0.10593261050334714,0.30306778796634837,0.30306778796634837,76,False,-0.5447280326474833,-0.1485706795091492,4.763583735517293,5.3796946919961754e-08,17.655172413793103,2.734033577031774,0.5543604510880293,3358.885140141063,NAMLS-reconstructed-v1,0.3250015307399526,60,7,58,51,118,wendland_c2,3.0,26,14,4,1e-10,2.0,0.0,namls,5.3796943330630675e-08,1.7516559758234962e-08,1.7955770204025612e-08,4.463572417234829e-08,1.543498706624291e-08,1.1678424893801775e-08,3.3599587112576046e-08,0.05202250034363383,0.06318905619449061,0.0742024472080406,0.0755889537262835,0.0004787009999915881,ok,0.1293537210000011,8,False,
0.11448579599999675,0.0,0.0,0.0,star,3008,0.7175483885541191,0.0,0.12,0.0357588678663023,0.035184306643633034,0.04315066674569779,0.04819668584123336,1.0,0.3666003505029838,0.09068646142158471,0.3666003505029838,0.3666003505029838,113,False,0.3648313892474991,-0.8058576447194922,4.935977303744437,8.847973119048297e-08,17.833333333333332,2.612342307814435,0.5585392462798933,4919.929427589838,NAMLS-reconstructed-v1,0.31211146847378973,80,29,96,67,176,wendland_c2,3.0,26,14,4,1e-10,2.0,0.0,namls,8.84796819214384e-08,3.042969609623469e-08,2.754614247812981e-08,7.027985597131414e-08,3.001354187404104e-08,2.725655123825277e-08,6.74193735090891e-08,0.03936309085819356,0.036035119764771646,0.05329787697618986,0.05922967545084703,0.0007062180000048102,ok,0.11519201400000156,8,False,
0.3672902019999924,0.0,0.0,0.0,star,3008,0.49280309273125206,0.0,0.1,0.01535903708698514,0.017745551600792435,0.0177837932157158,0.01782341110739741,1.0,0.0868358019454761,0.04959379964448038,0.0868358019454761,0.0868358019454761,135,False,0.3333786996870061,-0.873502508223764,4.5587433594933255,1.1266190474236629e-07,17.248275862068965,2.5740926376271283,0.5628819883322193,7257.98973829486,NAMLS-reconstructed-v1,0.33720004689052324,95,57,145,88,240,wendland_c2,3.0,26,14,4,1e-10,2.0,0.0,namls,1.1266188160163892e-07,4.567046030246047e-08,4.597377545323411e-08,1.0220913360114992e-07,4.015608412455407e-08,4.2410879474985563e-08,9.797408284661913e-08,0.014906126624117484,0.017456866126948332,0.019177254239514885,0.02021361002199795,0.0006711870000088993,ok,0.3679613890000013,8,False,
0.5794331390000025,0.0,0.0,0.0,star,3008,0.4114492625503676,0.0,0.08,0.009200770825373749,0.010093528711036052,0.010341494869854336,0.010730242601184669,1.0,0.058616147545548614,0.039270833769532915,0.058616147545548614,0.058616147545548614,120,False,0.9263423378042152,0.08004163910588055,4.447045658435175,1.7901766529667024e-07,16.8141592920354,2.531021818139398,0.5712602581979631,10080.739364683319,NAMLS-reconstructed-v1,0.35141271889790743,119,113,226,113,345,wendland_c2,3.0,26,14,4,1e-10,2.0,0.0,namls,1.790176025195933e-07,7.403187041177262e-08,6.28350811382461e-08,1.4868297881776016e-07,6.992915224657281e-08,6.894439175120226e-08,1.555437352673988e-07,0.00861672401227911,0.010053557194428353,0.01064627085461214,0.011207682809478762,0.0010926920000002838,ok,0.5805258310000028,8,False,
0.10198819000000015,0.0,0.0,0.0,star,3009,0.9869800424733585,0.0,0.2,0.2693769160943732,0.14231192119932096,0.36972000790489434,0.384592069258038,1.0,2.552515830475019,0.20528866085621922,2.552515830475019,2.552515830475019,66,False,0.30413942001062766,-0.8248744727342502,5.048699108724521,2.6612180915432868e-08,18.2972972972973,2.803265697049592,0.5285798542096347,2542.200899872607,NAMLS-reconstructed-v1,0.32616671226213123,48,2,37,35,85,wendland_c2,3.0,26,14,4,1e-10,2.0,0.0,namls,2.661216891297613e-08,6.797886253906427e-09,5.359972909957378e-09,1.6675333114335444e-08,7.263007084645778e-09,5.50457701642415e-09,1.6885056020043976e-08,0.3243002157940597,0.14538153428399206,0.4915365743986104,0.504189079213195,0.0003287690000064458,ok,0.10231695900000659,9,False,
0.080125271,0.0,0.0,0.0,star,3009,0.8822629647878308,0.0,0.16,0.06412867000950458,0.05723334851675347,0.08203536701236272,0.08849808984152689,1.0,0.46863296184345127,0.09769157746544999,0.46863296184345127,0.46863296184345127,66,False,0.32811991510654137,0.8286748229899237,4.733324918933896,5.352526684164549e-08,17.915254237288135,2.685812879183813,0.5507599498920394,3401.503922718914,NAMLS-reconstructed-v1,0.32740749324273644,60,9,59,50,119,wendland_c2,3.0,26,14,4,1e-10,2.0,0.0,namls,5.352525711543876e-08,1.7501215143767013e-08,1.7937262564160505e-08,4.44769829854863e-08,1.5576196454814026e-08,1.181160591556818e-08,3.1082802109949625e-08,0.07639251442371646,0.057047597976646484,0.10849214100548978,0.11534056346517506,0.0007435939999993479,ok,0.08086886499999935,9,False,
0.264892433,0.0,0.0,0.0,star,3009,0.6900507619106077,0.0,0.12,0.023698085485745635,0.026017943602796394,0.028483359429604213,0.029844870789695686,1.0,0.22044301196351387,0.048977016454062494,0.22044301196351387,0.22044301196351387,81,False,0.8791552635756316,0.09795156282756037,4.521376565946334,8.958713609572507e-08,17.294117647058822,2.6292669464979936,0.5591857494328323,4934.662606815555,NAMLS-reconstructed-v1,0.3370821590124803,80,28,102,74,182,wendland_c2,3.0,26,14,4,1e-10,2.0,0.0,namls,8.958715905921233e-08,3.4613248267589825e-08,3.117673053054659e-08,7.124869050301186e-08,2.7329420504429436e-08,3.217727106985535e-08,7.632040924243633e-08,0.026036523093704616,0.026015293873718807,0.034779120586594305,0.037565730304655064,0.00048571100001026934,ok,0.26537814400001025,9,False,
0.33868433700000367,0.0,0.0,0.0,star,3009,0.5020174273873256,0.0,0.1,0.012520500648157955,0.014425976635959483,0.014571360461559983,0.014720007242367295,1.0,0.05958352957618607,0.035002975424553884,0.05958352957618607,0.05958352957618607,107,False,0.05429943659471768,0.7611879286207873,4.783713601699244,1.1478106537212554e-07,16.848275862068967,2.53106525266316,0.5673867198693432,6765.381815804046,NAMLS-reconstructed-v1,0.3248623920035954,95,57,145,88,240,wendland_c2,3.0,26,14,4,1e-10,2.0,0.0,namls,1.1478111616725073e-07,4.37759619664746e-08,4.411310161600568e-08,9.819521424453415e-08,4.125670682864069e-08,3.804708637034082e-08,9.391418753779135e-08,0.011767221501488205,0.014625010890854913,0.015138942806349987,0.015462717869721095,0.028994337000000314,ok,0.367678674000004,9,False,
0.28726869500000873,0.0,0.0,0.0,star,3009,0.48273540337570675,0.0,0.08,0.00980470511124199,0.010060311782129806,0.010983399055262216,0.01232347040219801,1.0,0.10979629393798501,0.026134207446979918,0.10979629393798501,0.10979629393798501,120,False,0.9263423378042152,0.08004163910588055,4.600609903373832,1.9255338320135456e-07,16.67241379310345,2.5075009870019,0.5739304959871476,10198.987249815054,NAMLS-reconstructed-v1,0.3366777598161265,119,115,232,117,351,wendland_c2,3.0,26,14,4,1e-10,2.0,0.0,namls,1.9255346435666726e-07,8.132534246030332e-08,5.7596867053533174e-08,1.483050341673234e-07,7.799891221793587e-08,7.583191252713561e-08,1.7021261333896436e-07,0.010384621995293528,0.01007387151146766,0.01277321606222711,0.014959043583561584,0.0012941419999918935,ok,0.2885628370000006,9,False,
