added_edge_correction_rel_max,added_edge_correction_rel_median,added_edge_correction_rel_p90,added_edge_fraction,added_edge_negative_lambda_fraction,assembly_seconds,boundary_edge_correction_rel_max,boundary_edge_correction_rel_median,boundary_edge_correction_rel_p90,boundary_edge_negative_lambda_fraction,boundary_split_factor,constraint_resid_inf,constraint_resid_l2,core_edge_correction_rel_max,core_edge_correction_rel_median,core_edge_correction_rel_p90,core_edge_negative_lambda_fraction,correction_abs_max,correction_abs_median,correction_rel_l2,correction_rel_max,correction_rel_median,correction_rel_p90,domain,family_seed,frac_err2_near_boundary_interior,frac_max_error_on_boundary,h_target,l2,l2_core_interior,l2_interior,l2_near_boundary_interior,lambda_ratio_median,linf,linf_core_interior,linf_interior,linf_near_boundary_interior,max_added_edges_on_flagged_node,max_error_dist_boundary,max_error_idx,max_error_is_boundary,max_error_local_cond,max_error_local_sigma_min,max_error_region,max_error_x,max_error_y,max_local_cond,max_local_size,mean_added_edges_per_flagged_node,median_dist_boundary,median_local_cond,median_radius,min_local_sigma_min,n_added_edges,n_boundary,n_core_interior,n_edges,n_flagged_enrichment_nodes,n_flagged_nodes_with_added_edges,n_flagged_nodes_without_added_edges,n_force_flagged_enrichment_nodes,n_interior,n_interior_eval,n_near_boundary_interior,n_original_edges,n_points,negative_lambda_fraction,operator,original_edge_correction_rel_max,original_edge_correction_rel_median,original_edge_correction_rel_p90,original_edge_fraction,original_edge_negative_lambda_fraction,patch_const_max,patch_quad_max,patch_x2h_max,patch_x_max,patch_xy_max,patch_y2h_max,patch_y_max,rms,rms_core_interior,rms_interior,rms_near_boundary_interior,selected_attempt_alpha,selected_attempt_idx,selected_attempt_max_neighbors,selected_attempt_min_neighbors,solve_seconds,status,total_seconds,trial,unstable,unstable_reasons
,,,,,0.26845536699693184,,,,,2.0,0.0,0.0,,,,,,,0.0,,,,circle,1000,0.5490719678209994,0.0,0.2,1.145036380892681,1.2966510915071563,1.3684712527113092,1.4373115966413048,1.0,6.126940708067762,3.8477727289879438,6.126940708067762,6.126940708067762,,0.11000000000000003,57,False,38.63714863268215,0.07340979986665323,near_boundary_interior,0.5231288745402516,-0.720025124993739,52.651915643726696,23,,0.32174946036968216,30.383796984964896,0.08159745955696332,0.048779527667489164,,40,22,0,,,,,57,57,35,,97,0.0,wls,,,,,,1.5987211554602254e-14,7.105427357601002e-15,9.325873406851315e-15,1.7319479184152442e-14,2.3037127760971998e-14,6.217248937900877e-15,1.2989609388114332e-14,1.1526456524655004,1.3501561671129283,1.5036413346969106,1.5925643934168516,,,,,0.0043788129987660795,ok,0.2728341799956979,0,False,
,,,,,0.3383951449941378,,,,,2.0,0.0,0.0,,,,,,,0.0,,,,circle,1000,0.6032154025760734,0.0,0.16,0.40192769893733965,0.3661522639344739,0.46325974270343057,0.5956720663606789,1.0,1.7592124653268146,0.8454662971458141,1.7592124653268146,1.7592124653268146,,0.088,54,False,65.12262964504438,0.04224772682999539,near_boundary_interior,0.48867403702092704,0.7700270680577855,77.18167675829748,23,,0.3239967360095416,44.226001059108405,0.06530214031049061,0.033864049320889614,,50,47,0,,,,,91,91,44,,141,0.0,wls,,,,,,2.930988785010413e-14,1.2434497875801753e-14,1.1324274851176597e-14,2.0872192862952943e-14,1.2656542480726785e-14,9.325873406851315e-15,2.1094237467877974e-14,0.44923334262905606,0.36977994638656786,0.5591918624748285,0.7075669779258686,,,,,0.0006552340055350214,ok,0.33905037899967283,0,False,
,,,,,0.18790011999954004,,,,,2.0,0.0,0.0,,,,,,,0.0,,,,circle,1000,0.30858159141423813,0.0,0.12,0.14475261164421052,0.15712160631827096,0.16073327703165555,0.1698237526858614,1.0,0.5322659191606627,0.5322659191606627,0.5322659191606627,0.47024079145784675,,0.575960170772642,221,False,64.99006433215872,0.03828600970933338,interior_core,-0.4054115994167333,0.12449378524210894,136.18721277072123,23,,0.32082623899535867,72.47877390453817,0.05789227309425775,0.019638345394354644,,66,99,0,,,,,158,158,59,,224,0.0,wls,,,,,,7.149836278586008e-14,3.197442310920451e-14,1.3322676295501878e-14,2.7533531010703882e-14,1.7763568394002505e-14,2.731148640577885e-14,6.217248937900877e-14,0.14722483132397834,0.15680461857256572,0.1752978264012014,0.20257045907546578,,,,,0.0011530960036907345,ok,0.18905321600323077,0,False,
0.29926458972380343,0.2909846765108185,0.29760860708120646,0.0011862396204033216,0.0,0.5486539709963836,4.561932108982392,0.8196943425042714,2.0306123609416207,0.41451990632318503,2.0,1.5122347818419257e-12,8.955341488718087e-12,2.5331219855019205,0.2319866438479336,1.6938576426837644,0.23703703703703705,0.27336034121114244,0.04828404771148999,0.5696097005752889,4.561932108982392,0.6512526829120182,1.9511363051327564,circle,1000,0.4948905246905442,0.0,0.2,0.1863449906731085,0.22333701510300613,0.22270712710813578,0.22206969698432857,0.7225320988728192,0.4393471137191618,0.4145547612780343,0.4393471137191618,0.4393471137191618,1,0.3924317864593679,95,False,9.712012239717248,0.30150228640841614,near_boundary_interior,-0.46684573222716197,0.39563548158246975,26.222470236834376,57,1.0,0.32174946036968216,10.77351722341827,0.08159745955696332,0.18574827703774016,2,40,22,1686,2,2,0,2,57,57,35,1684,97,0.3718861209964413,ccpfm,4.561932108982392,0.6533324386088442,1.951629575644508,0.9988137603795967,0.37232779097387175,8.215650382226158e-14,7.420641878752576e-11,8.310341303996438e-11,3.3330060933423056e-11,6.509744132632278e-11,6.138434205382737e-11,3.5283775901007175e-11,0.1575920253474093,0.2278069539478458,0.20558085897787248,0.1902860045958371,2.75,2,96,32,0.0003519440069794655,ok,0.549005915003363,0,False,
0.2732807014609114,0.19628126381702565,0.25788081393213425,0.0009847365829640572,0.0,0.6349155040079495,5.510549882771775,0.6735099782300036,1.830920213107693,0.35590669676448455,2.0,2.4845125956574066e-12,1.4701446176782016e-11,3.2436237767060025,0.28226138309134124,1.6395016823358244,0.2621082621082621,0.3859370198512881,0.04786284764312912,0.5662429124332887,5.510549882771775,0.5390084115865196,1.7591639727028399,circle,1000,0.3006630324535442,0.0,0.16,0.10118605794166267,0.1223771413717622,0.11662651589119995,0.10587264916372804,0.6815296378168693,0.25492419369255115,0.25492419369255115,0.25492419369255115,0.21309875517873633,1,0.4939228533185625,120,False,9.221245197375776,0.2895603704617603,interior_core,-0.3315633793309384,-0.38268715800938957,24.320428699575533,46,1.0,0.3239967360095416,9.643853526655809,0.06530214031049061,0.17309570925840156,2,50,47,2031,2,2,0,2,91,91,44,2029,141,0.32348596750369274,ccpfm,5.510549882771775,0.5399423831820621,1.7601110875807526,0.999015263417036,0.32380482996550025,1.9273471707492718e-13,1.577418196063718e-10,7.426681492006537e-11,8.828948683259341e-11,1.5218565036639875e-10,8.851763766415388e-11,1.0544097539533226e-10,0.08885598413384689,0.12214002596797942,0.11060519900204291,0.0967770017370134,2.35,0,68,24,0.0005842539976583794,ok,0.6354997580056079,0,False,
,,,,,0.20102990399755072,,,,,2.0,0.0,0.0,,,,,,,0.0,,,,circle,1000,0.3397029841168557,0.0,0.1,0.09105747258572863,0.09454226196112309,0.09936092570494348,0.11131094979143255,1.0,0.38556468392501814,0.28622020490936506,0.38556468392501814,0.38556468392501814,,0.054999999999999986,116,False,170.4492765952645,0.016061693784254597,near_boundary_interior,0.8712576690821211,-0.3659712356965786,195.76808038334391,23,,0.3224209933451369,102.54923200860956,0.04854809641553886,0.013143124023267047,,79,146,0,,,,,225,225,79,,304,0.0,wls,,,,,,9.547918011776346e-14,4.3520742565306136e-14,4.0190073491430667e-14,8.060219158778636e-14,2.7033930649622562e-14,2.5757174171303632e-14,5.3290705182007514e-14,0.09169262663826237,0.09496465707736457,0.10658103823573102,0.12524516289042606,,,,,0.00189954400411807,ok,0.2029294480016688,0,False,
,,,,,0.3318231089942856,,,,,2.0,0.0,0.0,,,,,,,0.0,,,,circle,1000,0.1763975998200887,0.0,0.08,0.05153785532935537,0.05580030065922624,0.05511929965813384,0.05224007525843166,1.0,0.1794465059388498,0.1794465059388498,0.1794465059388498,0.1686804244360075,,0.16335813355984102,157,False,167.27512088870165,0.014119343839295542,interior_core,0.5016593599356639,-0.6712591188787685,328.82683642684896,23,,0.29311453088231976,155.26542772440627,0.03928389887850495,0.008069871380996033,,99,253,0,,,,,351,351,98,,450,0.0,wls,,,,,,1.5631940186722204e-13,7.061018436615996e-14,3.68594044175552e-14,6.750155989720952e-14,6.356026815979021e-14,5.417888360170764e-14,1.1723955140041653e-13,0.04919405897055627,0.056112800944492565,0.05570130318871581,0.054624637518134705,,,,,0.0024896460090531036,ok,0.3343127550033387,0,False,
0.27421711867354825,0.27246260028097746,0.2738662149950341,0.000628140703517588,0.0,0.6477881330065429,5.850822573440924,0.6954024270040274,1.8614439495608182,0.3600471420153212,2.0,1.4298409678481505e-11,1.0038536788549534e-10,2.69733417540353,0.34622353322763705,1.6830845426929901,0.2878278412911903,0.30085323045014234,0.05313646903779684,0.5787684127557451,5.850822573440924,0.5414840879087077,1.764638375075398,circle,1000,0.18964013842809269,0.0,0.12,0.06775590410716363,0.0796205436773292,0.07523614518372387,0.06231596069726938,0.7041923902849924,0.19204846701123102,0.19204846701123102,0.19204846701123102,0.12775681301449926,1,0.3428501846570941,116,False,8.855131357280436,0.2997806286970622,interior_core,0.43221979478378997,0.49502504768580013,25.294643975491436,45,1.0,0.32082623899535867,9.506390960507836,0.05789227309425775,0.16762508094855283,2,66,99,3184,2,2,0,2,158,158,59,3182,224,0.3263190954773869,ccpfm,5.850822573440924,0.5424435861793103,1.764766514482154,0.9993718592964824,0.3265241986172219,3.5083047578154947e-13,1.812773930964795e-09,1.5157719523983815e-09,1.1837737456943387e-09,1.5786281171159544e-09,1.5233680983328668e-09,1.2042453700900069e-09,0.061098481609191485,0.07909028527380775,0.07274880824238139,0.060635815989770636,2.35,0,68,24,0.0018114970007445663,ok,0.6495996300072875,0,False,
,,,,,0.05904116199235432,,,,,2.0,0.0,0.0,,,,,,,0.0,,,,circle,1001,0.5329872039399758,0.0,0.2,0.9206674158220691,1.0965799093254234,1.1040935058413575,1.110805584836244,1.0,2.914977844324512,2.515793858293301,2.914977844324512,2.914977844324512,,0.10999999999999999,55,False,34.506448235421765,0.08141818080455004,near_boundary_interior,-1.0225344626630001e-13,-0.89,46.3892214744399,23,,0.3330876172749911,27.849182676900753,0.08159745955696322,0.05866781704033004,,40,21,0,,,,,56,56,35,,96,0.0,wls,,,,,,1.7985612998927536e-14,8.659739592076221e-15,6.439293542825908e-15,1.0325074129013956e-14,2.1087298573974067e-14,4.884981308350689e-15,1.1102230246251565e-14,0.8953557903645573,1.1030726039434622,1.172295909503599,1.2119335036873213,,,,,0.00038663500163238496,ok,0.0594277969939867,1,False,
,,,,,0.0985719480086118,,,,,2.0,0.0,0.0,,,,,,,0.0,,,,circle,1001,0.546587772830955,0.0,0.16,0.41847007630483973,0.4328585132155632,0.4814638425596602,0.5372043492418092,1.0,2.4325791891661277,0.8296544140968822,2.4325791891661277,2.4325791891661277,,0.088,54,False,62.431906411807,0.04367491176458872,near_boundary_interior,0.48867403702092704,0.7700270680577855,80.17531392881324,23,,0.3001388866411137,43.461626445696886,0.06530214031049061,0.03216877861952884,,50,41,0,,,,,89,89,48,,139,0.0,wls,,,,,,2.3314683517128287e-14,1.2878587085651816e-14,4.884981308350689e-15,1.4876988529977098e-14,1.5279444376403717e-14,7.549516567451064e-15,1.6209256159527285e-14,0.468728739224676,0.43142509206834356,0.5857792438574704,0.6908326753037646,,,,,0.0004492779989959672,ok,0.09902122600760777,1,False,
0.21416342622724413,0.17407148605315936,0.2061450381924272,0.001201923076923077,0.0,0.2383777750073932,5.687264134285463,0.8159678461314811,1.9516192967818506,0.4129586260733802,2.0,1.149826761581707e-12,8.401975653686472e-12,3.010603478193401,0.19869000518547467,1.554366106298694,0.21409921671018275,0.2848543173684123,0.048219304677905125,0.5699300576262752,5.687264134285463,0.6723198892863381,1.909679353670592,circle,1001,0.6136664794860766,0.0,0.2,0.14642877436656687,0.1586283273492247,0.1756020209557204,0.18956995996148812,0.7096293746839886,0.3479344777444482,0.3479344777444482,0.3479344777444482,0.33111498525637195,1,0.42723351588663616,78,False,9.698057401506553,0.33505511466135185,interior_core,-0.4047986633208685,0.40521561044886667,25.79900150371311,55,1.0,0.3330876172749911,10.750133205605671,0.08159745955696322,0.19108472539966365,2,40,21,1664,2,2,0,2,56,56,35,1662,96,0.3671875,ccpfm,5.687264134285463,0.6745304710643744,1.9103985879971284,0.9987980769230769,0.3676293622141998,1.0302869668521453e-13,1.1355738571694474e-10,9.736322859055235e-11,4.008526843790605e-11,6.019003351287466e-11,1.2513845515371713e-10,5.858544205317173e-11,0.12345183955217227,0.1544800967400196,0.16163639983696365,0.16578196835097644,2.75,2,96,32,0.00036551000084728,ok,0.2387432850082405,1,False,
,,,,,0.1718629810056882,,,,,2.0,0.0,0.0,,,,,,,0.0,,,,circle,1001,0.2792341431928338,0.0,0.12,0.2009920059229473,0.2242187942945128,0.2233566509977958,0.22117642776444998,1.0,0.9312565192553433,0.9312565192553433,0.9312565192553433,0.6660257728897074,,0.4642436282610464,195,False,71.24553504136671,0.036459066868750126,interior_core,0.4134739408891176,0.3411987147108959,136.78501808892963,23,,0.31490631940383296,71.724213642254,0.0577968890155142,0.019147712235540876,,66,94,0,,,,,154,154,60,,220,0.0,wls,,,,,,4.263256414560601e-14,2.7533531010703882e-14,1.609823385706477e-14,4.218847493575595e-14,1.6986412276764895e-14,1.0880185641326534e-14,2.842170943040401e-14,0.20383398836706582,0.23271065246575134,0.24362821445105107,0.25981164871627593,,,,,0.0012896510015707463,ok,0.17315263200725894,1,False,
0.12736386674060696,0.10233777651175202,0.12235864869483597,0.001015744032503809,0.0,0.3947915250028018,5.478594689036717,0.663296358788428,1.8739072293689256,0.37232415902140675,2.0,1.89770421599178e-12,1.3725497878215676e-11,3.0896145401377573,0.2943831742040138,1.5632714300907034,0.25113464447806355,0.3515033472061224,0.04959079590452675,0.5612107505969085,5.478594689036717,0.5261641227713362,1.752589634545263,circle,1001,0.4011602475808079,0.0,0.16,0.10412221138805741,0.12377519971362756,0.11979609255067676,0.1145110730517248,0.6876147855241157,0.26034577709494233,0.26034577709494233,0.26034577709494233,0.2380649633410905,1,0.44511608700469735,101,False,8.65154293543399,0.30527835555141025,interior_core,0.38056296845232707,0.40698780123287703,25.45670243120615,46,1.0,0.3001388866411137,9.875620668393235,0.06530214031049061,0.16563701547253998,2,50,41,1969,2,2,0,2,89,89,48,1967,139,0.33164042661249366,ccpfm,5.478594689036717,0.5269431322824294,1.7528475147280367,0.9989842559674962,0.33197763091001525,1.7053025658242404e-13,1.0810818906747954e-10,6.967171284344431e-11,1.0340439615674768e-10,6.792377771347446e-11,8.95494789432405e-11,1.1400547172968345e-10,0.09042922718285107,0.1230876161381386,0.11301112965551494,0.10363114294277376,2.35,0,68,24,0.0005471199983730912,ok,0.3953386450011749,1,False,
0.2893498816266757,0.26274640854838005,0.28402918701101654,0.0004597701149425287,0.0,1.0251832520007156,6.858832711385138,0.786111492544038,1.9119653674040018,0.3772839506172839,2.0,3.787833002984187e-11,3.0183555981502673e-10,2.6583103193259277,0.37875361181114914,1.6544431155243053,0.30666666666666664,0.3125340839494807,0.05907643602851454,0.5911704117578425,6.858832711385138,0.590127654005556,1.7438740499365717,circle,1000,0.15175536879378482,0.0,0.1,0.0540175213496924,0.06356761856622128,0.05894333296521989,0.04413461071301416,0.6887051388796174,0.14782993575624837,0.14782993575624837,0.14782993575624837,0.09587469762107333,1,0.3953769567455178,197,False,9.291670490308125,0.2933360056042883,interior_core,0.40321202234597786,-0.45165371988522085,26.213592170809196,45,1.0,0.3224209933451369,9.468587888291717,0.04854809641553886,0.16792252030099908,2,79,146,4350,2,2,0,2,225,225,79,4348,304,0.3395402298850575,ccpfm,6.858832711385138,0.5902532361840152,1.743879809591626,0.9995402298850574,0.33969641214351426,4.263256414560601e-13,4.549784549112701e-09,3.64577745770589e-09,2.8253985817627836e-09,4.133720699073251e-09,3.4413463190219318e-09,2.6488553572789897e-09,0.049486936809059995,0.06390016136974039,0.05752228175362019,0.04333140339768665,2.35,0,68,24,0.0019195579952793196,ok,1.027102809995995,0,False,
,,,,,0.23985618399456143,,,,,2.0,0.0,0.0,,,,,,,0.0,,,,circle,1001,0.2571137625941403,0.0,0.1,0.08852641303094404,0.09657449856393127,0.09644010688988387,0.09605493514555549,1.0,0.2565448906354468,0.25081652197970206,0.2565448906354468,0.2565448906354468,,0.1253428302762672,134,False,115.27624756729031,0.023431133624062083,near_boundary_interior,0.3231488910010825,0.8127745315226524,212.78630646626638,23,,0.3123500723819188,104.43947571207566,0.048534321044169985,0.012679773247332363,,79,150,0,,,,,229,229,79,,308,0.0,wls,,,,,,6.306066779870889e-14,3.4638958368304884e-14,2.4868995751603507e-14,5.062616992290714e-14,2.398081733190338e-14,3.2862601528904634e-14,6.661338147750939e-14,0.08601092757590151,0.09786021737448426,0.09974961964970723,0.10324198037035523,,,,,0.0015303899999707937,ok,0.24138657399453223,1,False,
0.30545503175768207,0.2840072429351852,0.3011654739931827,0.0006287331027978623,0.0,0.7475252269941848,4.881948424548406,0.6714338431659187,1.845369648753257,0.3438395415472779,2.0,1.6217055476275277e-11,9.604626079329024e-11,2.7184770195281787,0.34682149278590163,1.6651106758363614,0.2799442896935933,0.29689441479792134,0.04899697204257653,0.578754590818377,4.881948424548406,0.5169464172455457,1.7438554112764608,circle,1001,0.16497255935219265,0.0,0.12,0.09224037658484573,0.11075607753512826,0.10250408470804985,0.07801942013183305,0.7095683166272989,0.2786266961783401,0.2786266961783401,0.2786266961783401,0.1797620227129485,1,0.34150785790511,175,False,9.241364079226477,0.2875077754992578,interior_core,0.449610027681261,-0.48280309249940234,25.484411349343496,45,1.0,0.31490631940383296,9.41652091346753,0.0577968890155142,0.1683537213997924,2,66,94,3181,2,2,0,2,154,154,60,3179,220,0.31499528450172903,ccpfm,4.881948424548406,0.5183598304303302,1.743878319901953,0.9993712668972021,0.31519345706196916,2.682298827494378e-13,1.7899459692216624e-09,1.7458745560361422e-09,1.3319478853190958e-09,1.470350730059522e-09,1.3581411550944722e-09,1.1791030374297407e-09,0.08198548556143496,0.11139356623654778,0.0979913978931989,0.07215202296857866,2.35,0,68,24,0.0009773280035005882,ok,0.7485025549976854,1,False,
,,,,,0.42359516299620736,,,,,2.0,0.0,0.0,,,,,,,0.0,,,,circle,1001,0.17784485115073895,0.0,0.08,0.05200997894739662,0.056347930821438214,0.055621255521197316,0.05259316447262628,1.0,0.20707413904698835,0.20707413904698835,0.20707413904698835,0.1759164594746051,,0.36007966324152907,394,False,144.1341682377257,0.016314036879915783,interior_core,0.36789111180253914,-0.5236411452715339,315.9990477952778,23,,0.309817595828556,156.61280435810176,0.03919467342830018,0.00832981667843559,,99,256,0,,,,,355,355,99,,454,0.0,wls,,,,,,1.2567724638756772e-13,5.129230373768223e-14,3.907985046680551e-14,9.947598300641403e-14,3.774758283725532e-14,6.972200594645983e-14,9.636735853746359e-14,0.05104269483058955,0.057509977657035825,0.05772279408647697,0.05826950378635707,,,,,0.0029756270087091252,ok,0.4265707900049165,1,False,
,,,,,0.04937776699080132,,,,,2.0,0.0,0.0,,,,,,,0.0,,,,circle,1002,0.7002881037900767,0.0,0.2,1.0199288006620932,0.9665094662359535,1.2259719938672926,1.4257712216779355,1.0,3.7346177280257136,1.9192630815153315,3.7346177280257136,3.7346177280257136,,0.11000000000000006,47,False,41.39034204881994,0.06902336678433268,near_boundary_interior,-0.5231288745400949,0.7200251249938527,46.88108726556097,23,,0.3298575396014456,29.476051175193426,0.08159745955696322,0.05907858901757159,,40,21,0,,,,,56,56,35,,96,0.0,wls,,,,,,1.9539925233402755e-14,8.881784197001252e-15,7.216449660063518e-15,1.432187701766452e-14,6.454906054109699e-15,4.440892098500626e-15,9.325873406851315e-15,1.064765292934407,0.9540225043671693,1.3941050149239282,1.601109210801771,,,,,0.0002905770088545978,ok,0.04966834399965592,2,False,
0.33613703317463844,0.29797431272488106,0.328504489084687,0.0003071724773460298,0.0,1.7154201529920101,4.112294137904888,0.8013090248449909,1.8811397994770211,0.41448382126348227,2.0,1.1312065173463282e-10,1.1170964145978511e-09,2.869880341345835,0.421035850420962,1.650256704006812,0.3182630906768838,0.2934312849574578,0.0659743460951695,0.5886960290122613,4.112294137904888,0.5966132596228678,1.7240777357386936,circle,1000,0.07269652005486589,0.0,0.08,0.03439252472574517,0.03951176208194257,0.03678251382878871,0.022379582751055956,0.6921493931206315,0.11406761268577503,0.11406761268577503,0.11406761268577503,0.06225146380066282,1,0.5352223586103139,439,False,9.211941359186163,0.30324829515280544,interior_core,-0.423658677182179,0.1912730781023857,27.122078707274383,45,1.0,0.29311453088231976,9.357680977692066,0.03928389887850495,0.15773389298180412,2,99,253,6511,2,2,0,2,351,351,98,6509,450,0.3566272461987406,ccpfm,4.112294137904888,0.596775654262525,1.7241211601257764,0.999692827522654,0.35673682593332307,5.88862292261183e-13,8.891072766914476e-09,6.615044512159329e-09,5.257653867829504e-09,8.285588215528605e-09,6.326598356309887e-09,5.480981002392582e-09,0.031324422108978,0.03941280615247617,0.035467923761847014,0.02225692030377442,2.35,0,68,24,0.0033505060127936304,ok,1.7187706590048037,0,False,
,,,,,0.1110764309996739,,,,,2.0,0.0,0.0,,,,,,,0.0,,,,circle,1002,0.6224605043184017,0.0,0.16,0.46772235996707373,0.43568995465228233,0.5378986193380062,0.6513168115269219,1.0,2.301744655566716,0.8660933090018346,2.301744655566716,2.301744655566716,,0.08800000000000008,62,False,56.56430061968825,0.04950083711393033,near_boundary_interior,-0.9048086075987769,0.1143039090108568,76.44215612984982,23,,0.3036966279957083,44.426723479435964,0.06530214031049061,0.03388714034644248,,50,42,0,,,,,90,90,48,,140,0.0,wls,,,,,,2.4424906541753444e-14,1.1546319456101628e-14,6.439293542825908e-15,1.4210854715202004e-14,9.103828801926284e-15,1.021405182655144e-14,2.609024107869118e-14,0.5221130913582116,0.43667575322209967,0.6511894350039434,0.792615544396108,,,,,0.0007011949928710237,ok,0.11177762599254493,2,False,
0.24809697061792288,0.17584072322410682,0.23364572113915966,0.0011883541295306002,0.0,0.25767147599253803,9.101068530043875,0.8049996529257833,1.9960098304106884,0.4155642023346304,2.0,1.5151699339632785e-12,8.289900356514275e-12,3.1084195306501274,0.20185639549041162,1.6853994093981735,0.228643216080402,0.2964793410823687,0.046317461723470746,0.5707714574390853,9.101068530043875,0.6319001216193193,1.9477722456913786,circle,1002,0.48310072398954695,0.0,0.2,0.21382603419565357,0.26610179794932803,0.25702257776563264,0.24826816824353648,0.70813095751083,0.5473848364816387,0.5473848364816387,0.5473848364816387,0.502652553142044,1,0.42039813673134463,63,False,9.460715838164175,0.30190783407339883,interior_core,0.4472071509060167,0.373709960546394,26.104795440964697,56,1.0,0.3298575396014456,11.154308583690078,0.08159745955696322,0.18886017305604239,2,40,21,1683,2,2,0,2,56,56,35,1681,96,0.37136066547831253,ccpfm,9.101068530043875,0.632651344519519,1.9500782223086301,0.9988116458704694,0.37180249851279,9.947598300641403e-14,7.166511828415878e-11,5.892619725500481e-11,3.3619551587094065e-11,5.96860096069296e-11,7.067613161382269e-11,2.909344119783608e-11,0.1809525778213521,0.2705640819235116,0.23692253858963808,0.21421650125642994,2.75,2,96,32,0.0003765700093936175,ok,0.25804804600193165,2,False,
0.17107553967712003,0.14095750474810095,0.1650519326913162,0.0004519774011299435,0.0,1.1518508380104322,6.067086683044289,0.7675446616903052,1.8491383636839345,0.38291605301914583,2.0,3.328028824745033e-11,2.8312858918825676e-10,3.163494144479529,0.37593681390342903,1.6689477379689805,0.3036013400335008,0.3382649296699792,0.05847189405470825,0.5840396052340047,6.067086683044289,0.5805992558870428,1.7185735526782473,circle,1001,0.13089590630987566,0.0,0.1,0.06727020105619069,0.07937560736015045,0.07328372581972022,0.052079872406206595,0.6871061314558956,0.20291726905041463,0.20291726905041463,0.20291726905041463,0.12671880685617054,1,0.38523995768268005,160,False,9.456812058670222,0.2940470420851093,interior_core,0.4216369933865799,0.4478301413722591,26.085067275734783,45,1.0,0.3123500723819188,9.470833928113473,0.048534321044169985,0.16206708510957174,2,79,150,4425,2,2,0,2,229,229,79,4423,308,0.34011299435028247,ccpfm,6.067086683044289,0.5812820889807282,1.7189217146039135,0.9995480225988701,0.34026678724847387,4.831690603168681e-13,4.223466909536455e-09,2.783704156072986e-09,2.498079965107536e-09,4.0754040142587655e-09,2.8255786599373778e-09,2.5195401320843303e-09,0.061039683926087974,0.08015647305092717,0.07078967087981444,0.04823474015329148,2.35,0,68,24,0.0029108629969414324,ok,1.1547617010073736,1,False,
,,,,,0.2278811910073273,,,,,2.0,0.0,0.0,,,,,,,0.0,,,,circle,1002,0.35470380642069954,0.0,0.12,0.14909022148972173,0.16141295940520017,0.16549772717675112,0.1737986529127134,1.0,0.5082465555989739,0.46966518196959794,0.5082465555989739,0.5082465555989739,,0.06599999999999996,91,False,88.96458876610167,0.03288653414766918,near_boundary_interior,0.044441512176819194,-0.9329420209433164,140.52478371591553,23,,0.3129756603206712,71.83320841731191,0.058093082429793864,0.018840213630451394,,66,90,0,,,,,157,157,67,,223,0.0,wls,,,,,,6.039613253960852e-14,2.353672812205332e-14,2.1760371282653068e-14,3.552713678800501e-14,2.786659791809143e-14,1.3100631690576847e-14,3.907985046680551e-14,0.14812940054344598,0.16461611606641413,0.1765403042178943,0.191392200862024,,,,,0.0014000980008859187,ok,0.2292812890082132,2,False,
0.17942531425248243,0.17279362364007103,0.17809897613000014,0.0009940357852882703,0.0,0.3876822809979785,5.150789240288153,0.6659915976175392,1.7819075131259061,0.37396538750940556,2.0,2.408323540592505e-12,1.4744727142381217e-11,3.4323659528494552,0.2920616713824401,1.6599915450180938,0.23572474377745242,0.3646992475619337,0.05073042571817045,0.5633868189846484,5.150789240288153,0.529220234596129,1.7500343961874572,circle,1002,0.3539252286686895,0.0,0.16,0.11487504984966683,0.13998300847470466,0.1321107049807718,0.12062288992123912,0.673756836199257,0.25450030245898264,0.25450030245898264,0.25450030245898264,0.23646888382302,1,0.545366841053425,98,False,9.05405911953911,0.29442765058261167,interior_core,0.31954465897579803,0.3242735912445888,26.06214421882796,45,1.0,0.3036966279957083,9.639192841249587,0.06530214031049061,0.16989097578575516,2,50,42,2012,2,2,0,2,90,90,48,2010,140,0.32703777335984097,ccpfm,5.150789240288153,0.5316899785519338,1.7502374946190888,0.9990059642147118,0.32736318407960197,1.7463808177353712e-13,1.309763408841036e-10,5.1020521141253994e-11,6.596723167717755e-11,8.451586652746812e-11,1.4118173297106296e-10,7.269473911719615e-11,0.10028828263249216,0.1403458378652887,0.1250814645062457,0.11000108635977118,2.35,0,68,24,0.0005557539989240468,ok,0.38823803499690257,2,False,
,,,,,0.22884430500562303,,,,,2.0,0.0,0.0,,,,,,,0.0,,,,circle,1002,0.22160476477250768,0.0,0.1,0.09653305072778147,0.10676438542826909,0.10513391302689018,0.0999479466919465,1.0,0.3752876494428843,0.31911965306837164,0.3752876494428843,0.3752876494428843,,0.05500000000000005,100,False,149.04497191822787,0.018806137788549827,near_boundary_interior,-0.926380969848183,-0.1866633830294639,198.5379543792656,23,,0.3082023496159011,98.92949722620374,0.04869195701218303,0.012590716247524152,,79,144,0,,,,,218,218,74,,297,0.0,wls,,,,,,7.105427357601002e-14,2.6645352591003757e-14,2.2648549702353193e-14,5.062616992290714e-14,2.930988785010413e-14,2.2648549702353193e-14,5.684341886080802e-14,0.09395868917171363,0.10715023276929637,0.10966976859761385,0.11441372604560902,,,,,0.0017142139986390248,ok,0.23055851900426205,2,False,
,,,,,0.3623861469968688,,,,,2.0,0.0,0.0,,,,,,,0.0,,,,circle,1002,0.12308330617667283,0.0,0.08,0.05292895682338299,0.05979775961580796,0.056629552286725324,0.04299318706500257,1.0,0.23274579331641038,0.23274579331641038,0.23274579331641038,0.1527095881786299,,0.5324804896718334,437,False,142.15197283069617,0.018031597074182438,interior_core,0.17686734882255029,0.4330203790967762,314.6174670450457,23,,0.29828242514080017,156.19669219062493,0.039177385292879424,0.008162043038002989,,99,253,0,,,,,355,355,102,,454,0.0,wls,,,,,,1.3500311979441904e-13,6.394884621840902e-14,4.3520742565306136e-14,9.414691248821327e-14,5.1514348342607263e-14,5.595524044110789e-14,1.1723955140041653e-13,0.049860779472540084,0.05976085619261843,0.05638619818246433,0.0469808184288849,,,,,0.0030380410025827587,ok,0.36542418799945153,2,False,
0.25361703990270373,0.1580083183532399,0.23449529559281096,0.0006293266205160479,0.0,0.7743536490015686,6.730240301752183,0.6611124607530423,1.884730750286545,0.3441295546558704,2.0,1.5419707177777298e-11,1.0409764182921223e-10,2.7103815390973747,0.31566884985171406,1.703861231680958,0.2781228433402346,0.31043454787744995,0.049458930087537656,0.5808478199843131,6.730240301752183,0.510826210789282,1.7498387017646946,circle,1002,0.22059401699903913,0.0,0.12,0.07119154446172109,0.08470713068064867,0.07902623448332402,0.06544697846184251,0.710253239252834,0.16266739547459708,0.16266739547459708,0.16266739547459708,0.13574098214052976,1,0.3070119122368442,147,False,9.340581691923624,0.2918334051730156,interior_core,0.5184087687551185,-0.4618293939540371,25.68089027062326,45,1.0,0.3129756603206712,9.414938496120481,0.058093082429793864,0.163734476385014,2,66,90,3178,2,2,0,2,157,157,67,3176,223,0.31403398363750784,ccpfm,6.730240301752183,0.5111710337628887,1.7499705569835229,0.9993706733794839,0.3142317380352645,3.765876499528531e-13,2.313186975300141e-09,1.6306818118039246e-09,1.3260388342928309e-09,1.7154495601801045e-09,1.7780856786941968e-09,1.5554455501387565e-09,0.06391427123436504,0.08550037896602823,0.07617289239127385,0.061454298604195864,2.35,0,68,24,0.0011208100040676072,ok,0.7754744590056362,2,False,
,,,,,0.05100014799972996,,,,,2.0,0.0,0.0,,,,,,,0.0,,,,circle,1003,0.6549671571489922,0.0,0.2,0.9660320786777902,0.9922516253583081,1.1563925479978567,1.2838530903591927,1.0,3.978372571935462,2.073881638802345,3.978372571935462,3.978372571935462,,0.11000000000000006,47,False,43.109575220940556,0.06711094790253111,near_boundary_interior,-0.5231288745400949,0.7200251249938527,51.84524401154528,23,,0.3177450510636421,30.19301131010812,0.08159745955696332,0.051543208020007523,,40,20,0,,,,,57,57,37,,97,0.0,wls,,,,,,1.3322676295501878e-14,7.549516567451064e-15,7.993605777301127e-15,1.6209256159527285e-14,9.43689570931383e-15,4.884981308350689e-15,1.1435297153639112e-14,1.0427710916397073,0.9928405581354439,1.3603085325161661,1.5224481780529022,,,,,0.00029564199212472886,ok,0.05129578999185469,3,False,
0.24293722245013347,0.18837860606737622,0.232025499173582,0.0011827321111768185,0.0,0.24776661599753425,6.401043970597375,0.79863188100315,2.0383545969810184,0.40400925212027755,2.0,1.3177375857154061e-12,8.949642476589478e-12,2.660159572817183,0.22306826826697704,1.6566263447691294,0.2131979695431472,0.26493660399626856,0.04741902197735876,0.572523098650507,6.401043970597375,0.6467627304161441,1.935567875611677,circle,1003,0.6095198196903421,0.0,0.2,0.17582315890706024,0.19212134956608581,0.21046981276631382,0.22541562457551342,0.7156443793846552,0.3647786334318266,0.35310062605251374,0.3647786334318266,0.3647786334318266,1,0.3222294302912358,61,False,11.760718817769865,0.25741283128962344,near_boundary_interior,0.4816372143493763,0.4768997435528702,26.870502144160042,55,1.0,0.3177450510636421,11.828212997309144,0.08159745955696332,0.18583529835948476,2,40,20,1691,2,2,0,2,57,57,37,1689,97,0.3595505617977528,ccpfm,6.401043970597375,0.6499040077016714,1.9362884647454879,0.9988172678888232,0.35997631734754293,8.393286066166183e-14,8.326250799939316e-11,9.422129743086316e-11,4.021938337928077e-11,6.196352111964565e-11,8.521972016950485e-11,4.978098488983562e-11,0.1499140647562672,0.1947969769092966,0.19556485892935738,0.19597867758256243,2.75,2,96,32,0.0005400700028985739,ok,0.24830668600043282,3,False,
,,,,,0.0989200360054383,,,,,2.0,0.0,0.0,,,,,,,0.0,,,,circle,1003,0.5266212514851466,0.0,0.16,0.5073082144016883,0.5229517293993609,0.5866327092745438,0.6695092708156047,1.0,2.590493619057224,1.1934717121531848,2.590493619057224,2.590493619057224,,0.088,71,False,66.41441918751764,0.043554139320225005,near_boundary_interior,0.48867403702078815,-0.7700270680578738,78.02259198810611,23,,0.2905212238072618,43.194013206523884,0.0653021403104906,0.032816999717265684,,50,42,0,,,,,87,87,45,,137,0.0,wls,,,,,,2.4424906541753444e-14,1.2878587085651816e-14,9.769962616701378e-15,1.609823385706477e-14,2.2870594307278225e-14,8.43769498715119e-15,1.7763568394002505e-14,0.5374072325092399,0.5289856847593393,0.6743791959744522,0.7861835974464239,,,,,0.000551866993191652,ok,0.09947190299862996,3,False,
0.3481407700017481,0.3120406031478122,0.3409207366309609,0.00046609182008855747,0.0,1.0511077819974162,5.630062235808318,0.7600124885223288,1.900884454081324,0.3712230215827338,2.0,3.790584512941564e-11,2.8770922696144783e-10,2.882404765627854,0.36950876667374205,1.6797432501889755,0.2973708068902992,0.293166665291333,0.05816719592881716,0.5872738710317159,5.630062235808318,0.5870341138800691,1.7460812123034604,circle,1002,0.13244366592725731,0.0,0.1,0.053032242890485366,0.06192116607734324,0.057757287992397634,0.04244865067494338,0.6987585335884657,0.12840107175254312,0.12840107175254312,0.12840107175254312,0.08773979976176505,1,0.32825957621753077,211,False,8.676864045336014,0.3059954165628742,interior_core,0.49676357072388033,-0.45301891742089817,26.801558175133856,45,1.0,0.3082023496159011,9.352704228478125,0.04869195701218303,0.15590800513662265,2,79,144,4291,2,2,0,2,218,218,74,4289,297,0.3332556513633186,ccpfm,5.630062235808318,0.5872356699204704,1.7470075815464694,0.9995339081799114,0.3334110515271625,5.115907697472721e-13,4.60579574479425e-09,3.0020190777690914e-09,2.647497332475268e-09,3.699622830311e-09,3.5121581198893637e-09,2.9685196523132618e-09,0.04806442050568961,0.06209410065834402,0.056101398615768384,0.042059875843658126,2.35,0,68,24,0.002504037009202875,ok,1.053611819006619,2,False,
0.301418953922982,0.2823435126679209,0.2976038656719698,0.0003040437823046519,0.0,1.8062277410062961,4.023435901834478,0.837406669135077,1.9386480098404295,0.42391304347826086,2.0,1.058626519778727e-10,1.0047796307961615e-09,2.75325931762531,0.44194466151800477,1.6784395643286927,0.31959020489755124,0.2859101816540736,0.0685871881214114,0.5923721341124257,4.023435901834478,0.6060570546437631,1.755502973457179,circle,1001,0.09998440938766531,0.0,0.08,0.037397323566240516,0.042391613072837245,0.03999398061650009,0.0283549340299377,0.7003566482451868,0.09911894470829097,0.09911894470829097,0.09911894470829097,0.07787515506872944,1,0.38070920869002706,251,False,9.723791428605965,0.29810650887631956,interior_core,0.4570597215541288,-0.41837262575464407,27.23395647427831,45,1.0,0.309817595828556,9.31936973312735,0.03919467342830018,0.15502681447095878,2,99,256,6578,2,2,0,2,355,355,99,6576,454,0.3604439039221648,ccpfm,4.023435901834478,0.6062870408683647,1.7556324012475524,0.9996959562176954,0.3605535279805353,6.181721801112872e-13,7.869103146873613e-09,6.9667596136469e-09,5.623638443807977e-09,7.385420275340948e-09,6.993759793516574e-09,5.889329912633912e-09,0.034372537264391975,0.04259879321247497,0.03887096669420379,0.026937214594258956,2.35,0,68,24,0.0037574559974018484,ok,1.809985197003698,1,False,
,,,,,0.2189775919978274,,,,,2.0,0.0,0.0,,,,,,,0.0,,,,circle,1003,0.3531405773262619,0.0,0.12,0.13293658686490242,0.14405700240406238,0.14766657350557605,0.15504762276771528,1.0,0.46536628476693886,0.3351188870229237,0.46536628476693886,0.46536628476693886,,0.06600000000000003,85,False,109.92037015834121,0.024430098440820044,near_boundary_interior,-0.8301722938825552,-0.4279835623812251,147.41102619687751,23,,0.30156398228461573,74.34927296422322,0.058022706518806234,0.01825470854651064,,66,90,0,,,,,156,156,66,,222,0.0,wls,,,,,,4.796163466380676e-14,3.108624468950438e-14,1.7763568394002505e-14,4.3520742565306136e-14,1.8207657603852567e-14,3.164135620181696e-14,4.418687638008123e-14,0.13819625140542519,0.1447121902453533,0.16485816099265976,0.18889854764079408,,,,,0.0013589750014944002,ok,0.2203365669993218,3,False,
0.08768951723853889,0.07555857300146754,0.08526332839112462,0.000944733112895607,0.0,0.4649551350012189,5.362176482162497,0.7146122756454221,1.84916235448235,0.3688639551192146,2.0,1.967731533270012e-12,1.2840826723008812e-11,2.884622444605368,0.25289910304093705,1.6548819641851946,0.2402315484804631,0.2961526366715413,0.0462100203294607,0.561964051224472,5.362176482162497,0.5527642963049433,1.7836161155131056,circle,1003,0.35958299567807933,0.0,0.16,0.12300445739189773,0.14748152081313212,0.14223786653594153,0.1341392682402562,0.6980231732109794,0.31266137098493163,0.27207864140080273,0.31266137098493163,0.31266137098493163,1,0.2875676519016974,96,False,10.764148914119717,0.26018165349662675,near_boundary_interior,0.55331083773114,0.45621961895799423,26.913774691198398,49,1.0,0.2905212238072618,9.85064992854452,0.0653021403104906,0.17250286978927987,2,50,42,2117,2,2,0,2,87,87,45,2115,137,0.32687765706188004,ccpfm,5.362176482162497,0.552766420142831,1.7842513481013555,0.9990552668871044,0.3271867612293144,2.2737367544323206e-13,1.7831403020807102e-10,5.184386253631601e-11,6.369393901195508e-11,5.605554909138277e-11,1.8640466947772438e-10,9.908607268016567e-11,0.1072820487996501,0.14815492723721027,0.1346256198938596,0.12063700756597318,2.55,1,80,28,0.0008080989937298,ok,0.4657632339949487,3,False,
,,,,,0.28071901299699675,,,,,2.0,0.0,0.0,,,,,,,0.0,,,,circle,1003,0.19936553653424144,0.0,0.1,0.0917455930930344,0.1030530905802822,0.10012375365158349,0.09046024624793647,1.0,0.3152862255757265,0.2548266603988334,0.3152862255757265,0.3152862255757265,,0.05499999999999996,82,False,181.5299359249659,0.014680346250455693,near_boundary_interior,0.8394270042683221,0.4340359017732494,202.3206323032996,23,,0.30453548929854024,102.8155524477579,0.04841460394727265,0.012946428991089913,,79,150,0,,,,,227,227,77,,306,0.0,wls,,,,,,7.460698725481052e-14,4.263256414560601e-14,2.886579864025407e-14,5.595524044110789e-14,2.1316282072803006e-14,3.1530333899354446e-14,7.638334409421077e-14,0.08701742963685168,0.1021028466232726,0.10103085664088035,0.09890920822092988,,,,,0.0024181180051527917,ok,0.28313713100214954,3,False,
0.4001486405830478,0.31611614813913647,0.38334214209426554,0.0006303183107469272,0.0,0.7305633039941313,5.415260111434385,0.666421578205499,1.912935892841244,0.3533834586466165,2.0,1.491412549015081e-11,1.0454758965105004e-10,2.7876299021997606,0.3167661928261363,1.7007231081565433,0.2790858725761773,0.31828603311507775,0.051300533668398506,0.5813543860219853,5.415260111434385,0.5139656987387319,1.7874845266779442,circle,1003,0.1940681949825177,0.0,0.12,0.06984581576962003,0.08448399391676156,0.07758505413474373,0.06038990602855434,0.7180520424383843,0.16451382420406824,0.16451382420406824,0.16451382420406824,0.12479998173428652,1,0.3800268168770134,176,False,9.346547803470553,0.29039436563742227,interior_core,0.39206039499033934,0.48123840383339644,25.79798069886082,45,1.0,0.30156398228461573,9.422673873163589,0.058022706518806234,0.16062657985600753,2,66,90,3173,2,2,0,2,156,156,66,3171,222,0.3195713835486921,ccpfm,5.415260111434385,0.5147174918211658,1.787928453859862,0.9993696816892531,0.3197729422894986,3.2374103398069565e-13,1.9830386221997287e-09,1.909672642241844e-09,1.4628183109266502e-09,1.784704828367012e-09,1.5465282388049673e-09,1.2088929857156927e-09,0.06316204261119605,0.08546008276478091,0.0753477614879286,0.058820240795648016,2.35,0,68,24,0.0010700910061132163,ok,0.7316333950002445,3,False,
,,,,,0.3962222690024646,,,,,2.0,0.0,0.0,,,,,,,0.0,,,,circle,1003,0.12769478631972636,0.0,0.08,0.055470934877228664,0.06186912559461492,0.05938156950492277,0.04787784963609355,1.0,0.27641228985127864,0.27641228985127864,0.27641228985127864,0.16901968866102468,,0.33818811942677873,271,False,144.2906764417621,0.017064920502948933,interior_core,0.44616452194487044,-0.48885382281880657,332.6140034184009,23,,0.3043442006725306,160.13072742018375,0.039037820200714494,0.007879132433533564,,99,262,0,,,,,359,359,97,,458,0.0,wls,,,,,,1.0835776720341528e-13,4.929390229335695e-14,3.9745984281580604e-14,8.526512829121202e-14,4.263256414560601e-14,4.1300296516055823e-14,8.260059303211165e-14,0.05189622804796985,0.06223584995470205,0.0586166923283869,0.04748186840886642,,,,,0.00402400700841099,ok,0.4002462760108756,3,False,
,,,,,0.08251790000940673,,,,,2.0,0.0,0.0,,,,,,,0.0,,,,circle,1004,0.7058299433839083,0.0,0.2,1.033985467587724,0.9649077016170526,1.2348305217658178,1.4411095358972115,1.0,3.435713213703135,1.8787655525139468,3.435713213703135,3.435713213703135,,0.11000000000000006,47,False,40.92627967813477,0.06845523472314004,near_boundary_interior,-0.5231288745400949,0.7200251249938527,48.356421738847864,23,,0.2994953707580335,29.849244174018708,0.08159745955696335,0.05561405467420804,,40,21,0,,,,,58,58,37,,98,0.0,wls,,,,,,1.6431300764452317e-14,7.327471962526033e-15,6.8833827526759706e-15,9.381384558082573e-15,1.1435297153639112e-14,8.770761894538737e-15,1.2878587085651816e-14,1.0342022888880706,0.9685916501977729,1.3443258064498596,1.5167240943841456,,,,,0.00032555799407418817,ok,0.08284345800348092,4,False,
0.2988134505995271,0.2853231555678903,0.2961153915931997,0.00030344409042633893,0.0,1.8650031949946424,4.5902937598437346,0.8421083417315605,1.8643813733824453,0.41634689178818113,2.0,1.1286788170750128e-10,9.848994417664545e-10,2.892977182746152,0.444533321080185,1.6326085136721293,0.31191969887076537,0.34340624367859296,0.06772246048673324,0.5886623546350866,4.5902937598437346,0.6105770939487347,1.7358336776716885,circle,1002,0.10476856447938737,0.0,0.08,0.028820575967312356,0.03289900226357843,0.03083560326194499,0.021598564191074327,0.6857937921350526,0.08342058262921603,0.08342058262921603,0.08342058262921603,0.061529271975232724,1,0.3551139337891538,350,False,9.546429007552826,0.2909928183395002,interior_core,0.44236279029723574,0.469373432539411,27.958523791378504,45,1.0,0.29828242514080017,9.349365588022481,0.039177385292879424,0.15324982948762006,2,99,253,6591,2,2,0,2,355,355,102,6589,454,0.3532089212562585,ccpfm,4.5902937598437346,0.6112120626493195,1.7360256088780255,0.9996965559095736,0.35331613294885417,8.384404281969182e-13,8.634286174924455e-09,6.412403941169487e-09,6.104414751462173e-09,7.955777370227679e-09,6.571582389369723e-09,5.511225253940211e-09,0.026671724473856868,0.03301461222548734,0.030162327142904618,0.021512849208480542,2.35,0,68,24,0.0037074520078022033,ok,1.8687106470024446,2,False,
0.3056395111955764,0.2510736363411351,0.29472633622468813,0.001488095238095238,0.0,0.3108798249886604,5.258351030634266,0.7127206334462817,2.005695057828867,0.38922155688622756,2.0,1.8590198824774973e-12,9.556802428626233e-12,3.4041388248129287,0.25385934635788227,1.6387344899063412,0.20175438596491227,0.377794585614459,0.05223057332184308,0.5712363707492217,5.258351030634266,0.58489350477134,1.9639675880251777,circle,1004,0.5111036296090162,0.0,0.2,0.1430971112209302,0.17215172504993734,0.1708928085076119,0.16971407713149908,0.685756658636598,0.3397370347258568,0.3397370347258568,0.3397370347258568,0.29833025291795234,1,0.5333486943553002,65,False,9.330659662380052,0.29104549455491996,interior_core,0.34452565137630026,0.31596006437042556,25.483524661543683,51,1.0,0.2994953707580335,10.375334375440495,0.08159745955696335,0.17121906884653756,2,40,21,1344,2,2,0,2,58,58,37,1342,98,0.34151785714285715,ccpfm,5.258351030634266,0.5897084193084736,1.965281982306593,0.9985119047619048,0.342026825633383,1.3233858453531866e-13,6.558731335815082e-11,4.0884184926426315e-11,3.06724923238022e-11,6.333508717482061e-11,5.440226047426222e-11,3.3395730625329634e-11,0.12419659389148041,0.1758475726801395,0.161439099521815,0.15265754470856907,2.35,0,68,24,0.00035590400511864573,ok,0.31123572899377905,4,False,
,,,,,0.09356497100088745,,,,,2.0,0.0,0.0,,,,,,,0.0,,,,circle,1004,0.5710857092941497,0.0,0.16,0.45574114693310586,0.441178021857682,0.5220966116011859,0.6243699734583512,1.0,1.9887597026254349,1.2427663146625432,1.9887597026254349,1.9887597026254349,,0.08800000000000002,52,False,64.92438917009979,0.041394663910209996,near_boundary_interior,0.7991916922000271,0.43935935078072164,79.3094985147564,23,,0.30751660338820275,44.91053270104764,0.06530214031049061,0.03445389156595416,,50,45,0,,,,,92,92,47,,142,0.0,wls,,,,,,3.019806626980426e-14,1.3322676295501878e-14,1.2878587085651816e-14,3.241851231905457e-14,1.2975731600306517e-14,7.771561172376096e-15,1.4654943925052066e-14,0.5013541319633763,0.4463006449214395,0.622866332932036,0.7541270163042885,,,,,0.0005696709995390847,ok,0.09413464200042654,4,False,
,,,,,0.21916901000076905,,,,,2.0,0.0,0.0,,,,,,,0.0,,,,circle,1004,0.40228266393235623,0.0,0.12,0.13821709522247844,0.14228674807518885,0.1533601696999896,0.17594687676780918,1.0,0.5599393351074268,0.43911189330605366,0.5599393351074268,0.5599393351074268,,0.06599999999999995,98,False,98.2762981099602,0.028218215424686728,near_boundary_interior,0.9171213305540572,-0.17676064130570146,142.66568495168255,23,,0.30801910762636653,72.93360592778615,0.05782319591976965,0.01869763644435559,,66,94,0,,,,,158,158,64,,224,0.0,wls,,,,,,5.861977570020827e-14,3.68594044175552e-14,2.531308496145357e-14,5.3734794391857577e-14,2.7450264283856995e-14,2.708944180085382e-14,5.595524044110789e-14,0.14483787217672325,0.14407068105421886,0.17245571922091535,0.20721275741336553,,,,,0.0008822600066196173,ok,0.22005127000738867,4,False,
0.34372007100649704,0.274598955217069,0.3298958478486114,0.0004580852038479157,0.0,1.1783780959958676,6.603566811483689,0.7944630145134489,1.8484370325820592,0.39736713798147244,2.0,4.5152076522114726e-11,3.1890157397739594e-10,2.8529203101553158,0.3923674819382864,1.6560270868931777,0.3105831533477322,0.2920351759529089,0.060321666569063626,0.5875360532314563,6.603566811483689,0.601452324180439,1.722802371941851,circle,1003,0.15032738538693494,0.0,0.1,0.04901784501827935,0.05672032269038416,0.05349412951273755,0.041968241903379486,0.6858569850106744,0.1436258083660389,0.1436258083660389,0.1436258083660389,0.08966686987787867,1,0.32496279865047034,166,False,8.80035526644492,0.2998195528150735,interior_core,0.4130470803130764,-0.5359554285458735,25.87844780304113,45,1.0,0.30453548929854024,9.332972721785547,0.04841460394727265,0.16475014647589684,2,79,150,4366,2,2,0,2,227,227,77,4364,306,0.35135135135135137,ccpfm,6.603566811483689,0.6017311857466061,1.7232086308718566,0.9995419147961521,0.35151237396883594,2.8421709430404007e-13,4.531552022513097e-09,3.4894056533119056e-09,2.963486345208821e-09,4.132675979207079e-09,3.1471421024775736e-09,2.5261677194521326e-09,0.04436388223868832,0.05623020337589032,0.051508313279247334,0.0407685536944698,2.35,0,68,24,0.0038095240015536547,ok,1.1821876199974213,3,False,
0.2995432812042115,0.1867941268047483,0.2769934503243188,0.0009638554216867469,0.0,0.49270099800196476,4.155085226668938,0.6928727580885652,1.8787945084385451,0.36430138990490124,2.0,2.512823282785348e-12,1.5289996243467922e-11,3.515835488534499,0.2707026151960258,1.5795143187554255,0.2612994350282486,0.43192832991181035,0.048202008035546424,0.5627394035443763,4.155085226668938,0.5468202751160223,1.7470029958757045,circle,1004,0.21360972857294705,0.0,0.16,0.17742478885899007,0.2325646664487438,0.20325766435772655,0.14866130235962027,0.6815615881757645,0.40810068584491277,0.40810068584491277,0.40810068584491277,0.37346243189779427,1,0.4481236583470001,85,False,8.54197735164306,0.29839332009319275,interior_core,0.4900060971108685,0.2546266770363545,24.846840961529484,45,1.0,0.30751660338820275,9.937805247138538,0.06530214031049061,0.17274048355888746,2,50,45,2075,2,2,0,2,92,92,47,2073,142,0.3291566265060241,ccpfm,4.155085226668938,0.5479810601459121,1.7482785135614898,0.9990361445783132,0.32947419199228173,1.900701818158268e-13,1.1858425352784252e-10,8.12288014628848e-11,9.278267043555388e-11,8.01803068384288e-11,1.0654233051354822e-10,6.902375893069745e-11,0.15137071184384648,0.23395144472581575,0.1880581293511229,0.12970191597574962,2.35,0,68,24,0.0012414910015650094,ok,0.49394248900352977,4,False,
,,,,,0.5101630260032834,,,,,2.0,0.0,0.0,,,,,,,0.0,,,,circle,1004,0.31341014986628224,0.0,0.1,0.08927379018568458,0.09372181283732771,0.09714335452818229,0.10617387133335413,1.0,0.4833071813934657,0.22776339451465794,0.4833071813934657,0.4833071813934657,,0.054999999999999986,116,False,149.73896059009826,0.018524271077660606,near_boundary_interior,0.8712576690821211,-0.3659712356965786,204.1328798354464,23,,0.3150579394806545,104.43435640814612,0.048663381685153655,0.012973403646845032,,79,152,0,,,,,232,232,80,,311,0.0,wls,,,,,,8.348877145181177e-14,3.197442310920451e-14,2.6201263381153694e-14,6.394884621840902e-14,3.9968028886505635e-14,3.574918139293004e-14,7.549516567451064e-14,0.0875365936158439,0.0949315482539541,0.10135048810763457,0.1125423224951636,,,,,0.0031044459901750088,ok,0.5132674719934585,4,False,
0.2746227098888743,0.20485581077183923,0.2606693300654673,0.0006295247088448222,0.0,1.5290150720102247,5.617193605617131,0.685903105002074,1.8291880349802798,0.37008797653958947,2.0,1.511306357837583e-11,1.1424066098660718e-10,2.7911049986922776,0.3566867135399161,1.7134845657836144,0.27445652173913043,0.32846931934423046,0.05435684618069029,0.5797670298225321,5.617193605617131,0.5418239664368513,1.756203125805948,circle,1004,0.20663381617870014,0.0,0.12,0.06164739129355041,0.07311497102924802,0.06840148373197032,0.056243138003215114,0.6964576300797032,0.16996367286655067,0.16996367286655067,0.16996367286655067,0.14039892768642226,1,0.5007151034477821,204,False,9.083035536336979,0.30746839005186,interior_core,-0.44239140674107735,-0.23150345310696838,25.520423330210594,45,1.0,0.30801910762636653,9.45839979845616,0.05782319591976965,0.1631425357253354,2,66,94,3177,2,2,0,2,158,158,64,3175,224,0.32577903682719545,ccpfm,5.617193605617131,0.5419566910904882,1.7566887924240104,0.9993704752911552,0.32598425196850395,2.7133850721838826e-13,2.3965913698020813e-09,2.131804954785821e-09,1.648570169265895e-09,1.8495134312956907e-09,1.3656458186517284e-09,1.1112177844552207e-09,0.056245401592861066,0.07431012101389599,0.06697033751456151,0.054424069938836236,2.35,0,68,24,0.004063354994286783,ok,1.5330784270045115,4,False,
,,,,,1.0057774349988904,,,,,2.0,0.0,0.0,,,,,,,0.0,,,,circle,1004,0.10716239482481077,0.0,0.08,0.05583483384792736,0.06336946651011685,0.05977264445954828,0.043148904373059044,1.0,0.1873793565340427,0.1873793565340427,0.1873793565340427,0.16141925261952467,,0.3395844017258847,340,False,183.844227343418,0.012648745792049677,interior_core,0.40273247969582154,0.5243219756030778,329.7325574724775,23,,0.3078646758427999,157.3065453081879,0.03920155525629898,0.007938556938920007,,99,253,0,,,,,353,353,100,,452,0.0,wls,,,,,,1.2789769243681803e-13,5.773159728050814e-14,5.950795411990839e-14,9.947598300641403e-14,7.194245199571014e-14,4.4853010194856324e-14,9.725553695716371e-14,0.052113137112676074,0.06318828840595592,0.05896972226883213,0.04662230235648168,,,,,0.010311952995834872,ok,1.0160893879947253,4,False,
,,,,,0.15652880701236427,,,,,2.0,0.0,0.0,,,,,,,0.0,,,,circle,1005,0.49653154743510625,0.0,0.2,1.369239943983034,1.685046695878991,1.6462418755464423,1.6095106196530151,1.0,5.265824439809611,4.677047316003165,5.265824439809611,5.265824439809611,,0.10999999999999997,53,False,39.13406406414485,0.07410410646767805,near_boundary_interior,-0.5231288745404166,-0.7200251249936193,44.75333196294083,23,,0.3274800788052843,28.161571484917232,0.08159745955695659,0.05772342541284462,,40,20,0,,,,,54,54,34,,94,0.0,wls,,,,,,1.609823385706477e-14,6.439293542825908e-15,4.440892098500626e-15,1.1102230246251565e-14,1.3961054534661343e-14,6.217248937900877e-15,1.0880185641326534e-14,1.352785710165623,1.778522113424128,1.7848266992181263,1.7885248977718098,,,,,0.0009609219996491447,ok,0.1574897290120134,5,False,
0.2851024155318562,0.22046951660328487,0.27217583574614196,0.00030088761847449976,0.0,3.179346403994714,4.097706231165188,0.8294432569076229,1.9364672340537596,0.42668735453840184,2.0,1.2549271691253416e-10,1.1411032633026424e-09,3.04049837367931,0.4600940798093473,1.664140690910262,0.31383632342098794,0.3315324077913859,0.0701616537606493,0.5952623323817257,4.097706231165188,0.625127723087687,1.7616309639614083,circle,1003,0.0610558758790223,0.0,0.08,0.03661208746900524,0.042366113386012635,0.03919319588849273,0.02185097360707439,0.6988302915520009,0.11013704173696687,0.11013704173696687,0.11013704173696687,0.048032190062965885,1,0.5188121365173126,346,False,8.644008630855305,0.3121350873326971,interior_core,-0.45958471494736475,-0.1429599371991113,25.85728164922767,45,1.0,0.3043442006725306,9.36362694003445,0.039037820200714494,0.1575215671341283,2,99,262,6647,2,2,0,2,359,359,97,6645,458,0.357604934556943,ccpfm,4.097706231165188,0.6251911075051323,1.7617163964774483,0.9996991123815255,0.35771256583897665,9.610090501155355e-13,9.289065516782102e-09,8.585170352404248e-09,7.020825476544701e-09,8.879015300777837e-09,6.7391860980592355e-09,6.176179567773943e-09,0.03346676299392103,0.04235996582747078,0.03780064608603966,0.02101717964404367,2.35,0,68,24,0.04152671599877067,ok,3.2208731199934846,3,False,
,,,,,0.40929278699331917,,,,,2.0,0.0,0.0,,,,,,,0.0,,,,circle,1005,0.6570808010626707,0.0,0.16,0.5757823297248041,0.5249483322856078,0.6652174011763823,0.8044274665964837,1.0,2.8723168962311885,1.3432342053965738,2.8723168962311885,2.8723168962311885,,0.08800000000000001,63,False,58.82019099148722,0.04635284364414266,near_boundary_interior,-0.9048086075988283,-0.11430390901045093,87.41803594429672,23,,0.28994761522665424,41.9215619225916,0.0653021403104906,0.029852470924419453,,50,37,0,,,,,85,85,48,,135,0.0,wls,,,,,,3.708144902248023e-14,1.865174681370263e-14,1.2434497875801753e-14,1.4765966227514582e-14,1.264266469291897e-14,1.1879386363489175e-14,2.6201263381153694e-14,0.6403314494816224,0.5353319466199069,0.8069790382973132,0.9655505603205745,,,,,0.0010693630028981715,ok,0.41036214999621734,5,False,
0.16422248193228128,0.15539089794329375,0.16245616513448377,0.0013651877133105802,0.0,1.3025603109999793,4.252921910424516,0.7330986989998389,2.00077314400595,0.39172535211267606,2.0,1.3781198404672068e-12,7.913051402314197e-12,2.9562863215212354,0.2021675970269334,1.578967234011699,0.21580547112462006,0.3052121002330155,0.04732098162402936,0.5657115930810679,4.252921910424516,0.6100023122935399,1.931849449381636,circle,1005,0.5988931476346484,0.0,0.2,0.17762595512617627,0.19511143181623622,0.21356029437910398,0.2293094545465458,0.710893743277249,0.42158665403216233,0.42158665403216233,0.42158665403216233,0.39399196407415704,1,0.4627437801251987,72,False,9.63989335626232,0.31923852875861775,interior_core,-0.4090707309757707,-0.3531204554346464,25.84837860469439,54,1.0,0.3274800788052843,10.676294377832182,0.08159745955695659,0.181969479109751,2,40,20,1465,2,2,0,2,54,54,34,1463,94,0.35221843003412967,ccpfm,4.252921910424516,0.610562646971854,1.9327377410574256,0.9986348122866894,0.35269993164730007,1.2101430968414206e-13,7.264966406239637e-11,5.547851067433385e-11,2.60682586628036e-11,6.750807551858529e-11,8.221978653466522e-11,3.0476343670926553e-11,0.14724967468639477,0.19809143316526884,0.19427700104792214,0.19199782102654578,2.55,1,80,28,0.0022002729965606704,ok,1.30476058399654,5,False,
,,,,,0.5063743079954293,,,,,2.0,0.0,0.0,,,,,,,0.0,,,,circle,1005,0.28252897926252113,0.0,0.12,0.1662486997414569,0.1863327348692147,0.18457152889021716,0.1803141923975998,1.0,0.5460484369489635,0.5460484369489635,0.5460484369489635,0.47739114805462446,,0.38556507758876785,186,False,63.254106840910595,0.035518536219954926,interior_core,0.4142937303471324,-0.45443916053551314,140.82306398323414,23,,0.29035420035212056,72.11184649620809,0.05767691825320111,0.018070300480990734,,66,94,0,,,,,156,156,62,,222,0.0,wls,,,,,,5.861977570020827e-14,3.064215547965432e-14,1.9095836023552692e-14,3.164135620181696e-14,1.4210854715202004e-14,2.6756374893466273e-14,5.950795411990839e-14,0.16245483300869817,0.1880671134706765,0.19379689927777766,0.20217449635617685,,,,,0.002286449001985602,ok,0.5086607569974149,5,False,
0.35312834122268383,0.31712530176056664,0.3459277333302604,0.00045116174148432213,0.0,3.4321420939959353,5.466874117629176,0.7904173025737904,1.8579387165029664,0.3951652688702516,2.0,5.1999645908629155e-11,3.810691398039524e-10,2.8823253934855915,0.40149980661307083,1.6494470895651256,0.29842061512884455,0.3309695316424854,0.06275264962510849,0.5890060946267165,5.466874117629176,0.6192334741231476,1.7472187708205353,circle,1004,0.2048529528792806,0.0,0.1,0.04221581187300658,0.04769434496674471,0.04593717339596203,0.040591342110767606,0.6868079459599944,0.11391331131565063,0.11391331131565063,0.11391331131565063,0.10030025631918993,1,0.34815171272260986,263,False,8.73834342535582,0.31277961897130385,interior_core,-0.22425973288805756,-0.6122281647975705,26.21220882859764,45,1.0,0.3150579394806545,9.396043767105404,0.048663381685153655,0.1607715363130789,2,79,152,4433,2,2,0,2,232,232,80,4431,311,0.34265734265734266,ccpfm,5.466874117629176,0.6199871828264322,1.7472372859763907,0.9995488382585157,0.34281200631911535,3.623767952376511e-13,5.207434927712029e-09,4.420043442365795e-09,3.6418477122879267e-09,4.990142521421603e-09,3.7227003701900685e-09,2.9076581142817304e-09,0.03935910784811426,0.048295896910369715,0.04557025384599156,0.03988159164688771,2.35,0,68,24,0.004775882000103593,ok,3.436917975996039,4,False,
0.10245348744015323,0.09346195464690264,0.10065518088150312,0.0010432968179447052,0.0,1.2183535000076517,5.5338847050324205,0.6690832584551228,1.838016581709471,0.3737528779739064,2.0,1.913191827185301e-12,1.2949813650205243e-11,2.7279229321270084,0.2967413434568179,1.5559591033620994,0.23941368078175895,0.29337868542069545,0.04758276307904,0.5597314212583928,5.5338847050324205,0.547589097016781,1.7277234277339768,circle,1005,0.48338823252132873,0.0,0.16,0.11831076419203193,0.13239413126069577,0.13668772906704374,0.1417723263419227,0.6813145605477507,0.31974286099711813,0.268700686770941,0.31974286099711813,0.31974286099711813,1,0.31948091825029196,115,False,8.966744527547576,0.2960396843433353,near_boundary_interior,0.4932830352517709,-0.46886131879913284,24.928378423095573,46,1.0,0.28994761522665424,9.812909302660541,0.0653021403104906,0.16689372912242217,2,50,37,1917,2,2,0,2,85,85,48,1915,135,0.33072509128847155,ccpfm,5.5338847050324205,0.5476269450735712,1.7277704128598477,0.9989567031820553,0.33107049608355094,1.234568003383174e-13,1.6024648274992614e-10,1.0593770305433736e-10,1.1610001848794127e-10,1.2028522622387072e-10,8.572031973130834e-11,1.0960898855216783e-10,0.10128849863903816,0.13139620389025047,0.127649040646809,0.12468376543729566,2.35,0,68,24,0.0013314719981281087,ok,1.2196849720057799,5,False,
,,,,,0.7797339139942778,,,,,2.0,0.0,0.0,,,,,,,0.0,,,,circle,1005,0.19883318555826693,0.0,0.1,0.08421268922727436,0.09572874942487722,0.09172537542982008,0.07953697497916273,1.0,0.29006225823369636,0.29006225823369636,0.29006225823369636,0.2671481639451198,,0.47096488268200787,228,False,82.3257070345005,0.030313715348159794,interior_core,-0.4986411855856177,0.177190322539364,203.2180422481077,23,,0.29865075672146535,99.98283495752378,0.04872613467463127,0.012563269496508102,,79,141,0,,,,,220,220,79,,299,0.0,wls,,,,,,1.1812772982011666e-13,5.084821452783217e-14,4.030109579389318e-14,9.547918011776346e-14,4.196643033083092e-14,3.108624468950438e-14,5.684341886080802e-14,0.0814304772148141,0.0973574407829606,0.09493169465966461,0.09044065214841324,,,,,0.012198673997772858,ok,0.7919325879920507,5,False,
,,,,,1.4027986650035018,,,,,2.0,0.0,0.0,,,,,,,0.0,,,,circle,1005,0.17411432935232093,0.0,0.08,0.05281899574114886,0.05770185028903816,0.056484471771487715,0.05160526501473035,1.0,0.20030757721831627,0.1949720279225472,0.20030757721831627,0.20030757721831627,,0.043999999999999984,103,False,241.2943821823831,0.011629604950684491,near_boundary_interior,0.8353999360338696,0.4648040449312589,338.97751314957145,23,,0.30938286882034766,158.6072005230791,0.03967638589735203,0.007971793639569569,,99,255,0,,,,,357,357,102,,456,0.0,wls,,,,,,1.3936074516607277e-13,8.08242361927114e-14,5.81756864903582e-14,1.242062008799394e-13,4.440892098500626e-14,3.419486915845482e-14,7.638334409421077e-14,0.05040983873086455,0.058026340364967906,0.05697228279459942,0.0542476090120069,,,,,0.010009057994466275,ok,1.412807722997968,5,False,
0.21627010305426136,0.16066274955047755,0.2051486323535046,0.0006230529595015577,0.0,2.458655672002351,5.587501175604419,0.6188093849306704,1.8661746576111846,0.3350225225225225,2.0,9.20785669933366e-12,7.655460992352125e-11,2.843072283572547,0.3096384456553516,1.657766315734545,0.2698744769874477,0.3173555145634914,0.047075800242143084,0.5751779709335714,5.587501175604419,0.5047796140108354,1.7399075865652365,circle,1005,0.13572931906252936,0.0,0.12,0.09157918743600171,0.11265498002921083,0.10167243813559632,0.0688452172111478,0.7174294724979231,0.23433164241800875,0.23433164241800875,0.23433164241800875,0.1680761596692868,1,0.40687137919770394,129,False,9.240456924710417,0.2923293371976038,interior_core,-0.5234629667693471,-0.27920897237279946,26.19407560243421,45,1.0,0.29035420035212056,9.462742993329599,0.05767691825320111,0.16680342689550998,2,66,94,3210,2,2,0,2,156,156,62,3208,222,0.3059190031152648,ccpfm,5.587501175604419,0.5050815339377142,1.740007490382157,0.9993769470404984,0.30610972568578554,4.39648317751562e-13,1.490242595991731e-09,1.2199095067444432e-09,1.019554218828489e-09,1.2169287799679296e-09,1.2025371809443186e-09,9.759228980499302e-10,0.08082360272069064,0.11167664136577954,0.09641672891867828,0.06694578532173322,2.35,0,68,24,0.0028494250000221655,ok,2.461505097002373,5,False,
,,,,,0.1758915039972635,,,,,2.0,0.0,0.0,,,,,,,0.0,,,,circle,1006,0.6233765114792189,0.0,0.2,0.8492560087306548,0.94094295103435,1.0195637679252294,1.0778212325118806,1.0,2.451493258093983,2.3709566913449,2.451493258093983,2.451493258093983,,0.11000000000000004,49,False,41.67958034480092,0.06620923612054101,near_boundary_interior,-0.8464402995026187,0.2750251249939121,48.534167295525684,23,,0.33892035549576566,29.08602474675948,0.08159745955696335,0.0526264640494269,,40,20,0,,,,,58,58,38,,98,0.0,wls,,,,,,1.554312234475219e-14,7.993605777301127e-15,5.10702591327572e-15,1.3211653993039363e-14,9.631184738623233e-15,5.995204332975845e-15,1.6431300764452317e-14,0.8217991706901041,0.9427626331939456,1.0682299244044375,1.1286770584914276,,,,,0.0007166290015447885,ok,0.1766081329988083,6,False,
0.1483296267157082,0.11328277403275536,0.14132025617911764,0.0011607661056297156,0.0,0.865234844997758,6.240743210750301,0.795405396205348,2.0204033108019086,0.4032012195121951,2.0,1.1601032634533937e-12,8.593566961336162e-12,3.1031243068210195,0.18641477412551605,1.6163006914795524,0.20924574209245742,0.288403480969693,0.04757866527922282,0.571546139391354,6.240743210750301,0.6437733630335496,1.9500870411621987,circle,1006,0.6511157216137077,0.0,0.2,0.18275758250915453,0.19488888383199388,0.21940734893173525,0.23704859458680294,0.719851340534177,0.44597428984279586,0.38707409176330576,0.44597428984279586,0.44597428984279586,2,0.3369988362651718,72,False,11.423234747428051,0.27046173846058474,near_boundary_interior,0.38775704649653203,-0.537803181064974,26.08118130696047,57,1.5,0.33892035549576566,10.923960166123534,0.08159745955696335,0.1901856806638507,2,40,20,1723,2,2,0,2,58,58,38,1721,98,0.3569355774811376,ccpfm,6.240743210750301,0.6441396988897341,1.951385521536564,0.9988392338943702,0.35735037768739103,8.348877145181177e-14,1.0483702794772398e-10,1.0832745811484301e-10,6.167083510533189e-11,6.197209412306393e-11,9.229206288097203e-11,3.241584778379547e-11,0.1567940927179314,0.1965091879824122,0.20381152449994208,0.20755169025616804,2.75,2,96,32,0.0013294899981701747,ok,0.8665643349959282,6,False,
0.20641223879508516,0.18608149449388012,0.20234608993484415,0.000463284688441047,0.0,3.337658516000374,5.818960792005575,0.763574392996176,1.8588921194511148,0.39090909090909093,2.0,4.6262021990983726e-11,2.804228376526292e-10,2.9202482255337006,0.36148934947264927,1.6795057517172685,0.2990570273911091,0.309769607349571,0.0569860416691529,0.5833684620027884,5.818960792005575,0.5594729209612157,1.7558446559088674,circle,1005,0.14103472375477472,0.0,0.1,0.06227658372642499,0.0733020225510793,0.06783233115114526,0.049537593471174896,0.7019387877044078,0.15100685544902848,0.15100685544902848,0.15100685544902848,0.13064036503585996,1,0.3309689053418181,136,False,8.431683633880922,0.3117460462999705,interior_core,0.471640302092672,0.4745747894147275,26.633309569957394,46,1.0,0.29865075672146535,9.415709426629627,0.04872613467463127,0.15373829037430178,2,79,141,4317,2,2,0,2,220,220,79,4315,299,0.34352559647903635,ccpfm,5.818960792005575,0.5603301076101228,1.7559613579123556,0.999536715311559,0.3436848203939745,3.588240815588506e-13,4.108552165149604e-09,2.5974884465540526e-09,2.4834552192487536e-09,3.8630421084207e-09,2.779956709275666e-09,2.3834353379825757e-09,0.05605509663957223,0.07362379842914275,0.06534906217322002,0.04709599715692763,2.35,0,68,24,0.005062714000814594,ok,3.342721230001189,5,False,
,,,,,0.3315843759919517,,,,,2.0,0.0,0.0,,,,,,,0.0,,,,circle,1006,0.7049886763344752,0.0,0.16,0.5409390351856637,0.45612664402235537,0.6240038048833454,0.7828938785524084,1.0,3.478716387344693,1.2159886666030446,3.478716387344693,3.478716387344693,,0.088,71,False,68.97576636914583,0.042132869512438366,near_boundary_interior,0.48867403702078815,-0.7700270680578738,74.14798850454234,23,,0.2900311560017549,43.40245560441517,0.0653021403104906,0.0361970643185442,,50,37,0,,,,,85,85,48,,135,0.0,wls,,,,,,2.886579864025407e-14,1.6431300764452317e-14,1.1546319456101628e-14,2.6645352591003757e-14,1.7694179454963432e-14,1.0103029524088925e-14,1.554312234475219e-14,0.614915215615386,0.4737565935047628,0.774948176812813,0.9436390228068541,,,,,0.0013429460086626932,ok,0.33292732200061437,6,False,
0.40615327642248883,0.3336198977551691,0.3916466006890249,0.00030665440049064706,0.0,6.059805903001688,4.302265479349387,0.8157999174568489,1.9149105227512795,0.4178988326848249,2.0,1.1088160944972003e-10,1.1298679853759852e-09,3.1531229006502612,0.4324866940678638,1.6573290592325742,0.3183198380566802,0.3195724527849579,0.0688697741088202,0.5932266975166306,4.302265479349387,0.6149701863413004,1.76017386218597,circle,1004,0.051253602364952175,0.0,0.08,0.04847564034664833,0.056713599306777475,0.05189443606621751,0.02590771384869024,0.7007634293296793,0.13392260182388227,0.13392260182388227,0.13392260182388227,0.05819711131415284,1,0.4378429863378649,326,False,9.592034974347754,0.2954723553849015,interior_core,0.4361308624408351,0.35492733691651057,26.615804942586003,45,1.0,0.3078646758427999,9.35954590173396,0.03920155525629898,0.15984330263338578,2,99,253,6522,2,2,0,2,353,353,100,6520,452,0.35755903097209446,ccpfm,4.302265479349387,0.6150694950371427,1.7603518268210392,0.9996933455995094,0.3576687116564417,7.425171588693047e-13,9.48701117664541e-09,6.794967477574687e-09,5.904993827243743e-09,9.241876597343435e-09,6.75445654962914e-09,5.460835339476944e-09,0.04400969117121667,0.0567157955763936,0.04980009666070268,0.024826821606521634,2.35,0,68,24,0.008644130997708999,ok,6.068450033999397,4,False,
,,,,,0.6246283679938642,,,,,2.0,0.0,0.0,,,,,,,0.0,,,,circle,1006,0.2893441094546972,0.0,0.12,0.16701187507153573,0.19019374418236298,0.18523037977403745,0.17451921308679882,1.0,0.6697813557246608,0.5077482951961344,0.6697813557246608,0.6697813557246608,,0.06599999999999998,94,False,109.4412151725996,0.024943124234144003,near_boundary_interior,0.541773136068204,-0.7608139113244041,140.21140293394416,23,,0.3043632875380087,72.56275029922034,0.05775474778292365,0.018967480986391567,,66,90,0,,,,,156,156,66,,222,0.0,wls,,,,,,4.085620730620576e-14,1.4654943925052066e-14,1.1102230246251565e-14,3.197442310920451e-14,1.404432126150823e-14,1.5987211554602254e-14,3.108624468950438e-14,0.16368917289357532,0.19134161932671023,0.19526937773787537,0.20050145037721798,,,,,0.00546952300646808,ok,0.6300978910003323,6,False,
0.15345249201658703,0.13842676774914792,0.1504473471630992,0.0009510223490252021,0.0,1.348314337010379,5.872739087742441,0.7430259177476649,1.8978980542838157,0.3813148788927336,2.0,2.1581902931444574e-12,1.3865363647610788e-11,2.7876072220906996,0.2703788238024467,1.6573141807158445,0.22340425531914893,0.2960274437870282,0.048221778236025525,0.5634492032056854,5.872739087742441,0.5529991438365418,1.8307441286216428,circle,1006,0.4626830361344467,0.0,0.16,0.13700494133586308,0.155908317071306,0.15804295700726284,0.16063549800623633,0.6988061149620406,0.319768026841349,0.319768026841349,0.319768026841349,0.2971026183215699,1,0.41610416969837893,94,False,8.785835712282807,0.3105793659791113,interior_core,0.375810373481938,0.44693791024221813,26.32754560854616,49,1.0,0.2900311560017549,10.254746842891826,0.0653021403104906,0.16813886125307692,2,50,37,2103,2,2,0,2,85,85,48,2101,135,0.33190679980979554,ccpfm,5.872739087742441,0.5547870488794504,1.8321075128623359,0.9990489776509748,0.3322227510709186,1.8385293287792592e-13,1.2951573147290674e-10,8.950928886974907e-11,6.842348909685825e-11,1.1585887457754573e-10,1.1129708266111038e-10,6.774825145328123e-11,0.11712200234628285,0.15747492967537874,0.14760324655828355,0.13951791886965478,2.55,1,80,28,0.0011540969862835482,ok,1.3494684339966625,6,False,
,,,,,0.7876583390025189,,,,,2.0,0.0,0.0,,,,,,,0.0,,,,circle,1006,0.2553051635911249,0.0,0.1,0.09400483445063441,0.10237057493719041,0.10232809959461628,0.10220450544540989,1.0,0.29957175501250877,0.29957175501250877,0.29957175501250877,0.27447925089057407,,0.5156370477988615,266,False,88.50182525366013,0.02677685378013879,interior_core,-0.4385041392824693,0.20572375402517395,202.24085287360117,23,,0.29258298705464764,102.27113704017162,0.048589170373213475,0.013054865936068962,,79,146,0,,,,,224,224,78,,303,0.0,wls,,,,,,9.325873406851315e-14,4.6629367034256575e-14,3.2862601528904634e-14,4.1744385725905886e-14,3.1308289294429414e-14,4.4853010194856324e-14,1.127986593019159e-13,0.09082558359555833,0.10274776315445014,0.10563443217709577,0.11083580121958839,,,,,0.016288877988699824,ok,0.8039472169912187,6,False,
0.33463749086807104,0.1875436922826506,0.30521873115098697,0.0006305170239596469,0.0,2.322600783998496,5.417306015148021,0.6280109629596364,1.888074961513611,0.3553766532489937,2.0,1.3166356893634656e-11,9.039917254292392e-11,2.874118856042144,0.32797390728581605,1.647585167773637,0.27704117236566644,0.31914768145844796,0.0496702577938859,0.5760419588322064,5.417306015148021,0.5213749858708933,1.7381154963006853,circle,1006,0.20833668322695792,0.0,0.12,0.06867454659893986,0.08254395193351016,0.07616591539902703,0.06089298237858172,0.6970296787145178,0.1671543781369897,0.1671543781369897,0.1671543781369897,0.12822868525513587,1,0.4778059735544504,208,False,9.716585465494363,0.29608454705771725,interior_core,-0.49500969289411323,0.16968837619219151,26.172809567788285,45,1.0,0.3043632875380087,9.421129941066717,0.05775474778292365,0.16645670617158614,2,66,90,3172,2,2,0,2,156,156,66,3170,222,0.3199873896595208,ccpfm,5.417306015148021,0.5214042187863528,1.7383716807530405,0.9993694829760403,0.32018927444794953,3.055333763768431e-13,1.7352856929164773e-09,1.0247831472298685e-09,9.727381122814904e-10,1.5237817674318421e-09,1.5205134928919506e-09,1.1957634882264756e-09,0.06196352047133068,0.08261281941118313,0.07391801101439704,0.06006626052987139,2.35,0,68,24,0.0026007599954027683,ok,2.3252015439938987,6,False,
,,,,,1.1713227080035722,,,,,2.0,0.0,0.0,,,,,,,0.0,,,,circle,1006,0.15176491022998595,0.0,0.08,0.05323052562457619,0.05900518381909513,0.05700058693116096,0.04864014102759239,1.0,0.16602281857167633,0.16602281857167633,0.16602281857167633,0.15391346966484076,,0.18172957614060178,174,False,171.0473411342813,0.013314370352477352,interior_core,0.6147307185585138,-0.5421406693088979,336.6864713738907,23,,0.3004136411733696,154.10361008523526,0.03931862490774589,0.007925432749095615,,99,250,0,,,,,349,349,99,,448,0.0,wls,,,,,,1.163513729807164e-13,5.084821452783217e-14,5.3290705182007514e-14,1.0036416142611415e-13,4.618527782440651e-14,3.241851231905457e-14,7.105427357601002e-14,0.05045199917147226,0.05974135050208683,0.057161639077780844,0.05005894008743997,,,,,0.010053949998109601,ok,1.1813766580016818,6,False,
,,,,,0.16414573400106747,,,,,2.0,0.0,0.0,,,,,,,0.0,,,,circle,1007,0.5799274598575936,0.0,0.2,1.2763769892800934,1.3812248631664779,1.5375179579116702,1.690911843951837,1.0,4.942939986420219,3.008899822462507,4.942939986420219,4.942939986420219,,0.10999999999999999,45,False,35.57627744792923,0.08081925870100962,near_boundary_interior,1.8893813258482854e-13,0.8899999999999999,45.93610223016034,23,,0.32009070061476075,27.703570847418472,0.08159745955695005,0.05992512094831887,,40,20,0,,,,,53,53,33,,93,0.0,wls,,,,,,1.4654943925052066e-14,8.659739592076221e-15,5.662137425588298e-15,1.176836406102666e-14,7.424616477180734e-15,4.218847493575595e-15,9.880984919163893e-15,1.2791199544886274,1.3434943081849937,1.6943955943121913,1.8753764201450687,,,,,0.0007288049964699894,ok,0.16487453899753746,7,False,
0.150268972063705,0.12379961529707187,0.14497510071037836,0.001401541695865452,0.0,0.8347594619990559,5.313934589611804,0.738236997773502,2.110896566822808,0.3875219683655536,2.0,1.7168627630681499e-12,9.090775054875709e-12,2.575164515070986,0.1828771799478019,1.4079970620751532,0.20761245674740483,0.2891429255848159,0.04636592443750829,0.5675737396883427,5.313934589611804,0.6211825841459295,2.026256923957701,circle,1007,0.42411417676182467,0.0,0.2,0.17896779467068796,0.22675995135724106,0.21558379734597963,0.2027549402451171,0.7055201133811616,0.4207252914441223,0.4169934677047549,0.4207252914441223,0.4207252914441223,1,0.3558433201164568,68,False,9.948371944734848,0.26763711916131805,near_boundary_interior,-0.5031567760764954,-0.40592267963412,26.88832196136386,51,1.0,0.32009070061476075,10.742541205587964,0.08159745955695005,0.1798690602149263,2,40,20,1427,2,2,0,2,53,53,33,1425,93,0.3510861948142957,ccpfm,5.313934589611804,0.621226031994322,2.0267142530610283,0.9985984583041345,0.35157894736842105,1.0835776720341528e-13,1.4255485680791935e-10,1.438525965014037e-10,6.652245421179259e-11,9.168669903164561e-11,1.0486211898808051e-10,5.102404609935718e-11,0.14597440123313665,0.22721875653011991,0.19336605723633554,0.16959181248531488,2.55,1,80,28,0.0008235010027419776,ok,0.8355829630017979,7,False,
,,,,,0.2888744369993219,,,,,2.0,0.0,0.0,,,,,,,0.0,,,,circle,1007,0.7149917654623483,0.0,0.16,0.4820412312763678,0.3831822923693723,0.5558884427857511,0.7430382042325518,1.0,2.403138829352661,0.9618912227609343,2.403138829352661,2.403138829352661,,0.08800000000000008,62,False,60.34196448615319,0.045678159205797784,near_boundary_interior,-0.9048086075987769,0.1143039090108568,76.72596389730323,23,,0.3073517184369179,43.04141479334649,0.06530214031049061,0.03403825235078348,,50,42,0,,,,,88,88,46,,138,0.0,wls,,,,,,2.886579864025407e-14,1.3766765505351941e-14,1.199040866595169e-14,1.9040324872321435e-14,1.6656814816329302e-14,9.992007221626409e-15,1.9317880628477724e-14,0.5441631593981969,0.38377427307333845,0.6814395614364307,0.8682540700353372,,,,,0.001623079995624721,ok,0.29049751699494664,7,False,
0.32648977308091626,0.23505691049967267,0.30820320056466755,0.00030243459851807047,0.0,5.578272316997754,5.673923645133255,0.8258288871877494,1.9895306615030368,0.418343653250774,2.0,1.7455594955584353e-10,1.4342259720634353e-09,2.962708859076216,0.4381084053401557,1.6468508523273502,0.32141970712335566,0.32353575223073067,0.06970894503311792,0.5995840268923693,5.673923645133255,0.623641511659641,1.7628941625208248,circle,1005,0.10137177189547912,0.0,0.08,0.03385412744362341,0.03857814024954162,0.03620349987926714,0.025238105966327598,0.6965709784576037,0.10420630566029532,0.10420630566029532,0.10420630566029532,0.07087260571817677,1,0.34883646321973366,203,False,9.954912648687282,0.2922890255332,interior_core,0.5271919665257283,-0.3822913149783874,26.992810892783893,45,1.0,0.30938286882034766,9.349905968176031,0.03967638589735203,0.16314767458456994,2,99,255,6613,2,2,0,2,357,357,102,6611,456,0.35929230303946774,ccpfm,5.673923645133255,0.6239107978781409,1.763190183539881,0.9996975654014819,0.3594009983361065,6.892264536872972e-13,9.45970146659647e-09,7.065136919948145e-09,7.678123914445223e-09,8.658933570160343e-09,8.023656405953261e-09,6.429912602357035e-09,0.031297298688860234,0.038857372653617904,0.0353716376901849,0.02458243501455153,2.35,0,68,24,0.01247861901356373,ok,5.590750936011318,5,False,
,,,,,0.523529704005341,,,,,2.0,0.0,0.0,,,,,,,0.0,,,,circle,1007,0.39012028356189854,0.0,0.12,0.16237580440079447,0.16890080040413422,0.18064391482322878,0.20518986442613632,1.0,0.6518001947290829,0.4852327801418496,0.6518001947290829,0.6518001947290829,,0.06599999999999996,91,False,108.94904190197701,0.024257478056239887,near_boundary_interior,0.044441512176819194,-0.9329420209433164,153.0175017013657,23,,0.3072031061551041,72.53671272126921,0.05760848339185768,0.017590358308537248,,66,94,0,,,,,157,157,63,,223,0.0,wls,,,,,,4.218847493575595e-14,2.042810365310288e-14,1.865174681370263e-14,3.6415315207705135e-14,2.2426505097428162e-14,1.0880185641326534e-14,3.064215547965432e-14,0.16636017243459755,0.1694631966305541,0.1982676993466349,0.23476471854764236,,,,,0.0046412880037678406,ok,0.5281709920091089,7,False,
0.4180709074739924,0.40163344388253747,0.4147834147557014,0.00045777065690089265,0.0,3.284478682995541,5.146995852449861,0.7989952730358081,1.870118127367525,0.3762135922330097,2.0,3.225785610849741e-11,2.735635683406402e-10,2.9426013788066396,0.38605278407366195,1.6420193488490682,0.3057600692940667,0.3086959898365453,0.059924412992731685,0.5817965396437139,5.146995852449861,0.5845069593588316,1.724492454030247,circle,1006,0.11291418192790681,0.0,0.1,0.052916196841524606,0.0628937114156176,0.057601440311150984,0.038260700963344114,0.6793264904724069,0.17247230369807953,0.17247230369807953,0.17247230369807953,0.11080985082734958,1,0.4632773427479375,164,False,9.053566105051212,0.30358843724298545,interior_core,-0.5034411533908834,-0.18608432995950586,26.156608987978633,45,1.0,0.29258298705464764,9.515758731273465,0.048589170373213475,0.16360245839039614,2,79,146,4369,2,2,0,2,224,224,78,4367,303,0.338979171435111,ccpfm,5.146995852449861,0.5853034324353705,1.724524411180957,0.9995422293430991,0.33913441722005955,3.979039320256561e-13,4.00554966972777e-09,3.064718701040192e-09,2.4499335893324314e-09,3.5109923857135072e-09,2.6892514881637908e-09,2.5829436367530434e-09,0.04821301095594326,0.0634499034975827,0.0560740028774032,0.03865392703126824,2.35,0,68,24,0.0043891770037589595,ok,3.2888678599993,6,False,
0.24737923205435292,0.16712349766924356,0.23132808517733106,0.0010111223458038423,0.0,1.2754717339994386,4.9135838347831555,0.6892694124987404,1.8614044666543987,0.35876132930513593,2.0,1.8465715068138877e-12,1.3621041391474934e-11,3.177323373228099,0.27943276596257416,1.601343497064882,0.24617737003058104,0.3627158091067942,0.047421083830323424,0.5641072775141723,4.9135838347831555,0.5382913997910688,1.7618502959612528,circle,1007,0.43877257215631554,0.0,0.16,0.10391859623128456,0.11591916799705239,0.11983860069922207,0.1254843150417974,0.6926278570990682,0.2565448516212048,0.22484584594688006,0.2565448516212048,0.2565448516212048,1,0.3034016481182733,81,False,10.228184753000408,0.2809321460641715,near_boundary_interior,0.5032402246712453,0.4818176106085892,25.909329320625773,45,1.0,0.3073517184369179,9.500063368450494,0.06530214031049061,0.17000000006969593,2,50,42,1978,2,2,0,2,88,88,46,1976,138,0.32153690596562184,ccpfm,4.9135838347831555,0.539522112941836,1.7625397565226795,0.9989888776541962,0.32186234817813764,1.6209256159527285e-13,1.2499290491518877e-10,9.925638089214317e-11,1.0705791808618415e-10,6.513994899037812e-11,9.94810900323273e-11,1.084258238748248e-10,0.09192957167046266,0.1180019865389497,0.11512070584020975,0.11242549973951037,2.35,0,68,24,0.002117376003297977,ok,1.2775891100027366,7,False,
,,,,,0.7400133070041193,,,,,2.0,0.0,0.0,,,,,,,0.0,,,,circle,1007,0.2698955496158159,0.0,0.1,0.08695875226001462,0.09316168814366417,0.09458139739276601,0.09877320883808463,1.0,0.4012347522333822,0.27156320287611235,0.4012347522333822,0.4012347522333822,,0.05499999999999996,82,False,155.39085011013944,0.017382109188231524,near_boundary_interior,0.8394270042683221,0.4340359017732494,201.61070674413804,23,,0.3047812028617602,105.45552491423568,0.048375474452386685,0.01290291222664655,,79,151,0,,,,,229,229,78,,308,0.0,wls,,,,,,7.815970093361102e-14,3.197442310920451e-14,1.6209256159527285e-14,4.707345624410664e-14,2.8033131371785203e-14,3.907985046680551e-14,9.947598300641403e-14,0.08617732959014447,0.09423235237055287,0.09994260138002321,0.1101590764933876,,,,,0.0041197910031769425,ok,0.7441330980072962,7,False,
,,,,,1.2707254210108658,,,,,2.0,0.0,0.0,,,,,,,0.0,,,,circle,1007,0.10495680736971295,0.0,0.08,0.05881204048970705,0.06618297142742786,0.06289514267366864,0.04654135100201723,1.0,0.2399713941767847,0.2399713941767847,0.2399713941767847,0.18100305648413384,,0.5464924226602083,323,False,156.09914188883943,0.01579562552384199,interior_core,-0.4218965541688114,0.16725949376950466,331.0330447656684,23,,0.30183050888593904,152.66554820053295,0.039464706153526,0.00793449628758669,,99,250,0,,,,,344,344,94,,443,0.0,wls,,,,,,1.0302869668521453e-13,6.394884621840902e-14,3.6415315207705135e-14,9.059419880941277e-14,5.062616992290714e-14,3.2862601528904634e-14,7.72715225139109e-14,0.05547229735159718,0.06691969458898754,0.0629504434946732,0.05090954500999442,,,,,0.00786140099808108,ok,1.278586822008947,7,False,
0.20383930261450345,0.15459289767580303,0.19399002162676338,0.0006238303181534623,0.0,2.4533116740058176,5.543803633092198,0.649428172201457,1.9766260747445783,0.34586894586894584,2.0,1.0117767734740823e-11,8.741274600057357e-11,2.8057643519933184,0.32146637590196386,1.6544981139187436,0.27842866988283943,0.3209101315206762,0.04852476122119973,0.5794549825676848,5.543803633092198,0.5109105763666049,1.7721089365264588,circle,1007,0.18842989001842197,0.0,0.12,0.08297386006731687,0.09956177110123272,0.09230884469436111,0.07287046070791091,0.7046410381686239,0.1925765066609978,0.1925765066609978,0.1925765066609978,0.14178080121061898,1,0.41792636264195493,190,False,8.86797776252719,0.310254593306038,interior_core,-0.5220566854814216,-0.2578873140092588,26.21254449540476,45,1.0,0.3072031061551041,9.454914049498562,0.05760848339185768,0.16590988683792224,2,66,94,3206,2,2,0,2,157,157,63,3204,223,0.3153462258265752,ccpfm,5.543803633092198,0.5111253985815132,1.7721109161725932,0.9993761696818465,0.3155430711610487,3.375077994860476e-13,1.5924150886803545e-09,1.3164269674348361e-09,1.037324892649849e-09,1.4505020656807588e-09,1.0233880409771245e-09,9.510632281717335e-10,0.07402464324812749,0.09984828869469034,0.08822241223350263,0.06723702095708084,2.35,0,68,24,0.004045926994876936,ok,2.4573576010006946,7,False,
,,,,,0.15835634800896514,,,,,2.0,0.0,0.0,,,,,,,0.0,,,,circle,1008,0.7553963492547768,0.0,0.2,1.1039469517154297,0.99744333380654,1.3334675480201226,1.544833465751092,1.0,4.304428976739351,2.553138151174296,4.304428976739351,4.304428976739351,,0.10999999999999997,53,False,41.19585827277065,0.06930887781546913,near_boundary_interior,-0.5231288745404166,-0.7200251249936193,46.88575670383217,23,,0.3167570101128293,27.896203847996084,0.08159745955695659,0.05528546578807676,,40,18,0,,,,,54,54,36,,94,0.0,wls,,,,,,2.0095036745715333e-14,1.1102230246251565e-14,7.771561172376096e-15,1.2101430968414206e-14,1.404432126150823e-14,1.021405182655144e-14,1.73749903353837e-14,1.1230148087730036,0.988194474589515,1.4816735564644572,1.6747449453825574,,,,,0.0009163049980998039,ok,0.15927265300706495,8,False,
0.19038304820797838,0.1672182046701672,0.18575007950041614,0.0003081189339084887,0.0,5.407915693009272,5.05784922169163,0.8115997877772791,1.942517574740971,0.4190661478599222,2.0,1.0541719580592357e-10,1.0348058973782393e-09,3.062847542568145,0.4447576110529524,1.681683241832272,0.3147156337668962,0.3176428604003944,0.06763095429699373,0.59465710404668,5.05784922169163,0.6011322518000536,1.7639535631164105,circle,1006,0.09750055627030248,0.0,0.08,0.02851076084271264,0.03259894719052013,0.030530040476216328,0.020881454201928575,0.7029749057747622,0.07343908782359643,0.07343908782359643,0.07343908782359643,0.055868275904619624,1,0.5865018216745355,353,False,8.931936298819465,0.3025970785744226,interior_core,-0.37390750479508933,0.17731796406885533,26.734518971060123,45,1.0,0.3004136411733696,9.402790136936995,0.03931862490774589,0.15911104506845142,2,99,250,6491,2,2,0,2,349,349,99,6489,448,0.35603142813125865,ccpfm,5.05784922169163,0.6012843496464156,1.7640862689637338,0.9996918810660915,0.35614116196640466,6.0285110237146e-13,8.855721489453572e-09,5.111504330912453e-09,5.1026916025875835e-09,8.555836927826022e-09,6.145933539869475e-09,5.6532574177481365e-09,0.026141253316912416,0.032457925479119985,0.02961779338145866,0.020784693374507748,2.35,0,68,24,0.008249057995271869,ok,5.416164751004544,6,False,
,,,,,0.2648443619982572,,,,,2.0,0.0,0.0,,,,,,,0.0,,,,circle,1008,0.533781517560044,0.0,0.16,0.4055145340805816,0.4136142923229297,0.4662226025836982,0.5335021963230758,1.0,1.963442559007078,1.0887540998384262,1.963442559007078,1.963442559007078,,0.08800000000000002,52,False,66.25128615838051,0.041977533287331344,near_boundary_interior,0.7991916922000271,0.43935935078072164,77.01641578146982,23,,0.30871363696289683,43.04913032912782,0.06530214031049061,0.033768442098641833,,50,42,0,,,,,89,89,47,,139,0.0,wls,,,,,,2.886579864025407e-14,1.4210854715202004e-14,9.769962616701378e-15,2.1316282072803006e-14,1.0658141036401503e-14,1.0658141036401503e-14,1.9984014443252818e-14,0.44477144402789554,0.4219972835242606,0.5558393551950995,0.6526179015527067,,,,,0.0015093850088305771,ok,0.2663537470070878,8,False,
0.12055799270324313,0.10782030617721414,0.11801045539803734,0.0013869625520110957,0.0,0.8670148709934438,4.2608487648103495,0.8023084308800517,2.0215401637966606,0.4058614564831261,2.0,1.4321391295091246e-12,8.720718900986787e-12,2.5984613191812946,0.22628247723231837,1.6576653929920933,0.21518987341772153,0.26172323567811656,0.050671018625807585,0.5692646428122176,4.2608487648103495,0.6062881032962739,1.9345163459392545,circle,1008,0.727659242310554,0.0,0.2,0.1505091459538912,0.14349202757678028,0.1818013641850006,0.20671545130089408,0.7010526524575613,0.43645049120735685,0.33332094827214254,0.43645049120735685,0.43645049120735685,2,0.34058208492489384,62,False,10.13829755559202,0.2701536833671161,near_boundary_interior,-0.48204088021902064,-0.4514869525474719,26.449550289987137,52,1.5,0.3167570101128293,10.7052526277375,0.08159745955695659,0.17529211105197304,2,40,18,1442,2,2,0,2,54,54,36,1440,94,0.3640776699029126,ccpfm,4.2608487648103495,0.6079940296370201,1.9350954485635774,0.9986130374479889,0.3645833333333333,1.0302869668521453e-13,6.976108579692664e-11,6.281264397500763e-11,2.5809354653461014e-11,6.31041885412742e-11,7.565170712098279e-11,3.0457414368356694e-11,0.12549068835669436,0.1468366029534231,0.16556881803169501,0.174181101940389,2.55,1,80,28,0.0009293180046370253,ok,0.8679441889980808,8,False,
0.2877204334565212,0.2867934416161935,0.2875350350884557,0.00044853106077595876,0.0,3.617588187000365,4.833075915434406,0.7918792991521731,1.8774338390681007,0.3854266538830297,2.0,3.742072840831612e-11,2.8953877376273047e-10,2.658242674409732,0.3924448241227693,1.6731034122795476,0.29835651074589126,0.32969339148045573,0.06117616393555933,0.5838508877461585,4.833075915434406,0.5963305860491199,1.7299346570774348,circle,1007,0.11737366153677907,0.0,0.1,0.055021524792008676,0.06481158095583234,0.059844610993824134,0.04121411225913293,0.6951462556313448,0.147539465953603,0.147539465953603,0.147539465953603,0.11091117328405252,1,0.49979195306960056,265,False,8.522113609534838,0.3117269789728651,interior_core,0.31860973608223814,0.3856300466507786,26.852178131901763,45,1.0,0.3047812028617602,9.401856604592332,0.048375474452386685,0.15730592752404635,2,79,151,4459,2,2,0,2,229,229,78,4457,308,0.3390894819466248,ccpfm,4.833075915434406,0.596902015661418,1.7303946087168496,0.9995514689392241,0.33924164236033205,3.623767952376511e-13,3.975268114686514e-09,3.2536822125450726e-09,2.6938309360957646e-09,3.8125029799829235e-09,2.92243917954238e-09,2.4925652652996177e-09,0.050429197618894965,0.06590231277514867,0.05848435104115862,0.040424935870334466,2.35,0,68,24,0.006560556998010725,ok,3.6241487439983757,7,False,
,,,,,0.6036869109957479,,,,,2.0,0.0,0.0,,,,,,,0.0,,,,circle,1008,0.41388854631276245,0.0,0.12,0.1718700636587573,0.17596607654196914,0.19118959295317245,0.22159935660151722,1.0,0.782727685699485,0.5530959129956943,0.782727685699485,0.782727685699485,,0.06600000000000004,74,False,107.48679949100901,0.02526822934581891,near_boundary_interior,0.04444151217711187,0.9329420209433024,139.48899996676903,23,,0.3115276782578461,70.03450237113168,0.05786310998306451,0.018682422051952467,,66,88,0,,,,,152,152,64,,218,0.0,wls,,,,,,5.950795411990839e-14,2.19824158875781e-14,1.687538997430238e-14,3.6637359812630166e-14,1.7541523789077473e-14,1.865174681370263e-14,2.6645352591003757e-14,0.1763353465365504,0.17730230636083333,0.21117661708178187,0.25037934274576895,,,,,0.0026147750031668693,ok,0.6063016859989148,8,False,
0.33814380645695963,0.2481984587230848,0.32015473691018465,0.0010193679918450561,0.0,1.5011405880068196,5.057618594164018,0.6669184064925465,1.8292563988308879,0.3553846153846154,2.0,2.306682622688072e-12,1.4029491577519513e-11,3.3095357094264353,0.30460924556503394,1.588870701751205,0.2537764350453172,0.4078416613154754,0.04949507418237399,0.5604580541188405,5.057618594164018,0.5311851764117036,1.734098488408469,circle,1008,0.43334412713471554,0.0,0.16,0.10962568522193668,0.12327255223816513,0.1260373377000497,0.1299501543846913,0.6840020181737172,0.2798342514315295,0.2674006340926699,0.2798342514315295,0.2798342514315295,1,0.31059052088482986,88,False,9.434723546721019,0.2836286906025688,near_boundary_interior,0.5453735461150422,-0.4235944978233538,25.48602804741324,45,1.0,0.30871363696289683,9.458922473272215,0.06530214031049061,0.16217149813652926,2,50,42,1962,2,2,0,2,89,89,47,1960,139,0.3211009174311927,ccpfm,5.057618594164018,0.5318631679856796,1.7348133697851738,0.9989806320081549,0.32142857142857145,1.6575629757653587e-13,1.6174661610079966e-10,1.4389001101733356e-10,1.430852103467828e-10,9.151669114366989e-11,7.119982381453838e-11,7.061287665699467e-11,0.09500372217518492,0.12343558879322018,0.11872796328101762,0.1143573004844071,2.35,0,68,24,0.006674099000520073,ok,1.5078146870073397,8,False,
,,,,,0.9292827790050069,,,,,2.0,0.0,0.0,,,,,,,0.0,,,,circle,1008,0.19080539545889375,0.0,0.1,0.09468028511701473,0.10894393702819462,0.10314456421588176,0.08596886690137011,1.0,0.2878052472432524,0.2878052472432524,0.2878052472432524,0.25193310122217555,,0.5880719144654494,188,False,89.64348682433602,0.02676311897548324,interior_core,-0.3455855380689646,-0.2244475067658201,197.25404940552852,23,,0.2861320224997306,101.19556976506514,0.048524511071369125,0.01318416043724492,,79,141,0,,,,,223,223,82,,302,0.0,wls,,,,,,8.881784197001252e-14,3.6415315207705135e-14,3.1530333899354446e-14,5.3290705182007514e-14,2.842170943040401e-14,3.4638958368304884e-14,7.105427357601002e-14,0.08990561511365061,0.11045365313230926,0.10462557473034555,0.09376089138807413,,,,,0.005550868998398073,ok,0.934833648003405,8,False,
0.37041418915151997,0.21450788170893675,0.33923292766300334,0.0006323110970597534,0.0,2.480695398990065,6.069203037353922,0.6027956682802186,1.8983423967489181,0.3397291196388262,2.0,1.102784530360168e-11,7.713658840946719e-11,2.98110540125243,0.32568053449965717,1.645436292584021,0.2753414809489576,0.29257808294824567,0.045950675776379374,0.5758892709853979,6.069203037353922,0.4800703152863677,1.748216248600284,circle,1008,0.21424221244354974,0.0,0.12,0.09712494643954692,0.11513669214448549,0.10804254435050646,0.09009690404685043,0.7168736996795158,0.2657479045217306,0.2657479045217306,0.2657479045217306,0.226107190388247,1,0.4260238842886209,173,False,9.190997837250478,0.29009163474945926,interior_core,-0.513879039648781,-0.2559790092862766,26.147099307991567,45,1.0,0.3115276782578461,9.498930936521344,0.05786310998306451,0.16643960850797335,2,66,88,3163,2,2,0,2,152,152,64,3161,218,0.31141321530192856,ccpfm,6.069203037353922,0.480150835009599,1.748298984523266,0.9993676889029403,0.31161024992091113,3.161915174132446e-13,1.5295853472707677e-09,1.1970495705782014e-09,9.702390002530592e-10,1.3198206971765103e-09,9.942251466554808e-10,8.996288158868992e-10,0.08658094990113897,0.11775438624289895,0.10368807197744624,0.08042547704532227,2.35,0,68,24,0.003099338005995378,ok,2.4837947369960602,8,False,
,,,,,1.4845962570107076,,,,,2.0,0.0,0.0,,,,,,,0.0,,,,circle,1008,0.13549465879248185,0.0,0.08,0.05443043541303204,0.060407949106521336,0.05815425182358291,0.04801062936668222,1.0,0.24968782423702546,0.24968782423702546,0.24968782423702546,0.15503733670049957,,0.5904577801909309,256,False,140.41544578013577,0.0167201083330845,interior_core,-0.02940906770129162,-0.408504302511141,317.4335587462705,23,,0.2905480524121287,159.26540984115366,0.03937543016532466,0.008038601977039409,,99,260,0,,,,,359,359,99,,458,0.0,wls,,,,,,1.376676550535194e-13,5.906386491005833e-14,4.263256414560601e-14,9.281464485866309e-14,4.440892098500626e-14,5.306866057708248e-14,1.0302869668521453e-13,0.05112332107849044,0.06067730808685613,0.05774369535476171,0.049213485307368604,,,,,0.009502278990112245,ok,1.4940985360008199,8,False,
,,,,,0.20402727500186302,,,,,2.0,0.0,0.0,,,,,,,0.0,,,,circle,1009,0.7237096435993982,0.0,0.2,1.227030092950017,1.1429660784145756,1.468273463138424,1.6934326546263274,1.0,4.337714270452896,2.082204763906117,4.337714270452896,4.337714270452896,,0.10999999999999999,45,False,34.97573910841668,0.08374891026090184,near_boundary_interior,1.8893813258482854e-13,0.8899999999999999,48.154400720463556,23,,0.32630531624311315,28.626340796660617,0.08159745955696313,0.054881095006206734,,40,19,0,,,,,55,55,36,,95,0.0,wls,,,,,,1.2878587085651816e-14,8.881784197001252e-15,4.6629367034256575e-15,1.5654144647214707e-14,1.5626389071599078e-14,9.103828801926284e-15,1.2656542480726785e-14,1.3021660707346283,1.1786762120866907,1.7113815004173132,1.9342612037254132,,,,,0.0009485059999860823,ok,0.2049757810018491,9,False,
0.34556954373266313,0.26712920105240173,0.3298814751966109,0.0003112356053532524,0.0,5.605017333000433,6.012301419297945,0.8271156120628456,1.9161935338742568,0.4189085318985396,2.0,9.149572766098402e-11,9.172768433609817e-10,3.000836801710167,0.44948370112886277,1.6773709616665835,0.3122384937238494,0.31899839884283154,0.06702346350487817,0.5902470287787669,6.012301419297945,0.6029062411239856,1.7520461748378744,circle,1007,0.09096052444705523,0.0,0.08,0.03291907624313409,0.03733335574985435,0.035204525803855635,0.024251664418833474,0.6949655663798295,0.08592825660666958,0.08592825660666958,0.08592825660666958,0.06047615375247695,1,0.39591775006814267,364,False,8.720679015172895,0.30410485467865755,interior_core,0.43284975112084567,-0.4214952294353311,27.165316750784946,45,1.0,0.30183050888593904,9.342275284010277,0.039464706153526,0.1577506253376364,2,99,250,6426,2,2,0,2,344,344,94,6424,443,0.35543106131341423,ccpfm,6.012301419297945,0.6031372472394305,1.752087051962988,0.9996887643946467,0.35554171855541716,7.034373084024992e-13,7.905857746237643e-09,4.344677506651351e-09,4.47437820128016e-09,7.535808421721413e-09,6.411085884394652e-09,5.127319901987448e-09,0.03006136419788211,0.037189050348978736,0.034113896461096964,0.024095634384364253,2.35,0,68,24,0.00948544399579987,ok,5.614502776996233,7,False,
0.15540402799532077,0.13289601729644188,0.150902425855545,0.0013577732518669382,0.0,0.82495484300307,4.825326264522664,0.7639844865134577,2.025573874877206,0.4036458333333333,2.0,1.244671032907263e-12,8.750487040179795e-12,2.813851313602445,0.19043606656205217,1.5167780654579575,0.18691588785046728,0.2899973887151225,0.04911607758647651,0.5649405536531591,4.825326264522664,0.6296199720050613,1.981929562424093,circle,1009,0.61635685667775,0.0,0.2,0.1781697091648788,0.19556577596047026,0.21319921769232328,0.22692404852382703,0.7190439839944556,0.4653355001842022,0.4615175025748968,0.4653355001842022,0.4653355001842022,1,0.29482102245709446,79,False,12.07599170992017,0.23428398001617054,near_boundary_interior,0.5586574855583999,0.4320946885842612,26.155063592013324,53,1.0,0.32630531624311315,10.770365254933141,0.08159745955696313,0.16966923176229234,2,40,19,1473,2,2,0,2,55,55,36,1471,95,0.3564154786150713,ccpfm,4.825326264522664,0.6301053359565755,1.982505713692057,0.9986422267481331,0.35690006798096535,1.0125233984581428e-13,1.0163003771879175e-10,1.0540857076080101e-10,4.6705445067019014e-11,9.411482704280161e-11,6.886657910598615e-11,4.555633648095636e-11,0.14903786411621664,0.19961808454781446,0.195874127918498,0.1938690032698581,2.55,1,80,28,0.0012499489967012778,ok,0.8262047919997713,9,False,
,,,,,0.2561821510025766,,,,,2.0,0.0,0.0,,,,,,,0.0,,,,circle,1009,0.6104101195938659,0.0,0.16,0.5373555332194048,0.4950945522823672,0.6205365784865143,0.7783483315849826,1.0,3.611101532369978,1.423162503912276,3.611101532369978,3.611101532369978,,0.08800000000000001,63,False,61.47397810941381,0.0459305677796348,near_boundary_interior,-0.9048086075988283,-0.11430390901045093,78.8551473585363,23,,0.31031251209321264,42.90672461670439,0.0653021403104906,0.03288339919981928,,50,42,0,,,,,86,86,44,,136,0.0,wls,,,,,,3.064215547965432e-14,1.1546319456101628e-14,7.993605777301127e-15,1.4099832412739488e-14,1.0574874309554616e-14,1.1324274851176597e-14,2.2648549702353193e-14,0.6225595736307773,0.4969201701337683,0.782890718931267,0.9809537562011583,,,,,0.0011369019921403378,ok,0.2573190529947169,9,False,
,,,,,0.5492435680062044,,,,,2.0,0.0,0.0,,,,,,,0.0,,,,circle,1009,0.34992932264860405,0.0,0.12,0.14274496171776008,0.1517506549758052,0.1583797489048044,0.17341145619150128,1.0,0.8454923464315536,0.3956168649695281,0.8454923464315536,0.8454923464315536,,0.06599999999999995,98,False,96.84812574597626,0.029860166082857516,near_boundary_interior,0.9171213305540572,-0.17676064130570146,145.79071183120766,23,,0.2947287727257255,71.9421608184528,0.05785015364321054,0.017214076587572184,,66,92,0,,,,,154,154,62,,220,0.0,wls,,,,,,4.04121180963557e-14,1.687538997430238e-14,1.4210854715202004e-14,3.6637359812630166e-14,2.0317081350640365e-14,1.687538997430238e-14,3.7636560534792807e-14,0.15158872983621685,0.15629208446062096,0.18118318675290856,0.21281930931049037,,,,,0.004570090997731313,ok,0.5538136590039358,9,False,
0.22126990584210185,0.14448326885836119,0.2059125784453537,0.00045871559633027525,0.0,3.392958054988412,5.201600251122526,0.7500080175757191,1.8438843005397465,0.38070342205323193,2.0,3.9431652387733607e-11,2.7222614231319365e-10,2.952011855802403,0.383933753280295,1.6379003670200007,0.2974290780141844,0.30626413170823247,0.05836498995737083,0.5815554187267143,5.201600251122526,0.589758610756701,1.724048205463901,circle,1008,0.2047879148204416,0.0,0.1,0.04984762136392645,0.0568594880071299,0.054303925853477444,0.04689029028504249,0.6833001520964994,0.13569124204221583,0.13569124204221583,0.13569124204221583,0.12360937351390588,1,0.3761486154478221,193,False,8.925316716119156,0.304836596661735,interior_core,-0.5901200565874766,-0.20396787824343954,26.394358872053022,45,1.0,0.2861320224997306,9.337520207398624,0.048524511071369125,0.16061350281638187,2,79,141,4360,2,2,0,2,223,223,82,4358,302,0.3376146788990826,ccpfm,5.201600251122526,0.5899756611339696,1.7241670785188845,0.9995412844036697,0.3377696190913263,2.7000623958883807e-13,3.957028926748762e-09,2.9321227668077654e-09,2.5819240079272276e-09,3.120746439044808e-09,3.0189479804931807e-09,2.7214082376492144e-09,0.04519275295714999,0.05615389828139067,0.05259201826060837,0.04582449879886969,2.35,0,68,24,0.007374530003289692,ok,3.400332584991702,8,False,
0.4397837152353275,0.3064148110292259,0.4131099343941072,0.0010400416016640667,0.0,1.339954351002234,3.852576826728337,0.6318042289962583,1.8902035220450908,0.36024844720496896,2.0,2.489555436802071e-12,1.4976342792923817e-11,2.9105307142198837,0.28160553033654256,1.6122938959227475,0.24881889763779527,0.3378426014449035,0.047642247850142844,0.5600232090065496,3.852576826728337,0.5131159753543497,1.7859352241973572,circle,1009,0.21413998675437246,0.0,0.16,0.16959458020526424,0.2219254726462642,0.1958473189992473,0.14549975637333667,0.700787861246466,0.4041316680120237,0.4041316680120237,0.4041316680120237,0.28608948763901165,1,0.32519328766935246,79,False,9.642938574775165,0.2913686962117331,interior_core,0.5680148300877843,-0.36945378146405095,27.00653153719219,46,1.0,0.31031251209321264,9.714368249844952,0.0653021403104906,0.16362427415688138,2,50,42,1923,2,2,0,2,86,86,44,1921,136,0.3234529381175247,ccpfm,3.852576826728337,0.5152906408630162,1.7879781333595843,0.998959958398336,0.3237896928682978,1.545430450278218e-13,2.297664281059042e-10,1.8112000788050864e-10,1.7167897659042808e-10,1.4712332740973721e-10,1.0338818690058815e-10,1.1160050661374044e-10,0.14185772965869392,0.22044651846612837,0.1783911205649827,0.12574791412799577,2.35,0,68,24,0.0016718419938115403,ok,1.3416261929960456,9,False,
,,,,,0.8732687459996669,,,,,2.0,0.0,0.0,,,,,,,0.0,,,,circle,1009,0.2553553644012996,0.0,0.1,0.09542746918535065,0.10271008590873977,0.10393278428169665,0.10776413222403368,1.0,0.34784229842391323,0.34784229842391323,0.34784229842391323,0.3276431324252712,,0.47747578521433565,148,False,96.87824279843106,0.025870125814325528,interior_core,-0.019849691116932883,-0.5223264789588947,194.69592555630112,23,,0.31211746740200763,101.20192233047543,0.04859519341971738,0.013405918731559514,,79,149,0,,,,,223,223,74,,302,0.0,wls,,,,,,6.23945339839338e-14,3.863576125695545e-14,3.3084646133829665e-14,5.384581669432009e-14,1.9984014443252818e-14,2.4646951146678475e-14,4.707345624410664e-14,0.09337753972209513,0.10329186000478857,0.10866594648153982,0.11875116864690738,,,,,0.0061820250120945275,ok,0.8794507710117614,9,False,
,,,,,1.3128107090014964,,,,,2.0,0.0,0.0,,,,,,,0.0,,,,circle,1009,0.16579701983390224,0.0,0.08,0.04975667722941064,0.05419545753359254,0.05320178981932063,0.04891797483383594,1.0,0.16204983424340103,0.16204983424340103,0.16204983424340103,0.1252104807251475,,0.4245348329912793,303,False,144.58437284242703,0.016605576852972474,interior_core,-0.5565625939389448,-0.14802767989349702,304.57866554439676,23,,0.29775046786219106,154.5004809810655,0.03937153490905913,0.00849180561560653,,99,256,0,,,,,352,352,96,,451,0.0,wls,,,,,,1.1723955140041653e-13,6.927791673660977e-14,7.105427357601002e-14,1.1191048088221578e-13,4.1300296516055823e-14,6.306066779870889e-14,9.237055564881302e-14,0.04691728338295892,0.05399455083202044,0.05310675883347848,0.05066331353605083,,,,,0.011594245996093377,ok,1.3244049549975898,9,False,
0.09872948428759709,0.09587370123165542,0.09815832767640877,0.000569313976658127,0.0,2.3708789899974363,5.765548241952401,0.6113291640555086,1.836629122868434,0.33367768595041325,2.0,6.6140426469019076e-12,4.9389097523973545e-11,2.765752798922742,0.30447104713293915,1.6994678604276188,0.2707672796448954,0.3103889295698939,0.04260003654821737,0.5719567391712207,5.765548241952401,0.4808292456567656,1.7640442694509224,circle,1009,0.17827416643060584,0.0,0.12,0.11324082613896211,0.13534929460717232,0.1256440395081908,0.09819153853937058,0.7234657280160482,0.27699363240662633,0.27699363240662633,0.27699363240662633,0.21816340657760713,1,0.36114885880713876,159,False,8.288024943604471,0.32458365006692436,interior_core,-0.5677307296511964,0.29293807586848053,27.69336869695528,49,1.0,0.2947287727257255,9.48128350617241,0.05785015364321054,0.16945672890176872,2,66,92,3513,2,2,0,2,154,154,62,3511,220,0.30543694847708514,ccpfm,5.765548241952401,0.48113303837749605,1.7641044469936373,0.9994306860233418,0.3056109370549701,3.339550858072471e-13,1.1374092778737577e-09,8.092104764045871e-10,6.773532845727459e-10,8.846017252039928e-10,8.466152223718382e-10,7.91573029346182e-10,0.09903649202292641,0.13441676649944298,0.11837124863391911,0.08940358934108716,2.55,1,80,28,0.003988559998106211,ok,2.3748675499955425,9,False,
,,,,,0.19389591700746678,,,,,2.0,0.0,0.0,,,,,,,0.0,,,,ellipse,2000,0.9717544116768759,0.0,0.2,4.553119569520184,1.506421457162107,5.655302154446407,7.1856213128390625,1.0,34.058216052828165,2.3833833025659317,34.058216052828165,34.058216052828165,,0.11000000000000004,38,False,40.40063511879841,0.07245988389447305,near_boundary_interior,0.9624128762162308,0.5117240034366201,47.50852044105791,23,,0.2868307829991377,29.581886643378358,0.08279826313992898,0.05621434861305516,,38,12,0,,,,,45,45,33,,83,0.0,wls,,,,,,1.6431300764452317e-14,5.773159728050814e-15,7.549516567451064e-15,1.429412144204889e-14,1.083855227790309e-14,2.886579864025407e-15,9.381384558082573e-15,6.163734970519122,1.5530023925512118,8.370988510994955,9.730245554423046,,,,,0.0007260429993038997,ok,0.19462196000677068,0,True,linf_large
0.1289764166226318,0.12131713975019293,0.12744456124814402,0.0016625103906899418,0.0,0.6517446179932449,4.88299761920586,0.7350321566050878,2.4024392088631292,0.39780658025922233,2.0,2.663546466719069e-12,1.2722601128269514e-11,2.240581352504238,0.12671355633197517,0.8993033522330832,0.07,0.28963928479068984,0.04599320642958169,0.5669755492585775,4.88299761920586,0.5472522233031508,2.2271774582565236,ellipse,2000,0.6430149275099654,0.0,0.2,0.1501753047694804,0.17663862491242358,0.18652853535691089,0.1927906907877706,0.8094038523610845,0.3651750784336678,0.29263740668551164,0.3651750784336678,0.3651750784336678,1,0.30968834832338354,66,False,10.821242259793543,0.2581810211070238,near_boundary_interior,-0.2541406789455527,0.3051703769719018,28.105877705049487,50,1.0,0.2868307829991377,12.33204650754271,0.08279826313992898,0.17738341572667196,2,38,12,1203,2,2,0,2,45,45,33,1201,83,0.343308395677473,ccpfm,4.88299761920586,0.5512799975485033,2.227180687316507,0.99833748960931,0.34388009991673607,8.526512829121202e-14,2.2924462328433037e-10,1.9408363804984674e-10,1.5598061731125767e-10,1.3455578318222194e-10,1.542210803506805e-10,1.7866789991938248e-10,0.12579253606007562,0.17857119295418752,0.17083925236310502,0.16793940151880635,2.55,1,80,28,0.0015378990065073594,ok,0.6532825169997523,0,False,
,,,,,0.27703226399898995,,,,,2.0,0.0,0.0,,,,,,,0.0,,,,ellipse,2000,0.9225903858941341,0.0,0.16,0.9411758884642677,0.43900940366175234,1.1148919644725994,1.513296937893391,1.0,6.990394316718012,1.0167066793253143,6.990394316718012,6.990394316718012,,0.08800000000000001,60,False,59.15330333685776,0.048861513177698504,near_boundary_interior,-0.9818377232591295,-0.5220523778179051,80.77595884610007,23,,0.27527440327534125,42.52329213670219,0.06574626142937477,0.03253360776484532,,48,27,0,,,,,71,71,44,,119,0.0,wls,,,,,,3.730349362740526e-14,2.7533531010703882e-14,1.2434497875801753e-14,3.064215547965432e-14,2.3647750424515834e-14,8.881784197001252e-15,1.965094753586527e-14,1.2197292607205832,0.44341909761814535,1.5790931470688212,1.9756025747622745,,,,,0.001569309999467805,ok,0.27860157399845775,0,False,
0.3285077770107782,0.2638578104030985,0.3155777836892423,0.00046392948271862676,0.0,3.3203172520006774,7.051225904852776,0.79212640273905,1.81728327602744,0.39050914483440435,2.0,4.96607199806931e-11,3.1199819746403097e-10,3.087168933578753,0.3955104066337486,1.6482093129383313,0.29982517482517484,0.31905095201487654,0.06059987401470828,0.5851737020803944,7.051225904852776,0.5965345686577295,1.7166966763264,circle,1009,0.10709711329911632,0.0,0.1,0.05110762970247903,0.060235567553106294,0.05566278031223329,0.037376872496412084,0.6734457197950363,0.13091662925955905,0.13091662925955905,0.13091662925955905,0.10440179572447258,1,0.40519097002827315,219,False,9.09687330829657,0.30246713102498257,interior_core,0.42553567885411875,0.41606465993579195,26.379998959377094,45,1.0,0.31211746740200763,9.383101965229791,0.04859519341971738,0.16197452607855733,2,79,149,4311,2,2,0,2,223,223,74,4309,302,0.34237995824634654,ccpfm,7.051225904852776,0.596975491311488,1.7168317149305174,0.9995360705172813,0.34253887212810397,3.659295089164516e-13,3.9711123278607374e-09,3.711879248413652e-09,3.031502160411037e-09,3.5495926198336747e-09,2.575569979512693e-09,2.3395516635105196e-09,0.046200514558929914,0.059703082915282105,0.05376477745528285,0.039165446094398586,2.35,0,68,24,0.00734299399482552,ok,3.327660245995503,9,False,
0.22225466427035953,0.2104073133776736,0.21988519409182236,0.0002995357196345664,0.0,5.699880512009258,4.667182442962658,0.8368346467853158,1.9321589565399357,0.4183282208588957,2.0,1.6225377985623624e-10,1.246015211335994e-09,2.9885332566052987,0.44475167535753335,1.6618189142943263,0.3143278446792824,0.3163694902859247,0.06844896112334764,0.5907721907532084,4.667182442962658,0.6040472286168764,1.7490401735473895,circle,1008,0.09258255947420453,0.0,0.08,0.03973962884258453,0.04518515851446369,0.04245838501108261,0.028974963722071558,0.698174195888457,0.10046138492659595,0.10046138492659595,0.10046138492659595,0.07207814337839513,1,0.5445519640579365,354,False,9.441030331861699,0.29846519300345337,interior_core,-0.09614450853626304,0.44520198213476636,27.046208769311562,45,1.0,0.2905480524121287,9.41061587378764,0.03937543016532466,0.16105600531187944,2,99,260,6677,2,2,0,2,359,359,99,6675,458,0.3549498277669612,ccpfm,4.667182442962658,0.6043046288755745,1.7490422635049072,0.9997004642803654,0.3550561797752809,6.323830348264892e-13,9.879762785658386e-09,7.411552260805365e-09,6.664986784699067e-09,9.133522382853698e-09,5.903909361393289e-09,6.663429613640304e-09,0.03670699799393269,0.04567821166785336,0.04146048544646085,0.027454489409654278,2.35,0,68,24,0.015399550000438467,ok,5.715280062009697,8,False,
,,,,,0.5349736500065774,,,,,2.0,0.0,0.0,,,,,,,0.0,,,,ellipse,2000,0.28271668355681856,0.0,0.12,0.19370005697801995,0.23074997846732914,0.21873582789683552,0.19507332468139518,1.0,0.6149436970714808,0.566371877437992,0.6149436970714808,0.6149436970714808,,0.06600000000000006,67,False,104.36251174559442,0.025943283471906775,near_boundary_interior,0.575557875178881,0.765189585430897,160.18528093648894,23,,0.2468877081223122,73.95525979665952,0.05752248337873451,0.01655746092906774,,64,70,0,,,,,131,131,61,,195,0.0,wls,,,,,,5.417888360170764e-14,2.3092638912203256e-14,2.5091040356528538e-14,4.04121180963557e-14,2.6423307986078726e-14,1.4876988529977098e-14,4.596323321948148e-14,0.1876126789790037,0.230255887679447,0.2288989722841233,0.22733187660601067,,,,,0.0017475000058766454,ok,0.536721150012454,0,False,
0.41787663297062166,0.3014880127467489,0.39459890892584715,0.0012099213551119178,0.0,1.103214229005971,4.870909587729187,0.6606484898123154,2.163176993402388,0.37752627324171384,2.0,3.5969211550218594e-12,1.640855287094944e-11,3.242877621468702,0.2328782503755551,1.3927229163841712,0.21153846153846154,0.4059525170019048,0.04735214346134908,0.5674164118584766,4.870909587729187,0.546643055318707,1.9508437042439912,ellipse,2000,0.31550406667473313,0.0,0.16,0.14944517478051325,0.2072874039693075,0.17702878551623993,0.14051842596319902,0.7454543236509915,0.35087523005114224,0.35087523005114224,0.35087523005114224,0.2674897487924218,1,0.6314052576204725,115,False,8.972132143641401,0.3094718239896243,interior_core,0.07302105202825218,0.11217886548190031,26.741559641746512,47,1.0,0.27527440327534125,9.892136597572089,0.06574626142937477,0.16162463753356077,2,48,27,1653,2,2,0,2,71,71,44,1651,119,0.33575317604355714,ccpfm,4.870909587729187,0.5483815947014731,1.9517470777620065,0.9987900786448881,0.3361599030890369,1.4166445794216997e-13,4.1038017428718376e-10,3.2880609346364054e-10,2.723012926253432e-10,1.8355339470588206e-10,1.485225276098845e-10,1.9070023338230158e-10,0.12175245093499935,0.20301281036945448,0.15762388187417037,0.12165824207329551,2.35,0,68,24,0.0014576310059055686,ok,1.1046718600118766,0,False,
,,,,,0.7110009099997114,,,,,2.0,0.0,0.0,,,,,,,0.0,,,,ellipse,2000,0.22981191638120357,0.0,0.1,0.09639806368350869,0.11083022448722173,0.10674015647814104,0.09574767653936729,1.0,0.3616164530050565,0.3616164530050565,0.3616164530050565,0.30073957761327796,,0.6738369120837606,242,False,89.05941259528824,0.02843729996594147,interior_core,-0.05178532767712751,-0.05546301622656488,192.94219808980372,23,,0.2572164526195495,99.96488190135254,0.048552045903792945,0.013162522658826895,,76,108,0,,,,,180,180,72,,256,0.0,wls,,,,,,8.237854842718662e-14,2.9753977059954195e-14,2.0095036745715333e-14,5.084821452783217e-14,2.1316282072803006e-14,1.2878587085651816e-14,4.6407322429331543e-14,0.09204193344706442,0.1113622447933635,0.10976641064967871,0.10732817858865969,,,,,0.0037220679951133206,ok,0.7147229779948248,0,False,
0.42819420943776115,0.3290133079632568,0.4083580291428603,0.0007288629737609329,0.0,1.8810299640026642,4.708008724327962,0.630723486982575,2.0059155677411864,0.3574442435201929,2.0,7.0414230002313616e-12,4.284900040200581e-11,2.5077933013947873,0.34370831383456146,1.5634040932408024,0.2608294930875576,0.30841277915611753,0.05238989669462579,0.5745152827926534,4.708008724327962,0.5140996850258583,1.8187750800852833,ellipse,2000,0.2566532279252023,0.0,0.12,0.08554472959555433,0.10374222153197692,0.09660140292275601,0.08208410018229449,0.7206474474270654,0.21194671365932896,0.21194671365932896,0.21194671365932896,0.19586181693502436,1,0.39702599943855843,135,False,9.360989323423423,0.2927196190764619,interior_core,0.226499561951325,-0.22023096628331928,26.925351415243657,45,1.0,0.2468877081223122,9.589642257601342,0.05752248337873451,0.165369917072512,2,64,70,2744,2,2,0,2,131,131,61,2742,195,0.31924198250728864,ccpfm,4.708008724327962,0.5149049961400496,1.8212532057011293,0.999271137026239,0.31947483588621445,2.964295475749168e-13,6.998326362861462e-10,5.202833719408773e-10,5.510543132913881e-10,6.049711842592842e-10,6.999114621208946e-10,7.482852115714422e-10,0.07540044566768982,0.10562875008062533,0.09199316707710671,0.07328352825137256,2.35,0,68,24,0.003672648992505856,ok,1.88470261299517,0,False,
,,,,,1.215656714994111,,,,,2.0,0.0,0.0,,,,,,,0.0,,,,ellipse,2000,0.13773390280331385,0.0,0.08,0.05534347720584011,0.06375086976557824,0.059806988838413594,0.04520177705328071,1.0,0.22341931995322126,0.22341931995322126,0.22341931995322126,0.1530443484151624,,0.37758585902676445,397,False,163.5892355518861,0.01557817574164088,interior_core,-0.516783017525989,0.0190263487640635,305.9621845113625,23,,0.25686759701724327,162.57051289952133,0.0388899013534311,0.008501655054759624,,95,205,0,,,,,303,303,98,,398,0.0,wls,,,,,,1.2789769243681803e-13,6.039613253960852e-14,4.263256414560601e-14,7.815970093361102e-14,3.907985046680551e-14,2.55351295663786e-14,8.526512829121202e-14,0.05304084660415441,0.06492484906565407,0.06078979364832517,0.05106843299972268,,,,,0.005898443007026799,ok,1.221555158001138,0,False,
,,,,,0.1912495300057344,,,,,2.0,0.0,0.0,,,,,,,0.0,,,,ellipse,2001,0.9710080444599075,0.0,0.2,11.470790209540384,3.688345248054794,14.377216649410622,18.940581598591926,1.0,98.98378162215515,9.357413085819704,98.98378162215515,98.98378162215515,,0.11000000000000004,38,False,36.50401822475459,0.08190727307383337,near_boundary_interior,0.9624128762162308,0.5117240034366201,47.68426659295386,23,,0.2960080502124649,29.735565137757437,0.08279826313992898,0.056229900937867866,,38,14,0,,,,,45,45,31,,83,0.0,wls,,,,,,1.9539925233402755e-14,9.769962616701378e-15,1.0436096431476471e-14,2.398081733190338e-14,1.1879386363489175e-14,2.886579864025407e-15,7.993605777301127e-15,15.731080836247717,3.936849485294751,21.36443204901002,25.604164278728984,,,,,0.0007878779870225117,ok,0.19203740799275693,1,True,linf_large
0.2609120610609914,0.2509998967243072,0.25892962819365456,0.000546000546000546,0.0,2.6760728569934145,5.229007526771407,0.6706787363474015,2.0224201353677094,0.351460221550856,2.0,1.5222545446391678e-11,1.1322344666676989e-10,3.100542664168689,0.35209787663561737,1.6436703367497725,0.27787716159809184,0.3629627292272261,0.05325139163328832,0.5792263510804944,5.229007526771407,0.5306888452273658,1.7879952435384099,ellipse,2000,0.23341586670149897,0.0,0.1,0.06675225468758418,0.07656624653215957,0.073913788704455,0.06681974100376478,0.721629230980447,0.17600008177391657,0.1743573974990955,0.17600008177391657,0.17600008177391657,1,0.18211373763022584,191,False,10.409681519762753,0.2479147077151379,near_boundary_interior,0.4193370407703049,-0.35125915788749695,27.281199829899503,46,1.0,0.2572164526195495,9.44292270707492,0.048552045903792945,0.16366142647268403,2,76,108,3663,2,2,0,2,180,180,72,3661,256,0.3177723177723178,ccpfm,5.229007526771407,0.5309589483557244,1.7885745565973339,0.9994539994539995,0.31794591641627973,3.8191672047105385e-13,1.628139401077533e-09,1.5606071990248438e-09,1.3173924173770502e-09,1.535573446176386e-09,1.3446281865725496e-09,1.4354668564919848e-09,0.058232980554574966,0.07424735610099488,0.06944688162797495,0.06154809978905115,2.35,0,68,24,0.005828038993058726,ok,2.681900895986473,0,False,
0.2924472008749296,0.20383329178828558,0.2747244190576008,0.0017985611510791368,0.0,0.7539490880008088,5.7145583559754884,0.7414933769629402,2.314250738869213,0.408008658008658,2.0,2.910130469935268e-12,1.3258504635726179e-11,2.1078246897124004,0.1358437269936397,0.899198574184046,0.0797872340425532,0.27124919745093085,0.04721454197106196,0.5676770694566026,5.7145583559754884,0.5273868529304689,2.169400987891181,ellipse,2001,0.5302777456322304,0.0,0.2,0.12521235892650473,0.1620567930015498,0.1569382037841536,0.15278737087046104,0.7962304037521513,0.36839768883265056,0.3356312713770918,0.36839768883265056,0.36839768883265056,1,0.23144320423193282,80,False,13.700025463170794,0.20378073179098877,near_boundary_interior,-0.4031385062410357,0.30194535371198855,27.08608558176516,50,1.0,0.2960080502124649,11.287854273656466,0.08279826313992898,0.16027387550497937,2,38,14,1112,2,2,0,2,45,45,31,1110,83,0.35251798561151076,ccpfm,5.7145583559754884,0.5292025730774869,2.1708205467086072,0.9982014388489209,0.35315315315315315,5.950795411990839e-14,2.692819300875726e-10,1.8949219970920694e-10,1.4100320910870323e-10,1.5547962917139557e-10,1.9012125207495956e-10,2.106510521571181e-10,0.10845813542815785,0.15758840616465458,0.14729734648480175,0.14240621045498592,2.35,0,68,24,0.000981008997769095,ok,0.7549300969985779,1,False,
,,,,,0.30926258899853565,,,,,2.0,0.0,0.0,,,,,,,0.0,,,,ellipse,2001,0.9359311383455361,0.0,0.16,1.3005870088280818,0.5524284535474793,1.53832019572597,2.097981928245358,1.0,10.74838177736791,1.339354877075409,10.74838177736791,10.74838177736791,,0.08800000000000001,60,False,64.16689171689548,0.044971472725145525,near_boundary_interior,-0.9818377232591295,-0.5220523778179051,81.87035320348862,23,,0.2769576910243007,45.313427661270794,0.06575695391227754,0.0322473810952602,,48,27,0,,,,,72,72,45,,120,0.0,wls,,,,,,2.2648549702353193e-14,8.881784197001252e-15,9.103828801926284e-15,1.1324274851176597e-14,8.645861804268407e-15,6.8833827526759706e-15,1.3378187446733136e-14,1.7710199310580628,0.55982205741548,2.286376899596428,2.859368895688652,,,,,0.0013659750111401081,ok,0.31062856400967576,1,True,linf_large
0.2618298882726394,0.2323081831295658,0.2559255472440247,0.0003040437823046519,0.0,5.427685192000354,4.742318706245571,0.8160288079532579,1.9259963113885328,0.4170471841704718,2.0,1.561401286043207e-10,1.186780899080198e-09,2.918343268565275,0.425607536366658,1.6729371577847023,0.31164556962025314,0.3139465089652583,0.06701677641755364,0.5924393076790319,4.742318706245571,0.6118240561413057,1.758699511374409,circle,1009,0.10322301868097096,0.0,0.08,0.03574029019159519,0.04036230397048237,0.03821491933811949,0.027725225761021623,0.7002972853967211,0.10591609378279687,0.10591609378279687,0.10591609378279687,0.07774929035872191,1,0.3717890500705984,348,False,9.335168820890004,0.29049370137663066,interior_core,0.4657194190989529,0.42239337024391044,26.705695251541265,45,1.0,0.29775046786219106,9.355923628183653,0.03937153490905913,0.1618050092449546,2,99,256,6578,2,2,0,2,352,352,96,6576,451,0.35375494071146246,ccpfm,4.742318706245571,0.6119953963114064,1.7589057368324617,0.9996959562176954,0.3538625304136253,6.128431095930864e-13,1.0011682149979606e-08,8.134790618896659e-09,6.658394724468053e-09,8.897553360753818e-09,5.2636939251726744e-09,5.633626898315924e-09,0.03282180519077643,0.040422175818668464,0.0371517608664248,0.026527773539653243,2.35,0,68,24,0.011800864987890236,ok,5.439486056988244,9,False,
,,,,,0.6095312340039527,,,,,2.0,0.0,0.0,,,,,,,0.0,,,,ellipse,2001,0.41297504947884844,0.0,0.12,0.15532673657744864,0.16959444976023963,0.17561065051930635,0.18538178566336183,1.0,0.5722338476753035,0.4042736723688498,0.5722338476753035,0.5722338476753035,,0.06600000000000004,92,False,119.28554855476311,0.023041566211958513,near_boundary_interior,0.8586798528935888,-0.10033277096236393,139.40971489098138,23,,0.27077182278618367,77.04012134753447,0.05750590804894778,0.018228061206144754,,64,71,0,,,,,134,134,63,,198,0.0,wls,,,,,,4.618527782440651e-14,3.241851231905457e-14,1.7985612998927536e-14,3.730349362740526e-14,2.0872192862952943e-14,1.4654943925052066e-14,2.842170943040401e-14,0.15514810936508505,0.16862710184256463,0.1885934840091081,0.20881955578956574,,,,,0.0026272169925505295,ok,0.6121584509965032,1,False,
0.21394758449397738,0.19315273068761235,0.20978861373270438,0.0011933174224343676,0.0,1.0866875699866796,5.403945997407494,0.6419441566346513,2.112722865549024,0.36216653193209375,2.0,3.3733016380210756e-12,1.5960945408474157e-11,2.3153243768816614,0.23607949267583136,1.4477395736919887,0.22095671981776766,0.27385694027427615,0.04515295821877151,0.565114004740455,5.403945997407494,0.5160411358574507,1.940564572063281,ellipse,2001,0.5501679992372667,0.0,0.16,0.08588760163145963,0.09666489268563468,0.10158692287046041,0.10622298987605709,0.7429686647757588,0.25345828380808766,0.20952475404697132,0.25345828380808766,0.25345828380808766,1,0.26798680768550037,104,False,10.16613533698031,0.25155583579899043,near_boundary_interior,0.37002586919899416,-0.2820174711070078,26.312982879992386,47,1.0,0.2769576910243007,10.014258478206647,0.06575695391227754,0.16097556501339336,2,48,27,1676,2,2,0,2,72,72,45,1674,120,0.32517899761336516,ccpfm,5.403945997407494,0.5175118233167841,1.9408129856830068,0.9988066825775657,0.3255675029868578,1.829647544582258e-13,3.6444225415266374e-10,3.3054670112164786e-10,2.877524885036564e-10,1.646680569677983e-10,1.5403611719477794e-10,2.1411095119105994e-10,0.07573731588018108,0.0962469840516926,0.09777645436346395,0.0986827587838768,2.35,0,68,24,0.0014769870031159371,ok,1.0881645569897955,1,False,
,,,,,0.7481367990112631,,,,,2.0,0.0,0.0,,,,,,,0.0,,,,ellipse,2001,0.25511043102391706,0.0,0.1,0.10322821865567823,0.11697420482775797,0.11404679556991862,0.10661292448658773,1.0,0.330493949937507,0.330493949937507,0.330493949937507,0.30453556779374014,,0.47013041293411767,261,False,95.69968201227384,0.026086623303164812,interior_core,-0.552904040154572,-0.16561037591745084,205.8393944200181,23,,0.27090913172579456,103.19388379385427,0.048219632379478766,0.01267468150369469,,76,117,0,,,,,190,190,73,,266,0.0,wls,,,,,,7.105427357601002e-14,4.085620730620576e-14,2.930988785010413e-14,5.684341886080802e-14,4.0190073491430667e-14,1.0658141036401503e-14,3.8191672047105385e-14,0.09816574495334902,0.11667477598938006,0.11615127582228425,0.11530728416637887,,,,,0.0027516939881024882,ok,0.7508884929993656,1,False,
0.2871760696921884,0.24805222517915027,0.27935130078958076,0.000708215297450425,0.0,2.0923582880059257,5.751772877532784,0.6851939932959837,2.0112830288415315,0.36482471776589426,2.0,9.170639941880054e-12,4.672055583335256e-11,2.573571293377382,0.3171798498793961,1.6361475276560509,0.26730937773882557,0.2883340862771738,0.05176197395931928,0.5741483212073972,5.751772877532784,0.517266578495843,1.8217128881459665,ellipse,2001,0.2729568504943442,0.0,0.12,0.08355800019588148,0.1015325439657146,0.09446972938348268,0.08107630970888517,0.7265326718909255,0.20944779255138865,0.20944779255138865,0.20944779255138865,0.19399895984634552,1,0.40518005610751184,162,False,8.478151624801374,0.3083582087303556,interior_core,-0.3271766660047031,0.14285142858011438,27.956557573099683,46,1.0,0.27077182278618367,9.545955326070342,0.05750590804894778,0.15496928146336214,2,64,71,2824,2,2,0,2,134,134,63,2822,198,0.32542492917847027,ccpfm,5.751772877532784,0.5189344540274696,1.8217137159827677,0.9992917847025495,0.32565556343019136,2.2648549702353193e-13,1.153170892109756e-09,8.891278824307847e-10,9.603198236618482e-10,9.77562808479604e-10,8.767768733264347e-10,9.14571973709144e-10,0.07417577035584963,0.10237269190055315,0.0901658874073095,0.07403484383725503,2.35,0,68,24,0.00259792098950129,ok,2.094956208995427,1,False,
,,,,,1.2441807870054618,,,,,2.0,0.0,0.0,,,,,,,0.0,,,,ellipse,2001,0.14177900683961636,0.0,0.08,0.05827414270144058,0.06725522414112138,0.06309273959481054,0.04802278405014929,1.0,0.24212720216040734,0.24212720216040734,0.24212720216040734,0.14321257004075547,,0.6842974438586333,355,False,135.55006637341197,0.01816726649550343,interior_core,0.034397922995623276,0.03544175149816982,317.99543162602737,23,,0.26026390545041655,155.89958116047586,0.03887146597045325,0.008411131890461464,,95,195,0,,,,,291,291,96,,386,0.0,wls,,,,,,1.1368683772161603e-13,7.549516567451064e-14,4.440892098500626e-14,8.881784197001252e-14,5.3290705182007514e-14,2.786659791809143e-14,7.105427357601002e-14,0.05453295251370696,0.06756178017280418,0.06280672811833649,0.0518217604193033,,,,,0.006491350999567658,ok,1.2506721380050294,1,False,
,,,,,0.18381181500444654,,,,,2.0,0.0,0.0,,,,,,,0.0,,,,ellipse,2002,0.9654374850173119,0.0,0.2,7.662665498193608,3.017878091098508,9.530106121029377,11.567198735044789,1.0,55.63761722866395,7.433181622246372,55.63761722866395,55.63761722866395,,0.11000000000000004,38,False,37.14595172337216,0.0800292173038714,near_boundary_interior,0.9624128762162308,0.5117240034366201,47.775254542673316,23,,0.29325795917656855,29.075700903480353,0.08279826313992898,0.05454546034636041,,38,11,0,,,,,45,45,34,,83,0.0,wls,,,,,,1.5654144647214707e-14,7.993605777301127e-15,6.8833827526759706e-15,1.4876988529977098e-14,6.356026815979021e-15,4.884981308350689e-15,9.547918011776346e-15,10.422020982643604,2.9556727103359526,14.15418059412607,16.196623885881646,,,,,0.0005160220025572926,ok,0.18432783700700384,2,True,linf_large
0.40331293709977645,0.38255302346657827,0.3991609543731368,0.0003468007629616785,0.0,4.741233367996756,6.4864782647564825,0.6865673574867189,2.0371974206301484,0.36819085487077535,2.0,1.1964759738525288e-10,8.546999797355973e-10,2.855283547089786,0.40531164436555667,1.6692706627210137,0.3025830258302583,0.3146179942557844,0.058809070881401394,0.5892469601863558,6.4864782647564825,0.5372511269356955,1.8038838795444496,ellipse,2000,0.13693760015512152,0.0,0.08,0.03920643460131214,0.04518324985039461,0.04236847619591258,0.03192914916972164,0.722811352394648,0.09186243247090864,0.08875575553047321,0.09186243247090864,0.09186243247090864,1,0.04399999999999998,141,False,22.192324349320568,0.20055182359544813,near_boundary_interior,1.0648089663999387,0.3770712810540478,27.34519122859009,45,1.0,0.25686759701724327,9.469218277770393,0.0388899013534311,0.15539347137011789,2,95,205,5767,2,2,0,2,303,303,98,5765,398,0.331194728628403,ccpfm,6.4864782647564825,0.5375243899155833,1.8044056133317352,0.9996531992370383,0.3313096270598439,7.673861546209082e-13,6.512461681040804e-09,4.9076520625135345e-09,4.845878365244971e-09,6.422269716033213e-09,3.5857246061254955e-09,4.996550950764345e-09,0.03579492949862932,0.044970423066878644,0.04102435230940662,0.031195360763838796,2.35,0,68,24,0.006070437011658214,ok,4.747303805008414,0,False,
,,,,,0.2867303459934192,,,,,2.0,0.0,0.0,,,,,,,0.0,,,,ellipse,2002,0.7522295465693226,0.0,0.16,0.6767349354047717,0.5526477992576777,0.8035158919594219,1.0098614885370618,1.0,4.297087245643828,1.4589647017031036,4.297087245643828,4.297087245643828,,0.08800000000000004,48,False,66.62130895393199,0.04277840007629733,near_boundary_interior,0.9818377232591271,0.5220523778179099,75.36840653832739,23,,0.2743503407232711,44.07361767928662,0.06576764639518032,0.03472293701063025,,48,30,0,,,,,73,73,43,,121,0.0,wls,,,,,,2.6201263381153694e-14,1.3322676295501878e-14,1.3988810110276972e-14,1.8207657603852567e-14,1.8235413179468196e-14,6.8833827526759706e-15,1.4210854715202004e-14,0.8075546039802682,0.5605928698074422,1.0396882900070423,1.2711608508651833,,,,,0.0012333900085650384,ok,0.2879637360019842,2,False,
0.18277391771289692,0.14247042158159157,0.17471321848663585,0.0016460905349794238,0.0,0.737539060995914,6.940999696051652,0.7671650877682681,2.3279400848474645,0.4106090373280943,2.0,2.9515543654989873e-12,1.4460392077899412e-11,1.3650578540326703,0.11822361886920356,0.8387447767176768,0.06091370558375635,0.3304299649729628,0.04716448777792853,0.56296491636837,6.940999696051652,0.5707983646875538,2.173969061969161,ellipse,2002,0.6719276477094457,0.0,0.2,0.15753234212031184,0.19114973596639312,0.19592398209928294,0.19838883939181368,0.8013182548627363,0.38069609547453376,0.3383557679771806,0.38069609547453376,0.38069609547453376,1,0.32714042281999384,69,False,10.723377489219214,0.2524908062520092,near_boundary_interior,0.4135762402590055,-0.18244207562593795,27.816230796764245,51,1.0,0.29325795917656855,11.82886827482954,0.08279826313992898,0.17456162724221155,2,38,11,1215,2,2,0,2,45,45,34,1213,83,0.35390946502057613,ccpfm,6.940999696051652,0.574257129814029,2.17836699764573,0.9983539094650206,0.35449299258037925,1.1723955140041653e-13,2.937623477805573e-10,1.8333090601174717e-10,1.7614887326544704e-10,1.911675262533663e-10,1.914139957648331e-10,2.1863097443564072e-10,0.13225865042417514,0.18657173068953598,0.17962090331200972,0.17731377830247952,2.55,1,80,28,0.0008161970035871491,ok,0.7383552579995012,2,False,
0.2916854166191733,0.28888073074281684,0.291124479443902,0.0005314908317831517,0.0,2.922381251002662,5.437385840814996,0.6529078329685469,2.0421523781745186,0.3614519427402863,2.0,1.6708891215078125e-11,1.1594589148369604e-10,2.540554682432332,0.3586069487945092,1.634542609213059,0.2910902047592695,0.2906626848437528,0.05511942657445887,0.5777672254393501,5.437385840814996,0.5122380150321904,1.7768609808984024,ellipse,2001,0.22174426861814694,0.0,0.1,0.04955804606956109,0.057401211826500785,0.054751853926609924,0.04771859983918022,0.72747932273853,0.13769914845141284,0.13769914845141284,0.13769914845141284,0.11791107680286218,1,0.2003052147799417,148,False,9.202069418427618,0.29937600323924085,interior_core,0.37580041202877584,-0.35911117380390256,26.750123338483718,46,1.0,0.27090913172579456,9.417276823232882,0.048219632379478766,0.15432742464716906,2,76,117,3763,2,2,0,2,190,190,73,3761,266,0.32766409779431305,ccpfm,5.437385840814996,0.512258184120646,1.7768822247172629,0.9994685091682168,0.32783834086679076,3.765876499528531e-13,1.9942349993584685e-09,1.4913190682364075e-09,1.5168772904416983e-09,1.9919896843134666e-09,1.1395522303558892e-09,1.6410890424367608e-09,0.04586154975186034,0.05785910532680185,0.05426411746171963,0.047943294736275927,2.35,0,68,24,0.00753598399751354,ok,2.9299172350001754,1,False,
,,,,,0.5220250630081864,,,,,2.0,0.0,0.0,,,,,,,0.0,,,,ellipse,2002,0.48478858720788115,0.0,0.12,0.174190816540138,0.17322885791537437,0.19655203441074776,0.23584268352851512,1.0,1.1892564933967746,0.5331120950276267,1.1892564933967746,1.1892564933967746,,0.06600000000000007,64,False,103.37088366506151,0.028083808148665543,near_boundary_interior,1.0012625703020233,0.5323807521991999,129.3137677559072,23,,0.26664573277994313,74.87308102253586,0.05746887743085297,0.020389356713919952,,64,74,0,,,,,134,134,60,,198,0.0,wls,,,,,,6.039613253960852e-14,2.7977620220553945e-14,2.90878432451791e-14,5.1514348342607263e-14,1.5210055437364645e-14,1.3322676295501878e-14,2.275957200481571e-14,0.19544524649255793,0.1757405729107476,0.23757750010549225,0.2965889344698156,,,,,0.002719590993365273,ok,0.5247446540015517,2,False,
0.2538743010541311,0.2138773406962325,0.2458749089825514,0.0011702750146284377,0.0,1.1448488149908371,5.4732026130024,0.700785691308274,2.036476499138792,0.3667736757624398,2.0,2.8153937514652227e-12,1.478255196212562e-11,2.5154652612801227,0.26199585117146373,1.4790109849105069,0.22462203023758098,0.30562120396050346,0.04809682474014562,0.5667551579475663,5.4732026130024,0.5668284540924918,1.852589183383285,ellipse,2002,0.4980350440887818,0.0,0.16,0.10357296039766249,0.1203893803813341,0.12297653823210444,0.1257605305514559,0.7254160044389095,0.2450118418219528,0.2450118418219528,0.2450118418219528,0.23772242843491298,1,0.40390787515934023,81,False,9.286309049179371,0.29349790087577726,interior_core,0.24682637954261769,-0.19969927441171725,26.951749601349558,47,1.0,0.2743503407232711,9.757330750299055,0.06576764639518032,0.15903709360002677,2,48,30,1709,2,2,0,2,73,73,43,1707,121,0.32826214160327677,ccpfm,5.4732026130024,0.5669125183343465,1.8537306341281172,0.9988297249853716,0.3286467486818981,1.9895196601282805e-13,2.973385981874799e-10,2.7948354741624826e-10,2.4565699474621283e-10,1.5719740092956513e-10,1.283755324266167e-10,1.6535928182292992e-10,0.09191571133036319,0.12142006427049461,0.11833712329399493,0.11613777869108083,2.35,0,68,24,0.001159223000286147,ok,1.1460080379911233,2,False,
,,,,,0.8461492030037334,,,,,2.0,0.0,0.0,,,,,,,0.0,,,,ellipse,2002,0.32760222044299303,0.0,0.1,0.08175902164665061,0.08801509091838637,0.09044109004131021,0.09612184727876219,1.0,0.3416547299779221,0.2477180228426792,0.3416547299779221,0.3416547299779221,,0.05499999999999991,76,False,163.07935375117262,0.01699317314142898,near_boundary_interior,1.0109749938234716,0.5375449393898448,193.26727035412708,23,,0.25440240400045455,103.31864846598315,0.04808358724746785,0.013302420713088573,,76,115,0,,,,,188,188,73,,264,0.0,wls,,,,,,8.79296635503124e-14,3.9968028886505635e-14,3.652633751016765e-14,8.704148513061227e-14,2.353672812205332e-14,1.3766765505351941e-14,4.884981308350689e-14,0.08116699670396677,0.08799187966081694,0.09618392944904378,0.10783408269522453,,,,,0.005156564002390951,ok,0.8513057670061244,2,False,
0.2873702988373422,0.1871981206180494,0.2673358631934837,0.000718132854578097,0.0,2.0227234740013955,5.290228187526028,0.6606692377148226,1.8866330423263462,0.3715151515151515,2.0,8.091872658044785e-12,4.822064213098283e-11,2.7481376013231116,0.3322645350177375,1.592564965045558,0.28370044052863436,0.3118640528426215,0.053132533993543354,0.5752879784962692,5.290228187526028,0.5126852479396512,1.7782455143096256,ellipse,2002,0.24847039850667832,0.0,0.12,0.0868949259709928,0.10436856518473359,0.09804979859908075,0.0842272662434367,0.7195263848150385,0.2242058936424532,0.2242058936424532,0.2242058936424532,0.1867876148911849,1,0.35704474053843566,146,False,8.853202029778052,0.30046322206689274,interior_core,-0.3351836335928746,0.19822321248117875,25.754320372896718,46,1.0,0.26664573277994313,9.559739937699998,0.05746887743085297,0.1616901077203719,2,64,74,2785,2,2,0,2,134,134,60,2783,198,0.3357271095152603,ccpfm,5.290228187526028,0.5135391859423807,1.7796520012563957,0.9992818671454219,0.3359683794466403,2.9309887850104133e-13,8.619567282153184e-10,5.316911355635057e-10,6.737408408952206e-10,8.257177164239238e-10,5.449849460603673e-10,8.016560748558277e-10,0.07691737819756836,0.10520007221955034,0.09349850536038902,0.07664441305906126,2.35,0,68,24,0.0025474720023339614,ok,2.0252709460037295,2,False,
,,,,,1.1413899030012544,,,,,2.0,0.0,0.0,,,,,,,0.0,,,,ellipse,2002,0.1383888747519894,0.0,0.08,0.05407849686659849,0.06284799764268505,0.05854318773417531,0.043351070559977126,1.0,0.24152967153845473,0.1955327900714684,0.24152967153845473,0.24152967153845473,,0.044000000000000004,120,False,246.42205714110568,0.011262355832047554,near_boundary_interior,-0.9307408253705127,-0.6537705821317134,303.9753201300083,23,,0.24273271880314504,155.23871008529483,0.03908493938706946,0.008603165233648654,,95,194,0,,,,,294,294,100,,389,0.0,wls,,,,,,1.2145839889399213e-13,5.684341886080802e-14,6.394884621840902e-14,1.0524914273446484e-13,6.0285110237146e-14,3.4638958368304884e-14,7.72715225139109e-14,0.05140471457812348,0.06384015432541543,0.05912948378976886,0.04870845017253984,,,,,0.007023636004305445,ok,1.1484135390055599,2,False,
,,,,,0.21328268300567288,,,,,2.0,0.0,0.0,,,,,,,0.0,,,,ellipse,2003,0.9155761561732486,0.0,0.2,3.60753569037291,2.1276290815506913,4.485081626733621,5.429157173523598,1.0,25.40366169484087,4.545472594122707,25.40366169484087,25.40366169484087,,0.11000000000000004,38,False,38.863627296320146,0.07530259445906398,near_boundary_interior,0.9624128762162308,0.5117240034366201,48.05858494427085,23,,0.277297472107502,30.92955228337849,0.08279826313992898,0.0556445239787273,,38,13,0,,,,,46,46,33,,84,0.0,wls,,,,,,1.84297022087776e-14,1.1546319456101628e-14,5.773159728050814e-15,2.0039525594484076e-14,1.6459056340067946e-14,7.993605777301127e-15,1.1185496973098452e-14,4.692424786588263,2.155935601427647,6.341004295258146,7.363214617490895,,,,,0.0007334249967243522,ok,0.21401610800239723,3,True,linf_large
0.37788283340615353,0.3374310275982927,0.36979247224458134,0.0003569516330537212,0.0,4.416522179992171,6.786858181147898,0.7026554606003325,1.8935101359147775,0.3737980769230769,2.0,6.423690745993582e-11,4.4572242199944424e-10,3.2680481289828536,0.3944739284383039,1.6572957408148468,0.2990022529771484,0.2939283017026437,0.0576253929137803,0.5810708464915968,6.786858181147898,0.5502529017484737,1.7591010841078325,ellipse,2001,0.22914526971870938,0.0,0.08,0.03228765918183384,0.035316153484626106,0.034957474764104546,0.03382653275409387,0.7107215258446578,0.09520989198398447,0.09520989198398447,0.09520989198398447,0.09384165417892545,1,0.18848130669034963,143,False,8.868543941936995,0.30733717623623197,interior_core,0.9033869028224635,0.4545264879738991,25.61516912107174,45,1.0,0.26026390545041655,9.479613263938248,0.03887146597045325,0.15864032310113324,2,95,195,5603,2,2,0,2,291,291,96,5601,386,0.3323219703730145,ccpfm,6.786858181147898,0.5511608615344716,1.7591756147620667,0.9996430483669463,0.3324406356007856,7.549516567451064e-13,6.94348045726656e-09,5.353418153219991e-09,4.093713812380884e-09,5.8151750081947284e-09,3.6869103325898323e-09,3.6517526780244225e-09,0.030606126854073615,0.03572178154241161,0.03524970865268945,0.034270797131543365,2.35,0,68,24,0.006990160996792838,ok,4.423512340988964,1,False,
,,,,,0.2622215250012232,,,,,2.0,0.0,0.0,,,,,,,0.0,,,,ellipse,2003,0.8925575613160626,0.0,0.16,0.7498658942517431,0.4000404194573833,0.8872054407495387,1.2206341015954145,1.0,4.3564699971248455,0.7068902207730489,4.3564699971248455,4.3564699971248455,,0.08800000000000001,60,False,69.3746329930871,0.04098008719060967,near_boundary_interior,-0.9818377232591295,-0.5220523778179051,81.6150839244016,23,,0.2676236250370729,45.36268379729461,0.06576764639518042,0.03162841355306431,,48,31,0,,,,,75,75,44,,123,0.0,wls,,,,,,3.197442310920451e-14,1.021405182655144e-14,1.021405182655144e-14,2.4202861936828413e-14,1.491862189340054e-14,8.215650382226158e-15,2.1649348980190553e-14,0.9366981653413216,0.39750773284270713,1.1995589451311797,1.5301681457333887,,,,,0.0009459129942115396,ok,0.26316743799543474,3,False,
0.07714105577773767,0.07598467255927466,0.07690977913404506,0.0017905102954341987,0.0,0.7345717260031961,7.9422106285818055,0.7727658980087106,2.325375803360623,0.4008667388949079,2.0,2.880208224698144e-12,1.3067754572855497e-11,1.7013103860862695,0.14594204547221568,0.9038627133415663,0.07731958762886598,0.28448355618279997,0.04826089064025973,0.569856483927486,7.9422106285818055,0.5921978291879026,2.1193852013108327,ellipse,2003,0.6814423484992052,0.0,0.2,0.13565212010455027,0.15540798404462375,0.16864998262719602,0.176122842747356,0.7891278431582545,0.36807241309612454,0.2825778598580275,0.36807241309612454,0.36807241309612454,1,0.23952842820922,58,False,13.075421530059412,0.2133005180189099,near_boundary_interior,-0.38866460883045606,0.30238151201712526,27.167813347210235,50,1.0,0.277297472107502,11.221688633507494,0.08279826313992898,0.16633451186667378,2,38,13,1117,2,2,0,2,46,46,33,1115,84,0.3446732318710833,ccpfm,7.9422106285818055,0.5930558753494815,2.1221155379156182,0.9982094897045658,0.3452914798206278,1.2967404927621828e-13,3.225775202508885e-10,2.2567681057239497e-10,1.8512419375227296e-10,1.39917700038919e-10,1.724176357242868e-10,1.787041625789243e-10,0.11534238394755518,0.15701643289198153,0.155865375642714,0.15540958809191452,2.35,0,68,24,0.0009862110018730164,ok,0.7355579370050691,3,False,
0.43566530535401055,0.30962963534680954,0.41045817135257034,0.0005249343832020997,0.0,2.8545979619957507,5.325805174085137,0.6608839299210436,2.0094844203521784,0.36623889437314905,2.0,1.561469009647709e-11,1.1834623301116366e-10,2.846982112310377,0.3569194044807789,1.65842465162682,0.2853139013452915,0.34435540529499253,0.052770050419314235,0.580306011287662,5.325805174085137,0.521227306515363,1.7961027245728904,ellipse,2002,0.20324768064976423,0.0,0.1,0.0518351841447365,0.060742775848161484,0.0573396117287573,0.04800101813369284,0.741504089975103,0.13918236723087551,0.13918236723087551,0.13918236723087551,0.12721434601540005,1,0.269185240456409,183,False,9.20492191451771,0.29419561938102845,interior_core,0.3197576824122255,-0.3120583528945008,28.345430068082287,46,1.0,0.25440240400045455,9.413655572648718,0.04808358724746785,0.16059617373442997,2,76,115,3810,2,2,0,2,188,188,73,3808,264,0.3283464566929134,ccpfm,5.325805174085137,0.5223859052744811,1.7970625482746758,0.9994750656167979,0.3285189075630252,3.659295089164516e-13,1.917562997277855e-09,1.5206778058995951e-09,1.497060253541349e-09,1.994017173601037e-09,1.4327901087796135e-09,1.4936967218659447e-09,0.04691440838740987,0.06049294311801788,0.05559417410669982,0.04684912147708737,2.35,0,68,24,0.004081920997123234,ok,2.858679882992874,2,False,
,,,,,0.4850043999904301,,,,,2.0,0.0,0.0,,,,,,,0.0,,,,ellipse,2003,0.398021697949,0.0,0.12,0.14744805338885408,0.1591902815804404,0.16650807399131598,0.17978507576440067,1.0,0.63990276660686,0.38162850650274294,0.63990276660686,0.63990276660686,,0.06600000000000003,86,False,117.76269572244145,0.0229896312289774,near_boundary_interior,-0.04044032058646568,-0.7007250029650066,137.97750639328243,23,,0.2603905715263849,76.00064027591739,0.05750776264197312,0.019157452788734618,,64,72,0,,,,,132,132,60,,196,0.0,wls,,,,,,6.039613253960852e-14,3.952393967665557e-14,2.886579864025407e-14,4.973799150320701e-14,2.731148640577885e-14,1.2545520178264269e-14,3.2862601528904634e-14,0.15311707741338945,0.1591021159531053,0.18657983346036972,0.21496580053141479,,,,,0.0027438180113676935,ok,0.4877482180017978,3,False,
0.2815450898538581,0.19698253526351242,0.264632578935789,0.0010256410256410256,0.0,1.1929305939993355,5.016260319751177,0.7454968768037356,2.1076310731301993,0.383464005702067,2.0,3.359203540331812e-12,1.512812492733863e-11,2.459623718360862,0.24866499905820516,1.5679960588255182,0.2230347349177331,0.26827257534115895,0.04536309227415011,0.5703495039474518,5.016260319751177,0.6010903073918774,1.9417117525900731,ellipse,2003,0.37202728946315006,0.0,0.16,0.1467287035168108,0.1892421222999927,0.17360238020178223,0.1542006697833495,0.7461186736023212,0.35179744814972846,0.35179744814972846,0.35179744814972846,0.32022244211584017,1,0.32601447840233594,93,False,9.649379216324808,0.30714977691257556,interior_core,0.3023645478487875,-0.25900528929587036,27.752519669202286,51,1.0,0.2676236250370729,10.728294327068761,0.06576764639518042,0.16553416854078545,2,48,31,1950,2,2,0,2,75,75,44,1948,123,0.3384615384615385,ccpfm,5.016260319751177,0.6020688586918206,1.9419737516376172,0.9989743589743589,0.33880903490759756,1.8030021919912542e-13,2.7396040991334303e-10,2.0004753409352816e-10,1.8343870866743828e-10,1.9332475236551877e-10,1.3903345141841328e-10,1.8619366118355352e-10,0.12641081261631074,0.19140594173651784,0.1618848276274163,0.137326670562595,2.55,1,80,28,0.0010691439965739846,ok,1.1939997379959095,3,False,
,,,,,0.7923011630045949,,,,,2.0,0.0,0.0,,,,,,,0.0,,,,ellipse,2003,0.3238581761872664,0.0,0.1,0.09545882107324051,0.10332867778944411,0.10553909690988156,0.11065200542280505,1.0,0.39490479872967355,0.27563650366603276,0.39490479872967355,0.39490479872967355,,0.05500000000000001,77,False,172.09258965062912,0.016727326177971586,near_boundary_interior,0.9233221902096416,0.6456457100866606,189.10856307860183,23,,0.26836524808056694,103.2587835405473,0.048278535124867544,0.013684302428134301,,76,115,0,,,,,189,189,74,,265,0.0,wls,,,,,,7.105427357601002e-14,2.6645352591003757e-14,3.1308289294429414e-14,5.950795411990839e-14,2.6201263381153694e-14,1.709743457922741e-14,5.995204332975845e-14,0.09591046194921171,0.10365466223871396,0.11356853345443832,0.12745392347390172,,,,,0.002763844997389242,ok,0.7950650080019841,3,False,
0.40199131789077824,0.23840417994001387,0.36927389030062535,0.0007194244604316547,0.0,2.1394538860040484,4.614518487640203,0.641987850567347,1.9882011513804956,0.358974358974359,2.0,6.604078395255897e-12,4.52901079083268e-11,2.844032851028575,0.330415360237813,1.5972952499768098,0.2583862194016319,0.3207191525411775,0.05009337035006051,0.5752935343743847,4.614518487640203,0.5012986080012971,1.8196447331439989,ellipse,2003,0.3174763548129912,0.0,0.12,0.06260982451817443,0.07197611909579,0.07070314632070651,0.06818037713957882,0.7308748736627163,0.15417410497551287,0.15417410497551287,0.15417410497551287,0.1285606633350188,1,0.25855792184735094,180,False,8.796159260849715,0.3043486415598669,interior_core,0.30741272563811595,-0.3348521862607676,27.58911582682459,46,1.0,0.2603905715263849,9.547923436704249,0.05750776264197312,0.15956391989573399,2,64,72,2780,2,2,0,2,132,132,60,2778,196,0.3190647482014389,ccpfm,4.614518487640203,0.5027788548734393,1.8198086387907184,0.9992805755395684,0.31929445644348453,3.232969447708456e-13,8.01128052785316e-10,6.245768346957448e-10,6.210258973737837e-10,7.794490192170045e-10,4.5900749867655577e-10,6.75113742687472e-10,0.056417752250095723,0.07206479034413137,0.06874749046190172,0.06454206047042549,2.35,0,68,24,0.0032223750022239983,ok,2.1426762610062724,3,False,
,,,,,1.2288109840010293,,,,,2.0,0.0,0.0,,,,,,,0.0,,,,ellipse,2003,0.1569335216830559,0.0,0.08,0.05076406557544717,0.05767808278081405,0.05497731751975082,0.045019255558948264,1.0,0.20864616197849017,0.20864616197849017,0.20864616197849017,0.19598189442357755,,0.452065189206014,302,False,128.5308233950448,0.018298183088687033,interior_core,-0.5621002058104524,-0.14757460007433515,301.12038868601917,23,,0.25524178680076004,155.53178479488247,0.03909757916940717,0.008443802328597934,,95,195,0,,,,,289,289,94,,384,0.0,wls,,,,,,1.5010215292932116e-13,7.149836278586008e-14,7.061018436615996e-14,1.4432899320127035e-13,5.928590951498336e-14,3.1530333899354446e-14,7.105427357601002e-14,0.04816942667975793,0.05823284771147457,0.05552494897308867,0.04943674017534894,,,,,0.006990159003180452,ok,1.2358011430042097,3,False,
,,,,,0.17838445700181182,,,,,2.0,0.0,0.0,,,,,,,0.0,,,,ellipse,2004,0.9450548137779207,0.0,0.2,2.711453499541742,1.3864268418156156,3.3730120611408814,3.991755324368908,1.0,15.199485478098628,2.2665540534479685,15.199485478098628,15.199485478098628,,0.11000000000000004,38,False,39.48357466575141,0.07216639201983333,near_boundary_interior,0.9624128762162308,0.5117240034366201,48.11842194297686,23,,0.28023996008164187,30.3451018237063,0.08279826313992898,0.053718874192023466,,38,11,0,,,,,46,46,35,,84,0.0,wls,,,,,,1.6431300764452317e-14,6.217248937900877e-15,5.440092820663267e-15,1.021405182655144e-14,5.162537064506978e-15,2.6645352591003757e-15,6.050715484207103e-15,3.569363167338447,1.4164720822655774,4.823379852591184,5.472318293143049,,,,,0.0005556719988817349,ok,0.17894012900069356,4,True,linf_large
0.17135948132972328,0.14570651959732703,0.16622888898324403,0.0015961691939345571,0.0,0.7116654519923031,5.202377902472628,0.7673974055223499,2.3051924418252434,0.4197292069632495,2.0,3.5515271279429328e-12,1.484428354834736e-11,2.3098817378343037,0.13566576259020366,0.8600737232517374,0.0821917808219178,0.2376949058147738,0.0469848865011422,0.5714486033955699,5.202377902472628,0.5799165568761301,2.171533982431359,ellipse,2004,0.6084267420065825,0.0,0.2,0.1607588383686784,0.21943775115359548,0.19998185506194116,0.189894444607694,0.8048318246480893,0.3994628753647126,0.38503477214040593,0.3994628753647126,0.3994628753647126,1,0.28417952869480745,64,False,12.696530217819786,0.2336777070190747,near_boundary_interior,-0.3512908042177686,0.2750605170125049,28.13727444238611,52,1.0,0.28023996008164187,12.849035070592475,0.08279826313992898,0.1746140740998516,2,38,11,1253,2,2,0,2,46,46,35,1251,84,0.3607342378292099,ccpfm,5.202377902472628,0.5846212190557157,2.173562116059689,0.9984038308060654,0.3613109512390088,1.0480505352461478e-13,3.4546809857260996e-10,3.1362423769110137e-10,2.5725199748194427e-10,1.9106943804914067e-10,2.2063884053125093e-10,2.51146992091833e-10,0.13811085875521828,0.2258899766943199,0.18663304973831515,0.17245936038318121,2.55,1,80,28,0.0006496800051536411,ok,0.7123151319974568,4,False,
0.1603228649479669,0.15709209608632924,0.15967671117563936,0.0003575259206292456,0.0,4.672701381001389,6.015776573643888,0.7092626558025686,1.9410211380600728,0.38283433133732536,2.0,7.676505264786471e-11,5.661844849693267e-10,3.3643549063691385,0.4089262164678817,1.6415526148154551,0.30139203625768857,0.34475814924385295,0.060469654328007785,0.5836669900487532,6.015776573643888,0.5508204964400355,1.7592290427094481,ellipse,2002,0.12393745392862823,0.0,0.08,0.04972136886382569,0.058266887301715004,0.05382633764721014,0.0377197658180244,0.7101818380992029,0.12342807247242527,0.12342807247242527,0.12342807247242527,0.11410175185540783,1,0.21183930434980588,224,False,8.563248636416171,0.30228026065002356,interior_core,0.4038638394001596,-0.3256140747790307,26.437372275535907,45,1.0,0.24273271880314504,9.411937735810364,0.03908493938706946,0.15576843173686927,2,95,194,5594,2,2,0,2,294,294,100,5592,389,0.3378619949946371,ccpfm,6.015776573643888,0.5510549273118002,1.7595860349121344,0.9996424740793708,0.33798283261802575,8.819611707622244e-13,5.6310049956209696e-09,4.577366929936488e-09,3.5451677149467287e-09,4.461094604835125e-09,4.1033727526951225e-09,4.0772079046291765e-09,0.04498851301835839,0.05817927908205518,0.05174909681099403,0.03614777452168823,2.35,0,68,24,0.008677865989739075,ok,4.681379246991128,2,False,
,,,,,0.2929650020087138,,,,,2.0,0.0,0.0,,,,,,,0.0,,,,ellipse,2004,0.8415400279029295,0.0,0.16,0.7228458611640906,0.4691965126703044,0.8560812930252184,1.142513393420084,1.0,4.907722352476229,1.3609424141328865,4.907722352476229,4.907722352476229,,0.08800000000000005,49,False,67.26197611357149,0.04107842088551238,near_boundary_interior,0.8369150967716281,0.6659768798215457,82.26858161874199,23,,0.2544620177432353,44.683126371867694,0.06576764639518037,0.031433112282165186,,48,30,0,,,,,74,74,44,,122,0.0,wls,,,,,,3.552713678800501e-14,1.2434497875801753e-14,1.1324274851176597e-14,2.042810365310288e-14,1.199040866595169e-14,6.661338147750939e-15,1.7319479184152442e-14,0.8891864091064546,0.4724300967413971,1.1417128038374709,1.42831667824737,,,,,0.001307069993345067,ok,0.29427207200205885,4,False,
0.3744857539791605,0.2655890694538351,0.35270641707409545,0.0005321979776476849,0.0,3.0296820970106637,4.451305178933144,0.6510793074116646,2.0033261226924313,0.37008677896886166,2.0,1.579254782502204e-11,1.1277392426554496e-10,2.660356856440317,0.373051418281746,1.6373480903516262,0.29016120066703727,0.3003233562672202,0.0552635265058609,0.5788568395311695,4.451305178933144,0.5267725025491015,1.7734003096323416,ellipse,2003,0.1858064718213833,0.0,0.1,0.06492437432765359,0.07711830957418328,0.07178026877916746,0.057003822806819926,0.7203120055920049,0.15794454607464375,0.15794454607464375,0.15794454607464375,0.14245801186759516,1,0.36123568237593384,155,False,9.008150160193816,0.2967118189326252,interior_core,0.16930527303562237,-0.2938614956630958,26.149561442167712,46,1.0,0.26836524808056694,9.440787281699814,0.048278535124867544,0.15636797685812526,2,76,115,3758,2,2,0,2,189,189,74,3756,265,0.33182543906333156,ccpfm,4.451305178933144,0.5272778103251361,1.7743077486421224,0.9994678020223523,0.3320021299254526,2.9309887850104133e-13,1.53757540033439e-09,1.1822578471765155e-09,1.1073757466562029e-09,1.353561152050986e-09,1.3145946553549948e-09,1.3442029711541181e-09,0.05788988111809009,0.07650356035204432,0.06854798493114034,0.05390266041078596,2.35,0,68,24,0.0035804679937427863,ok,3.0332625650044065,3,False,
,,,,,0.5084279750008136,,,,,2.0,0.0,0.0,,,,,,,0.0,,,,ellipse,2004,0.47523199958712786,0.0,0.12,0.17344023379502707,0.17619934012039187,0.19513477759489994,0.22533549231837394,1.0,0.9897837526561524,0.435370994178063,0.9897837526561524,0.9897837526561524,,0.06600000000000007,64,False,103.78780753215223,0.027433151027866465,near_boundary_interior,1.0012625703020233,0.5323807521991999,141.80307570064133,23,,0.26120796490562465,75.53566361391658,0.05750549210500458,0.018270053320765162,,64,72,0,,,,,133,133,61,,197,0.0,wls,,,,,,8.171241461241152e-14,2.3092638912203256e-14,1.8984813721090177e-14,3.552713678800501e-14,2.9976021664879227e-14,1.687538997430238e-14,4.3520742565306136e-14,0.18149054859901353,0.17906372652967856,0.22088249842107419,0.2617830562537811,,,,,0.0018754439952317625,ok,0.5103034189960454,4,False,
0.25844131638097007,0.21843905652307738,0.2504408644093915,0.0010548523206751054,0.0,1.1175613649975276,5.077750850540295,0.6888065639809269,2.1474811295644463,0.37264833574529665,2.0,2.6643791339875378e-12,1.3591069668591587e-11,2.8881485010133043,0.24387997665989947,1.4774709215614084,0.22178988326848248,0.3103953903545084,0.04553105578481026,0.571414680042587,5.077750850540295,0.5586143291988854,1.9870098234185145,ellipse,2004,0.35512489177521556,0.0,0.16,0.13401082730266684,0.17547974087858031,0.1587117924862866,0.13759690256804408,0.7490308153526202,0.30618444707462755,0.30618444707462755,0.30618444707462755,0.29581829341476723,1,0.4416781795955772,112,False,9.02661824306789,0.31439166975240845,interior_core,0.2511207250052076,-0.15525187510828767,27.761442101734623,51,1.0,0.2544620177432353,10.404325319992417,0.06576764639518037,0.16829846720617309,2,48,30,1896,2,2,0,2,74,74,44,1894,122,0.33175105485232065,ccpfm,5.077750850540295,0.5594047790088361,1.9878838477601257,0.9989451476793249,0.3321013727560718,1.9184653865522705e-13,3.792384184464481e-10,2.832520884510359e-10,2.365685425331776e-10,1.8659929157394117e-10,1.0936873628963895e-10,2.1310775366600865e-10,0.11395583193035641,0.17483031096066995,0.1463189619796162,0.12315128630861266,2.55,1,80,28,0.00247911098995246,ok,1.12004047598748,4,False,
,,,,,0.6959397669997998,,,,,2.0,0.0,0.0,,,,,,,0.0,,,,ellipse,2004,0.20881372171359452,0.0,0.1,0.11345316661542469,0.13566252976708107,0.12566206152417017,0.10132644924401463,1.0,0.4673794977322502,0.4673794977322502,0.4673794977322502,0.3055375597962789,,0.4685267799938985,233,False,87.95648930963742,0.027985490542725134,interior_core,-0.4633810700537035,-0.05644876057254228,186.12133766448272,23,,0.28111855167048544,101.61210837954881,0.048363034451420976,0.01372085714327802,,76,107,0,,,,,183,183,76,,259,0.0,wls,,,,,,6.572520305780927e-14,5.284661597215745e-14,3.774758283725532e-14,6.394884621840902e-14,3.885780586188048e-14,1.4432899320127035e-14,5.240252676230739e-14,0.10864878668956715,0.1368442200208461,0.1292555553534592,0.11774539340288613,,,,,0.0031252629996743053,ok,0.6990650299994741,4,False,
0.2538895014427273,0.21003034771481727,0.2451176706971453,0.00072992700729927,0.0,1.8732423759938683,5.310588896210901,0.6519929082370194,1.9430533690768377,0.35464044253226795,2.0,7.27548576939796e-12,4.638250616339486e-11,2.585264375427657,0.30959075130329605,1.616096930538739,0.2722371967654987,0.3071190629310431,0.05056929416507509,0.572066630821275,5.310588896210901,0.5158592336618861,1.7785036606597058,ellipse,2004,0.31504236822066545,0.0,0.12,0.05878098497691596,0.06822435974225387,0.06613352726354851,0.06217964738799901,0.7176611336410899,0.15016404761278845,0.13971750707233588,0.15016404761278845,0.15016404761278845,1,0.06600000000000004,89,False,24.207142349070367,0.17035468498350223,near_boundary_interior,0.45552042773489565,-0.4662255004761402,26.231351410904512,45,1.0,0.26120796490562465,9.5296489395032,0.05750549210500458,0.16115016679247382,2,64,72,2740,2,2,0,2,133,133,61,2738,197,0.32116788321167883,ccpfm,5.310588896210901,0.5161861568529879,1.779385239718353,0.9992700729927008,0.32140248356464574,3.161915174132446e-13,8.16171130679777e-10,5.977214279084819e-10,6.404441421636875e-10,7.404423740808852e-10,6.857954204519956e-10,7.810356805748597e-10,0.05298277439060029,0.06851486534579121,0.06448251807609284,0.05937166979062354,2.35,0,68,24,0.0029138630052329972,ok,1.8761562389991013,4,False,
,,,,,1.140215816005366,,,,,2.0,0.0,0.0,,,,,,,0.0,,,,ellipse,2004,0.14232745271605912,0.0,0.08,0.06347525921844105,0.07268569941653238,0.0685962271887993,0.05325696008830154,1.0,0.20665531861979758,0.20665531861979758,0.20665531861979758,0.19600310214421124,,0.5371681935812196,330,False,169.61404304475892,0.014143629237669304,interior_core,-0.01573776096243186,0.17462064070671682,306.84640800960676,23,,0.25487841591768035,159.27760138018687,0.03907023803320452,0.008452152629146737,,95,203,0,,,,,298,298,95,,393,0.0,wls,,,,,,1.1368683772161603e-13,4.3520742565306136e-14,3.907985046680551e-14,6.572520305780927e-14,4.3298697960381105e-14,3.5083047578154947e-14,8.704148513061227e-14,0.05906635525479561,0.07312282091591397,0.06783101508374248,0.05483771852296942,,,,,0.005885489998036064,ok,1.146101306003402,4,False,
,,,,,0.17365576898737345,,,,,2.0,0.0,0.0,,,,,,,0.0,,,,ellipse,2005,0.9233461886712793,0.0,0.2,2.533291709141334,1.3590251010690615,3.142623602170056,3.9310344050442305,1.0,15.790428633730935,2.566615475135479,15.790428633730935,15.790428633730935,,0.11000000000000004,38,False,40.8710429442279,0.06822868174140236,near_boundary_interior,0.9624128762162308,0.5117240034366201,50.84469471911543,23,,0.307824970998139,30.07007265410457,0.08286972514368396,0.0496449336966402,,38,15,0,,,,,48,48,33,,86,0.0,wls,,,,,,1.3766765505351941e-14,1.1102230246251565e-14,7.105427357601002e-15,1.532107773982716e-14,1.2823075934420558e-14,3.774758283725532e-15,8.715250743307479e-15,3.1883477366376964,1.3456313433932714,4.267703985839835,5.066459570821348,,,,,0.0008502630080329254,ok,0.17450603199540637,5,True,linf_large
0.3146336337371128,0.26747337093082874,0.305201581175856,0.00036010082823190496,0.0,4.246801642002538,6.431116125177741,0.736775396421745,1.9151512089600649,0.37732857709076495,2.0,6.353291504002101e-11,4.896665224746618e-10,2.8098645999392904,0.38924354547020107,1.6488540895940451,0.2999010227647641,0.29383242322466074,0.059188693493258816,0.5855880855602374,6.431116125177741,0.5423460680711547,1.7577482853159465,ellipse,2003,0.16515057220652177,0.0,0.08,0.03716358980205059,0.04201895463329494,0.04024804659675075,0.03380973382085043,0.7199586188849683,0.10587417818284883,0.10587417818284883,0.10587417818284883,0.08883600920046905,1,0.1663780796083223,153,False,8.969505949260908,0.30088364105376625,interior_core,0.29707702491188176,-0.44585933120805726,26.764563247665603,45,1.0,0.25524178680076004,9.388750372784589,0.03909757916940717,0.14950397881597238,2,95,195,5554,2,2,0,2,289,289,94,5552,384,0.3350738206697875,ccpfm,6.431116125177741,0.5426118963233192,1.7578672761732403,0.9996398991717681,0.3351945244956772,6.785683126508957e-13,7.848271366128756e-09,5.898501242995735e-09,4.640074990902576e-09,6.116051665117084e-09,2.7485902442947463e-09,3.6115430646077584e-09,0.03475244632496434,0.04276659799925619,0.0400591815574697,0.03375724011464796,2.35,0,68,24,0.00668623999808915,ok,4.253487882000627,3,False,
,,,,,0.27698294499714393,,,,,2.0,0.0,0.0,,,,,,,0.0,,,,ellipse,2005,0.8453581544228238,0.0,0.16,0.874427978620242,0.5744346602614673,1.038340807534651,1.3573043345142384,1.0,5.990276211102575,1.391913306944512,5.990276211102575,5.990276211102575,,0.08800000000000004,48,False,60.19411957849538,0.04748395380372454,near_boundary_interior,0.9818377232591271,0.5220523778179099,75.0576130182573,23,,0.26379773271215734,41.40427763770057,0.06574626142937413,0.035057925131606035,,48,26,0,,,,,69,69,43,,117,0.0,wls,,,,,,3.6415315207705135e-14,1.7763568394002505e-14,1.7763568394002505e-14,3.8746783559417963e-14,1.0602629885170245e-14,5.440092820663267e-15,1.7763568394002505e-14,1.108848112093805,0.582547834711465,1.443911072958289,1.7720914749034447,,,,,0.0008713050046935678,ok,0.2778542500018375,5,False,
0.17675705343587755,0.1372118899779354,0.16884802074428912,0.0017196904557179708,0.0,0.8486610160034616,5.66464023661344,0.6907357822227579,2.2894466957905855,0.39158576051779936,2.0,3.087544109270368e-12,1.191428934818544e-11,2.350900654319084,0.18860208713374885,1.2226179713748473,0.1694915254237288,0.26855412968575865,0.05040712008734657,0.5665985634467013,5.66464023661344,0.5539135525449942,2.114910049898197,ellipse,2005,0.6263660604871286,0.0,0.2,0.11107546949386125,0.13155783468609433,0.13779241877037768,0.14196184303604292,0.7603683739075724,0.2962520997039037,0.23650667897941208,0.2962520997039037,0.2962520997039037,1,0.34539065573867384,80,False,9.942748779236963,0.24797283088207966,near_boundary_interior,0.2851172405348159,-0.25291596354773743,26.070818651921506,48,1.0,0.307824970998139,9.99449672255915,0.08286972514368396,0.1670363049521416,2,38,15,1163,2,2,0,2,48,48,33,1161,86,0.34651762682717113,ccpfm,5.66464023661344,0.554491880925958,2.1149443322274784,0.998280309544282,0.347114556416882,8.704148513061227e-14,2.622675410179909e-10,2.197939608095112e-10,1.9197515799262987e-10,1.5489128382673023e-10,1.5351364623938935e-10,1.8914680932624606e-10,0.09810642553846606,0.13231484316061434,0.1313185442402664,0.1308631736443676,2.35,0,68,24,0.0006644169916398823,ok,0.8493254329951014,5,False,
0.30121704837495283,0.17891819830968433,0.2767572783618991,0.0005431830526887561,0.0,2.6806332179985475,5.568582148030047,0.6383240502885703,2.019058846295228,0.35609509357612545,2.0,1.2167392093864748e-11,9.877736819268137e-11,3.3015191908314314,0.3557541355016493,1.6444669135870917,0.2838709677419355,0.3272161616100405,0.0524012508717772,0.5783049606377564,5.568582148030047,0.5122597720707647,1.7773810154410346,ellipse,2004,0.1419776139983986,0.0,0.1,0.09480167462822603,0.11805088150623756,0.10500344966225784,0.06981562507600837,0.7157477166841917,0.20253503898710645,0.20253503898710645,0.20253503898710645,0.1603969027648925,1,0.388184616193233,189,False,9.209828470457735,0.309519538344618,interior_core,-0.3538114495453635,0.14465067573009105,26.745174862229,45,1.0,0.28111855167048544,9.431085437583999,0.048363034451420976,0.15892096897647603,2,76,107,3682,2,2,0,2,183,183,76,3680,259,0.32265073329712113,ccpfm,5.568582148030047,0.5129182185732399,1.7775094257563258,0.9994568169473113,0.32282608695652176,3.398947789889917e-13,1.965228868527902e-09,1.5354224558450369e-09,1.5331635822013467e-09,1.9460753286626442e-09,1.1289600365671504e-09,1.5238308392895306e-09,0.08354337471880649,0.1187680001464869,0.09938854932853458,0.06265661147699672,2.35,0,68,24,0.003967160999309272,ok,2.6846003789978568,4,False,
,,,,,0.5228927450079937,,,,,2.0,0.0,0.0,,,,,,,0.0,,,,ellipse,2005,0.3522571143740321,0.0,0.12,0.152243266969871,0.172607595911257,0.1717836704523719,0.17029891165790725,1.0,0.5267566744023799,0.45883043304983406,0.5267566744023799,0.5267566744023799,,0.06600000000000007,64,False,118.79260764612721,0.023413721460726327,near_boundary_interior,1.0012625703020233,0.5323807521991999,145.82874191886773,23,,0.25246521406662537,77.07184495097036,0.05751151584206733,0.01877094812043974,,64,70,0,,,,,133,133,63,,197,0.0,wls,,,,,,5.684341886080802e-14,2.042810365310288e-14,1.3766765505351941e-14,2.9753977059954195e-14,2.930988785010413e-14,1.3766765505351941e-14,4.440892098500626e-14,0.15310214016103652,0.17540265545890438,0.18633247567673636,0.19776954122419527,,,,,0.0026295939896954224,ok,0.5255223389976891,5,False,
0.2798433167232605,0.2052226744327011,0.26491918826514865,0.001215066828675577,0.0,1.0325624760007486,5.023556654417846,0.6742272578877713,2.1362442913568453,0.38126009693053314,2.0,3.212013988118656e-12,1.5447991898187334e-11,2.7110964473617454,0.23318837884787236,1.5072355233977106,0.19362745098039216,0.2945382294345325,0.046153827767017166,0.5647523816365606,5.023556654417846,0.5489015403420989,1.959138002198322,ellipse,2005,0.3483903672304492,0.0,0.16,0.15737770611110588,0.21222182170458914,0.18687839187076746,0.15682276180831756,0.746752760820669,0.36731343412530426,0.35666218153658164,0.36731343412530426,0.36731343412530426,1,0.3103469572115535,92,False,8.61173395810197,0.26604824444820174,near_boundary_interior,0.25269253913331685,-0.30664049360061896,26.52639973305507,47,1.0,0.26379773271215734,9.975933231821125,0.06574626142937413,0.1654164255075589,2,48,26,1646,2,2,0,2,69,69,43,1644,117,0.3347509113001215,ccpfm,5.023556654417846,0.551256281039778,1.9601170608093956,0.9987849331713244,0.3351581508515815,1.6697754290362354e-13,4.497673344872055e-10,3.425491001962655e-10,2.8922952921561773e-10,2.1357701718294209e-10,1.7481749381431655e-10,1.8152331027199153e-10,0.12863221474027617,0.2071937532334695,0.16750128099322656,0.13807230364191722,2.35,0,68,24,0.0011154599924338982,ok,1.0336779359931825,5,False,
,,,,,0.8149057830014499,,,,,2.0,0.0,0.0,,,,,,,0.0,,,,ellipse,2005,0.3681426876167907,0.0,0.1,0.09297640580993162,0.09807531381154262,0.10286865166263644,0.11304032838115878,1.0,0.38382445883765215,0.2715959409716181,0.38382445883765215,0.38382445883765215,,0.05500000000000001,77,False,165.97539027607428,0.01754313454763251,near_boundary_interior,0.9233221902096416,0.6456457100866606,193.08935501724804,23,,0.2676717610961783,101.74792286583411,0.048387840287325165,0.013474190637971653,,76,109,0,,,,,182,182,73,,258,0.0,wls,,,,,,6.794564910705958e-14,4.085620730620576e-14,3.064215547965432e-14,6.927791673660977e-14,1.9984014443252818e-14,1.2212453270876722e-14,3.863576125695545e-14,0.09303997229483588,0.09792175107684375,0.11077550317113614,0.1275799854032924,,,,,0.003960569010814652,ok,0.8188663520122645,5,False,
0.10806419623886358,0.10774384443867974,0.10800012587882682,0.0007228044813877846,0.0,2.170391699997708,5.726715333156938,0.6514826953797627,1.9862917459850389,0.36744464392579296,2.0,7.58408613688033e-12,4.749801897229466e-11,3.0199994279474445,0.332268778775538,1.6244649733121221,0.2518248175182482,0.31794736321029315,0.05274372175858867,0.5750656619870824,5.726715333156938,0.5123724728438421,1.7922599280927034,ellipse,2005,0.2517240124609033,0.0,0.12,0.08754767738121995,0.10668319563391086,0.09878441036806136,0.08278484553781248,0.723410498604005,0.20376899411302143,0.20376899411302143,0.20376899411302143,0.18543503344310397,1,0.42431313664714027,138,False,9.199233659704008,0.30220309341080986,interior_core,0.12692969044246916,-0.24475568695678454,26.77981801244478,45,1.0,0.25246521406662537,9.741218636157724,0.05751151584206733,0.15638150647776253,2,64,70,2767,2,2,0,2,133,133,63,2765,197,0.3216479942175641,ccpfm,5.726715333156938,0.512797403468565,1.793027563965306,0.9992771955186122,0.321880650994575,2.788880237858393e-13,8.945661988946085e-10,6.42847552967396e-10,6.774154570621249e-10,8.666555251224395e-10,6.672602470558786e-10,7.832312576283584e-10,0.07638818042488536,0.10630097270051767,0.09296799349792796,0.07543867304331286,2.35,0,68,24,0.0031271309999283403,ok,2.1735188309976365,5,False,
,,,,,1.2975686529971426,,,,,2.0,0.0,0.0,,,,,,,0.0,,,,ellipse,2005,0.2067373269510652,0.0,0.08,0.06184511518085396,0.06854539078772298,0.06690020898965278,0.06153506462641909,1.0,0.2944701962335443,0.2944701962335443,0.2944701962335443,0.2852994387750648,,0.3992279267282994,273,False,140.9866070201072,0.017803159698028963,interior_core,0.701703288665678,0.38220047637301247,305.58011469313254,23,,0.2660186608462498,158.14919596894666,0.039069758298220625,0.008395352339601305,,95,199,0,,,,,297,297,98,,392,0.0,wls,,,,,,1.1368683772161603e-13,9.50350909079134e-14,6.039613253960852e-14,1.2168044349891716e-13,6.039613253960852e-14,2.4868995751603507e-14,9.059419880941277e-14,0.059910168269751526,0.06970228199935656,0.06882803141336664,0.06701768451345816,,,,,0.007270280999364331,ok,1.304838933996507,5,False,
,,,,,0.17421373100660276,,,,,2.0,0.0,0.0,,,,,,,0.0,,,,ellipse,2006,0.9032181622358082,0.0,0.2,3.124173480478945,1.8894574187262223,3.8769482741091,4.786659647491506,1.0,22.70235798015376,3.2536867893654016,22.70235798015376,22.70235798015376,,0.11000000000000004,38,False,41.33021123132832,0.06926857962436937,near_boundary_interior,0.9624128762162308,0.5117240034366201,52.529949210578394,23,,0.2919270132743945,30.474884926906228,0.08286972514368396,0.049644381946933595,,38,14,0,,,,,48,48,34,,86,0.0,wls,,,,,,1.865174681370263e-14,9.325873406851315e-15,7.993605777301127e-15,1.532107773982716e-14,9.936496070395151e-15,1.2434497875801753e-14,1.0658141036401503e-14,4.014939089811271,1.9268673765562319,5.374122577533261,6.26455443358344,,,,,0.000861715991050005,ok,0.17507544699765276,6,True,linf_large
0.41799723902426184,0.35050726760840867,0.4044992447410912,0.00034934497816593884,0.0,4.594376057997579,7.616884441639129,0.7379758092792252,1.990532461507629,0.38467614533965244,2.0,7.046994238146809e-11,5.808426863052312e-10,3.3440850408296274,0.4203666350722802,1.640956924937432,0.31130598183526464,0.3577213221857821,0.06293228329370952,0.5899207429117064,7.616884441639129,0.5756761739958742,1.758111592891528,ellipse,2004,0.13668291503056187,0.0,0.08,0.04045198961298305,0.0464738648761764,0.04371551851693698,0.033260176921412025,0.7093814877938297,0.08958765951514719,0.08958765951514719,0.08958765951514719,0.0816670191576947,1,0.48944915838507436,371,False,9.736739311168296,0.28900898963434446,interior_core,0.46200955431005053,0.08614335822438826,26.721273659967025,46,1.0,0.25487841591768035,9.360941646335856,0.03907023803320452,0.1586606375461572,2,95,203,5725,2,2,0,2,298,298,95,5723,393,0.34375545851528383,ccpfm,7.616884441639129,0.5758738515553992,1.758179337093132,0.999650655021834,0.34387558972566834,7.407408020299044e-13,7.537259705259203e-09,5.8819935588871886e-09,4.4548116306941665e-09,6.6682890320635124e-09,3.852860697151073e-09,3.95899135696709e-09,0.0365899109749504,0.04589055837047041,0.04201936605954956,0.03222460377649741,2.35,0,68,24,0.01051101300981827,ok,4.604887071007397,4,False,
0.2058850680126224,0.14895782849078004,0.19449962010825395,0.0017241379310344827,0.0,0.7235113479982829,6.928335654156403,0.6893029843864265,2.452733227778108,0.39079229122055675,2.0,2.881410388066996e-12,1.2790474885744285e-11,1.8980403094579748,0.1545233098532681,1.0531818693425,0.11946902654867257,0.3219697707056589,0.04986831846013925,0.5761003505438486,6.928335654156403,0.5294864271117354,2.233874499020563,ellipse,2006,0.3993668906908957,0.0,0.2,0.1881747110473459,0.28351166157617075,0.23351572048878197,0.19171158692242007,0.7876849967640009,0.47649897917478556,0.4478064160675039,0.47649897917478556,0.47649897917478556,1,0.34329485924572234,75,False,10.734627417414158,0.268359160096412,near_boundary_interior,-0.2907154809793888,0.2503822104458796,26.518541387947746,49,1.0,0.2919270132743945,10.726000316674817,0.08286972514368396,0.16546723029620983,2,38,14,1160,2,2,0,2,48,48,34,1158,86,0.33793103448275863,ccpfm,6.928335654156403,0.530346931688894,2.233981109769439,0.9982758620689656,0.3385146804835924,1.1191048088221578e-13,3.419575733687452e-10,2.4472712745193803e-10,1.981676489570816e-10,1.307005614847867e-10,1.4445555862607762e-10,1.6521661816426558e-10,0.1549290085498857,0.2816697904499699,0.20737736342643312,0.1674662046180318,2.35,0,68,24,0.0010595500061754137,ok,0.7245708980044583,6,False,
0.29033975477945834,0.22824103786222782,0.27792001139601225,0.0005468963631391851,0.0,2.8062459579959977,4.704157370121373,0.6511351589936069,1.9980689675541163,0.37112353838332485,2.0,1.2882327149466022e-11,1.0266474237205465e-10,2.988933886597467,0.3601796505842526,1.6258665754777104,0.2798816568047337,0.32555908659584887,0.05429892981461522,0.57655539956326,4.704157370121373,0.5097909588577396,1.7889317059688303,ellipse,2005,0.17660408340770678,0.0,0.1,0.07374572885012434,0.08880116665815212,0.08159192245179625,0.06209974406506289,0.72179428648722,0.18380025863280963,0.18380025863280963,0.18380025863280963,0.13076363921381468,1,0.44448608228897807,186,False,9.449258836691444,0.29817883614063456,interior_core,-0.35633478765359294,0.07290009090998056,26.213109035348044,46,1.0,0.2676717610961783,9.502422419587795,0.048387840287325165,0.1572532915263818,2,76,109,3657,2,2,0,2,182,182,73,3655,258,0.32895816242821985,ccpfm,4.704157370121373,0.5101946194446157,1.7893581021774303,0.9994531036368608,0.32913816689466485,3.7836400679225335e-13,1.7270891383702747e-09,9.78343184243613e-10,1.0570291308908963e-09,1.3159351941460784e-09,1.4504246692581546e-09,1.4281514859604272e-09,0.06527451251782387,0.08920072677119058,0.07771731644006419,0.05637310874341413,2.35,0,68,24,0.004108634006115608,ok,2.8103545920021133,5,False,
,,,,,0.3023605540074641,,,,,2.0,0.0,0.0,,,,,,,0.0,,,,ellipse,2006,0.9765120810888412,0.0,0.16,6.650483401778437,1.6520505793593068,7.870150721878397,11.381104039934748,1.0,65.86811259455033,6.064783332452594,65.86811259455033,65.86811259455033,,0.08800000000000004,48,False,62.15709521757294,0.047855727991563714,near_boundary_interior,0.9818377232591271,0.5220523778179099,77.88829849569612,23,,0.26947653909483393,42.587589038236445,0.06574626142937477,0.03259824429677034,,48,28,0,,,,,71,71,43,,119,0.0,wls,,,,,,3.352873534367973e-14,1.176836406102666e-14,7.771561172376096e-15,2.4313884239290928e-14,1.0769163338864018e-14,8.881784197001252e-15,2.398081733190338e-14,9.547728272296148,1.6968223513584533,12.360736739193372,15.824118281511772,,,,,0.0011773400037782267,ok,0.3035378940112423,6,True,linf_large
,,,,,0.5068221679975977,,,,,2.0,0.0,0.0,,,,,,,0.0,,,,ellipse,2006,0.36973921105300966,0.0,0.12,0.1485779261103947,0.16465531659624483,0.16775249885120955,0.17346053895992836,1.0,0.6367931407950347,0.5639847064509301,0.6367931407950347,0.6367931407950347,,0.06600000000000007,64,False,107.4234130928799,0.026624435688933745,near_boundary_interior,1.0012625703020233,0.5323807521991999,137.91423964363398,23,,0.272466039196343,73.83995541439381,0.05745222299310387,0.01844029556474702,,64,72,0,,,,,131,131,59,,195,0.0,wls,,,,,,4.440892098500626e-14,2.708944180085382e-14,2.042810365310288e-14,4.0190073491430667e-14,3.064215547965432e-14,1.2434497875801753e-14,3.708144902248023e-14,0.154401244857257,0.16706196716813573,0.1883789862153755,0.21150196127200957,,,,,0.0020272849942557514,ok,0.5088494529918535,6,False,
0.11212357780164657,0.10119415920544937,0.10993769408240713,0.0012172854534388314,0.0,1.1095857259933837,6.608136700492308,0.669720718460189,2.116067665370046,0.3743801652892562,2.0,2.6804183872464193e-12,1.4326932916565225e-11,2.8197019939951193,0.25865694787515703,1.4752452067066368,0.21939953810623555,0.3682398928694637,0.04763880682707014,0.5655594517824805,6.608136700492308,0.548668636322514,1.950015039580538,ellipse,2006,0.2503909335584052,0.0,0.16,0.17163946836879157,0.2408698445071676,0.20311733813578692,0.14873693563022874,0.7334828215086482,0.4019811614662515,0.4019811614662515,0.4019811614662515,0.3111828356003574,1,0.5205449534622784,109,False,8.857075337387158,0.29794202667063074,interior_core,-0.13748755638268464,0.13053405725293654,25.484803323869105,47,1.0,0.26947653909483393,9.878736671482848,0.06574626142937477,0.16259232111317395,2,48,28,1643,2,2,0,2,71,71,43,1641,119,0.3335362142422398,ccpfm,6.608136700492308,0.5490615906831943,1.9507967529563874,0.9987827145465612,0.3339427178549665,1.787459069646502e-13,3.610054477576341e-10,2.5147328663877033e-10,2.3460589027024525e-10,2.382277916601616e-10,2.0482970874979856e-10,2.096666451567586e-10,0.14129348740518988,0.24001970441324066,0.1829222146849043,0.13317528772488046,2.35,0,68,24,0.0008818130008876324,ok,1.1104675389942713,6,False,
,,,,,0.7141329989972292,,,,,2.0,0.0,0.0,,,,,,,0.0,,,,ellipse,2006,0.27040553529980316,0.0,0.1,0.09163178872297804,0.10426232800201772,0.10141408563747567,0.0947587172578131,1.0,0.2836951027756278,0.2616129137888986,0.2836951027756278,0.2836951027756278,,0.05500000000000005,97,False,163.4937527247779,0.016534869609892425,near_boundary_interior,-0.8014535099237665,-0.7204859348095849,199.93709364033745,23,,0.25984817827675477,100.96170955785357,0.04840648245377768,0.012889461130572193,,76,108,0,,,,,184,184,76,,260,0.0,wls,,,,,,6.350475700855895e-14,3.9968028886505635e-14,2.9753977059954195e-14,6.52811138479592e-14,2.398081733190338e-14,1.865174681370263e-14,3.730349362740526e-14,0.0877270837950767,0.10665330450853977,0.10428250510108363,0.1008176157428226,,,,,0.004188256003544666,ok,0.7183212550007738,6,False,
0.2807560375073391,0.21597816991402669,0.2678004639886766,0.0007304601899196494,0.0,2.003221630002372,5.27307795946692,0.6548431513219934,1.979322000910658,0.3635806253832005,2.0,6.0961622035116125e-12,4.135861686328015e-11,3.156603817718941,0.3377291293708248,1.6543433198777153,0.26287262872628725,0.36115878543944174,0.05132107515706194,0.5713581413691722,5.27307795946692,0.506368376818888,1.801712546295038,ellipse,2006,0.32378209214577636,0.0,0.12,0.056273508427348344,0.0645964495456143,0.0635358286721425,0.061479319152932414,0.7237400556560225,0.16643821616192023,0.13988281886525772,0.16643821616192023,0.16643821616192023,1,0.23501590325717955,103,False,8.810347511267988,0.270022802541964,near_boundary_interior,0.2998697057532531,-0.3647069286554697,26.149033507451332,46,1.0,0.272466039196343,9.5575400394649,0.05745222299310387,0.16339465839353087,2,64,72,2738,2,2,0,2,131,131,59,2736,195,0.32286340394448504,ccpfm,5.27307795946692,0.5069721932153967,1.8017774297601128,0.9992695398100804,0.3230994152046784,2.646771690706373e-13,6.993143841782512e-10,5.146070236605738e-10,5.767244043441977e-10,6.964802068409881e-10,4.423874599979172e-10,6.027064541891392e-10,0.05114148427617534,0.06523235258838765,0.062395746681978066,0.05874886488346966,2.35,0,68,24,0.0020884779951302335,ok,2.005310107997502,6,False,
,,,,,1.2761931010027183,,,,,2.0,0.0,0.0,,,,,,,0.0,,,,ellipse,2006,0.10280257957493885,0.0,0.08,0.05304805692693264,0.06199687888517441,0.05740423849503402,0.03831096388707058,1.0,0.19844741433947988,0.19844741433947988,0.19844741433947988,0.10175681903587357,,0.36678367545203033,251,False,139.5685714822381,0.017267916139629774,interior_core,0.5660456156014424,0.464049948085809,302.1428443750878,23,,0.26381100312297867,158.53935202467878,0.0390491615122615,0.00842103452817088,,95,201,0,,,,,295,295,94,,390,0.0,wls,,,,,,1.412203687323199e-13,7.283063041541027e-14,9.059419880941277e-14,1.2789769243681803e-13,5.3290705182007514e-14,1.8096635301390052e-14,9.059419880941277e-14,0.048894785854317446,0.06248156822007833,0.05621909418858067,0.039636622443854665,,,,,0.007009371998719871,ok,1.2832024730014382,6,False,
,,,,,0.18492651799169835,,,,,2.0,0.0,0.0,,,,,,,0.0,,,,ellipse,2007,0.9280322892477906,0.0,0.2,30.11637574594149,16.412438267000322,37.40585032945698,45.53799125988228,1.0,238.84951111668607,32.991716023922805,238.84951111668607,238.84951111668607,,0.11000000000000004,38,False,36.35323430307491,0.0818694746297577,near_boundary_interior,0.9624128762162308,0.5117240034366201,49.82584823680601,23,,0.30892532837660946,30.249710000505182,0.08279826313992898,0.05263497241803175,,38,13,0,,,,,47,47,34,,85,0.0,wls,,,,,,2.042810365310288e-14,9.325873406851315e-15,8.881784197001252e-15,9.71445146547012e-15,7.993605777301127e-15,3.9968028886505635e-15,8.18789480661053e-15,39.84959540057416,16.527775244611064,53.59008553016013,62.17338089997417,,,,,0.0008035549981286749,ok,0.18573007298982702,7,True,linf_large
0.38250030747530983,0.30192914727097764,0.3663860754344434,0.00035341933203746247,0.0,4.609211759001482,6.442207876524117,0.7116417629880328,1.9672973709572856,0.3833266852812126,2.0,7.820348535414468e-11,5.891219485319227e-10,2.8069656555521845,0.416823097999793,1.6465017703773261,0.29885786802030456,0.2927458221793584,0.061962023505338984,0.5859362100943841,6.442207876524117,0.5457132366153759,1.7632092853763526,ellipse,2005,0.1981098211413085,0.0,0.08,0.036940681742530054,0.041164865227995215,0.039960137863250186,0.03598037778899403,0.7115656701785101,0.10276741824540159,0.0977711152427827,0.10276741824540159,0.10276741824540159,1,0.15567237456846225,177,False,8.456045620482996,0.2779168191286935,near_boundary_interior,0.3361012287153158,-0.43573769165289594,26.729472622707743,46,1.0,0.2660186608462498,9.472861907004228,0.039069758298220625,0.160950081285689,2,95,199,5659,2,2,0,2,297,297,98,5657,392,0.33627849443364555,ccpfm,6.442207876524117,0.5459283639665219,1.7635680316539084,0.9996465806679625,0.3363973837723175,6.323830348264892e-13,6.562928867026585e-09,3.949125471081061e-09,3.5412384136179753e-09,5.758914345399546e-09,4.383424512255374e-09,4.45619363631522e-09,0.034138887836124975,0.041170662510572734,0.03922059497183174,0.0349273427936367,2.35,0,68,24,0.006578133994480595,ok,4.615789892995963,5,False,
0.2113622046643857,0.20237805554775573,0.20956537484105972,0.0017006802721088435,0.0,0.7947132249973947,7.249638662519596,0.7457044077340654,2.4007140122073807,0.3972746331236897,2.0,3.248823085555408e-12,1.3276593150165612e-11,2.244100697566873,0.1588392773050235,1.005472872776397,0.1036036036036036,0.2610407314488798,0.05015390329976707,0.5752283154504814,7.249638662519596,0.5501509431729613,2.1508393371362815,ellipse,2007,0.5547588727202821,0.0,0.2,0.13855527992640262,0.18781153895954858,0.17209169214132505,0.16198128038610843,0.7836018944445369,0.3471170993825497,0.3471170993825497,0.3471170993825497,0.33125604391847924,1,0.42664053167414945,64,False,9.10090291901266,0.2918935750192291,interior_core,-0.16253444400032285,0.22369886154231627,27.40970506582647,50,1.0,0.30892532837660946,9.954153922392342,0.08279826313992898,0.16502367260499845,2,38,13,1176,2,2,0,2,47,47,34,1174,85,0.34183673469387754,ccpfm,7.249638662519596,0.5515443800317688,2.1514840161072866,0.9982993197278912,0.3424190800681431,8.171241461241152e-14,3.8982506112006376e-10,3.0104629900051805e-10,2.2778867680983694e-10,1.5606406791879301e-10,1.9368484593940138e-10,2.3237937789299945e-10,0.12021239476510034,0.18336214826285616,0.16166268320893115,0.1525522939544707,2.35,0,68,24,0.0006259939982555807,ok,0.7953392189956503,7,False,
,,,,,0.3281760240060976,,,,,2.0,0.0,0.0,,,,,,,0.0,,,,ellipse,2007,0.9574834168802182,0.0,0.16,1.4122214503789343,0.47472615775215093,1.6657437876724244,2.3611678564202996,1.0,13.4886524266307,1.530697384875231,13.4886524266307,13.4886524266307,,0.08800000000000004,48,False,72.95826826849513,0.03962621842098331,near_boundary_interior,0.9818377232591271,0.5220523778179099,76.7937865041999,23,,0.2542698420562843,44.78103974926821,0.06576764639518032,0.03392001061518791,,48,29,0,,,,,73,73,44,,121,0.0,wls,,,,,,2.842170943040401e-14,9.769962616701378e-15,9.658940314238862e-15,1.709743457922741e-14,1.678865380050354e-14,8.881784197001252e-15,1.9539925233402755e-14,1.9279047819103723,0.4945227074284778,2.4820860609566546,3.1717603732891027,,,,,0.001391258992953226,ok,0.3295672829990508,7,True,linf_large
0.3388446566708664,0.30456366720038197,0.3319884587767695,0.0005379236148466917,0.0,2.9701850729907164,4.626007051010731,0.6538474685394706,1.9819506543638803,0.35578842315369263,2.0,1.2006999561275933e-11,1.0134553761282943e-10,2.7699607481946837,0.3519228830922445,1.6399172173284007,0.2742123687281214,0.32966055030829533,0.05331451694742236,0.5791263297695718,4.626007051010731,0.5149078278568965,1.8030304062155256,ellipse,2006,0.2121207232431142,0.0,0.1,0.056397457776458104,0.06668526090738841,0.06241825781627889,0.051655467602467475,0.7251839000172466,0.1390243620082563,0.1390243620082563,0.1390243620082563,0.1287268883097747,1,0.28612214551503906,179,False,8.844742480826808,0.29618009495084074,interior_core,0.2853653993793298,-0.31627173804731423,26.87233179146458,46,1.0,0.25984817827675477,9.423401580943137,0.04840648245377768,0.1499210686822536,2,76,108,3718,2,2,0,2,184,184,76,3716,260,0.3181818181818182,ccpfm,4.626007051010731,0.5150453654862619,1.8036958662618265,0.9994620763851533,0.3183530678148547,4.121147867408581e-13,2.4480653060265922e-09,1.344757194488011e-09,1.4414567317544424e-09,2.0260713107234096e-09,1.750848133141858e-09,1.7031736021522192e-09,0.05077868793745128,0.06626452170985067,0.06036139074488162,0.05080625741166999,2.35,0,68,24,0.010504958001547493,ok,2.980690030992264,6,False,
,,,,,0.5666196599922841,,,,,2.0,0.0,0.0,,,,,,,0.0,,,,ellipse,2007,0.47257524177778076,0.0,0.12,0.1498449661607197,0.15664638925531493,0.16880241779647578,0.1864040521648105,1.0,0.5622145502593539,0.4125844787784174,0.5622145502593539,0.5622145502593539,,0.066,81,False,110.97763039552783,0.024830210159249574,near_boundary_interior,-0.8955570760759451,-0.6537898351999187,134.8411965281463,23,,0.25201589559356374,73.35420753731964,0.057703288014363474,0.018952326516883177,,64,67,0,,,,,132,132,65,,196,0.0,wls,,,,,,3.552713678800501e-14,2.375877272697835e-14,1.532107773982716e-14,2.842170943040401e-14,1.887379141862766e-14,1.0658141036401503e-14,2.4868995751603507e-14,0.1584663869165121,0.16108437975646706,0.19309820027536562,0.22130191307327804,,,,,0.001788809007848613,ok,0.5684084690001328,7,False,
0.2589827077622901,0.22708038788727028,0.25260224378728613,0.0011648223645894002,0.0,1.1864514170010807,5.909314962655959,0.6377944049284683,2.145908468148635,0.36858475894245724,2.0,3.5124125830066077e-12,1.5704340107684365e-11,2.52863779761492,0.2304783961554247,1.3561193219410426,0.18097447795823665,0.3355426702453025,0.04563542114894317,0.5683078721341415,5.909314962655959,0.5081317857543467,1.9734376536441574,ellipse,2007,0.5106185095083878,0.0,0.16,0.11433358717044297,0.13039435196914023,0.1348587804698522,0.1395984301395606,0.7347792469804015,0.3037548877536931,0.277054990222692,0.3037548877536931,0.3037548877536931,1,0.2807259093224157,81,False,10.875270114920049,0.2619088050008588,near_boundary_interior,0.4654727111045757,-0.1938528698607797,26.648736261590976,47,1.0,0.2542698420562843,10.131713012980589,0.06576764639518032,0.15584478290389076,2,48,29,1717,2,2,0,2,73,73,44,1715,121,0.3214909726266744,ccpfm,5.909314962655959,0.5108297795222732,1.9745359198486152,0.9988351776354106,0.321865889212828,1.8474111129762605e-13,3.6901681710332923e-10,3.484408317433463e-10,2.950477084873171e-10,1.5925647844743096e-10,1.3433876233648334e-10,1.6299729968527465e-10,0.09668459908036076,0.1292190634354744,0.1244768403181971,0.12124991952385784,2.35,0,68,24,0.0011230980016989633,ok,1.1875745150027797,7,False,
,,,,,0.833459645989933,,,,,2.0,0.0,0.0,,,,,,,0.0,,,,ellipse,2007,0.2585215771346204,0.0,0.1,0.08632803415909478,0.09709624786845354,0.09544029248300868,0.09112321362820129,1.0,0.29537247767091035,0.29537247767091035,0.29537247767091035,0.26224606125297506,,0.398330664626703,182,False,108.79759258589384,0.021458271900571823,interior_core,0.6331760818088338,0.4171168233411835,203.20746806393444,23,,0.2612252724713919,103.56376624791507,0.04835523922316057,0.013234863273111307,,76,115,0,,,,,187,187,72,,263,0.0,wls,,,,,,7.815970093361102e-14,3.952393967665557e-14,3.3306690738754696e-14,6.927791673660977e-14,3.774758283725532e-14,2.2870594307278225e-14,5.240252676230739e-14,0.08485348936341093,0.09782443569620501,0.10062983883684314,0.10495527020885677,,,,,0.004072830008226447,ok,0.8375324759981595,7,False,
0.2042611517839285,0.20114199772712144,0.2036373209725671,0.000731528895391368,0.0,2.038554431986995,5.843079840253908,0.6466321731262,1.9432277852111588,0.36745886654478976,2.0,8.444204103313924e-12,5.053922833249198e-11,2.9831815960351866,0.32359039437986126,1.6319096935570152,0.2653247941445563,0.3609150246224362,0.05178322359117292,0.5731008584999663,5.843079840253908,0.5087214537000442,1.7814326690232627,ellipse,2007,0.3118006955629597,0.0,0.12,0.07425357367615194,0.08866913042752587,0.08364767324328641,0.07502976885977121,0.7196249422070229,0.17400705770615554,0.165611351789349,0.17400705770615554,0.17400705770615554,1,0.1858365625895196,121,False,10.5539260651966,0.27294359537944046,near_boundary_interior,0.35556021893748696,-0.3943344490384747,26.336391384938295,45,1.0,0.25201589559356374,9.591890833898868,0.057703288014363474,0.15464954714640303,2,64,67,2734,2,2,0,2,132,132,65,2732,196,0.3266276517922458,ccpfm,5.843079840253908,0.5096825763789888,1.7818897584625142,0.9992684711046086,0.32686676427525624,3.019806626980426e-13,1.0338547795640807e-09,8.2562512382367e-10,6.903481397646516e-10,9.959822480642977e-10,5.453497653462591e-10,8.633736503504963e-10,0.06580510044602844,0.08865306879646107,0.08018638344901713,0.07040142495198154,2.35,0,68,24,0.0023302879999391735,ok,2.040884719986934,7,False,
,,,,,1.1519603219931014,,,,,2.0,0.0,0.0,,,,,,,0.0,,,,ellipse,2007,0.10628769882623736,0.0,0.08,0.06096783401607844,0.07071073977403369,0.06604315934616664,0.04586513687392888,1.0,0.28464632303881054,0.28464632303881054,0.28464632303881054,0.11048239242086527,,0.5482271212050988,366,False,139.81057409224977,0.016285199655145667,interior_core,-0.4316768143695543,-0.13995606448666995,319.7251899566463,23,,0.25492371262675495,157.25762484040695,0.038948568837105325,0.008098965477262248,,95,201,0,,,,,291,291,90,,386,0.0,wls,,,,,,1.1013412404281553e-13,4.8405723873656825e-14,4.75175454539567e-14,7.72715225139109e-14,4.796163466380676e-14,3.064215547965432e-14,6.972200594645983e-14,0.05640122203322569,0.07198254835501036,0.06495845272438444,0.04551249255567697,,,,,0.00650348499766551,ok,1.158463806990767,7,False,
,,,,,0.16628801501065027,,,,,2.0,0.0,0.0,,,,,,,0.0,,,,ellipse,2008,0.9767776618776298,0.0,0.2,49.63134268056573,16.016321576260804,61.670754379429276,75.2705384994107,1.0,419.9056515255488,42.70865059100123,419.9056515255488,419.9056515255488,,0.11000000000000004,38,False,38.08783096910484,0.07875036242802354,near_boundary_interior,0.9624128762162308,0.5117240034366201,50.10049675297819,23,,0.29995510170500117,29.916533472094127,0.08279826313992898,0.051079397646829276,,38,12,0,,,,,46,46,34,,84,0.0,wls,,,,,,2.0872192862952943e-14,9.325873406851315e-15,6.217248937900877e-15,1.8207657603852567e-14,6.966649479522857e-15,3.6637359812630166e-15,9.992007221626409e-15,67.92691593520556,16.301536406000512,91.79153322603302,106.32810696432813,,,,,0.0008863940020091832,ok,0.16717440901265945,8,True,linf_large
0.34399731295409053,0.25247965587887206,0.3256937815390468,0.00035542918073573843,0.0,4.648207000995171,7.170539280355288,0.7024592404328982,1.9843250810512234,0.36542318491776976,2.0,7.575425009509473e-11,6.209754477461145e-10,2.6821878933393744,0.4081380192757271,1.6459283908850841,0.301531589023612,0.2877504600409848,0.06058008353040622,0.5890105847082073,7.170539280355288,0.5519095809531617,1.7806901428972117,ellipse,2006,0.17242031904992638,0.0,0.08,0.04056510115729169,0.04553169417461653,0.0438962117804943,0.03794009178179928,0.7272609975648405,0.11451431632926307,0.09491994342934724,0.11451431632926307,0.11451431632926307,1,0.05531278195913462,142,False,23.39244802166541,0.19267825057517776,near_boundary_interior,1.0472932733881988,0.46438115433576815,26.47964859370803,46,1.0,0.26381100312297867,9.369574900696264,0.0390491615122615,0.15320463732188855,2,95,201,5627,2,2,0,2,295,295,94,5625,390,0.32983827972276525,ccpfm,7.170539280355288,0.552202169695935,1.7810870045253666,0.9996445708192643,0.32995555555555556,7.72715225139109e-13,6.685035636166958e-09,5.024239468909286e-09,3.995908937071135e-09,5.490714105604866e-09,3.5416647392594314e-09,3.436959161717823e-09,0.03747915750954758,0.045996156634457,0.04309343520627879,0.036111985268124674,2.35,0,68,24,0.00979383300000336,ok,4.658000833995175,6,False,
,,,,,0.2696780590049457,,,,,2.0,0.0,0.0,,,,,,,0.0,,,,ellipse,2008,0.8736557606853425,0.0,0.16,0.9109888189886528,0.5312642526218913,1.0716567683090639,1.436982289738068,1.0,5.726569588792581,1.4478121486963071,5.726569588792581,5.726569588792581,,0.08800000000000001,60,False,63.9602769150889,0.04347335334242792,near_boundary_interior,-0.9818377232591295,-0.5220523778179051,82.3408876502519,23,,0.2641988997547824,45.146180905441234,0.06576764639518032,0.030633014771993716,,48,28,0,,,,,73,73,45,,121,0.0,wls,,,,,,2.930988785010413e-14,1.1546319456101628e-14,9.325873406851315e-15,1.9317880628477724e-14,8.43769498715119e-15,7.993605777301127e-15,2.2648549702353193e-14,1.1948052142138588,0.5429976539120034,1.5382551024225943,1.9118286698523155,,,,,0.0010063709923997521,ok,0.27068442999734543,8,False,
0.28279340380614837,0.24526534670750488,0.27528779238641965,0.001594896331738437,0.0,0.6725153839943232,5.132130462568582,0.8036543530045317,2.3313434819791747,0.40485436893203886,2.0,3.501934853211708e-12,1.496828781967065e-11,2.299392881699453,0.13230168095881945,0.9725591619875252,0.09821428571428571,0.2605703602865543,0.046137898699661006,0.5654499316710604,5.132130462568582,0.5664759494542793,2.198168422149876,ellipse,2008,0.6975296608509239,0.0,0.2,0.15421098420468615,0.1796017190226641,0.19161898945001182,0.19763678838551982,0.789498613432043,0.42478488214139326,0.27289104356101607,0.42478488214139326,0.42478488214139326,1,0.37489582159986723,78,False,9.617776897255329,0.289576416862401,near_boundary_interior,-0.32514248672196516,0.1815233931914168,28.268645892665226,50,1.0,0.29995510170500117,10.884821847150167,0.08279826313992898,0.17049491233048045,2,38,12,1254,2,2,0,2,46,46,34,1252,84,0.35007974481658694,ccpfm,5.132130462568582,0.5716158528879502,2.199942799687817,0.9984051036682615,0.3506389776357827,7.505107646466058e-14,3.475948417985819e-10,1.8879209306987832e-10,1.892850320928119e-10,2.2381396735937642e-10,2.1002266592518026e-10,2.401666643336853e-10,0.13275261875584013,0.18151828279204027,0.1793923108034703,0.17863592700827166,2.55,1,80,28,0.00082328800635878,ok,0.673338672000682,8,False,
,,,,,0.4699433210043935,,,,,2.0,0.0,0.0,,,,,,,0.0,,,,ellipse,2008,0.44153239438575753,0.0,0.12,0.16386712821605634,0.17411843390171902,0.18512069984563873,0.20257453761606348,1.0,0.8988828252859298,0.3860361120942776,0.8988828252859298,0.8988828252859298,,0.06600000000000007,64,False,104.61118465212753,0.027267085943258315,near_boundary_interior,1.0012625703020233,0.5323807521991999,146.20769404006177,23,,0.26056255547106916,75.68341638772594,0.05743243195588484,0.017443783309489386,,64,68,0,,,,,131,131,63,,195,0.0,wls,,,,,,6.52811138479592e-14,2.842170943040401e-14,4.618527782440651e-14,8.526512829121202e-14,1.8318679906315083e-14,1.942890293094024e-14,4.196643033083092e-14,0.17236813458439657,0.1712887063055905,0.21029969336622145,0.24554743094612,,,,,0.001665136995143257,ok,0.47160845799953677,8,False,
0.29744501687594693,0.2829038547403766,0.29453678444883286,0.0005320563979781857,0.0,2.8412137669947697,4.8493457358663505,0.6928181684647488,1.919701304137658,0.3656941649899396,2.0,1.3759118844269835e-11,1.165378523907992e-10,3.3070953318689216,0.3632790103365199,1.6448516449585349,0.2868435911914173,0.34573232804468806,0.05437382905985022,0.5781585889516081,4.8493457358663505,0.5330342279036737,1.7746219608271905,ellipse,2007,0.13189793564151772,0.0,0.1,0.06731212123912063,0.08191812604879671,0.07441717631232087,0.05075058513871005,0.7198922131376915,0.1702929170364404,0.1702929170364404,0.1702929170364404,0.11713561434077846,1,0.5104184818217499,186,False,8.751241333915647,0.3029485346231063,interior_core,0.12380510751906629,-0.14894991834328308,25.616701816856995,46,1.0,0.2612252724713919,9.420431757791135,0.04835523922316057,0.1628055899374009,2,76,115,3759,2,2,0,2,187,187,72,3757,263,0.32854482575152966,ccpfm,4.8493457358663505,0.5336171172781673,1.7750370577730743,0.9994679436020218,0.328719723183391,3.410605131648481e-13,1.5308989631535042e-09,9.889653540540166e-10,1.0950316209346056e-09,1.3906489293447066e-09,1.0827752028319537e-09,1.4616616805795957e-09,0.06007858101254639,0.08191865424847435,0.07124866602652277,0.049659264084554365,2.35,0,68,24,0.0034370180073892698,ok,2.844650785002159,7,False,
0.2970902492202784,0.1944781605435691,0.2765678314849365,0.0011806375442739079,0.0,1.0863259280013153,6.602068094046941,0.6505358339362926,2.074795900713798,0.36421725239616615,2.0,3.644865659291341e-12,1.6135707712664044e-11,2.9303654760662057,0.20800473235585187,1.4415905707944117,0.22171945701357465,0.3369200927447642,0.04662005240011022,0.5641543979581521,6.602068094046941,0.5438670169080697,1.8925439268792674,ellipse,2008,0.6347594681972442,0.0,0.16,0.07620500094927805,0.0755601447498139,0.08964501357651646,0.102460450991958,0.7193201597167631,0.20916624581529764,0.14994113170683632,0.20916624581529764,0.20916624581529764,1,0.31889478197766097,112,False,9.441213407630336,0.2990912009614394,near_boundary_interior,-0.24961123533649815,0.2982851704280854,26.29466860177993,47,1.0,0.2641988997547824,10.072279411980986,0.06576764639518032,0.15940352039286634,2,48,28,1694,2,2,0,2,73,73,45,1692,121,0.3270365997638725,ccpfm,6.602068094046941,0.544993169546252,1.8934233828804052,0.9988193624557261,0.32742316784869974,1.8118839761882555e-13,4.1583536614098193e-10,3.9374326021857087e-10,3.182760721642808e-10,2.2539656252540397e-10,1.881070854636846e-10,2.635295315300823e-10,0.07004930876745337,0.0769186492333268,0.09018516604282581,0.09753337706970226,2.35,0,68,24,0.0010373120021540672,ok,1.0873632400034694,8,False,
,,,,,0.7691316209966317,,,,,2.0,0.0,0.0,,,,,,,0.0,,,,ellipse,2008,0.2774424853873661,0.0,0.1,0.1001941792269823,0.11307267554036284,0.1108586008506079,0.10565185343047588,1.0,0.4743267223775983,0.28477028135394056,0.4743267223775983,0.4743267223775983,,0.05500000000000001,77,False,160.8743246250291,0.017612291598198732,near_boundary_interior,0.9233221902096416,0.6456457100866606,202.28162001049293,23,,0.26151819990155656,102.33624388131868,0.04840034325337533,0.013118052172149161,,76,112,0,,,,,189,189,77,,265,0.0,wls,,,,,,8.171241461241152e-14,4.085620730620576e-14,5.062616992290714e-14,6.572520305780927e-14,2.5757174171303632e-14,1.3100631690576847e-14,3.1530333899354446e-14,0.09885950631270185,0.11374758197066692,0.11706052626363786,0.12171849242466234,,,,,0.004269601005944423,ok,0.7734012220025761,8,False,
0.2130677136894276,0.21276970489257516,0.21300811193005711,0.0007307270734380709,0.0,1.8806158430088544,5.809090743831209,0.6827633204387009,2.0320209724962006,0.37357357357357357,2.0,8.138725804407443e-12,5.1680245320980886e-11,2.4797272625388467,0.3175902227073961,1.6160973610400036,0.26119402985074625,0.2859369585731958,0.05250776493441833,0.5749426358954474,5.809090743831209,0.528059570749045,1.8198785361387182,ellipse,2008,0.45176987042916983,0.0,0.12,0.05109603038655116,0.05379259896843272,0.05772318711792466,0.06389362382135202,0.7265233285125415,0.15094441720107898,0.1312912455691274,0.15094441720107898,0.15094441720107898,1,0.1781366682379169,180,False,11.647634993146756,0.2282523174130708,near_boundary_interior,0.3585211040224774,-0.4014761689592728,27.141708607214632,46,1.0,0.26056255547106916,9.469179903805488,0.05743243195588484,0.15951151104063632,2,64,68,2737,2,2,0,2,131,131,63,2735,195,0.32955791012056995,ccpfm,5.809090743831209,0.5281889768072582,1.8199940483293402,0.999269272926562,0.3297989031078611,2.433608869978343e-13,9.423484215176359e-10,8.04504463047806e-10,7.368328169832239e-10,8.497903769555393e-10,6.941127672632774e-10,8.190230715854341e-10,0.047120637638195434,0.053678432280216994,0.05749006723560827,0.06133898622612458,2.35,0,68,24,0.003576172995963134,ok,1.8841920160048176,8,False,
,,,,,1.1261133380030515,,,,,2.0,0.0,0.0,,,,,,,0.0,,,,ellipse,2008,0.14106042505357572,0.0,0.08,0.055171483485073405,0.06325891695770686,0.05975293935705054,0.04642973307518507,1.0,0.24184675057776384,0.24184675057776384,0.24184675057776384,0.18513889152707458,,0.43775289145347807,373,False,158.08464834645528,0.015927987792599806,interior_core,-0.04726401812349288,-0.3107204222354405,314.32272146544466,23,,0.25005886519538706,154.163081280539,0.03886852175790247,0.008400086568180346,,95,198,0,,,,,292,292,94,,387,0.0,wls,,,,,,1.2789769243681803e-13,7.016609515630989e-14,4.263256414560601e-14,7.638334409421077e-14,4.618527782440651e-14,3.552713678800501e-14,8.526512829121202e-14,0.05213854208884284,0.06382554181617237,0.06002372447724384,0.05109845648517479,,,,,0.008252818995970301,ok,1.1343661569990218,8,False,
,,,,,0.2453692859999137,,,,,2.0,0.0,0.0,,,,,,,0.0,,,,ellipse,2009,0.9694527029596102,0.0,0.2,3.306461476672543,1.2302869688707392,4.136240201880334,5.033166133013118,1.0,22.36674410505865,1.83002205457366,22.36674410505865,22.36674410505865,,0.11000000000000004,38,False,41.32508689929373,0.06773781734383856,near_boundary_interior,0.9624128762162308,0.5117240034366201,53.028223845933724,23,,0.3044350878392095,29.738519568604744,0.08279826313992898,0.05044456962266015,,38,11,0,,,,,46,46,35,,84,0.0,wls,,,,,,1.199040866595169e-14,5.329070518200751e-15,3.885780586188048e-15,1.021405182655144e-14,4.65599780952175e-15,5.995204332975845e-15,7.549516567451064e-15,4.337601398745762,1.2300422289582609,5.861521569653671,6.684307790627397,,,,,0.0006508810038212687,ok,0.24602016700373497,9,True,linf_large
0.24189621809880976,0.1693228107657152,0.22738153663219085,0.001755926251097454,0.0,0.6980162590043619,6.758769673944826,0.7239117297969644,2.4425451408682366,0.39006342494714585,2.0,3.213075584675845e-12,1.4109054661983155e-11,1.9046458021773993,0.12354810410306286,0.7963242957597663,0.05181347150259067,0.282922477232697,0.04742162848804421,0.572453416740319,6.758769673944826,0.5770174739752505,2.2153166302489624,ellipse,2009,0.6633547241952714,0.0,0.2,0.1627594994435932,0.20104309921509186,0.20360508948496725,0.20494330915658662,0.7893575153094476,0.4082690594100119,0.34230587031372606,0.4082690594100119,0.4082690594100119,2,0.3424427930854999,82,False,9.469062534157736,0.2636773646676007,near_boundary_interior,-0.23803517257064277,0.2766346028530836,27.20278785003512,50,1.5,0.3044350878392095,10.437786190961695,0.08279826313992898,0.17549696070294066,2,38,11,1139,2,2,0,2,46,46,35,1137,84,0.33274802458296754,ccpfm,6.758769673944826,0.5779191600047702,2.215674650585134,0.9982440737489026,0.3333333333333333,1.0791367799356522e-13,3.312115026687934e-10,2.6359625593386227e-10,1.9425816510931782e-10,1.72011006133177e-10,2.4408253196384067e-10,2.1578737570675938e-10,0.13626658362601934,0.2088078227925868,0.18414082939430174,0.17567446329160716,2.35,0,68,24,0.0009536059951642528,ok,0.6989698649995262,9,False,
0.3714986643081585,0.36256186616776576,0.36971130468007996,0.0003572066440435792,0.0,4.43873244500719,6.869387181629386,0.7262580097640289,1.986495318411745,0.37470542026708564,2.0,6.449618616954922e-11,5.248191148234219e-10,3.10830139545699,0.41149245152904096,1.6585307563602925,0.29511955453652144,0.38747981257471814,0.06005050275761593,0.5876311724256146,6.869387181629386,0.5581834840167961,1.7749080441625782,ellipse,2007,0.08582958927287225,0.0,0.08,0.04962531592003687,0.05821067179629026,0.053756422543181304,0.0335476595521502,0.7164988965764786,0.12197807166291869,0.12197807166291869,0.12197807166291869,0.11408242976577102,1,0.5211759152949836,378,False,9.938657795127185,0.2769787805447787,interior_core,0.07798883104466298,-0.16108538221208252,26.46840193042438,46,1.0,0.25492371262675495,9.423676344363306,0.038948568837105325,0.16124283299432632,2,95,201,5599,2,2,0,2,291,291,90,5597,386,0.33130916235041974,ccpfm,6.869387181629386,0.5591966684958803,1.7751458246276552,0.9996427933559564,0.33142755047346795,8.668621376273222e-13,5.40575717522529e-09,4.137749698429616e-09,3.799083714284279e-09,5.142792303125532e-09,3.005879323225713e-09,4.0437213577604325e-09,0.04480660786632451,0.05781755454650931,0.051604696031409956,0.03383443372830621,2.35,0,68,24,0.017786554992198944,ok,4.456518999999389,7,False,
,,,,,0.29691535800520796,,,,,2.0,0.0,0.0,,,,,,,0.0,,,,ellipse,2009,0.826546941036438,0.0,0.16,0.7458873133280658,0.48525012709799487,0.8884499392057588,1.2485213274909073,1.0,4.60770158690675,1.3752271777174663,4.60770158690675,4.60770158690675,,0.08800000000000004,48,False,61.79381077213029,0.0458603603680645,near_boundary_interior,0.9818377232591271,0.5220523778179099,86.79652511719156,23,,0.28345199531445964,44.43846799496866,0.06574626142937477,0.030728711344468865,,48,32,0,,,,,71,71,39,,119,0.0,wls,,,,,,3.108624468950438e-14,1.199040866595169e-14,9.880984919163893e-15,1.9095836023552692e-14,1.0880185641326534e-14,6.661338147750939e-15,1.9872992140790302e-14,0.9531195025311171,0.4912899551627396,1.2339332368687945,1.6043232562010392,,,,,0.0008988339977804571,ok,0.2978141920029884,9,False,
0.29431553825873547,0.26995133495168727,0.2894426975973258,0.0005292405398253506,0.0,2.8551765540032648,5.215041893752901,0.6626146620906551,2.0585558722618944,0.3655,2.0,1.8229012049841842e-11,1.206090557034111e-10,2.820722837654787,0.35115861451276303,1.666178140082208,0.2748735244519393,0.3097956391735835,0.05412547084937201,0.5822703907053081,5.215041893752901,0.5161005316799666,1.8119572774533863,ellipse,2008,0.1795559744597162,0.0,0.1,0.07111014925752245,0.08551356933508453,0.07867893837533324,0.06032254629513727,0.7321453525499819,0.1961851920310549,0.1961851920310549,0.1961851920310549,0.1459469695739244,1,0.3575767934905467,173,False,9.242819493544346,0.29218048626843085,interior_core,-0.33469700287459564,0.19596863319631241,26.21603865353676,46,1.0,0.26151819990155656,9.556382726007227,0.04840034325337533,0.15917172753166794,2,76,112,3779,2,2,0,2,189,189,77,3777,265,0.32283672929346385,ccpfm,5.215041893752901,0.5168041787028489,1.8121621162010824,0.9994707594601746,0.3230076780513635,4.511946372076636e-13,2.0197896688500805e-09,1.4979457674257901e-09,1.5698704558531063e-09,2.0429439251401504e-09,1.1135607991263896e-09,1.6032363214790735e-09,0.06380253546702598,0.08624864600915029,0.0755492178475998,0.05647703761448144,2.35,0,68,24,0.003144638001685962,ok,2.8583211920049507,8,False,
,,,,,0.5269923460000427,,,,,2.0,0.0,0.0,,,,,,,0.0,,,,ellipse,2009,0.5083188461704186,0.0,0.12,0.19436366177118442,0.19245216581375896,0.2204260149699105,0.2637669380897638,1.0,1.0034784776307515,0.49022058849557476,1.0034784776307515,1.0034784776307515,,0.06600000000000002,65,False,109.71395188451329,0.025663834387134214,near_boundary_interior,0.8955570760759359,0.6537898351999256,138.81632495934477,23,,0.24938158696913906,72.36604255582535,0.049337185746829805,0.019231270458036766,,64,67,0,,,,,127,127,60,,191,0.0,wls,,,,,,4.796163466380676e-14,1.7985612998927536e-14,1.554312234475219e-14,3.197442310920451e-14,2.5091040356528538e-14,1.0658141036401503e-14,3.7969627442180354e-14,0.2000221154845284,0.1936845741603286,0.24529734032145542,0.29235454675505745,,,,,0.002375636002398096,ok,0.5293679820024408,9,False,
0.08462776605664506,0.07862597330468726,0.0834274075062535,0.0011947431302270011,0.0,1.1201195809990168,5.817023824756206,0.6708371347480775,2.125207577337024,0.3761980830670926,2.0,3.774015822077814e-12,1.6074244041721494e-11,2.5517680842706065,0.212030405437818,1.35146421725475,0.2037914691943128,0.306490658604075,0.04642972091444064,0.5666124304574738,5.817023824756206,0.5550574442108122,1.9557106698008104,ellipse,2009,0.43041117494946374,0.0,0.16,0.07793146980002533,0.09187451363451526,0.09282663529577248,0.09413337287267774,0.7508164616406248,0.21131208857532124,0.173346845855896,0.21131208857532124,0.21131208857532124,1,0.19033980150899057,89,False,13.698221633317658,0.2052935795649593,near_boundary_interior,-0.33990413605285674,0.3924138075743382,26.57707947819061,47,1.0,0.28345199531445964,9.867967771912605,0.06574626142937477,0.16672135010801534,2,48,32,1674,2,2,0,2,71,71,39,1672,119,0.33273596176821985,ccpfm,5.817023824756206,0.5554306681741912,1.957402558509769,0.998805256869773,0.333133971291866,1.616484723854228e-13,4.876969939004994e-10,3.829443429026469e-10,3.26900284619569e-10,2.320070802142027e-10,2.1374835235121736e-10,2.1702173391702217e-10,0.07033974702599335,0.092709006184328,0.09106366147982844,0.08969109479050628,2.35,0,68,24,0.0017066750006051734,ok,1.121826255999622,9,False,
,,,,,0.7396075459982967,,,,,2.0,0.0,0.0,,,,,,,0.0,,,,ellipse,2009,0.27215864193623135,0.0,0.1,0.09236391148759038,0.1021844211409744,0.10189642690160829,0.1011380404375923,1.0,0.39027455440133463,0.2657635136545111,0.39027455440133463,0.39027455440133463,,0.055000000000000014,96,False,151.07708152894244,0.01834758130638838,near_boundary_interior,-0.9233221902096491,-0.6456457100866541,199.30566311019098,23,,0.2657911743432584,105.96913547746416,0.048202857954186065,0.013116112607524577,,76,119,0,,,,,192,192,73,,268,0.0,wls,,,,,,7.016609515630989e-14,3.4638958368304884e-14,2.3092638912203256e-14,4.529709940470639e-14,2.1760371282653068e-14,1.5987211554602254e-14,3.863576125695545e-14,0.09344052168428371,0.1025162452017534,0.1103956693751959,0.12215547300572782,,,,,0.0028588950081029907,ok,0.7424664410063997,9,False,
0.1909313614840805,0.1610528964919242,0.18495566848564923,0.0007336757153338225,0.0,1.8955814419896342,4.512336666962335,0.6634453547955992,2.0360917448646236,0.34574468085106386,2.0,6.735390023493437e-12,3.945754485778945e-11,2.784142750125725,0.31248561514568163,1.6007501511350175,0.25918762088974856,0.29692369352978637,0.047746993867767304,0.5722192676226739,4.512336666962335,0.5197705709019915,1.830909497478879,ellipse,2009,0.32676732238324924,0.0,0.12,0.0697984867508502,0.08087132345553573,0.07915781244918377,0.07594557881290817,0.7181132501487762,0.17371074821995464,0.17371074821995464,0.17371074821995464,0.16958336403661267,1,0.2738577330202632,113,False,9.247000730594467,0.29827548152347366,interior_core,-0.5944169547697298,0.08713798213628357,26.038966850969672,46,1.0,0.24938158696913906,9.517604927600898,0.049337185746829805,0.1629572138890704,2,64,67,2726,2,2,0,2,127,127,60,2724,191,0.31291269258987525,ccpfm,4.512336666962335,0.5207397303652945,1.8312886430765913,0.9992663242846662,0.3131424375917768,2.3803181647963356e-13,7.844747074159386e-10,4.5471049148204656e-10,6.188081158597925e-10,7.37818695029091e-10,4.792393148989049e-10,6.8868510894049e-10,0.061016338070936836,0.078830473416557,0.07482745299788247,0.07008773592134718,2.35,0,68,24,0.002657078002812341,ok,1.8982385199924465,9,False,
,,,,,1.113921930998913,,,,,2.0,0.0,0.0,,,,,,,0.0,,,,ellipse,2009,0.11942756967438223,0.0,0.08,0.058034430617861635,0.06695299608337195,0.06278787933459112,0.045685462373674206,1.0,0.19811928298268078,0.19811928298268078,0.19811928298268078,0.15967993878805486,,0.3498896938913978,228,False,123.81251116043089,0.017498920007658313,interior_core,0.447348689225804,0.4862140443139171,326.2731452454919,23,,0.25690081524762093,154.79232752781263,0.03908095820522403,0.008088740697477427,,95,196,0,,,,,289,289,93,,384,0.0,wls,,,,,,1.474376176702208e-13,5.3290705182007514e-14,5.995204332975845e-14,9.947598300641403e-14,6.217248937900877e-14,2.9753977059954195e-14,9.059419880941277e-14,0.05171078133267623,0.06410241444347041,0.05960707221915025,0.048795211135909206,,,,,0.005111600999953225,ok,1.1190335319988662,9,False,
,,,,,0.1222630999982357,,,,,2.0,0.0,0.0,,,,,,,0.0,,,,star,3000,0.970492418572657,0.0,0.2,1.0908382319588645,1.1637919112595272,1.5164383239118273,1.532786765889553,1.0,8.26343939345165,1.1637919112595272,8.26343939345165,8.26343939345165,,0.10999999999999999,66,False,40.698082188423285,0.07359219532430403,near_boundary_interior,0.30413942001062766,-0.8248744727342502,50.985371888684604,23,,0.11000000000000003,38.070441856549635,0.05720000000000002,0.046769513963896586,,48,1,0,,,,,36,36,35,,84,0.0,wls,,,,,,1.7541523789077473e-14,5.773159728050814e-15,4.884981308350689e-15,7.854827899222983e-15,3.774758283725532e-15,2.220446049250313e-15,6.716849298982197e-15,1.2878509116425365,1.1637919112595272,1.9672247621399361,1.985408384901072,,,,,0.0005059450049884617,ok,0.12276904500322416,0,False,
0.25773552137732975,0.15252084686184111,0.23669258647423203,0.001996007984031936,0.0,0.6063008480123244,4.124874105327914,0.46557703240581866,2.209967848322842,0.3172561629153269,2.0,3.3955893652404256e-12,1.1225293708650456e-11,1.969747484496302,0.13660923466338212,0.8316383044873842,0.07246376811594203,0.2115213420090336,0.03414000860507496,0.5274351885140816,4.124874105327914,0.408750160311961,2.157430463802688,star,3000,0.9099747727912008,0.0,0.2,0.09635899423152883,0.17956535474017346,0.13395429993674743,0.1311089237337507,0.8435745844313423,0.29363060847295563,0.17956535474017346,0.29363060847295563,0.29363060847295563,2,0.2755262038848085,82,False,10.63865604468196,0.2921825003810206,near_boundary_interior,-0.4217246589064314,-0.32453592159419853,28.708601740807147,50,1.5,0.11000000000000003,15.269227176806115,0.05720000000000002,0.16950727234290236,2,48,1,1002,2,2,0,2,36,36,35,1000,84,0.3003992015968064,ccpfm,4.124874105327914,0.4093042268165026,2.159241452449059,0.998003992015968,0.301,6.572520305780927e-14,2.2929080856215478e-10,1.9979173870865452e-10,1.9877788304256683e-10,6.496736482120014e-11,9.231815312205072e-11,7.830083109672259e-11,0.0866209050683152,0.17956535474017346,0.13231561808037945,0.130714902827793,2.35,0,68,24,0.0007680839917156845,ok,0.6070689320040401,0,False,
0.3277616593554419,0.2734158030192304,0.3168924880881996,0.00035536602700781805,0.0,4.449995158996899,6.217442111774272,0.7229587055173262,1.9770266049431255,0.38173947264856356,2.0,6.223105017411079e-11,4.771957710632977e-10,2.910323282826014,0.39398287725673203,1.6868156096506985,0.2954324586977648,0.295295566271753,0.05809073470433657,0.5867875380327937,6.217442111774272,0.5458045128136969,1.7957341526023753,ellipse,2008,0.10623893876327341,0.0,0.08,0.05652671201365357,0.06611351133522356,0.06122070645280218,0.04128331065740661,0.7313132854147566,0.13200973329623977,0.13200973329623977,0.13200973329623977,0.10605306849560492,1,0.21919422203769226,168,False,8.340695684775117,0.3171564462879752,interior_core,0.31772637362504935,-0.3722532863039245,26.9567645125426,46,1.0,0.25005886519538706,9.368208296370872,0.03886852175790247,0.15565052973949914,2,95,198,5628,2,2,0,2,292,292,94,5626,387,0.3343994314143568,ccpfm,6.217442111774272,0.5462778625140653,1.7958172812370568,0.9996446339729922,0.3345183078563811,5.968558980384842e-13,5.555175874860652e-09,4.964698874232454e-09,4.078430038134684e-09,4.457504587662697e-09,2.60675236951613e-09,3.8955825232278585e-09,0.05122279735231062,0.06627828274995579,0.05896948691027401,0.0393598214943834,2.35,0,68,24,0.013064963000942953,ok,4.463060121997842,8,False,
,,,,,0.2636717270070221,,,,,2.0,0.0,0.0,,,,,,,0.0,,,,star,3000,0.939279415095076,0.0,0.16,0.531343559500393,0.35553444217833996,0.6841865380428773,0.75315301815394,1.0,5.037501004618829,0.583307911312236,5.037501004618829,5.037501004618829,,0.08800000000000005,66,False,57.91886709775175,0.05213873111618271,near_boundary_interior,0.32811991510654137,0.8286748229899237,91.55953934963998,23,,0.08800000000000005,54.792414589816076,0.04576000000000004,0.02667433877143664,,60,8,0,,,,,56,56,48,,116,0.0,wls,,,,,,3.730349362740526e-14,1.3322676295501878e-14,9.325873406851315e-15,1.9290125052862095e-14,1.2365108936762681e-14,9.325873406851315e-15,2.842170943040401e-14,0.6680528110601904,0.3546930024624858,0.961492225382625,1.028385787719665,,,,,0.0007637809903826565,ok,0.2644355079974048,0,False,
,,,,,0.33829079900169745,,,,,2.0,0.0,0.0,,,,,,,0.0,,,,star,3000,0.79983334428128,0.0,0.12,0.1530521781075196,0.13633820039753955,0.18306073537638878,0.204785542768833,1.0,0.9536376866356638,0.3133806023986272,0.9536376866356638,0.9536376866356638,,0.066,81,False,117.23191508496663,0.024528924949694005,near_boundary_interior,0.8791552635756316,0.09795156282756037,152.70854930577428,23,,0.17808240523373722,86.09642605325713,0.043890827050049055,0.017718141181011303,,80,27,0,,,,,103,103,76,,183,0.0,wls,,,,,,4.707345624410664e-14,1.4876988529977098e-14,1.1324274851176597e-14,4.3520742565306136e-14,1.6708856520608606e-14,1.5987211554602254e-14,3.197442310920451e-14,0.18402517983664612,0.13695905704046105,0.24529245130939922,0.27364219044361826,,,,,0.0020254330011084676,ok,0.3403162320028059,0,False,
0.2482078890392929,0.22619178802477954,0.2438046688363902,0.0005230125523012552,0.0,2.97022383500007,5.572925252342152,0.679727691421213,1.9745421137406276,0.3619384149419485,2.0,1.951208639106028e-11,1.3476054698378498e-10,3.0939186615390835,0.35071686634301147,1.6624579534015411,0.2805208898534997,0.3060629357835901,0.05466238624707824,0.5812912327339139,5.572925252342152,0.532202175600246,1.8080468235527516,ellipse,2009,0.13715199881224666,0.0,0.1,0.07062196779756488,0.085068930127317,0.07791058286113345,0.05489616916297046,0.7263214665587616,0.18770585957422092,0.18770585957422092,0.18770585957422092,0.14862198583542474,1,0.5019111875992169,235,False,9.563753612716717,0.29646881781642975,interior_core,0.007474484551084043,-0.21795688033197638,26.51895513953716,46,1.0,0.2657911743432584,9.454076977214573,0.048202857954186065,0.16671222389322898,2,76,119,3824,2,2,0,2,192,192,73,3822,268,0.3226987447698745,ccpfm,5.572925252342152,0.5324179664060404,1.8085613354298902,0.9994769874476988,0.3228676085818943,4.121147867408581e-13,2.1718475906595813e-09,2.0440982240188532e-09,1.6906334110444732e-09,1.630058754642505e-09,1.3867778037024436e-09,1.727413767582675e-09,0.06298759302562341,0.0851407681048254,0.07441693784513273,0.052427116496131125,2.35,0,68,24,0.005591060005826876,ok,2.9758148950058967,9,False,
0.3896759751122954,0.32353526587507087,0.3764478332648505,0.0012586532410320957,0.0,0.9686862989910878,5.462725968278034,0.49563007983208673,2.1426136069758552,0.2953257790368272,2.0,5.582811990478831e-12,2.1465363921002313e-11,3.164332869451537,0.25797735196727606,1.3725178708573529,0.1977401129943503,0.3722591336866221,0.037229738286247954,0.5383850639990179,5.462725968278034,0.4608740042838799,2.0769333648065564,star,3000,0.8499755099507651,0.0,0.16,0.0690168298466383,0.07258959472481175,0.08886978120872634,0.09306119200036712,0.82732399334291,0.22987869777679154,0.13782912992934132,0.22987869777679154,0.22987869777679154,1,0.08799999999999998,76,False,13.919091478211735,0.31662416885505246,near_boundary_interior,-0.5447280326474833,-0.1485706795091492,29.4548367766093,58,1.0,0.08800000000000005,12.827425950332973,0.04576000000000004,0.17433632235164614,2,60,8,1589,2,2,0,2,56,56,48,1587,116,0.2844556324732536,ccpfm,5.462725968278034,0.4618786612489975,2.0770421524263756,0.9987413467589679,0.2848141146817895,1.474376176702208e-13,4.714364454372344e-10,4.73343475526633e-10,3.130524728334194e-10,2.530129439293205e-10,4.002103093370124e-10,2.4839019729938627e-10,0.0676011568147689,0.07138310213056287,0.09729468333666774,0.10096884054771121,2.35,0,68,24,0.0011336489988025278,ok,0.9698199479898904,0,False,
,,,,,0.5054760950006312,,,,,2.0,0.0,0.0,,,,,,,0.0,,,,star,3000,0.9657022103053018,0.0,0.1,0.38747535902982067,0.11910167216065795,0.44978557397170443,0.618415191407228,1.0,4.272759906023918,0.30301815557191564,4.272759906023918,4.272759906023918,,0.05500000000000005,96,False,156.57555944804807,0.018489795964278095,near_boundary_interior,0.9025779187977131,0.09090308216614809,214.67661405039905,23,,0.1614515267699077,115.08679112095183,0.037260844920742185,0.012518444531257254,,95,55,0,,,,,146,146,91,,241,0.0,wls,,,,,,6.88338275267597e-14,3.2862601528904634e-14,2.3203661214665772e-14,4.907185768843192e-14,1.9539925233402755e-14,1.354472090042691e-14,5.417888360170764e-14,0.5361964519233027,0.12003360347826018,0.6888997533703697,0.8675888998389981,,,,,0.0020933220075676218,ok,0.5075694170081988,0,False,
,,,,,0.8821348220080836,,,,,2.0,0.0,0.0,,,,,,,0.0,,,,star,3000,0.8966702878354597,0.0,0.08,0.10046518784638847,0.0466378138684489,0.11262444536508553,0.16917017226483186,1.0,1.2630102591059031,0.10901204344088661,1.2630102591059031,1.2630102591059031,,0.04400000000000007,131,False,267.5734111161141,0.011137996074686725,near_boundary_interior,0.32534790656364776,0.8942381701283242,333.0444525235451,23,,0.1555756464338486,170.2753096278209,0.029826002731608233,0.007835558630945578,,119,109,0,,,,,226,226,117,,345,0.0,wls,,,,,,1.1901590823981678e-13,5.3734794391857577e-14,5.3734794391857577e-14,5.684341886080802e-14,3.552713678800501e-14,4.3076653355456074e-14,1.2168044349891716e-13,0.14126564496289457,0.04684526774072378,0.1745387593455785,0.23832778765616638,,,,,0.004594079000526108,ok,0.8867289010086097,0,False,
0.313383191373432,0.24716365570426846,0.3001392842395993,0.0007645259938837921,0.0,1.613176447004662,5.033881408415377,0.524786775285467,1.9159744001893235,0.30903790087463556,2.0,1.08584599645134e-11,4.209408608179487e-11,2.407152743120745,0.2956136151258327,1.5007154435229326,0.23655913978494625,0.26959064339476424,0.04130099088108126,0.536949315349032,5.033881408415377,0.47412169735817977,1.8088395792271594,star,3000,0.7791283468968573,0.0,0.12,0.054181824730385054,0.05069974721574374,0.06480511941627565,0.07155140335773422,0.7614485176161501,0.19027680979131756,0.11900239220298636,0.19027680979131756,0.19027680979131756,1,0.066,99,False,15.822159177147464,0.27219111061602275,near_boundary_interior,-0.6052276252050963,0.18229539949497314,33.32840739307484,53,1.0,0.17808240523373722,9.88226847921593,0.043890827050049055,0.15512266653008255,2,80,27,2616,2,2,0,2,103,103,76,2614,183,0.29357798165137616,ccpfm,5.033881408415377,0.47573608317031557,1.8098169120523082,0.9992354740061162,0.2938026013771997,3.015365734881925e-13,1.2656680148381838e-09,1.292510320993756e-09,8.058735900817737e-10,8.823698993687401e-10,1.0938764338774831e-09,7.746898678107073e-10,0.052992437979501386,0.04992916198982807,0.07063514364931868,0.07665639753676387,2.35,0,68,24,0.0016554589965380728,ok,1.6148319060012,0,False,
,,,,,0.17200217499339487,,,,,2.0,0.0,0.0,,,,,,,0.0,,,,star,3001,0.9992696577146373,0.0,0.2,1.0550363941566854,0.1861745533632621,1.47989445264361,1.5147168611938373,1.0,7.824080016722547,0.1861745533632621,7.824080016722547,7.824080016722547,,0.10999999999999999,66,False,40.288146209620564,0.07436751308163346,near_boundary_interior,0.30413942001062766,-0.8248744727342502,47.26583730022333,23,,0.11000000000000003,37.35486371736522,0.05720000000000002,0.05057652893334257,,48,1,0,,,,,35,35,34,,83,0.0,wls,,,,,,1.354472090042691e-14,7.771561172376096e-15,6.217248937900877e-15,1.1352030426792226e-14,6.8035854727810374e-15,5.329070518200751e-15,9.929557176491244e-15,1.239854431325711,0.1861745533632621,1.909306814399061,1.9369182385683328,,,,,0.0005508199974428862,ok,0.17255299499083776,1,False,
0.2069490626938437,0.2069490626938437,0.2069490626938437,0.0010193679918450561,0.0,0.5585121670010267,4.724764067551269,0.47842588106947886,2.1268001952572657,0.31201764057331866,2.0,3.378804180886874e-12,1.0642942668971042e-11,2.4524291286186246,0.13085771421144432,0.9370675578849942,0.0945945945945946,0.22767256603870728,0.03485642792195341,0.5205713746224507,4.724764067551269,0.4048775651776662,2.0843858334722687,star,3001,0.9999552749825759,0.0,0.2,0.07982251590092937,0.003485702578365779,0.11196665738935464,0.11464057834463247,0.8343455377659009,0.23769953123886733,0.003485702578365779,0.23769953123886733,0.23769953123886733,1,0.11000000000000006,60,False,15.472562453620329,0.3195824418676282,near_boundary_interior,-0.5470711752408862,-0.18358034994141717,28.93106667403725,50,0.5,0.11000000000000003,14.800506190037057,0.05720000000000002,0.1670270574847252,1,48,1,981,2,1,1,2,35,35,34,980,83,0.29561671763506625,ccpfm,4.724764067551269,0.4050681275100352,2.0863507746575647,0.9989806320081549,0.29591836734693877,8.926193117986259e-14,1.9735768574946633e-10,1.7068901847494544e-10,1.8266343992934253e-10,6.851644251959499e-11,7.224421061380326e-11,8.661185657565795e-11,0.07644047818910579,0.003485702578365779,0.11771408176226594,0.11943113034632201,2.35,0,68,24,0.000584913999773562,ok,0.5590970810008002,1,False,
,,,,,0.19838645900017582,,,,,2.0,0.0,0.0,,,,,,,0.0,,,,star,3001,0.9096399961720948,0.0,0.16,0.5350738407401114,0.47413941172588975,0.6876054942167966,0.7286887523139781,1.0,4.718476131843216,0.8759334096072312,4.718476131843216,4.718476131843216,,0.08800000000000005,66,False,57.31046095018852,0.05274891432390215,near_boundary_interior,0.32811991510654137,0.8286748229899237,89.11669425510175,23,,0.08800000000000005,55.36599723098336,0.04576000000000004,0.02700172264143952,,60,7,0,,,,,57,57,50,,117,0.0,wls,,,,,,1.7763568394002505e-14,1.0658141036401503e-14,8.659739592076221e-15,2.1316282072803006e-14,7.105427357601002e-15,5.995204332975845e-15,1.6014967130217883e-14,0.6642435596685602,0.45413661631669966,0.9516622785500182,1.0017884188160555,,,,,0.0007559939986094832,ok,0.1991424529987853,1,False,
0.3662695381673371,0.3646663394851465,0.365948898430899,0.0005138746145940391,0.0,2.357457718986552,6.3768429576387025,0.5840213042886648,2.0083019055030378,0.3124555160142349,2.0,1.2271378357908702e-11,5.23647417958381e-11,2.905520220210624,0.32159619960214547,1.5611975608537225,0.2578558225508318,0.2864333058535348,0.042208473250143395,0.5524091154535442,6.3768429576387025,0.5210334410403918,1.8351332598677963,star,3000,0.6425809171948574,0.0,0.1,0.05497069095566596,0.05454573107129554,0.06381057067737955,0.07156646326284864,0.7625114034828806,0.20170087185971358,0.13900154078995874,0.20170087185971358,0.20170087185971358,1,0.05500000000000003,118,False,15.965034342433183,0.27438183758780166,near_boundary_interior,-0.6196603863066787,0.18169060603766468,34.56791711673272,58,1.0,0.1614515267699077,10.055491314930725,0.037260844920742185,0.15476447422635478,2,95,55,3892,2,2,0,2,146,146,91,3890,241,0.2972764645426516,ccpfm,6.3768429576387025,0.5212829666949035,1.8362356260356723,0.9994861253854059,0.2974293059125964,4.787281682183675e-13,2.5322810515149285e-09,2.548973032645563e-09,1.8267574120045538e-09,1.0479498380178143e-09,8.742889745505522e-10,5.052633866853284e-10,0.05286041113527654,0.05406275886169468,0.06791451913478386,0.07505710313286876,2.55,1,80,28,0.003939433008781634,ok,2.361397151995334,0,False,
0.1973962600951378,0.1725893364200704,0.19243487536012432,0.0003595828838547285,0.0,4.420387537000352,6.22262189679566,0.7051874410230993,1.981310625497284,0.36996047430830037,2.0,5.569307428426873e-11,3.85820298768042e-10,2.907515474974527,0.4008588824439246,1.6370342846764554,0.295844327176781,0.3049069595193466,0.05810797339393651,0.5781765416094691,6.22262189679566,0.5362246939075477,1.7745809200511389,ellipse,2009,0.0895548647925784,0.0,0.08,0.06324211131630961,0.07418822769846418,0.06842210756473066,0.04311128332832092,0.7269930018909868,0.15460308083876223,0.15460308083876223,0.15460308083876223,0.11518879165239082,1,0.556016875908756,257,False,9.652420055061887,0.2954454517582154,interior_core,0.043235049325099154,-0.14015021186213067,27.117747992928404,46,1.0,0.25690081524762093,9.416746081578404,0.03908095820522403,0.1565990105365444,2,95,196,5562,2,2,0,2,289,289,93,5560,384,0.3295577130528587,ccpfm,6.22262189679566,0.5371995768228253,1.7748897208936485,0.9996404171161453,0.3296762589928058,7.922551503725117e-13,4.857310997863351e-09,4.334164138697361e-09,3.735413756089656e-09,4.6415103704955385e-09,2.800067733232936e-09,4.361082717174725e-09,0.05778414158643449,0.07559342577123086,0.06660784099364808,0.041757486659055314,2.35,0,68,24,0.008303840004373342,ok,4.428691377004725,9,False,
,,,,,0.33502365701133385,,,,,2.0,0.0,0.0,,,,,,,0.0,,,,star,3001,0.9870765607502967,0.0,0.12,7.804133920637344,1.7196528388916974,9.343741711694603,11.804289601207664,1.0,103.58609487831382,4.32100927414959,103.58609487831382,103.58609487831382,,0.06600000000000006,80,False,86.15162436313457,0.03619410792552305,near_boundary_interior,0.9339999999999999,-8.095834594526952e-16,145.87507849262516,23,,0.1778730190655341,88.44096361900924,0.04389082705004873,0.017954636036386896,,80,27,0,,,,,100,100,73,,180,0.0,wls,,,,,,5.728750807065808e-14,1.7763568394002505e-14,1.176836406102666e-14,3.1530333899354446e-14,1.6542323066914832e-14,1.4432899320127035e-14,2.942091015256665e-14,10.631723877585888,1.7484056835032282,14.263954384973818,16.660799107584687,,,,,0.0019089999987045303,ok,0.3369326570100384,1,True,linf_large
0.36142390285075504,0.22121192453446356,0.33338150718749676,0.0012484394506866417,0.0,0.9627467160025844,4.402879022464259,0.5216337948813603,2.1071312809438507,0.2951977401129944,2.0,4.8485000736508965e-12,2.0753135862492213e-11,3.6663140134664594,0.2978438166562899,1.387424134765967,0.1989247311827957,0.3174864262967605,0.03815918181566165,0.5362972183329758,4.402879022464259,0.49477588459567706,2.0439543392664565,star,3001,0.6834689237949623,0.0,0.16,0.0894204227944005,0.1483027188588857,0.11491119417008236,0.10555764152933207,0.8150068211027828,0.23640433517364212,0.21006481637832106,0.23640433517364212,0.23640433517364212,1,0.08799999999999998,76,False,13.843320435111298,0.31770433015940003,near_boundary_interior,-0.5447280326474833,-0.1485706795091492,28.738954330857826,55,1.0,0.08800000000000005,12.000689669157492,0.04576000000000004,0.178589250344166,2,60,7,1602,2,2,0,2,57,57,50,1600,117,0.284019975031211,ccpfm,4.402879022464259,0.49685390259564144,2.044502885414198,0.9987515605493134,0.284375,2.5568436257117355e-13,6.443956479529334e-10,6.477840486240893e-10,3.982711938022021e-10,2.688679435342012e-10,4.3585135500734395e-10,2.505919916018229e-10,0.07970676069841055,0.14713548753726202,0.11419593972418719,0.108791420541433,2.35,0,68,24,0.0013199520035414025,ok,0.9640666680061258,1,False,
,,,,,0.587353926996002,,,,,2.0,0.0,0.0,,,,,,,0.0,,,,star,3001,0.9136056330702644,0.0,0.1,0.17565585775553538,0.08696929816456991,0.20342399649396609,0.26775663844283915,1.0,1.59445220740493,0.1639304979747237,1.59445220740493,1.59445220740493,,0.054999999999999986,114,False,181.86626820962198,0.016034216500159817,near_boundary_interior,-0.7277305686804637,0.5869891044016182,214.4847692343221,23,,0.16520614123253136,115.98035842594031,0.037260844920742206,0.011620109915064215,,95,55,0,,,,,147,147,92,,242,0.0,wls,,,,,,8.659739592076221e-14,3.3084646133829665e-14,1.865174681370263e-14,4.973799150320701e-14,2.4244495300251856e-14,2.1094237467877974e-14,6.483702463810914e-14,0.23792834871855295,0.08771582085644063,0.3052777879398943,0.37988015845424256,,,,,0.002612863012473099,ok,0.5899667900084751,1,False,
0.31928215379580327,0.2368075230782572,0.30278722765229404,0.0007012622720897616,0.0,1.6671801839984255,5.375347468382512,0.5293768052928669,1.902599874865465,0.31576655052264807,2.0,9.207726595072963e-12,3.878492161723653e-11,2.5533038709070803,0.2721983485425539,1.49209754711623,0.22482014388489208,0.2958566540395531,0.03722311802492238,0.5264327893737,5.375347468382512,0.48031505078927006,1.814752864260622,star,3001,0.7059441591591529,0.0,0.12,0.06735794014477252,0.07079958590236146,0.08064638579307463,0.08616158808904217,0.7637111127166055,0.2196163274914268,0.19929973975857157,0.2196163274914268,0.2196163274914268,1,0.17994163866996798,160,False,10.64481035653334,0.2833001692114527,near_boundary_interior,-0.49112965464281944,-0.2205965018873756,30.99559308360421,57,1.0,0.1778730190655341,10.2437202315237,0.04389082705004873,0.17216925397773897,2,80,27,2852,2,2,0,2,100,100,73,2850,180,0.2980364656381487,ccpfm,5.375347468382512,0.48098742248485804,1.8150171778689723,0.9992987377279102,0.2982456140350877,4.1011638529653283e-13,1.6992769413803899e-09,1.7080022951532214e-09,1.1631413610047048e-09,8.665592687862045e-10,1.3661183295710089e-09,9.687268764935197e-10,0.06463598160041634,0.07391106972336456,0.08671826919057395,0.09099969689805605,2.55,1,80,28,0.002494107000529766,ok,1.6696742909989553,1,False,
,,,,,0.8975868499983335,,,,,2.0,0.0,0.0,,,,,,,0.0,,,,star,3001,0.9949043582269509,0.0,0.08,0.9166952267603735,0.09451739223062817,1.0301005109805013,1.6353438168025098,1.0,16.552972565731903,0.49961741738571885,16.552972565731903,16.552972565731903,,0.04400000000000007,144,False,260.2403895058247,0.011427967446391055,near_boundary_interior,-0.7565095719141108,0.5803991501298414,328.05396548781806,23,,0.15242049129334798,173.139133321246,0.029826002731608615,0.0075508774582295855,,119,110,0,,,,,227,227,117,,346,0.0,wls,,,,,,1.006972283335017e-13,3.9968028886505635e-14,3.197442310920451e-14,7.904787935331115e-14,4.8405723873656825e-14,2.4646951146678475e-14,6.483702463810914e-14,1.3295383990616503,0.0952074621716945,1.6414437540558546,2.2845028709636743,,,,,0.0036760680086445063,ok,0.901262918006978,1,True,linf_large
,,,,,0.09609728699433617,,,,,2.0,0.0,0.0,,,,,,,0.0,,,,star,3002,0.9596400977860412,0.0,0.2,0.9416170810772557,0.8086754290532847,1.3552895093574953,1.4099801174018753,1.0,6.5915094945708,0.8507373469657663,6.5915094945708,6.5915094945708,,0.10999999999999999,66,False,37.70353687835106,0.07924147929818787,near_boundary_interior,0.30413942001062766,-0.8248744727342502,46.64434207777533,23,,0.11000000000000003,37.73048910289651,0.05720000000000002,0.05002943940234281,,48,2,0,,,,,34,34,32,,82,0.0,wls,,,,,,1.354472090042691e-14,1.0658141036401503e-14,4.884981308350689e-15,9.96425164601078e-15,5.732393726365359e-15,4.884981308350689e-15,7.904267518288322e-15,1.1074234674027137,0.8000265743056156,1.7198128520333462,1.7614236724651358,,,,,0.0006560509937116876,ok,0.09675333798804786,2,False,
0.26099931857042,0.1791269635072048,0.24462484755777697,0.00040412204485754696,0.0,3.6646315479883924,5.428202591367625,0.6234152127892383,1.9966961293640624,0.35765512940442784,2.0,3.6766024252843366e-11,1.8294771344284256e-10,2.8009384801580386,0.3593640333707201,1.5329284320167442,0.2738231917336395,0.29635394544778004,0.04879518914433695,0.5684619407904751,5.428202591367625,0.5228601107158559,1.8089165120994066,star,3000,0.4714461744732191,0.0,0.08,0.02028158367437101,0.02129396070156437,0.022736254830321517,0.024763368647242802,0.7360419087202719,0.07406493718154844,0.06712527731899276,0.07406493718154844,0.07406493718154844,1,0.04400000000000004,152,False,16.721456979873782,0.26484055792246375,near_boundary_interior,-0.603226368170765,-0.1479045430654605,29.660918337390658,49,1.0,0.1555756464338486,9.516493085915823,0.029826002731608233,0.16681187437489522,2,119,109,4949,2,2,0,2,226,226,117,4947,345,0.32814710042432815,ccpfm,5.428202591367625,0.5230251424731782,1.809100734498255,0.9995958779551425,0.3282797655144532,6.892264536872972e-13,6.649609307629589e-09,6.327176560461112e-09,6.05288663635406e-09,4.041992296421881e-09,5.826629623228996e-09,5.364252819717308e-09,0.019377485234922987,0.021481745139712186,0.023941576404008815,0.026024851116145047,2.35,0,68,24,0.005841850012075156,ok,3.6704733980004676,0,False,
0.08449769089818843,0.06134323405334008,0.07986679952921875,0.0020181634712411706,0.0,0.5785693809884833,4.931130205662229,0.4438244386090453,2.221960625434314,0.291220556745182,2.0,3.994699536435942e-12,1.2627403530143553e-11,0.7099057497055723,0.07601646032872315,0.306370224373077,0.0,0.2095036649672628,0.03092746844525069,0.520093195746329,4.931130205662229,0.3727132360256393,2.1639061872763,star,3002,0.9521401896487239,0.0,0.2,0.09115464953323127,0.08524897761083003,0.1312008275170737,0.13596080944558311,0.8771259932378526,0.2682917602788795,0.1318517813308764,0.2682917602788795,0.2682917602788795,1,0.11000000000000006,60,False,15.3734941488595,0.3163853482894992,near_boundary_interior,-0.5470711752408862,-0.18358034994141717,34.815336896059485,48,1.0,0.11000000000000003,15.64142955855456,0.05720000000000002,0.1506847777409347,2,48,2,991,2,2,0,2,34,34,32,989,82,0.27447023208879917,ccpfm,4.931130205662229,0.378069227815104,2.165301850277425,0.9979818365287588,0.2750252780586451,7.72715225139109e-14,2.559046308192592e-10,2.2900747964627044e-10,2.2053298076585293e-10,6.999649644623407e-11,1.297477680850534e-10,1.2550871453242962e-10,0.0880029701361183,0.09332377444848793,0.136667357620809,0.13892806276689734,2.55,1,80,28,0.0006587430107174441,ok,0.5792281239992008,2,False,
,,,,,0.22219740200671367,,,,,2.0,0.0,0.0,,,,,,,0.0,,,,star,3002,0.9477196595676805,0.0,0.16,0.5284983163634714,0.34403503683578235,0.683940194132137,0.747510077187498,1.0,4.865709095768224,0.5341316365166526,4.865709095768224,4.865709095768224,,0.08800000000000005,66,False,57.428694988288875,0.052721313858675664,near_boundary_interior,0.32811991510654137,0.8286748229899237,84.39161324742359,23,,0.08800000000000005,53.99441442985065,0.04576000000000004,0.029589678500105677,,60,8,0,,,,,57,57,49,,117,0.0,wls,,,,,,3.374384105470085e-14,8.43769498715119e-15,7.549516567451064e-15,1.454392162258955e-14,1.2378986724570495e-14,6.106226635438361e-15,1.5432100042289676e-14,0.6587318299800619,0.33953391138979827,0.9437656190224116,1.0086085158307574,,,,,0.0011050439934479073,ok,0.22330244600016158,2,False,
,,,,,0.3149006659950828,,,,,2.0,0.0,0.0,,,,,,,0.0,,,,star,3002,0.7841410395147057,0.0,0.12,0.1749722965218559,0.15099412611239027,0.211793259479855,0.24726296914463505,1.0,1.1756836473411663,0.3105312201236392,1.1756836473411663,1.1756836473411663,,0.06599999999999998,113,False,111.34731606249306,0.02569968350103631,near_boundary_interior,0.3648313892474991,-0.8058576447194922,147.89834366379358,23,,0.17083626096867432,87.79985983819795,0.04389082705004867,0.018086983270333357,,80,30,0,,,,,99,99,69,,179,0.0,wls,,,,,,4.707345624410664e-14,2.042810365310288e-14,1.1546319456101628e-14,4.8627768478581856e-14,1.6653345369377348e-14,1.5987211554602254e-14,6.394884621840902e-14,0.20505955572974316,0.15023968821262873,0.2757331170120015,0.31507274321032364,,,,,0.0013345120096346363,ok,0.31623517800471745,2,False,
0.3686874443446667,0.2378050085643288,0.34251095718859914,0.0005729017473503294,0.0,2.28052112700243,6.482932303941069,0.5934750282209198,2.0133698867632464,0.3222354340071344,2.0,1.1709036518148253e-11,5.510214325107039e-11,2.7232473956014798,0.30418856112679427,1.556289513957577,0.25206611570247933,0.3219133338351447,0.04520981519515971,0.5538983912934216,6.482932303941069,0.5129429308323165,1.8448019082905183,star,3001,0.5701931784918156,0.0,0.1,0.04294162056516482,0.04742154475642329,0.04972994457976187,0.05171156295932985,0.7622186097138199,0.18136025021378094,0.10657100338872683,0.18136025021378094,0.18136025021378094,1,0.05500000000000003,121,False,16.304162755081506,0.259561741222162,near_boundary_interior,-0.6196603863066784,-0.1816906060376642,33.97506645140418,55,1.0,0.16520614123253136,9.605833041159052,0.037260844920742206,0.14500005133866506,2,95,55,3491,2,2,0,2,147,147,92,3489,242,0.3027785734746491,ccpfm,6.482932303941069,0.5131419276568618,1.8452292390891016,0.9994270982526496,0.30295213528231585,3.730349362740526e-13,1.165415319803742e-09,9.86381420986504e-10,9.735913186759149e-10,4.510677664715246e-10,1.1261542809393177e-09,7.498028864461048e-10,0.041962388724287134,0.04778635923316784,0.053840516590049535,0.05715437649572471,2.35,0,68,24,0.007326633000047877,ok,2.287847760002478,1,False,
0.27632762368490293,0.20809599002530038,0.2626812969529824,0.001238390092879257,0.0,0.9003966739983298,5.7370605584810574,0.5152433821944894,2.1388803061240296,0.303859649122807,2.0,4.243945472826027e-12,2.0362505342162388e-11,2.998089005946953,0.26407903759764684,1.511123199973608,0.20526315789473684,0.3051823334567705,0.038145853839787865,0.5444477089430743,5.7370605584810574,0.48771611604923676,2.0462779782446496,star,3002,0.8092870942775052,0.0,0.16,0.07328448807909295,0.09111543696192607,0.09483891519006822,0.09578485907711008,0.8182710835698724,0.2484511948434972,0.15460994131008227,0.2484511948434972,0.2484511948434972,1,0.08799999999999998,76,False,14.010918011729744,0.31579456623620616,near_boundary_interior,-0.5447280326474833,-0.1485706795091492,28.525569257049806,57,1.0,0.08800000000000005,11.930377176885028,0.04576000000000004,0.17936445805110807,2,60,8,1615,2,2,0,2,57,57,49,1613,117,0.29226006191950465,ccpfm,5.7370605584810574,0.4887359527423425,2.048711143576432,0.9987616099071207,0.2926224426534408,1.4921397450962104e-13,4.6102988093821295e-10,4.2521486331992264e-10,2.656263820011162e-10,2.8533295691468563e-10,4.855007507131859e-10,2.9453928185319e-10,0.07070429201364359,0.09146381096082537,0.10129809564814471,0.10281440666210931,2.35,0,68,24,0.0013855310098733753,ok,0.9017822050082032,2,False,
,,,,,0.5755460090003908,,,,,2.0,0.0,0.0,,,,,,,0.0,,,,star,3002,0.9368596734203808,0.0,0.1,0.21167974868875622,0.08885732763925035,0.24589709559008144,0.33118438708667536,1.0,1.930764624302129,0.22191894620781044,1.930764624302129,1.930764624302129,,0.054999999999999986,114,False,153.39851313104163,0.019501115330724125,near_boundary_interior,-0.7277305686804637,0.5869891044016182,213.9404618091414,23,,0.16546602685395662,115.09497482875285,0.037260844920742164,0.011642609519380237,,95,54,0,,,,,144,144,90,,239,0.0,wls,,,,,,7.460698725481052e-14,3.108624468950438e-14,2.4424906541753444e-14,4.707345624410664e-14,2.398081733190338e-14,1.7985612998927536e-14,5.5067062021407764e-14,0.2871159934106771,0.08883692856935883,0.3698921284913102,0.46279271691022605,,,,,0.002853851008694619,ok,0.5783998600090854,2,False,
,,,,,0.7980565110046882,,,,,2.0,0.0,0.0,,,,,,,0.0,,,,star,3002,0.7456349087626247,0.0,0.08,0.06686347237350586,0.047866883814842484,0.07527244820056486,0.1067135392027857,1.0,0.8251628994781621,0.13977457450816605,0.8251628994781621,0.8251628994781621,,0.044000000000000004,170,False,255.27551535822792,0.011467533781350701,near_boundary_interior,0.32534790656365015,-0.8942381701283225,316.1691489135904,23,,0.1583785645949327,167.21422413279282,0.02982277133526383,0.007920924063780171,,119,109,0,,,,,220,220,111,,339,0.0,wls,,,,,,1.2789769243681803e-13,7.993605777301127e-14,4.440892098500626e-14,9.592326932761353e-14,6.750155989720952e-14,6.616929226765933e-14,1.2256862191861728e-13,0.08645357214377,0.049100592681501215,0.10731772339955015,0.14303581080814037,,,,,0.0035995929938508198,ok,0.801656103998539,2,False,
0.2564002190011904,0.22073884300879604,0.24926794380271156,0.000711490572749911,0.0,1.6088889689999633,5.395197603661962,0.5199582885934262,1.8903779514747576,0.3157894736842105,2.0,9.690425545327841e-12,3.8440362335307976e-11,3.0498266398590586,0.28793132118946524,1.4924858215228207,0.2335216572504708,0.31365789628823426,0.03715251290364516,0.5305281316930297,5.395197603661962,0.47439603612825315,1.8098448375666811,star,3002,0.7444034597737288,0.0,0.12,0.06681884661716864,0.06274544165893282,0.08088012560300896,0.09200170211432612,0.7609800896585429,0.2115505067494351,0.1617261038660691,0.2115505067494351,0.2115505067494351,1,0.2337511997051229,138,False,8.662890055103523,0.3193230773468452,near_boundary_interior,-0.42400320874128733,-0.2323220657115447,32.39479574586822,58,1.0,0.17083626096867432,10.597263037356266,0.04389082705004867,0.16316635291935272,2,80,30,2811,2,2,0,2,99,99,69,2809,179,0.30024902170046247,ccpfm,5.395197603661962,0.47439728338624426,1.810704870743595,0.9992885094272501,0.3004627981488074,3.2240876635114546e-13,1.5815835308075066e-09,1.5838752531749378e-09,1.0585046172906232e-09,8.049358124484485e-10,1.5878104386857217e-09,1.1426565249550436e-09,0.06383933892806408,0.06303690477070276,0.08584150028014284,0.09404732180517555,2.55,1,80,28,0.0024232370051322505,ok,1.6113122060050955,2,False,
,,,,,0.12877511901024263,,,,,2.0,0.0,0.0,,,,,,,0.0,,,,star,3003,0.9108289629640592,0.0,0.2,0.8731697586721547,0.9691381788870507,1.1992373405158716,1.2316935527806663,1.0,5.092052758166389,1.3828914085665562,5.092052758166389,5.092052758166389,,0.11000000000000003,52,False,39.50167688813096,0.07341976622786275,near_boundary_interior,0.3374840457948018,0.7479494562408507,50.30045075316569,23,,0.11000000000000003,37.73032755088185,0.05720000000000003,0.0473566343110758,,48,3,0,,,,,37,37,34,,85,0.0,wls,,,,,,1.509903313490213e-14,5.329070518200751e-15,5.329070518200751e-15,8.881784197001252e-15,1.2434497875801753e-14,3.9968028886505635e-15,7.105427357601002e-15,1.0259960861266488,0.9878702399189919,1.555085618078433,1.5954818054408897,,,,,0.0007042679935693741,ok,0.129479387003812,3,False,
0.19365740730600806,0.17394271758369473,0.1897144693615454,0.00040064102564102563,0.0,3.562885796985938,5.193214887885966,0.6224646026576501,2.066709117121056,0.3542050337630448,2.0,3.488355090897066e-11,1.8087713122881928e-10,2.39336491794314,0.3501221077719888,1.521792109282939,0.27566320645905423,0.2906963787885586,0.04864597757281784,0.5711123604549255,5.193214887885966,0.509774377315114,1.8069427549654422,star,3001,0.26393646605600624,0.0,0.08,0.02861921134075186,0.035465217625704426,0.032159722626846146,0.026296672462839094,0.7336876385197553,0.09200403808494872,0.09047102794004791,0.09200403808494872,0.09200403808494872,1,0.04400000000000004,152,False,16.40963423620879,0.2635690667869866,near_boundary_interior,-0.603226368170765,-0.1479045430654605,29.416038594401265,50,1.0,0.15242049129334798,9.469995454535866,0.029826002731608615,0.16716900076747912,2,119,110,4992,2,2,0,2,227,227,117,4990,346,0.3269230769230769,ccpfm,5.193214887885966,0.5104472173967929,1.806948990725633,0.9995993589743589,0.3270541082164329,8.242295734817162e-13,6.87855772341095e-09,5.223334431647686e-09,5.330839769612794e-09,3.601995646196343e-09,6.650475059544192e-09,6.0597393769512564e-09,0.0254534784033002,0.036297603550057955,0.031424781092129525,0.026024243489377485,2.35,0,68,24,0.003940581009374,ok,3.566826377995312,1,False,
0.24835515742337233,0.1472805841569062,0.2281402427700791,0.0018331805682859762,0.0,0.5999441830063006,6.2607065307627705,0.4510884497761948,2.1989007040184063,0.30954773869346736,2.0,3.394950987001266e-12,1.210716423988316e-11,3.0429883831662705,0.12053643428694767,1.0405846510971886,0.11458333333333333,0.2591265800648909,0.03349091397774463,0.5275099864333732,6.2607065307627705,0.3917167860273027,2.094193397155602,star,3003,0.8610117329791864,0.0,0.2,0.09994293422538844,0.13848931713895946,0.13726460113102598,0.13706993180599697,0.8497239385660516,0.2997211463512869,0.1897580902717391,0.2997211463512869,0.2997211463512869,1,0.24130504026750652,84,False,11.338280276537406,0.27774036016694065,near_boundary_interior,-0.4624727497323765,-0.3741893883469894,32.386178187990936,51,1.0,0.11000000000000003,14.727547292794501,0.05720000000000003,0.1593633439679053,2,48,3,1091,2,2,0,2,37,37,34,1089,85,0.2923923006416132,ccpfm,6.2607065307627705,0.39919710087265303,2.0996015133999086,0.998166819431714,0.29292929292929293,1.056932319443149e-13,2.1679191775092477e-10,1.5803269803882358e-10,1.7481394110063775e-10,1.0029688191082187e-10,1.0251532955862785e-10,1.254552017826427e-10,0.08951394690548937,0.13248263448770645,0.1356748367098351,0.13595290311013264,2.55,1,80,28,0.0006465080077759922,ok,0.6005906910140766,3,False,
,,,,,0.23130226400098763,,,,,2.0,0.0,0.0,,,,,,,0.0,,,,star,3003,0.9505781036131271,0.0,0.16,0.5505526100406593,0.3402507097465827,0.7076253660798523,0.7780723017998319,1.0,4.992021864188439,0.691797627267454,4.992021864188439,4.992021864188439,,0.08800000000000005,66,False,59.10366347029403,0.05085935701933006,near_boundary_interior,0.32811991510654137,0.8286748229899237,82.43391093437525,23,,0.08800000000000005,55.617008178775244,0.04576000000000004,0.028962724927782544,,60,8,0,,,,,57,57,49,,117,0.0,wls,,,,,,4.618527782440651e-14,1.021405182655144e-14,8.881784197001252e-15,2.4868995751603507e-14,1.1546319456101628e-14,6.8833827526759706e-15,1.5987211554602254e-14,0.6947853440295797,0.3452920698101641,0.9954195174015233,1.0645034099769095,,,,,0.0011104899895144626,ok,0.2324127539905021,3,False,
0.20416708425914198,0.18457344534889614,0.20024835647709283,0.0005209690023443605,0.0,2.365681601004326,6.52442202253508,0.5951966313245446,1.9840091991244828,0.31614509246088196,2.0,1.1025659552021949e-11,4.8677467092880665e-11,3.372383245430476,0.3145360713729274,1.5406129351071136,0.25219084712755596,0.3675861065198036,0.04219335415217523,0.5463408223804741,6.52442202253508,0.5207561291039358,1.855500964091591,star,3002,0.5737624274551104,0.0,0.1,0.05653803896552141,0.06166335217407418,0.06567723014648036,0.06922453773557924,0.7725761650693713,0.18051067006877464,0.18051067006877464,0.18051067006877464,0.17752379341883917,1,0.20118305674523007,182,False,10.002678871064386,0.31181099764022174,interior_core,-0.4437876719566859,0.2029261870043663,34.956199632319446,58,1.0,0.16546602685395662,9.811051593780643,0.037260844920742164,0.1502528473941944,2,95,54,3839,2,2,0,2,144,144,90,3837,239,0.29903620734566294,ccpfm,6.52442202253508,0.5207682282253233,1.8560533252271199,0.9994790309976557,0.2991920771436018,3.907985046680551e-13,1.4631957867550227e-09,1.3765539819132755e-09,8.407070595239929e-10,1.1766765894982711e-09,1.5135557251966247e-09,1.042152586450129e-09,0.05425085012373562,0.06319420603472194,0.06989148248536889,0.07361797547195162,2.55,1,80,28,0.0026171919889748096,ok,2.3682987929933006,2,False,
,,,,,0.4063321659923531,,,,,2.0,0.0,0.0,,,,,,,0.0,,,,star,3003,0.8642855206698086,0.0,0.12,0.17431589857343124,0.12770038169297876,0.2088558223927337,0.24328400993095928,1.0,1.6743306783265959,0.39757652895975226,1.6743306783265959,1.6743306783265959,,0.06599999999999998,88,False,97.04858826086318,0.031368670300533474,near_boundary_interior,0.3325788237646691,0.8585999531986871,141.42706449578108,23,,0.17854767204574729,86.68954282057113,0.043890827050048924,0.01895539964903124,,80,28,0,,,,,102,102,74,,182,0.0,wls,,,,,,6.88338275267597e-14,2.531308496145357e-14,2.1760371282653068e-14,2.6978419498391304e-14,1.6209256159527285e-14,1.9317880628477724e-14,5.3512749786932545e-14,0.21973777826402263,0.1282342157494979,0.29352178323389877,0.3354581659836313,,,,,0.002106667001498863,ok,0.408438832993852,3,False,
0.3006167347672655,0.23378414594320251,0.2872502170024529,0.0012445550715619166,0.0,0.9735690010129474,4.876911050786719,0.5079410265785373,2.07050145302036,0.29658605974395447,2.0,4.79082398752162e-12,2.0197227090288144e-11,4.056765064114507,0.2601216457252039,1.4943237457079621,0.21393034825870647,0.35778933777752586,0.03771034530645298,0.5365941374369402,4.876911050786719,0.4837334393506341,2.027004804884539,star,3003,0.9088999463319996,0.0,0.16,0.06708000865560632,0.05628503459708748,0.0862179468698868,0.09269970994844864,0.8160619696422066,0.22571280533409677,0.09907819513026518,0.22571280533409677,0.22571280533409677,1,0.08799999999999998,76,False,13.678298976653457,0.30029054700415564,near_boundary_interior,-0.5447280326474833,-0.1485706795091492,28.48913270126922,57,1.0,0.08800000000000005,12.18615748077102,0.04576000000000004,0.17824620695044313,2,60,8,1607,2,2,0,2,57,57,49,1605,117,0.2862476664592408,ccpfm,4.876911050786719,0.4837932173799007,2.0299094172872025,0.998755444928438,0.2866043613707165,1.5010215292932116e-13,5.799696278785405e-10,5.862197394179702e-10,3.4659342063037e-10,2.5995083863250557e-10,5.652394108324188e-10,3.4367353407560586e-10,0.06740149711347072,0.05607368262967614,0.0965661787563193,0.10165693297455082,2.35,0,68,24,0.004243979987222701,ok,0.9778129810001701,3,False,
,,,,,0.5504002770030638,,,,,2.0,0.0,0.0,,,,,,,0.0,,,,star,3003,0.9721510963475447,0.0,0.1,0.3567286464970365,0.09675652672878472,0.41538750332894525,0.587057654287585,1.0,4.470729413162297,0.21357333038548498,4.470729413162297,4.470729413162297,,0.05499999999999997,124,False,162.1422477023654,0.018103102970611216,near_boundary_interior,-0.7831409257838239,-0.5107232906777002,213.47177403433605,23,,0.15645897400082395,114.7596003908202,0.03726084492074215,0.012160718683141822,,95,55,0,,,,,143,143,88,,238,0.0,wls,,,,,,7.105427357601002e-14,3.019806626980426e-14,2.2426505097428162e-14,7.105427357601002e-14,3.197442310920451e-14,2.4868995751603507e-14,4.973799150320701e-14,0.4879882550698637,0.0979469792973782,0.6295494216590004,0.798776729777943,,,,,0.0025485579972155392,ok,0.5529488350002794,3,False,
,,,,,1.1364864719944308,,,,,2.0,0.0,0.0,,,,,,,0.0,,,,star,3003,0.9502065485834819,0.0,0.08,0.16182784702687023,0.051318409303639734,0.1815158821550775,0.28815473548321974,1.0,2.944869503304375,0.15645066288145082,2.944869503304375,2.944869503304375,,0.044000000000000004,157,False,272.2093255686294,0.010820073566715752,near_boundary_interior,-0.7565095719141083,-0.5803991501298438,332.86815232531796,23,,0.16158374397620362,174.90193658023324,0.029826570309323744,0.007732912348187373,,119,117,0,,,,,231,231,114,,350,0.0,wls,,,,,,1.580957587066223e-13,6.261657858885883e-14,3.26405569239796e-14,8.992806499463768e-14,5.10702591327572e-14,5.1514348342607263e-14,1.0169642905566434e-13,0.2347249815592258,0.052083195916905724,0.2889264795022148,0.4078845166914359,,,,,0.00686086701171007,ok,1.1433473390061408,3,False,
0.1493972858343557,0.13148399172716635,0.1458146270129178,0.000693721817551162,0.0,2.0166765800095163,6.906998067426372,0.5349600682045021,1.9407354112928161,0.3235935455734845,2.0,1.1139145161820352e-11,4.20629214292241e-11,2.516779437765345,0.2696331554324957,1.5286998983417055,0.23898305084745763,0.3609816683574752,0.03868070734638915,0.5322297433235349,6.906998067426372,0.48322761921973323,1.825236169490827,star,3003,0.6684964371142285,0.0,0.12,0.06503964500444592,0.07446708714596072,0.07792696281121331,0.07983175162589537,0.7646172176219477,0.21235057606394936,0.21235057606394936,0.21235057606394936,0.19703807615608776,1,0.27031634774301144,166,False,8.692858922594993,0.32174383460859557,interior_core,-0.3880917218206826,-0.24667745301514368,32.32359818606806,58,1.0,0.17854767204574729,10.150520101043139,0.043890827050048924,0.1664613663882621,2,80,28,2883,2,2,0,2,102,102,74,2881,182,0.30627818244883803,ccpfm,6.906998067426372,0.4833479859756491,1.826875435457689,0.9993062781824489,0.3064908018049288,3.872457909892546e-13,1.8010903879428497e-09,1.8236758769774042e-09,1.169523589084065e-09,8.913669802268487e-10,1.3447254421095067e-09,9.310898718695171e-10,0.06282115526661954,0.07344193940293615,0.08391537251512682,0.08755218034488084,2.55,1,80,28,0.007121024988009594,ok,2.023797604997526,3,False,
,,,,,0.16395068299607374,,,,,2.0,0.0,0.0,,,,,,,0.0,,,,star,3004,0.9832007620405351,0.0,0.2,0.990322909423558,0.4288332119164996,1.3788993451012308,1.504120003696301,1.0,6.715200091149434,0.7587447505535353,6.715200091149434,6.715200091149434,,0.10999999999999999,66,False,38.98395438317931,0.0768067911121343,near_boundary_interior,0.30413942001062766,-0.8248744727342502,53.09685682877971,23,,0.11000000000000003,37.41735995954153,0.05720000000000003,0.0461232474227938,,48,4,0,,,,,37,37,33,,85,0.0,wls,,,,,,1.5210055437364645e-14,1.2878587085651816e-14,4.440892098500626e-15,1.0436096431476471e-14,2.5174307083375425e-14,9.325873406851315e-15,1.4363510381087963e-14,1.1683695740102806,0.43088604974916633,1.7708788032545508,1.869125407807881,,,,,0.0010731450020102784,ok,0.16502382799808402,4,False,
0.19137825009122986,0.18196317569353238,0.18949523521169037,0.00041211621677313,0.0,3.7380779399973108,6.085989963255825,0.6273516733790185,2.045523630571151,0.35238693467336685,2.0,4.1451675425463463e-11,1.9732524912403886e-10,2.6263620931455516,0.34294640599166404,1.570260997234309,0.2690233672857999,0.31954754526329593,0.04784989110061946,0.5697794281850894,6.085989963255825,0.5135379400287845,1.8380384691737148,star,3002,0.3708314502783883,0.0,0.08,0.025521960458522515,0.02873525187836106,0.028731688295509795,0.028725645199694314,0.7426734152733938,0.08491921526986101,0.06981170853191632,0.08491921526986101,0.08491921526986101,1,0.04400000000000004,149,False,15.599938903317735,0.27472059710017915,near_boundary_interior,-0.6032263681707651,0.1479045430654605,31.127824531113845,49,1.0,0.1583785645949327,9.559257554626091,0.02982277133526383,0.16403043170768145,2,119,109,4853,2,2,0,2,220,220,111,4851,339,0.3237172882752936,ccpfm,6.085989963255825,0.5141592884969675,1.838154426113113,0.9995878837832268,0.323850752422181,6.750155989720952e-13,8.35253954889481e-09,7.660246437168894e-09,6.641773353521785e-09,3.740393772488915e-09,8.152276187445295e-09,7.200528173711973e-09,0.023388643040237887,0.0291514909253035,0.029033108317479038,0.028916387099575298,2.35,0,68,24,0.0013476940075634047,ok,3.739425634004874,2,False,
,,,,,0.058359688002383336,,,,,2.0,0.0,0.0,,,,,,,0.0,,,,star,3004,0.929784333835923,0.0,0.16,0.4202529776811902,0.322132404386723,0.5342941944035786,0.5735600885074763,1.0,4.263695857839604,0.5976796750538059,4.263695857839604,4.263695857839604,,0.08800000000000005,66,False,58.02670514563391,0.05190898172417272,near_boundary_interior,0.32811991510654137,0.8286748229899237,89.68911330145649,23,,0.1361035058379143,55.8008911658761,0.051833636384901856,0.026994280819478248,,60,8,0,,,,,60,60,52,,120,0.0,wls,,,,,,3.907985046680551e-14,1.2434497875801753e-14,8.43769498715119e-15,1.9539925233402755e-14,8.881784197001252e-15,7.993605777301127e-15,2.531308496145357e-14,0.5323405672179038,0.31756198813704495,0.7528432499609459,0.799033221248186,,,,,0.0003644579992396757,ok,0.05872414600162301,4,False,
0.09519894114845903,0.07373474283577518,0.09090610148592226,0.0016792611251049538,0.0,0.2957685779983876,5.7216076717625075,0.5028252923460047,2.14581776166643,0.31955922865013775,2.0,3.21202092701256e-12,1.1158071742281363e-11,2.75559381972755,0.09535999931508252,1.0050375982947068,0.10784313725490197,0.23944208269180772,0.03354772209408963,0.5309558759112186,5.7216076717625075,0.4347585228819603,2.0891155803046657,star,3004,0.891570766949385,0.0,0.2,0.09677675637203578,0.10646602778965013,0.13474938801536634,0.13996953831952907,0.8476941042805309,0.28700990957834227,0.13668704936938061,0.28700990957834227,0.28700990957834227,1,0.11000000000000006,60,False,15.032430830004882,0.33563241345522876,near_boundary_interior,-0.5470711752408862,-0.18358034994141717,32.1375276707939,53,1.0,0.11000000000000003,14.536157670722005,0.05720000000000003,0.1629870442105893,2,48,4,1191,2,2,0,2,37,37,33,1189,85,0.30142737195633923,ccpfm,5.7216076717625075,0.4361802286532996,2.0902195376599804,0.998320738874895,0.30193439865433136,9.50350909079134e-14,1.8396484335880814e-10,1.631512702715554e-10,1.6918835776813523e-10,4.706873779625198e-11,1.3388024022731315e-10,1.3563117295944949e-10,0.09178627600736111,0.10652844826067628,0.13911896905463006,0.14256396737851176,2.75,2,96,32,0.0003897099959431216,ok,0.29615828799433075,4,False,
0.4727274399694858,0.34611143370790237,0.4474042387171691,0.0005167958656330749,0.0,2.0482519430079265,6.2852345272271855,0.5776313935063923,2.0566453469489563,0.31970904052649807,2.0,1.2128492654639444e-11,5.273000581289794e-11,2.80433585235478,0.28986975494517175,1.4903978407352492,0.25025432349949134,0.33176251305000193,0.041299243296950935,0.5518824958849164,6.2852345272271855,0.5172665462112451,1.875819514567125,star,3003,0.6402134695199386,0.0,0.1,0.053446538009317444,0.05210510339517864,0.06223504673166299,0.07137693030432941,0.7773469198696208,0.1828305880443445,0.13742604521379265,0.1828305880443445,0.1828305880443445,1,0.05500000000000003,118,False,16.81120614878223,0.2597042073507403,near_boundary_interior,-0.6196603863066787,0.18169060603766468,36.07477462187446,57,1.0,0.15645897400082395,10.052663437865755,0.03726084492074215,0.15265804935086716,2,95,55,3870,2,2,0,2,143,143,88,3868,238,0.3020671834625323,ccpfm,6.2852345272271855,0.5180833397836259,1.877126218612073,0.999483204134367,0.30222337125129267,4.778399897986674e-13,1.5322669799644473e-09,1.5702116273885736e-09,1.035358243584028e-09,9.204357276360042e-10,1.47296330688107e-09,1.0644804482318193e-09,0.05171773604577637,0.051875491977670024,0.06672060337286194,0.07451172101427843,2.55,1,80,28,0.0011282449995633215,ok,2.04938018800749,3,False,
,,,,,0.124324106000131,,,,,2.0,0.0,0.0,,,,,,,0.0,,,,star,3004,0.92732310421286,0.0,0.12,0.2509610954104719,0.12736011950251033,0.30277715244634357,0.37982904906871656,1.0,2.760842804705783,0.2945271454222709,2.760842804705783,2.760842804705783,,0.06600000000000006,80,False,96.00198123775124,0.031811403122536906,near_boundary_interior,0.9339999999999999,-8.095834594526952e-16,156.54684368354793,23,,0.17850222657722886,87.2207466515743,0.04389082705004873,0.017113390630861154,,80,30,0,,,,,100,100,70,,180,0.0,wls,,,,,,6.039613253960852e-14,1.6431300764452317e-14,8.215650382226158e-15,3.1530333899354446e-14,1.6653345369377348e-14,1.3433698597964394e-14,3.4638958368304884e-14,0.32197492087116275,0.1290746464664682,0.4319746860708214,0.5093469910411224,,,,,0.0005266360094537959,ok,0.12485074200958479,4,False,
0.23633823729182168,0.20397547797931742,0.22986568542932084,0.0012033694344163659,0.0,0.348068270002841,4.580144196085274,0.516875788252512,2.0132128320809737,0.3107266435986159,2.0,5.612548620304025e-12,2.4737373574953962e-11,4.479671329194719,0.26344160258808386,1.4782094709459508,0.2534562211981567,0.4558453212792726,0.03989485818999246,0.5397569975661055,4.580144196085274,0.47543800758769844,1.925127221197417,star,3004,0.9720612665390134,0.0,0.16,0.06541666140378914,0.03162993777969871,0.08316833969424978,0.0912876876747302,0.8023405134109663,0.22557068581106726,0.0665688595394974,0.22557068581106726,0.22557068581106726,1,0.08800000000000001,74,False,17.451640039098763,0.2704014103500758,near_boundary_interior,-0.6253106680311513,0.23715149736382163,28.097138326408416,55,1.0,0.1361035058379143,11.269888807956391,0.051833636384901856,0.18128723563469124,2,60,8,1662,2,2,0,2,60,60,52,1660,120,0.30324909747292417,ccpfm,4.580144196085274,0.47616691701739655,1.9278120149606492,0.9987966305655837,0.3036144578313253,1.4566126083082054e-13,6.816960329558697e-10,6.395722840224494e-10,3.8909142574539146e-10,3.7361957624937325e-10,6.855478407175042e-10,4.5454373598374787e-10,0.065777721498405,0.031505714088855864,0.09302374584504465,0.09915645730365663,2.35,0,68,24,0.0006695449992548674,ok,0.3487378150020959,4,False,
,,,,,0.20607330999337137,,,,,2.0,0.0,0.0,,,,,,,0.0,,,,star,3004,0.9446173083464607,0.0,0.1,0.23308127528651665,0.09204746002577605,0.2711644266862974,0.36569965120108583,1.0,2.302676401063051,0.19779278332472805,2.302676401063051,2.302676401063051,,0.055000000000000035,115,False,171.76401221929194,0.017053693909683428,near_boundary_interior,-0.7831409257838237,0.510723290677701,213.1660065330842,23,,0.16016985841218004,116.31565490758523,0.03726084492074215,0.01231273028643444,,95,52,0,,,,,143,143,91,,238,0.0,wls,,,,,,1.1723955140041653e-13,3.3084646133829665e-14,2.930988785010413e-14,8.08242361927114e-14,3.019806626980426e-14,1.9761969838327786e-14,7.105427357601002e-14,0.32076106832427187,0.09167298335406966,0.41381107630419944,0.5140900327047084,,,,,0.0009484619949944317,ok,0.2070217719883658,4,False,
,,,,,0.34783630799211096,,,,,2.0,0.0,0.0,,,,,,,0.0,,,,star,3004,0.3436882566660018,0.0,0.08,0.04348996067332046,0.05096217471096433,0.04882227758681884,0.04538903710252965,1.0,0.197176990592498,0.14783091523981196,0.197176990592498,0.197176990592498,,0.04400000000000002,130,False,284.5632109659656,0.010125852315091399,near_boundary_interior,0.381192328749914,0.8232048424058057,329.7526228002859,23,,0.1567682305774671,179.70109841625214,0.029826002731608615,0.007967325765129553,,119,110,0,,,,,227,227,117,,346,0.0,wls,,,,,,1.8207657603852567e-13,5.3290705182007514e-14,4.107825191113079e-14,7.815970093361102e-14,4.6407322429331543e-14,3.4638958368304884e-14,8.260059303211165e-14,0.04363178012414132,0.050948318934892496,0.053867652873852194,0.05647485800795771,,,,,0.0016855959984241053,ok,0.34952190399053507,4,False,
0.33888139564325326,0.2528352857981099,0.32167217367422457,0.000702000702000702,0.0,0.6790929129929282,6.185042391882775,0.5355401478933663,1.8921214449559647,0.31282952548330406,2.0,9.840081874323836e-12,4.212784190187663e-11,2.615078716834007,0.2913902471454399,1.5360373561190659,0.23036649214659685,0.34104853317173367,0.03749058829985223,0.5293357266453937,6.185042391882775,0.48635064983712556,1.8159501499191208,star,3004,0.746146612037355,0.0,0.12,0.06449746529257294,0.06117345384621495,0.07781428770603481,0.08756306761415605,0.753704637851671,0.1921253389279343,0.16643010351829957,0.1921253389279343,0.1921253389279343,1,0.06599999999999998,111,False,30.13290761588976,0.1731371658464236,near_boundary_interior,0.12315516294812126,-0.8233502086201581,32.39444187379842,58,1.0,0.17850222657722886,9.877759919400855,0.04389082705004873,0.16274286227524137,2,80,30,2849,2,2,0,2,100,100,70,2847,180,0.29624429624429627,ccpfm,6.185042391882775,0.4878709860005524,1.8162487702683119,0.9992979992979993,0.2964524060414471,4.440892098500626e-13,1.7074084368573494e-09,1.7159833554103443e-09,1.1260135046597952e-09,1.00899064103821e-09,1.6171246564056219e-09,1.1888807716076144e-09,0.06289133906197403,0.061928039294899276,0.08437758560313709,0.09234293489056004,2.55,1,80,28,0.0010743910097517073,ok,0.6801673040026799,4,False,
,,,,,0.060357064998243004,,,,,2.0,0.0,0.0,,,,,,,0.0,,,,star,3005,0.993614864602663,0.0,0.2,0.9076562360055238,0.4532026746104778,1.267071849447726,1.2957699716556341,1.0,5.117510663132201,0.4532026746104778,5.117510663132201,5.117510663132201,,0.10999999999999999,66,False,38.12029554680164,0.07817992458627168,near_boundary_interior,0.30413942001062766,-0.8248744727342502,49.41304043244987,23,,0.11000000000000003,36.71365807507718,0.05720000000000003,0.04849719966142473,,48,1,0,,,,,36,36,35,,84,0.0,wls,,,,,,1.509903313490213e-14,7.993605777301127e-15,5.773159728050814e-15,9.2148511043888e-15,5.6066262743570405e-15,3.219646771412954e-15,7.0915495697931874e-15,1.03907439828132,0.4532026746104778,1.5872123609382807,1.6079033212716638,,,,,0.0002797049965010956,ok,0.0606367699947441,5,False,
0.26552266473514957,0.2336946812843173,0.2591570680449831,0.00039674667724657806,0.0,1.6394877339917002,5.001267683126505,0.6295249607367547,1.9597301249532144,0.3558796152652808,2.0,3.039522800118988e-11,1.6264151256836106e-10,2.3927781828062646,0.339216172162609,1.5639092796787069,0.27117711771177117,0.2742332680189996,0.0503137807291154,0.5696146154249954,5.001267683126505,0.5223164525152706,1.7897216161714038,star,3003,0.36359188684832305,0.0,0.08,0.02084826821415849,0.023635873352176155,0.02338467615941457,0.022963631697119985,0.7276656705615143,0.07251684687284382,0.06275283365979978,0.07251684687284382,0.07251684687284382,1,0.04400000000000004,152,False,16.30906009607275,0.26626199594423766,near_boundary_interior,-0.603226368170765,-0.1479045430654605,28.033681931931607,49,1.0,0.16158374397620362,9.574321789886696,0.029826570309323744,0.1718153808617041,2,119,117,5041,2,2,0,2,231,231,114,5039,350,0.325332275342194,ccpfm,5.001267683126505,0.5231578407412337,1.7897237776199588,0.9996032533227535,0.3254614010716412,8.419931418757187e-13,5.409657610755403e-09,4.669161723924731e-09,4.700442701732754e-09,3.79274434081367e-09,4.325064306698323e-09,4.7251056400909874e-09,0.019066055477783735,0.02336292397298828,0.023468691958550742,0.023576749936031382,2.35,0,68,24,0.002541641006246209,ok,1.6420293749979464,3,False,
0.04233329954360534,0.03828602088102885,0.04152384381109004,0.0018957345971563982,0.0,0.21974361699540168,7.202588662942456,0.48982975646163385,2.2264271572745815,0.30153846153846153,2.0,3.070058096632522e-12,1.2006726175997417e-11,1.6355082853187872,0.09526550990800065,0.5869134204220932,0.0375,0.29053306521806604,0.03240530739226437,0.5293427627194092,7.202588662942456,0.4263503039339183,2.151932752477126,star,3005,0.9997249293578956,0.0,0.2,0.09180148106055756,0.009513883332665021,0.12815322340685503,0.13145812219990452,0.8591412359728445,0.26769944755726227,0.009513883332665021,0.26769944755726227,0.26769944755726227,2,0.2619027039797627,74,False,11.084835440324074,0.27880427575055206,near_boundary_interior,-0.4494795693311517,-0.3489215837737764,31.158789206871877,50,1.5,0.11000000000000003,14.805360914397628,0.05720000000000003,0.1618908920903055,2,48,1,1055,2,2,0,2,36,36,35,1053,84,0.28151658767772514,ccpfm,7.202588662942456,0.4278063724046453,2.154438075964523,0.9981042654028436,0.28205128205128205,1.0302869668521453e-13,2.234212814755665e-10,1.4715273444210197e-10,1.6366463739814208e-10,9.747230800272177e-11,1.5200951608562718e-10,1.627614709676095e-10,0.08569866571626918,0.009513883332665021,0.1309068742005068,0.13275406215899876,2.55,1,80,28,0.0002663790073711425,ok,0.22000999600277282,5,False,
,,,,,0.08707272600440774,,,,,2.0,0.0,0.0,,,,,,,0.0,,,,star,3005,0.9280121381409361,0.0,0.16,0.4124453742305588,0.3204009804443969,0.5329737673413136,0.57374627068677,1.0,3.2539998645806683,0.7519743959744414,3.2539998645806683,3.2539998645806683,,0.08800000000000005,66,False,58.73633359334932,0.051847237865653366,near_boundary_interior,0.32811991510654137,0.8286748229899237,87.10131728983326,23,,0.08800000000000005,55.567886833564884,0.04576000000000004,0.028102513791226625,,60,7,0,,,,,58,58,51,,118,0.0,wls,,,,,,2.930988785010413e-14,1.199040866595169e-14,1.0880185641326534e-14,1.532107773982716e-14,6.328271240363392e-15,1.2434497875801753e-14,2.4202861936828413e-14,0.5062421895080552,0.33573694988235053,0.7220800440832952,0.7599295778397303,,,,,0.0003976260049967095,ok,0.08747035200940445,5,False,
0.36823343377884105,0.33708210832628865,0.36200316868833055,0.0005213764337851929,0.0,0.8892467639961978,6.498877455277897,0.5893169276738401,1.9958056902946115,0.3163265306122449,2.0,1.1525530529965522e-11,5.016853911836073e-11,3.176043430337074,0.2939641843448101,1.5524105444980114,0.2535211267605634,0.3102235737190446,0.04152370274398712,0.5480800805028404,6.498877455277897,0.5125700027631812,1.854365614175555,star,3004,0.5335386210924011,0.0,0.1,0.052225680411449704,0.05985622819115216,0.06075883474407858,0.061582348744405435,0.7584083861411504,0.18453367133201376,0.162314791531045,0.18453367133201376,0.18453367133201376,1,0.05500000000000003,121,False,15.598325170273664,0.27985491064168283,near_boundary_interior,-0.6196603863066784,-0.1816906060376642,34.520592362823926,57,1.0,0.16016985841218004,9.716613084837759,0.03726084492074215,0.15804277950483572,2,95,52,3836,2,2,0,2,143,143,91,3834,238,0.3000521376433785,ccpfm,6.498877455277897,0.5134310926042271,1.854562627806937,0.9994786235662148,0.3002086593635889,3.455014052633487e-13,1.6764181154371727e-09,1.7095713733539242e-09,1.0952767581784428e-09,1.0015526186180068e-09,9.399003797483374e-10,5.430820237961598e-10,0.05081985446877785,0.06029702534775368,0.06556225412645073,0.06838919689583788,2.55,1,80,28,0.001823202008381486,ok,0.8910699660045793,4,False,
,,,,,0.12979405399528332,,,,,2.0,0.0,0.0,,,,,,,0.0,,,,star,3005,0.8820652514258045,0.0,0.12,0.1700400624802898,0.11223550913646248,0.2033169601975355,0.24389294823625016,1.0,1.3476722586192391,0.26231225557308174,1.3476722586192391,1.3476722586192391,,0.06600000000000002,97,False,95.59772469421033,0.031201882505462356,near_boundary_interior,-0.7688260329959119,0.4375100194519778,153.90737530569655,23,,0.1715103309493246,89.03745277936552,0.04389082705004909,0.016796224035827666,,80,30,0,,,,,104,104,74,,184,0.0,wls,,,,,,5.639932965095795e-14,2.6201263381153694e-14,1.2434497875801753e-14,3.154421168716226e-14,2.2648549702353193e-14,1.7763568394002505e-14,3.197442310920451e-14,0.2124522497966317,0.1136563471984949,0.2825879092905916,0.3270978735228896,,,,,0.0008439869998255745,ok,0.1306380409951089,5,False,
0.14706599155868608,0.14537880707830975,0.1467285546626108,0.001221001221001221,0.0,0.3667115910066059,6.222090078081652,0.5272453431473361,2.1406060238985853,0.29979035639413,2.0,4.2004733025180485e-12,2.0233926701535104e-11,3.029421979094166,0.2897454360436428,1.460571822448751,0.21256038647342995,0.26744654909060883,0.039507972181232476,0.5411506792838005,6.222090078081652,0.4997871999339939,2.096092458737092,star,3005,0.8901693733367104,0.0,0.16,0.07026331027582634,0.06741989927112003,0.09079626909003694,0.09572856325314219,0.8214961051879233,0.23176073871960845,0.10882230500557749,0.23176073871960845,0.23176073871960845,1,0.08800000000000001,74,False,17.5726751996626,0.2738843120850117,near_boundary_interior,-0.6253106680311513,0.23715149736382163,28.690668143703768,57,1.0,0.08800000000000005,11.981947258368132,0.04576000000000004,0.17747651217298482,2,60,7,1638,2,2,0,2,58,58,51,1636,118,0.28876678876678874,ccpfm,6.222090078081652,0.5020735338406475,2.0973960457107665,0.9987789987789988,0.289119804400978,1.9984014443252818e-13,5.349325427062013e-10,5.3924575915687e-10,3.2493319146453814e-10,3.6969360905914073e-10,4.56631399359253e-10,2.7899815790988214e-10,0.06931013986019333,0.06793773081711228,0.0988607229561443,0.1023786628196596,2.35,0,68,24,0.00046074099373072386,ok,0.3671723320003366,5,False,
,,,,,0.20560128601209726,,,,,2.0,0.0,0.0,,,,,,,0.0,,,,star,3005,0.9222537013934121,0.0,0.1,0.16344197911752525,0.07525355012215566,0.189707873715132,0.25613518012912445,1.0,1.8201183348081047,0.2328671565496253,1.8201183348081047,1.8201183348081047,,0.05499999999999997,124,False,153.78926783025133,0.01945389587374417,near_boundary_interior,-0.7831409257838239,-0.5107232906777002,213.62715605308156,23,,0.16850605049165682,117.28521198078096,0.03726084492074218,0.012048307941289598,,95,55,0,,,,,145,145,90,,240,0.0,wls,,,,,,9.769962616701378e-14,3.530509218307998e-14,2.1316282072803006e-14,5.595524044110789e-14,3.885780586188048e-14,1.4765966227514582e-14,5.5289106626332796e-14,0.22261241881810698,0.07630943402618481,0.2863986775505442,0.3585966044986231,,,,,0.0010656059894245118,ok,0.20666689200152177,5,False,
,,,,,0.24549444399599452,,,,,2.0,0.0,0.0,,,,,,,0.0,,,,star,3005,0.8192586338040789,0.0,0.08,0.12105642790976084,0.0741275497094455,0.1361002382843708,0.19707697693637588,1.0,1.6108364878544772,0.3738580127533943,1.6108364878544772,1.6108364878544772,,0.044000000000000004,157,False,256.49085622082384,0.011434510881038284,near_boundary_interior,-0.7565095719141083,-0.5803991501298438,334.93155177855544,23,,0.15286277374848173,170.6579113926261,0.029824127092130902,0.00786296303413515,,119,109,0,,,,,224,224,115,,343,0.0,wls,,,,,,1.4166445794216997e-13,4.951594689828198e-14,2.986499936241671e-14,1.0746958878371515e-13,4.163336342344337e-14,3.9745984281580604e-14,8.881784197001252e-14,0.16217581249058216,0.07659038204403737,0.20068232932392513,0.26997322820709263,,,,,0.0019423460034886375,ok,0.24743678999948315,5,False,
0.43087416874821377,0.37089437541736303,0.4188782100820436,0.00076103500761035,0.0,0.6065847529971506,4.934456143335144,0.5556447824189192,1.9320907198499098,0.3193033381712627,2.0,1.1514598302619916e-11,4.0654744457756705e-11,2.2750970442963414,0.2899009519057052,1.4687097970455174,0.2281639928698752,0.2947117243382059,0.041485370973470784,0.5367559254647732,4.934456143335144,0.4922113585350465,1.8121301744925986,star,3005,0.7160353503886253,0.0,0.12,0.055115452884629476,0.05644996176151222,0.06590156564846174,0.07122594880079398,0.7652150793601276,0.19733456670552496,0.1613862609400818,0.19733456670552496,0.19733456670552496,1,0.066,99,False,16.31171415340025,0.2653427882843662,near_boundary_interior,-0.6052276252050963,0.18229539949497314,33.344783092003894,54,1.0,0.1715103309493246,9.933817100038372,0.04389082705004909,0.15339889570285428,2,80,30,2628,2,2,0,2,104,104,74,2626,184,0.2998477929984779,ccpfm,4.934456143335144,0.4925567951058021,1.8129011824278396,0.9992389649923896,0.3000761614623001,4.156675004196586e-13,1.7177952393865326e-09,1.7334148560976814e-09,1.1674046174192654e-09,8.222705650054452e-10,1.0712479792118756e-09,7.58788587518211e-10,0.0543531825805111,0.05785138402445702,0.07229649129825289,0.07738827317177038,2.35,0,68,24,0.0007564990082755685,ok,0.6073412520054262,5,False,
,,,,,0.05287209300149698,,,,,2.0,0.0,0.0,,,,,,,0.0,,,,star,3006,0.9112287331016362,0.0,0.2,0.8460143940280096,0.9393059580596507,1.202202169739841,1.2414062391850527,1.0,4.896168047766141,1.3863404026577124,4.896168047766141,4.896168047766141,,0.11000000000000003,52,False,38.03346414129884,0.07616292692457477,near_boundary_interior,0.3374840457948018,0.7479494562408507,48.502262077070284,23,,0.11000000000000003,36.32395808005297,0.05720000000000002,0.048905480452984235,,48,3,0,,,,,35,35,32,,83,0.0,wls,,,,,,1.765254609153999e-14,6.8833827526759706e-15,2.4424906541753444e-15,7.077671781985373e-15,1.7541523789077473e-14,5.329070518200751e-15,8.590350653037149e-15,0.9808173254511668,0.945032579468382,1.5104040892624913,1.5528900297244161,,,,,0.00028772799123544246,ok,0.05315982099273242,6,False,
0.3534643366246845,0.2837199805104349,0.3395154654018346,0.0004048582995951417,0.0,1.3269596769969212,5.589902772613503,0.6246830485811898,2.0630589707589175,0.3545255245850297,2.0,3.623316403855714e-11,1.806453041396478e-10,3.360580757298918,0.3525366678628559,1.5510863807822197,0.2741843159702347,0.3501443650948557,0.04930572002830519,0.5673035522591984,5.589902772613503,0.5047964401415972,1.8302108943361495,star,3004,0.33603475217398915,0.0,0.08,0.02390052688084587,0.028169815286336136,0.02683097753555157,0.02466488982618199,0.7441877658472158,0.09397025055281871,0.09397025055281871,0.09397025055281871,0.07537682541840929,1,0.16065950188669892,230,False,8.615211998402145,0.27309564109239176,interior_core,-0.49339523405730107,-0.19805689715916736,30.686172896390094,49,1.0,0.1567682305774671,9.458284157038163,0.029826002731608615,0.16456209282456347,2,119,110,4940,2,2,0,2,227,227,117,4938,346,0.32611336032388666,ccpfm,5.589902772613503,0.5056795300192829,1.8302218458216442,0.9995951417004049,0.32624544349939244,7.425171588693047e-13,6.759721671301122e-09,5.572521999397395e-09,5.638306710409324e-09,3.867496101150891e-09,6.527260287825243e-09,6.007958575082739e-09,0.021800093815659553,0.028227978670247462,0.02691432444283,0.025617900640863826,2.35,0,68,24,0.0015138559974730015,ok,1.3284735329943942,4,False,
,,,,,0.05509706000157166,,,,,2.0,0.0,0.0,,,,,,,0.0,,,,star,3006,0.9165371782301732,0.0,0.16,0.4680119052911134,0.4237167049543514,0.6046400002725112,0.6353620522143835,1.0,4.274413622397121,0.8971990172284507,4.274413622397121,4.274413622397121,,0.08800000000000005,66,False,60.49638768581962,0.04942366793270569,near_boundary_interior,0.32811991510654137,0.8286748229899237,92.76585180842606,23,,0.08800000000000005,53.83621488986976,0.04576000000000004,0.02611069887204262,,60,6,0,,,,,57,57,51,,117,0.0,wls,,,,,,3.3306690738754696e-14,1.0658141036401503e-14,9.325873406851315e-15,1.865174681370263e-14,9.769962616701378e-15,9.880984919163893e-15,2.7922109069322687e-14,0.5789077310671666,0.42504129433816634,0.8294015687446,0.8646288587902135,,,,,0.0002820930094458163,ok,0.05537915301101748,6,False,
0.1732868042569382,0.10532974909888429,0.15969539322532744,0.002036659877800407,0.0,0.22684200799267273,5.088327554806871,0.4458842162430866,2.1688845662808953,0.30616740088105726,2.0,3.3457125958591405e-12,1.174265882778771e-11,2.4267807851433134,0.14674814655494617,0.9516352451639651,0.0945945945945946,0.21832002496316094,0.03209003705633931,0.5201442148810999,5.088327554806871,0.3868380028270648,2.1347289986153566,star,3006,0.9865929952721383,0.0,0.2,0.07736036275925176,0.03337932075113851,0.1099305125510129,0.11811633972073017,0.8496198963886106,0.22942377316293816,0.045518099398201006,0.22942377316293816,0.22942377316293816,1,0.11000000000000006,60,False,16.38424702050149,0.3113040247787376,near_boundary_interior,-0.5470711752408862,-0.18358034994141717,28.905330995127137,49,1.0,0.11000000000000003,16.080961510879956,0.05720000000000002,0.1682450839049298,2,48,3,982,2,2,0,2,35,35,32,980,83,0.29022403258655805,ccpfm,5.088327554806871,0.3913484529523498,2.135331864074628,0.9979633401221996,0.29081632653061223,9.281464485866309e-14,2.0116885934839956e-10,1.7486745385042468e-10,1.7611423430707873e-10,9.451139870719771e-11,8.529910111576555e-11,1.1038059355428231e-10,0.07612857090373323,0.03255886060212071,0.11723376190343722,0.12220003891416989,2.35,0,68,24,0.0002262759953737259,ok,0.22706828398804646,6,False,
,,,,,0.10596007500134874,,,,,2.0,0.0,0.0,,,,,,,0.0,,,,star,3006,0.7599672917869598,0.0,0.12,0.13296377954329022,0.12897984156879033,0.1598747901754255,0.17542549826719187,1.0,0.9217134543352751,0.2928215912691975,0.9217134543352751,0.9217134543352751,,0.066,81,False,119.61657709831393,0.023694923668093323,near_boundary_interior,0.8791552635756316,0.09795156282756037,145.49960480976583,23,,0.17443048593112517,89.47104553237058,0.043890827050048924,0.01772306519351124,,80,27,0,,,,,102,102,75,,182,0.0,wls,,,,,,6.039613253960852e-14,2.7533531010703882e-14,1.3877787807814457e-14,3.197442310920451e-14,1.2989609388114332e-14,2.4646951146678475e-14,5.617728504603292e-14,0.1532947676877433,0.12885445610295596,0.20476840135367688,0.22593734537182467,,,,,0.00055798000539653,ok,0.10651805500674527,6,False,
0.2892552280059094,0.2721212584439221,0.28582843409351194,0.0004617871161394597,0.0,0.7681654439948034,6.81551969131581,0.6063440973803799,2.0205098549079388,0.32239925023430177,2.0,1.1132289534643292e-11,4.892173587200579e-11,3.0366209994334374,0.28163201254978676,1.6001730189999994,0.24601769911504426,0.29395484449860587,0.04048682506810021,0.546200678401399,6.81551969131581,0.5179272022121766,1.8534729063675492,star,3005,0.6140678609223769,0.0,0.1,0.056752105820080195,0.05821849488270713,0.06587243609086443,0.07257224895487997,0.7724614410540189,0.19118909790891658,0.16686700039007807,0.19118909790891658,0.19118909790891658,1,0.05500000000000003,121,False,15.872574807495694,0.2834604970637354,near_boundary_interior,-0.6196603863066784,-0.1816906060376642,33.82921502923405,62,1.0,0.16850605049165682,9.89522717175604,0.03726084492074218,0.16514272022466922,2,95,55,4331,2,2,0,2,145,145,90,4329,240,0.3024705610713461,ccpfm,6.81551969131581,0.518127516077809,1.8537641072019502,0.9995382128838606,0.3026103026103026,4.973799150320701e-13,2.0682784374059793e-09,2.099863838367355e-09,1.4429897277068449e-09,1.3970401250770759e-09,1.2965273299414548e-09,9.62515400715347e-10,0.054243350566223175,0.05867976587591101,0.06978597128837839,0.07577595181243182,2.75,2,96,32,0.0010317280102754012,ok,0.7691971720050788,5,False,
0.179062978158021,0.14620393496299786,0.17249116951901639,0.0012468827930174563,0.0,0.28927602399198804,5.3954535811162705,0.5001623980688743,2.1780126041135044,0.30021141649048627,2.0,5.016292936588229e-12,2.0381662250257983e-11,2.532330833666224,0.2705137105988688,1.5288113729433692,0.2,0.28152815912785806,0.03826960827779269,0.536156638327591,5.3954535811162705,0.4591023450258631,2.0588531395628227,star,3006,0.9380429997552707,0.0,0.16,0.07060702667458865,0.05507636486252702,0.09121954408661734,0.09697250741808365,0.8320708820541539,0.22470137944226198,0.09344746560021414,0.22470137944226198,0.22470137944226198,1,0.08800000000000001,74,False,18.371344962252536,0.2651863010252633,near_boundary_interior,-0.6253106680311513,0.23715149736382163,28.988098186907887,56,1.0,0.08800000000000005,11.913507642008659,0.04576000000000004,0.17707181052664936,2,60,6,1604,2,2,0,2,57,57,51,1602,117,0.2886533665835411,ccpfm,5.3954535811162705,0.4618645717524648,2.060057590255129,0.9987531172069826,0.28901373283395754,2.0605739337042905e-13,4.2865377913869906e-10,4.0415237823054895e-10,2.5300270212191833e-10,2.641049046125943e-10,4.54639548230773e-10,2.7442167982449917e-10,0.07083039115203486,0.05499818216588057,0.10147875798444875,0.10561061333590352,2.35,0,68,24,0.00034247100120410323,ok,0.28961849499319214,6,False,
,,,,,0.15045524601009674,,,,,2.0,0.0,0.0,,,,,,,0.0,,,,star,3006,0.9335306889451257,0.0,0.1,0.20304749134709782,0.08758193438643813,0.2354788829383318,0.31566375455521045,1.0,2.5542624370533544,0.18940419204622094,2.5542624370533544,2.5542624370533544,,0.055000000000000035,115,False,172.29136756251125,0.017053046833242894,near_boundary_interior,-0.7831409257838237,0.510723290677701,210.15542251761124,23,,0.160408528205326,117.34077702681569,0.03726084492074218,0.012383035243541748,,95,53,0,,,,,145,145,92,,240,0.0,wls,,,,,,7.904787935331115e-14,2.842170943040401e-14,2.1316282072803006e-14,7.815970093361102e-14,1.9095836023552692e-14,2.6645352591003757e-14,5.3290705182007514e-14,0.27908320857076085,0.08637739444379278,0.35905032740575604,0.4459668182860227,,,,,0.0011769119882956147,ok,0.15163215799839236,6,False,
,,,,,0.31310342899814714,,,,,2.0,0.0,0.0,,,,,,,0.0,,,,star,3006,0.6695648783697862,0.0,0.08,0.05021435537343303,0.041262146281668154,0.056327816177430615,0.07435865470125286,1.0,0.4288227809320708,0.10417124855568105,0.4288227809320708,0.4288227809320708,,0.044000000000000004,145,False,256.0654519032318,0.011107674382481406,near_boundary_interior,-0.7949005148315749,0.5068897584480837,342.3960646149356,23,,0.1538511729797993,171.4810159910273,0.029826002731608615,0.007521319411614749,,119,111,0,,,,,227,227,116,,346,0.0,wls,,,,,,1.1013412404281553e-13,5.861977570020827e-14,3.375077994860476e-14,8.637535131583718e-14,3.8191672047105385e-14,5.1514348342607263e-14,8.526512829121202e-14,0.06251718450975699,0.04202524219820309,0.07718351129017648,0.09983893940266064,,,,,0.0014995859964983538,ok,0.3146030149946455,6,False,
0.1670841506899535,0.12972562583846226,0.15961244571965524,0.0007707129094412332,0.0,0.5740464609989431,4.933235271343431,0.5441954253012318,1.9405474098874875,0.3173216885007278,2.0,1.0954275680985504e-11,3.9079819678279056e-11,2.604907482516019,0.27127395642470964,1.4110561489985745,0.24157303370786518,0.3151583626070359,0.04153016331196081,0.5329189268979695,4.933235271343431,0.48475706168693505,1.8040937931030998,star,3006,0.6714100683910356,0.0,0.12,0.057854939349671196,0.06566301856497542,0.0695644055915934,0.07174576720750461,0.759467755632726,0.18993557481205253,0.14758381542372467,0.18993557481205253,0.18993557481205253,1,0.06599999999999999,90,False,26.656514427382337,0.18222062996382452,near_boundary_interior,0.07288032225929839,0.767427065547308,33.27068539483103,53,1.0,0.17443048593112517,9.837135087744283,0.043890827050048924,0.1534141921645928,2,80,27,2595,2,2,0,2,102,102,75,2593,182,0.3017341040462428,ccpfm,4.933235271343431,0.4854182312269583,1.8046215005109967,0.9992292870905588,0.3019668337832626,3.481659405224491e-13,1.4670047399079067e-09,1.492760137722371e-09,9.433689385218713e-10,8.211504531896452e-10,1.141414407435093e-09,7.937365209542691e-10,0.05555364306188341,0.0626402469236515,0.07420756005401605,0.07795272981490495,2.35,0,68,24,0.0007607320003444329,ok,0.5748071929992875,6,False,
0.21297619647567265,0.18666754528351712,0.20771446623724155,0.00040933278755628325,0.0,1.050174224001239,5.672625353412507,0.6415134454402734,2.022104808790723,0.36378052648271486,2.0,5.097226113415232e-11,1.8446263513177564e-10,2.5694476067438785,0.35885095707658976,1.5528347968718559,0.2683208309290248,0.29621756808004746,0.05003805671778211,0.5703311990385298,5.672625353412507,0.5265571689570073,1.804842480623572,star,3005,0.344418554004906,0.0,0.08,0.024500698720976266,0.02857293192350415,0.027545426472885225,0.02586183062234455,0.7296604579292931,0.07949620200771712,0.07012087060573913,0.07949620200771712,0.07949620200771712,1,0.04400000000000002,124,False,17.72658194648669,0.2490856407102682,near_boundary_interior,0.5399221604437827,0.24200684562526484,29.864327316070504,49,1.0,0.15286277374848173,9.588022559476371,0.029824127092130902,0.16472304696821824,2,119,109,4886,2,2,0,2,224,224,115,4884,343,0.3299222267703643,ccpfm,5.672625353412507,0.5270197128509981,1.8052191910836966,0.9995906672124437,0.33005733005733007,6.892264536872972e-13,1.0575475606344753e-08,1.0404939132513391e-08,9.128143574343994e-09,3.5352502036900546e-09,5.8010558579013605e-09,5.357786658777286e-09,0.022310600492052544,0.02919600875599457,0.027607959575479988,0.02601342758233296,2.35,0,68,24,0.0015716659981990233,ok,1.051745889999438,5,False,
,,,,,0.03679234300216194,,,,,2.0,0.0,0.0,,,,,,,0.0,,,,star,3007,0.9781060527854586,0.0,0.2,1.102411061549282,0.6201108473932758,1.5320637369499648,1.6278740921530945,1.0,7.952714577203859,0.7851031155881005,7.952714577203859,7.952714577203859,,0.10999999999999999,66,False,39.066970881516276,0.07700605751243275,near_boundary_interior,0.30413942001062766,-0.8248744727342502,49.02021254218097,23,,0.11000000000000003,37.92596864621479,0.05720000000000003,0.05201829447362929,,48,3,0,,,,,37,37,34,,85,0.0,wls,,,,,,1.4210854715202004e-14,1.2434497875801753e-14,1.0658141036401503e-14,9.769962616701378e-15,9.992007221626409e-15,3.3306690738754696e-15,8.881784197001252e-15,1.2965393457960617,0.6156568428385855,1.965143646436282,2.041835343273351,,,,,0.0002273419959237799,ok,0.03701968499808572,7,False,
,,,,,0.06813675399462227,,,,,2.0,0.0,0.0,,,,,,,0.0,,,,star,3007,0.919126876369885,0.0,0.16,0.3946777954356305,0.3019881623877016,0.5071186327707038,0.5533560974952535,1.0,3.2979743313221612,0.445164313678613,3.2979743313221612,3.2979743313221612,,0.08800000000000005,66,False,58.42864926404542,0.05239780478042215,near_boundary_interior,0.32811991510654137,0.8286748229899237,83.39605449868088,23,,0.08800000000000005,55.568514191251246,0.04576000000000004,0.028757620321928454,,60,8,0,,,,,57,57,49,,117,0.0,wls,,,,,,2.7755575615628914e-14,1.0436096431476471e-14,7.549516567451064e-15,1.4210854715202004e-14,1.2035511476327088e-14,6.661338147750939e-15,1.1546319456101628e-14,0.491239084515908,0.31110372268424896,0.7037986287989015,0.7485996294321439,,,,,0.0003063530020881444,ok,0.06844310699671041,7,False,
0.21970528160499514,0.21970528160499514,0.21970528160499514,0.0008389261744966443,0.0,0.198856834002072,4.980282231411212,0.496743678670381,2.1642996546648434,0.3138151875571821,2.0,2.8473612356805234e-12,1.2172818167414829e-11,2.998671472615744,0.11862186918196733,1.070166544141236,0.1111111111111111,0.21658738940923813,0.03179834641975242,0.5334578522825876,4.980282231411212,0.43267616656063435,2.100010850094186,star,3007,0.9653808853923732,0.0,0.2,0.09390460598681376,0.06642148879205427,0.13050290094403272,0.13775917028601184,0.857437156444657,0.2713980433441684,0.10505409027919049,0.2713980433441684,0.2713980433441684,1,0.251683985424692,84,False,12.624919087645825,0.2784431149641661,near_boundary_interior,-0.4712393896747157,-0.3662586930149111,34.23499835999105,55,0.5,0.11000000000000003,15.319255353450718,0.05720000000000003,0.15747015209411086,1,48,3,1192,2,1,1,2,37,37,34,1191,85,0.29697986577181207,ccpfm,4.980282231411212,0.43284655313967985,2.1002449515003283,0.9991610738255033,0.2972292191435768,9.681144774731365e-14,1.7715873212864608e-10,1.5655698959449182e-10,1.6489032361732825e-10,6.029887700265135e-11,1.3736811688147554e-10,1.355182632778451e-10,0.09039453282134452,0.06384729150812629,0.1370095264925208,0.14166241490001183,2.75,2,96,32,0.00025241999537684023,ok,0.19910925399744883,7,False,
,,,,,0.0887039920053212,,,,,2.0,0.0,0.0,,,,,,,0.0,,,,star,3007,0.8214663812908466,0.0,0.12,0.16829684148944196,0.1297972324965935,0.20172869919217745,0.24243769182485153,1.0,1.2539869487360125,0.3473556438261501,1.2539869487360125,1.2539869487360125,,0.066,81,False,111.33769732239864,0.02619099934248055,near_boundary_interior,0.8791552635756316,0.09795156282756037,151.62052597122494,23,,0.17755837559067242,89.56856440524204,0.043890827050049055,0.017954834806110848,,80,32,0,,,,,103,103,71,,183,0.0,wls,,,,,,4.440892098500626e-14,2.2426505097428162e-14,2.886579864025407e-14,3.6193270602780103e-14,1.837419105754634e-14,1.2878587085651816e-14,3.064215547965432e-14,0.20387238123416174,0.1291586912235858,0.271747356484601,0.31561207005586056,,,,,0.0005070900078862906,ok,0.08921108201320749,7,False,
0.46512335047837106,0.3467733720477948,0.4414533547922558,0.0005847953216374269,0.0,0.7460791080084164,6.510522596538575,0.5858477650998494,2.0654604733182094,0.316,2.0,1.0914741332967992e-11,5.369730372239212e-11,2.426448425534051,0.3207846680389368,1.5430298022014046,0.23695652173913043,0.30581750576079497,0.0451052815780896,0.5575574890612436,6.510522596538575,0.5094485875239214,1.8935876062050563,star,3006,0.5374354202721504,0.0,0.1,0.04344955381174331,0.049439927393038374,0.05038945484073075,0.05125205147956791,0.7582309346295115,0.18260985693237153,0.11807930561731883,0.18260985693237153,0.18260985693237153,1,0.05500000000000003,121,False,15.916160318348622,0.2639710042747644,near_boundary_interior,-0.6196603863066784,-0.1816906060376642,33.692412121998544,54,1.0,0.160408528205326,9.702379680047416,0.03726084492074218,0.15425811228821837,2,95,53,3420,2,2,0,2,145,145,92,3418,240,0.29473684210526313,ccpfm,6.510522596538575,0.509956116538436,1.8939129412823112,0.9994152046783625,0.2949093036863663,3.410605131648481e-13,1.2624790102222505e-09,7.158114101457613e-10,9.035971970661194e-10,5.238490752290659e-10,1.2016927453117887e-09,1.2839247442997248e-09,0.04270948246305991,0.04972681542500966,0.0549472458060978,0.05774079043923588,2.35,0,68,24,0.0009896289993776008,ok,0.747068737007794,6,False,
0.26947009592518856,0.17103600737404007,0.24978327821495885,0.001238390092879257,0.0,0.27898854899103753,5.844876660769091,0.5059248953817165,2.123579145729132,0.29775280898876405,2.0,4.995583807732018e-12,1.9164909404491253e-11,3.2306576297976686,0.27053814887603317,1.331498055305767,0.19895287958115182,0.3146214173568183,0.03796344595087762,0.5380369759774808,5.844876660769091,0.474152446432253,2.0603046401273697,star,3007,0.8225599437016401,0.0,0.16,0.07523797268377781,0.08527231137663815,0.09667272464042062,0.09979186440065212,0.8158112164308138,0.22425972483930878,0.14495689780405593,0.22425972483930878,0.22425972483930878,1,0.08800000000000001,74,False,18.219609434938317,0.2656957306309045,near_boundary_interior,-0.6253106680311513,0.23715149736382163,29.455090723141456,54,1.0,0.08800000000000005,12.357170113380965,0.04576000000000004,0.17513974124459303,2,60,8,1615,2,2,0,2,57,57,49,1613,117,0.28606811145510835,ccpfm,5.844876660769091,0.4743964032029044,2.0607905920550476,0.9987616099071207,0.2864228146311221,1.7763568394002505e-13,7.023599479794029e-10,7.038164495654087e-10,4.452652135888968e-10,2.67595140490684e-10,3.6415870319217447e-10,2.1818291617847763e-10,0.07111152936820027,0.08562099150047993,0.10188154493132852,0.1042958674880025,2.35,0,68,24,0.0003574800066417083,ok,0.27934602899767924,7,False,
,,,,,0.16663177299778908,,,,,2.0,0.0,0.0,,,,,,,0.0,,,,star,3007,0.8306976182370294,0.0,0.1,0.12479531271855603,0.0855536181912649,0.14503921463555217,0.1844896128248888,1.0,1.066305839003232,0.172197189113316,1.066305839003232,1.066305839003232,,0.055000000000000035,115,False,159.72472498238972,0.018204787844417886,near_boundary_interior,-0.7831409257838237,0.510723290677701,204.63444648019615,23,,0.1634830470001376,112.73040043490258,0.037260844920742144,0.01296080599276538,,95,54,0,,,,,142,142,88,,237,0.0,wls,,,,,,1.0480505352461478e-13,5.3290705182007514e-14,2.886579864025407e-14,7.72715225139109e-14,2.4868995751603507e-14,3.197442310920451e-14,9.547918011776346e-14,0.16173244577959234,0.08678683783563994,0.20894267716206044,0.25656326594988393,,,,,0.0007400949980365112,ok,0.1673718679958256,7,False,
,,,,,0.29470458399737254,,,,,2.0,0.0,0.0,,,,,,,0.0,,,,star,3007,0.9363457265925887,0.0,0.08,0.13925747789787496,0.05103956066255799,0.15647921648621593,0.2389075342336148,1.0,1.8587618513698159,0.22417215341616414,1.8587618513698159,1.8587618513698159,,0.04400000000000007,144,False,251.3318763210176,0.011697833554594405,near_boundary_interior,-0.7565095719141108,0.5803991501298414,364.1998152080757,23,,0.15372325109528304,171.89177044375606,0.029826002731608996,0.007472525455688685,,119,109,0,,,,,228,228,119,,347,0.0,wls,,,,,,1.1191048088221578e-13,5.950795411990839e-14,3.7414515929867775e-14,6.661338147750939e-14,4.39648317751562e-14,6.394884621840902e-14,1.1368683772161603e-13,0.19714500841347934,0.05268519317736632,0.2432109361431563,0.33285120496006726,,,,,0.0015440499992109835,ok,0.2962486339965835,7,False,
0.2921759666156171,0.28539855003415476,0.29082048329932464,0.0006894174422612892,0.0,0.5316421769966837,5.444158028886462,0.5401022519554821,1.9251857763951463,0.30976138828633404,2.0,1.0032228520140407e-11,4.290038825037882e-11,2.6724758685148258,0.29216389348639066,1.5080281698296583,0.23154362416107382,0.2974621116924035,0.03863735814607911,0.5346133914292096,5.444158028886462,0.48759540116289585,1.8020113816075505,star,3007,0.6525410791412358,0.0,0.12,0.061689324760365385,0.06637296413213895,0.07394379554492705,0.07920329015904476,0.7708165091843772,0.2108404080902554,0.14888283121592955,0.2108404080902554,0.2108404080902554,1,0.066,99,False,16.746723193714555,0.27275458388760876,near_boundary_interior,-0.6052276252050963,0.18229539949497314,32.78400712018066,58,1.0,0.17755837559067242,10.27233897552195,0.043890827050049055,0.16679691560639656,2,80,32,2901,2,2,0,2,103,103,71,2899,183,0.2936918304033092,ccpfm,5.444158028886462,0.4879029678558843,1.8020243108980265,0.9993105825577387,0.2938944463608141,3.410605131648481e-13,1.7463110957294248e-09,1.759410617196977e-09,1.2153829054284415e-09,9.305179959895327e-10,1.5624109783729523e-09,1.1016038081734791e-09,0.060208501364269036,0.06454577349082294,0.08025364193322132,0.08640468374337604,2.55,1,80,28,0.0007414889987558126,ok,0.5323836659954395,7,False,
,,,,,0.056498475998523645,,,,,2.0,0.0,0.0,,,,,,,0.0,,,,star,3008,0.9747697942170637,0.0,0.2,0.982711585394467,0.5852455550835965,1.36936681502674,1.45629593915103,1.0,7.703540524886898,0.7131404627612637,7.703540524886898,7.703540524886898,,0.10999999999999999,66,False,39.01660098987817,0.07694175163279046,near_boundary_interior,0.30413942001062766,-0.8248744727342502,46.804255524505415,23,,0.11000000000000003,38.77940673139706,0.05720000000000003,0.05076198088555046,,48,3,0,,,,,36,36,33,,84,0.0,wls,,,,,,1.7763568394002505e-14,7.105427357601002e-15,3.552713678800501e-15,1.1018963519404679e-14,9.735268147181841e-15,5.773159728050814e-15,1.2989609388114332e-14,1.1601576657515231,0.5935953499292848,1.7721701071298772,1.8422981503792526,,,,,0.00026220400468446314,ok,0.05676068000320811,8,False,
0.15069545269728252,0.11072321107306377,0.14270100437243877,0.00040510431436094796,0.0,1.0307011249969946,5.9360105390613,0.6364108024226083,2.0372351333445624,0.34901222953904043,2.0,3.6198939679099595e-11,1.7643386215914208e-10,2.5372359058969027,0.3508627806538635,1.550517492753791,0.2740274599542334,0.2873740747049261,0.049194539912815936,0.5676643278235227,5.9360105390613,0.5186075473455246,1.8318815425201287,star,3006,0.37751713867692854,0.0,0.08,0.021918821072141617,0.0247207539706563,0.024587377752753103,0.0243720930425578,0.7385540888145461,0.07537928045460468,0.07537928045460468,0.07537928045460468,0.07437974955702331,1,0.16242516159873743,215,False,8.881585945276262,0.30157947881103087,interior_core,-0.44961109342032224,0.14300364738106353,28.77441453127906,49,1.0,0.1538511729797993,9.440431612546051,0.029826002731608615,0.17319898524185084,2,119,111,4937,2,2,0,2,227,227,116,4935,346,0.32246303423131456,ccpfm,5.9360105390613,0.5193210589037979,1.8321013745766856,0.9995948956856391,0.32259371833839917,8.313350008393172e-13,6.334015978382013e-09,5.906084954432345e-09,5.924474244523026e-09,3.5863028102767203e-09,4.635337891301106e-09,4.474238757268267e-09,0.019965797916274935,0.025026224737427244,0.024649708731647724,0.024283956722297596,2.35,0,68,24,0.0016568550054216757,ok,1.0323579800024163,6,False,
,,,,,0.05178752100619022,,,,,2.0,0.0,0.0,,,,,,,0.0,,,,star,3008,0.8651643273319664,0.0,0.16,0.3710631421074493,0.39168595512498894,0.47541769753646024,0.49398345275069333,1.0,2.5978799954061054,0.6914578411222712,2.5978799954061054,2.5978799954061054,,0.08800000000000005,66,False,62.03830383771208,0.04812352500784339,near_boundary_interior,0.32811991510654137,0.8286748229899237,81.55191355390184,23,,0.08800000000000005,56.471973342390356,0.04576000000000004,0.02911798456826166,,60,7,0,,,,,58,58,51,,118,0.0,wls,,,,,,2.353672812205332e-14,1.2434497875801753e-14,1.0658141036401503e-14,2.2148949341271873e-14,1.7319479184152442e-14,7.993605777301127e-15,1.8540724511240114e-14,0.4404838171771876,0.38868778242040847,0.6282853952460254,0.6543597357391646,,,,,0.00034166499972343445,ok,0.05212918600591365,8,False,
0.446189739446677,0.3435739542604537,0.42566658240943234,0.00047025628967787447,0.0,0.6832447110064095,7.0402365502186255,0.5968578939273848,2.039131432626744,0.31758034026465026,2.0,1.1458079277049116e-11,5.3026596480632406e-11,2.5090837247442908,0.28873952351635085,1.5414779283792992,0.24374420759962928,0.3254033944880041,0.03971127224622015,0.5453802022069719,7.0402365502186255,0.5148653944790691,1.8694686771560982,star,3007,0.6029956867968305,0.0,0.1,0.06127326275076364,0.064324614624068,0.07121281812539716,0.0771756458776859,0.7712253986561767,0.20898333743962116,0.20898333743962116,0.20898333743962116,0.1938619440915812,1,0.2011052106163868,197,False,9.21311804008829,0.33445399896556316,interior_core,-0.46254142360183365,-0.22697309480653152,34.32597893063916,63,1.0,0.1634830470001376,10.017062551715279,0.037260844920742144,0.16392890213084227,2,95,54,4253,2,2,0,2,142,142,88,4251,237,0.29884787209028923,ccpfm,7.0402365502186255,0.5157210310750635,1.8698826247052054,0.9995297437103221,0.2989884733003999,5.684341886080801e-13,2.086085526542547e-09,2.1394942484320723e-09,1.4139844850546979e-09,1.1013912004642634e-09,1.914850500384091e-09,1.411661898487182e-09,0.0577625023465086,0.06255535606747661,0.07462356623424164,0.08114526561554684,2.75,2,96,32,0.0012248690036358312,ok,0.6844695800100453,7,False,
0.28822380564422867,0.19694355801693827,0.2699677561187706,0.0019029495718363464,0.0,0.20437581899750512,6.34588502887667,0.49264411716669043,2.169059425756894,0.30610134436401243,2.0,3.0815851172899533e-12,1.1958434097284803e-11,2.2847770785984958,0.08609983060295937,0.6526036788334868,0.07142857142857142,0.24963464809010616,0.03312354882128059,0.5190697706307581,6.34588502887667,0.4196192130670169,2.096478393664618,star,3008,0.8655207439283118,0.0,0.2,0.09278943637347192,0.127578601508416,0.1292981347155521,0.12957159598705112,0.8446996714578763,0.24187659214357898,0.17453947572003367,0.24187659214357898,0.24187659214357898,1,0.11000000000000006,60,False,15.604265730265084,0.33376770961320984,near_boundary_interior,-0.5470711752408862,-0.18358034994141717,31.734151192916464,50,1.0,0.11000000000000003,14.904757187043833,0.05720000000000003,0.16015571083531324,2,48,3,1051,2,2,0,2,36,36,33,1049,84,0.2873453853472883,ccpfm,6.34588502887667,0.4204114174842524,2.0976663821647414,0.9980970504281637,0.28789323164918973,7.993605777301127e-14,2.014077793432989e-10,1.4904433243145832e-10,1.605112449204471e-10,8.857533456696487e-11,1.2755796419128274e-10,1.471716082335206e-10,0.08511871065881128,0.12525756560922233,0.13002097821701572,0.13044539072513606,2.55,1,80,28,0.00022647700097877532,ok,0.2046022959984839,8,False,
,,,,,0.09177698800340295,,,,,2.0,0.0,0.0,,,,,,,0.0,,,,star,3008,0.8654729358533602,0.0,0.12,0.18497608699806103,0.1256069379524629,0.22321292485599906,0.27381053416097223,1.0,1.823465717459021,0.2737735311692125,1.823465717459021,1.823465717459021,,0.06599999999999998,88,False,100.54223666815813,0.029794474481020603,near_boundary_interior,0.3325788237646691,0.8585999531986871,142.362972907336,23,,0.17521396828433808,83.6898668868599,0.043890827050047904,0.018468616595833574,,80,29,0,,,,,96,96,67,,176,0.0,wls,,,,,,4.796163466380676e-14,2.1316282072803006e-14,1.2434497875801753e-14,3.341771304121721e-14,1.8318679906315083e-14,1.2656542480726785e-14,3.708144902248023e-14,0.23278228407035106,0.1276568501047047,0.31518870261773496,0.367817773725318,,,,,0.000580694992095232,ok,0.09235768299549818,8,False,
,,,,,0.1284909259993583,,,,,2.0,0.0,0.0,,,,,,,0.0,,,,star,3008,0.9048875745727788,0.0,0.1,0.17307203712351257,0.08659299280095449,0.20039520070143926,0.27215376134890634,1.0,2.003421585770411,0.2328532804793746,2.003421585770411,2.003421585770411,,0.05500000000000001,125,False,167.17714787176493,0.01720002890760407,near_boundary_interior,-0.7277305686804616,-0.5869891044016194,216.4365427699319,23,,0.1621905684019837,116.454811496137,0.03726084492074218,0.01151729411330117,,95,57,0,,,,,145,145,88,,240,0.0,wls,,,,,,8.926193117986259e-14,3.6415315207705135e-14,2.4424906541753444e-14,5.062616992290714e-14,2.6256774532384952e-14,1.9761969838327786e-14,4.440892098500626e-14,0.23634112639257857,0.08767753241585999,0.30406114092380043,0.38387278600531755,,,,,0.000755920002120547,ok,0.12924684600147884,8,False,
0.3224285896131529,0.29228960052653324,0.316400791795829,0.0012217470983506415,0.0,0.2970397739991313,6.309668763353038,0.5243989493187767,2.035329487881501,0.29833101529902645,2.0,4.945020087854246e-12,2.0961930022886644e-11,3.2656696201214537,0.29203430282131887,1.3807047316771652,0.21608040201005024,0.3560214889453742,0.03841445008603703,0.5409306335895714,6.309668763353038,0.48641588676089564,1.996395302772913,star,3008,0.9583342040888738,0.0,0.16,0.06303906603981219,0.036990260483230765,0.08076762208524053,0.08832497966480468,0.809962044511323,0.20887802288084345,0.08055217686745952,0.20887802288084345,0.20887802288084345,1,0.08800000000000001,74,False,18.28132882443094,0.2665274992160848,near_boundary_interior,-0.6253106680311513,0.23715149736382163,28.30272487676976,56,1.0,0.08800000000000005,12.012879623789786,0.04576000000000004,0.18189897230429292,2,60,7,1637,2,2,0,2,58,58,51,1635,118,0.28833231521075137,ccpfm,6.309668763353038,0.4886166655511986,1.9966508882447909,0.9987782529016493,0.2886850152905199,1.305622276959184e-13,5.380806911148284e-10,5.283180559700895e-10,3.522040645242974e-10,2.708809149210012e-10,5.696131344379296e-10,3.607151244366946e-10,0.0645877351587561,0.03634986657526512,0.09212490704497617,0.09731661721415873,2.35,0,68,24,0.00034474900166969746,ok,0.297384523000801,8,False,
,,,,,0.2364596330007771,,,,,2.0,0.0,0.0,,,,,,,0.0,,,,star,3008,0.9352798694718932,0.0,0.08,0.1307221040215232,0.047554933301498514,0.14692920775583304,0.22985132225289828,1.0,1.7316396553798215,0.17090577566068987,1.7316396553798215,1.7316396553798215,,0.044000000000000004,157,False,275.46246754311875,0.010617077331648413,near_boundary_interior,-0.7565095719141083,-0.5803991501298438,343.19998531996214,23,,0.160609328848906,172.5154820853626,0.029826002731608233,0.007526001723156702,,119,113,0,,,,,226,226,113,,345,0.0,wls,,,,,,1.0835776720341528e-13,5.639932965095795e-14,3.8191672047105385e-14,8.881784197001252e-14,4.6629367034256575e-14,3.3306690738754696e-14,9.059419880941277e-14,0.18110498370469244,0.047303860836807946,0.22376168795619772,0.3128912442749805,,,,,0.0019965499959653243,ok,0.23845618299674243,8,False,
0.15781315998053014,0.1305616886040666,0.15236286570523744,0.0008071025020177562,0.0,0.4620003750023898,5.36648986258024,0.5302170022912285,1.9118779596682294,0.3169154228855721,2.0,9.661393213233893e-12,3.809582174188793e-11,3.1984111722499353,0.26781229488714164,1.4612944551147071,0.21153846153846154,0.3396448069879155,0.03868281065836328,0.5255733615963748,5.36648986258024,0.4785598644766684,1.818649135265495,star,3008,0.6979990741606282,0.0,0.12,0.055615645834743224,0.05658408926098683,0.0671120855457307,0.07393196115827627,0.7710202824287731,0.18858368708692452,0.16037972473257933,0.18858368708692452,0.18858368708692452,1,0.066,99,False,16.572197470728305,0.26386497156399746,near_boundary_interior,-0.6052276252050963,0.18229539949497314,34.15375316727846,54,1.0,0.17521396828433808,9.933104759197926,0.043890827050047904,0.15161248181641113,2,80,29,2478,2,2,0,2,96,96,67,2476,176,0.2970137207425343,ccpfm,5.36648986258024,0.4805630836825754,1.8202680162545,0.9991928974979822,0.2972536348949919,4.689582056016661e-13,1.3518901553766227e-09,1.3732999182280992e-09,8.734986067793216e-10,8.86493734322813e-10,1.3482148730759036e-09,9.866880645859055e-10,0.05475570273394324,0.05760617683248212,0.07413957198056419,0.08024637734361802,2.35,0,68,24,0.0005675620050169528,ok,0.4625679370074067,8,False,
,,,,,0.03411691798828542,,,,,2.0,0.0,0.0,,,,,,,0.0,,,,star,3009,0.9642296538781595,0.0,0.2,0.8489813296257303,0.7434227241625043,1.1652274755063514,1.198047793249772,1.0,4.757144667323505,0.7791776285034331,4.757144667323505,4.757144667323505,,0.11000000000000003,52,False,38.35225643897325,0.07686105999199673,near_boundary_interior,0.3374840457948018,0.7479494562408507,48.92318043960031,23,,0.11000000000000003,36.44718063930341,0.05720000000000003,0.04960264329193769,,48,2,0,,,,,37,37,35,,85,0.0,wls,,,,,,1.84297022087776e-14,5.773159728050814e-15,4.218847493575595e-15,1.2545520178264269e-14,4.145989107584569e-15,4.884981308350689e-15,1.2045919817182948e-14,0.9944362158604675,0.7418142520551635,1.5072508348633815,1.5395380676512869,,,,,0.00020276900613680482,ok,0.03431968699442223,9,False,
0.2068872876739496,0.13512591173606028,0.19253501248637173,0.0019286403085824494,0.0,0.1983338980062399,4.264847865515546,0.46063444116993946,2.199656076035823,0.321353065539112,2.0,2.8325328194078736e-12,1.0791454083378067e-11,2.0912413768538713,0.14700433365358284,1.0158885481271323,0.10989010989010989,0.22457688907051485,0.03489478059924146,0.5316074738873734,4.264847865515546,0.41869838237504375,2.0919746295485795,star,3009,0.9049438438430655,0.0,0.2,0.11006195044257311,0.15710986312584144,0.15106010484357985,0.15046440841980047,0.8366026965563441,0.3137356455336865,0.20643107809639882,0.3137356455336865,0.3137356455336865,1,0.2512432296558448,84,False,11.04658250417955,0.2897070022528918,near_boundary_interior,-0.45945202255163625,-0.36277583431109345,26.740847381694003,51,1.0,0.11000000000000003,14.461557873616417,0.05720000000000003,0.17583060856345817,2,48,2,1037,2,2,0,2,37,37,35,1035,85,0.30279652844744454,ccpfm,4.264847865515546,0.41900461800714883,2.0923412558959336,0.9980713596914176,0.3033816425120773,1.1723955140041653e-13,1.758611034574642e-10,1.7677759256429226e-10,1.6044357509237273e-10,8.364746395539413e-11,1.0509904058153552e-10,7.452172212651931e-11,0.09453412434740294,0.15939524783878867,0.14328383819208626,0.1423081030273894,2.35,0,68,24,0.0002452389890095219,ok,0.19857913699524943,9,False,
0.3100197507109354,0.2628910140695609,0.3005940033826605,0.00040024014408645187,0.0,1.0625878919963725,5.4228186013596495,0.6173825730610711,2.0234696770085407,0.3559479553903346,2.0,3.538552784121407e-11,1.7096000634408686e-10,2.463185759330078,0.3540920706055122,1.5562970139822383,0.27020915771622384,0.27210798534373964,0.048729780484145765,0.5697854891835508,5.4228186013596495,0.5202059898230156,1.8002167699452216,star,3007,0.32303394050511225,0.0,0.08,0.02375260526448541,0.028390256647939167,0.026690050095685106,0.023934730028228764,0.7332127580280113,0.07681566157527309,0.07378317293809245,0.07681566157527309,0.07681566157527309,1,0.04400000000000004,149,False,16.731828476916377,0.26091207246466197,near_boundary_interior,-0.6032263681707651,0.1479045430654605,29.119007121620697,50,1.0,0.15372325109528304,9.478621909830213,0.029826002731608996,0.1719188428357011,2,119,109,4997,2,2,0,2,228,228,119,4995,347,0.3255953572143286,ccpfm,5.4228186013596495,0.5203899280588001,1.8002654453822977,0.9995997598559135,0.3257257257257257,6.821210263296962e-13,6.641456273825952e-09,6.025882903770707e-09,5.8995368590331054e-09,3.384827529373524e-09,3.907207890563313e-09,4.262264319265796e-09,0.02165972370829375,0.028993499984214518,0.026720847370620318,0.024454541688307033,2.35,0,68,24,0.0017593020020285621,ok,1.064347193998401,7,False,
,,,,,0.07607452200318221,,,,,2.0,0.0,0.0,,,,,,,0.0,,,,star,3009,0.952796228929427,0.0,0.16,0.6920722975340363,0.39109313093669745,0.885320168325324,0.9925082369750255,1.0,6.5921602747248444,0.778096877422199,6.5921602747248444,6.5921602747248444,,0.08800000000000005,66,False,58.50228638886785,0.05254045969901003,near_boundary_interior,0.32811991510654137,0.8286748229899237,90.38721722018994,23,,0.08800000000000006,55.976403111037676,0.04576000000000004,0.027391537465876692,,60,9,0,,,,,59,59,50,,119,0.0,wls,,,,,,4.3076653355456074e-14,1.1546319456101628e-14,6.217248937900877e-15,1.8096635301390052e-14,9.63812363252714e-15,8.43769498715119e-15,3.375077994860476e-14,0.8735782497458555,0.38855133479873466,1.2406500213498994,1.3375708339754568,,,,,0.00031657700310461223,ok,0.07639109900628682,9,False,
0.49115127567906314,0.33345136605161363,0.45961129375357324,0.0005126890540886952,0.0,0.6396831190068042,6.715377720808692,0.5802658640717173,2.0714705008297862,0.31676583829191457,2.0,1.0979276515721281e-11,4.93041980963263e-11,2.4635245167048594,0.28147037855734536,1.5363119167544887,0.2662835249042146,0.2784969218000304,0.040834356385639925,0.5486991625740718,6.715377720808692,0.5140811692668051,1.8596311868798698,star,3008,0.5357178942795338,0.0,0.1,0.05518750404050221,0.061005493054553175,0.06390004493051335,0.06677270226436985,0.7780002240118069,0.17288653332342308,0.15363189051043463,0.17288653332342308,0.17288653332342308,1,0.05500000000000003,118,False,15.834401810024408,0.279883874439903,near_boundary_interior,-0.6196603863066787,0.18169060603766468,34.85031647756051,58,1.0,0.1621905684019837,9.918440475344418,0.03726084492074218,0.15125557290060823,2,95,57,3901,2,2,0,2,145,145,88,3899,240,0.3032555754934632,ccpfm,6.715377720808692,0.5147340754231398,1.8605794239617564,0.9994873109459113,0.30341113105924594,6.252776074688882e-13,1.8823835823411628e-09,1.9094948955356017e-09,1.29929578207566e-09,8.120137895417656e-10,1.277548622447e-09,9.072724793668385e-10,0.05223491494360121,0.06134737516890767,0.06720204848066509,0.07073616121587466,2.55,1,80,28,0.0011186729971086606,ok,0.6408017920039129,8,False,
,,,,,0.09354104301019106,,,,,2.0,0.0,0.0,,,,,,,0.0,,,,star,3009,0.8044761657691094,0.0,0.12,0.1906616556770463,0.1662561166841249,0.2291613164852197,0.25926021228663126,1.0,1.6420964793865478,0.4230240497878046,1.6420964793865478,1.6420964793865478,,0.066,81,False,117.77700612456165,0.024936240863891596,near_boundary_interior,0.8791552635756316,0.09795156282756037,149.6369092226936,23,,0.17944498437235068,88.71164307201462,0.043890827050048924,0.017752396349073486,,80,28,0,,,,,102,102,74,,182,0.0,wls,,,,,,6.52811138479592e-14,2.3092638912203256e-14,1.3322676295501878e-14,3.730349362740526e-14,1.4765966227514582e-14,2.142730437526552e-14,4.196643033083092e-14,0.2259389240263415,0.16847436016993128,0.30180516252638506,0.3388387810066672,,,,,0.0005528759938897565,ok,0.09409391900408082,9,False,
0.26429757175739255,0.2248056374917423,0.2563991849042625,0.0012217470983506415,0.0,0.2533123350003734,5.226292612641388,0.5316493801919144,2.0638584022186417,0.3062937062937063,2.0,6.240801712215083e-12,2.4018559388211307e-11,2.9849518526200476,0.2748995269090845,1.492714821372985,0.1932367149758454,0.3616986559686917,0.03979279498922942,0.541047110635622,5.226292612641388,0.49188092548635465,1.9707467725148973,star,3009,0.9203810479001422,0.0,0.16,0.06736204968413098,0.049438341936184,0.08617160573770939,0.09494711353700597,0.8005927320202716,0.21937075493203262,0.10114898358566354,0.21937075493203262,0.21937075493203262,1,0.08799999999999998,76,False,13.945517720846105,0.316166036011234,near_boundary_interior,-0.5447280326474833,-0.1485706795091492,28.605737981679155,57,1.0,0.08800000000000006,11.447021544048141,0.04576000000000004,0.17896487239177028,2,60,9,1637,2,2,0,2,59,59,50,1635,119,0.2919975565058033,ccpfm,5.226292612641388,0.49525263589263513,1.9721868351294043,0.9987782529016493,0.2923547400611621,1.9628743075372768e-13,4.838016653962995e-10,4.856414159704059e-10,3.219886579586273e-10,3.953759541985846e-10,4.4046266634012454e-10,2.673150589771467e-10,0.0665920595698512,0.050077603665147914,0.09457360019105905,0.10051227664650782,2.35,0,68,24,0.0003612549917306751,ok,0.2536735899921041,9,False,
,,,,,0.14780756100662984,,,,,2.0,0.0,0.0,,,,,,,0.0,,,,star,3009,0.99487419055221,0.0,0.1,0.8095166600292516,0.0946288313974639,0.9421156057892741,1.3397902252459752,1.0,11.419962862103656,0.27229180286648313,11.419962862103656,11.419962862103656,,0.05499999999999997,124,False,169.6521361185044,0.017014456416603003,near_boundary_interior,-0.7831409257838239,-0.5107232906777002,219.40544980440387,23,,0.16448919376671303,114.87104632810954,0.03726084492074218,0.012562973607812474,,95,57,0,,,,,145,145,88,,240,0.0,wls,,,,,,8.881784197001252e-14,2.708944180085382e-14,3.064215547965432e-14,7.815970093361102e-14,3.5638159090467525e-14,1.7763568394002505e-14,5.5788706987414116e-14,1.140143006637465,0.09548993982501353,1.4668339307084126,1.881315163201218,,,,,0.0008139759884215891,ok,0.14862153699505143,9,True,linf_large
,,,,,0.2508316639869008,,,,,2.0,0.0,0.0,,,,,,,0.0,,,,star,3009,0.7883713179142164,0.0,0.08,0.07265444792177993,0.04768370553391359,0.08138876035646436,0.11670018099341128,1.0,1.1119545775622617,0.1310907202403647,1.1119545775622617,1.1119545775622617,,0.044000000000000004,157,False,276.8048868977651,0.01072627093489015,near_boundary_interior,-0.7565095719141083,-0.5803991501298438,357.7244374191885,23,,0.15542357168461246,175.55896066744228,0.029826570309324785,0.007506182615219825,,119,115,0,,,,,232,232,117,,351,0.0,wls,,,,,,1.234568003383174e-13,4.618527782440651e-14,4.8405723873656825e-14,8.881784197001252e-14,3.9968028886505635e-14,4.263256414560601e-14,9.14823772291129e-14,0.09642250872591644,0.0479778341202808,0.11860090215862465,0.16009177445806355,,,,,0.0015342760016210377,ok,0.25236593998852186,9,False,
0.3277112172753173,0.24269616354540158,0.3107082065293342,0.0007710100231303007,0.0,0.5170464080001693,5.784136809467181,0.544285566752245,1.9364356806727836,0.3083976833976834,2.0,1.237231844752884e-11,4.195309631178534e-11,2.62935460869644,0.2684691684614332,1.4904342905822054,0.23754789272030652,0.32787083177069254,0.04024113391916018,0.5350869680984739,5.784136809467181,0.4817507085820477,1.8251957761882627,star,3009,0.8341324402952593,0.0,0.12,0.05474064567838181,0.043964796063035716,0.06579423840815388,0.07579548616136868,0.7692416959761768,0.17646622738355067,0.13208176919485448,0.17646622738355067,0.17646622738355067,1,0.066,99,False,15.697243421338337,0.27202717269198917,near_boundary_interior,-0.6052276252050963,0.18229539949497314,34.038130312313186,53,1.0,0.17944498437235068,9.795336896025074,0.043890827050048924,0.15232590314669384,2,80,28,2594,2,2,0,2,102,102,74,2592,182,0.29414032382420974,ccpfm,5.784136809467181,0.48233522195841105,1.8255967827732906,0.9992289899768697,0.2943672839506173,3.588240815588506e-13,1.5678538467511771e-09,1.5827616994812388e-09,1.0536993499954406e-09,8.353384373105399e-10,1.1927631105024261e-09,8.551257479894048e-10,0.054041468095011695,0.044322708900499594,0.07218762385394879,0.08024635540797646,2.35,0,68,24,0.0006273629987845197,ok,0.5176737709989538,9,False,
,,,,,0.043893035006476566,,,,,2.0,0.0,0.0,,,,,,,0.0,,,,annulus,4000,1.0,0.0,0.2,0.6352892980722931,nan,0.8684401503281136,0.8684401503281136,1.0,2.4146878404562004,nan,2.4146878404562004,2.4146878404562004,,0.10999999999999999,57,False,45.10149690679135,0.057238759732236445,near_boundary_interior,0.5231288745403727,0.7200251249936511,49.25813489042546,23,,0.11000000000000004,36.40583949069638,0.05720000000000003,0.051354549251069304,,54,0,0,,,,,49,49,49,,103,0.0,wls,,,,,,1.454392162258955e-14,9.325873406851315e-15,9.658940314238862e-15,1.199040866595169e-14,8.737802148495177e-15,5.329070518200751e-15,9.395262345890387e-15,0.6499247415759165,nan,0.9422879611035084,0.9422879611035084,,,,,0.0003096550062764436,ok,0.04420269001275301,0,False,
0.0981649272159861,0.07795828936761992,0.09412359964631287,0.00040346984062941297,0.0,1.0195867650036234,5.932273262893425,0.5990758153319948,2.0647195905892914,0.35135970333745364,2.0,3.9888682634714456e-11,1.8985409117064732e-10,2.2870525193399605,0.34589610264845333,1.5086137432499456,0.26786751888436955,0.28534875216787975,0.04788295610248308,0.5697357863450603,5.932273262893425,0.5178268805699039,1.816882710947164,star,3008,0.48134789068170425,0.0,0.08,0.02197710793597973,0.022632653296431337,0.024701859581959217,0.027722172479757945,0.7436918476045615,0.0797272370863496,0.06283319036998347,0.0797272370863496,0.0797272370863496,1,0.11763109965193877,213,False,10.475276247414937,0.28588235841692755,near_boundary_interior,-0.48477535089947027,0.11301383813764099,29.28740538353647,49,1.0,0.160609328848906,9.599300975814746,0.029826002731608233,0.1719144840537137,2,119,113,4957,2,2,0,2,226,226,113,4955,345,0.32237240266290096,ccpfm,5.932273262893425,0.518883524547883,1.8173745397805008,0.9995965301593706,0.32250252270433905,7.904787935331115e-13,7.82655185105341e-09,6.358985338295042e-09,6.3787402027060125e-09,3.3470897164988855e-09,7.642955601738777e-09,6.814451225523044e-09,0.02053823142959303,0.022550389375016935,0.025375719863206025,0.02791655881707022,2.35,0,68,24,0.0016873179993126541,ok,1.021274083002936,8,False,
,,,,,0.06393249498796649,,,,,2.0,0.0,0.0,,,,,,,0.0,,,,annulus,4000,1.0,0.0,0.16,0.39287608673621083,nan,0.49803210064580455,0.49803210064580455,1.0,1.8254585491187085,nan,1.8254585491187085,1.8254585491187085,,0.10526578876554565,116,False,50.87538219123771,0.05255541000254771,near_boundary_interior,0.42552750699568925,0.16145079361448375,83.41816569936253,23,,0.16658386351644563,53.034862270429294,0.05473821015808374,0.03225308686796371,,68,0,0,,,,,77,77,77,,145,0.0,wls,,,,,,2.4868995751603507e-14,1.1546319456101628e-14,7.882583474838611e-15,1.7763568394002505e-14,1.1546319456101628e-14,6.772360450213455e-15,2.1094237467877974e-14,0.4439461008766332,nan,0.6092126105118926,0.6092126105118926,,,,,0.0004403360071592033,ok,0.0643728309951257,0,False,
0.06587152160287542,0.05756114023163218,0.06420944532862677,0.0011918951132300357,0.0,0.22520787599205505,7.8692680333958895,0.2723381789751192,2.070954245867224,0.2507997440818938,2.0,2.459275838528896e-12,1.1105789493149339e-11,2.9810655654615332,0.06703923871751218,1.7743849506394866,0.16521739130434782,0.22512747030933766,0.018890516347160012,0.45629200477152054,7.8692680333958895,0.24766972469015952,2.0587397133518204,annulus,4000,1.0,0.0,0.2,0.1982244421578559,nan,0.27097271253998895,0.27097271253998895,0.9273897124733265,0.4637446020894971,nan,0.4637446020894971,0.4637446020894971,1,0.2201139193178348,87,False,15.587122418535555,0.33249973491242324,near_boundary_interior,-0.40258023071761934,0.39389892833591766,28.82447949948101,62,1.0,0.11000000000000004,13.817036998760873,0.05720000000000003,0.19329781744578792,2,54,0,1678,2,2,0,2,49,49,49,1676,103,0.24493444576877235,ccpfm,7.8692680333958895,0.24808650840249014,2.0610742051903426,0.99880810488677,0.24522673031026254,1.1324274851176597e-13,1.8001133916811796e-10,1.7443235744707408e-10,1.1156486845464997e-10,9.630607422650428e-11,1.47679868334194e-10,9.270806344829907e-11,0.16988599592265582,nan,0.24630779300667613,0.24630779300667613,2.75,2,96,32,0.0003476569982012734,ok,0.22555553299025632,0,False,
0.316575138830225,0.22438246051320682,0.29813660316682133,0.0005167958656330749,0.0,0.7105643929971848,6.471385933662062,0.59697520750806,1.9779253397627417,0.31977559607293127,2.0,1.4271042680924495e-11,5.5762519320904696e-11,3.0835386882072484,0.2926215259550311,1.561756671263547,0.25147347740667975,0.2928425766310508,0.04096056614670465,0.5474822790637084,6.471385933662062,0.5125962472318847,1.8576771977445334,star,3009,0.6052515033040051,0.0,0.1,0.05363020169492666,0.055015634981094366,0.06241483647364472,0.06923158912483306,0.7740554076023513,0.21268847068991387,0.15723844446401114,0.21268847068991387,0.21268847068991387,1,0.05500000000000003,118,False,16.560752758023373,0.2634884271461721,near_boundary_interior,-0.6196603863066787,0.18169060603766468,35.00899133405542,58,1.0,0.16448919376671303,9.871775904674925,0.03726084492074218,0.1584028317546917,2,95,57,3870,2,2,0,2,145,145,88,3868,240,0.30180878552971574,ccpfm,6.471385933662062,0.5129899869213768,1.8581287869805039,0.999483204134367,0.3019648397104447,4.867217739956686e-13,2.079661776122066e-09,2.1351080903286856e-09,1.3469865223214583e-09,1.13285418719411e-09,1.4979291140804207e-09,1.0301350883423765e-09,0.05149213205420915,0.05534513252788657,0.06624643226500877,0.07243725722753071,2.55,1,80,28,0.0018164200009778142,ok,0.7123808129981626,9,False,
,,,,,0.12984055599372368,,,,,2.0,0.0,0.0,,,,,,,0.0,,,,annulus,4000,0.7913985246521317,0.0,0.12,0.13614038941072007,0.13232035156475191,0.15995585326777115,0.17066863000458862,1.0,0.64303735019284,0.4073186928355632,0.64303735019284,0.64303735019284,,0.06600000000000002,120,False,116.49320574459452,0.024201420251226513,near_boundary_interior,0.8670956117226822,-0.34713272110811383,147.3665861276149,23,,0.18273874435666795,85.20721161739651,0.04948518887286821,0.01752056464665574,,89,32,0,,,,,141,141,109,,230,0.0,wls,,,,,,4.618527782440651e-14,2.842170943040401e-14,2.4868995751603507e-14,4.973799150320701e-14,2.1538326677728037e-14,1.509903313490213e-14,3.2862601528904634e-14,0.14005742822279446,0.1332706429681161,0.17887947398567303,0.1902037796443791,,,,,0.000917355006095022,ok,0.1307579109998187,0,False,
0.04479077345478624,0.02392632419861835,0.04061788360355267,0.0009675858732462506,0.0,0.3163146729930304,6.268821635344744,0.5159070833349657,1.5664794467189394,0.2359192348565356,2.0,2.7781665856707605e-12,1.4481438471367978e-11,2.559574385891393,0.02709648283338339,0.38939116751201025,0.04864864864864865,0.2960331663477213,0.035604663185216844,0.5131024553123238,6.268821635344744,0.4324532336868659,1.4731128183607562,annulus,4000,1.0,0.0,0.16,0.10998005480200639,nan,0.13941698049685736,0.13941698049685736,0.7513653090854581,0.24548847164915544,nan,0.24548847164915544,0.24548847164915544,1,0.239366535653588,113,False,9.376893327689643,0.25579136829348387,near_boundary_interior,0.5470034442654099,-0.5290317995765341,30.508130097863592,50,1.0,0.16658386351644563,11.014167859154782,0.05473821015808374,0.15700056519105224,2,68,0,2067,2,2,0,2,77,77,77,2065,145,0.21915820029027577,ccpfm,6.268821635344744,0.43280686168495935,1.4734452718795727,0.9990324141267537,0.21937046004842614,2.0738966099997924e-13,2.468203419425663e-10,2.1480839329512946e-10,1.909597480143077e-10,1.2351283884548536e-10,7.227551890309769e-11,7.501332888182333e-11,0.09344252184541167,nan,0.1282280947030479,0.1282280947030479,2.35,0,68,24,0.0005077940004412085,ok,0.3168224669934716,0,False,
,,,,,0.2015433379856404,,,,,2.0,0.0,0.0,,,,,,,0.0,,,,annulus,4000,0.5383356197048277,0.0,0.1,0.0833502017920785,0.09122087785038516,0.09563215136129516,0.09997256621891418,1.0,0.3258651681193794,0.2975282889003261,0.3258651681193794,0.3258651681193794,,0.054999999999999966,143,False,158.60172243770455,0.01734666183854301,near_boundary_interior,0.8022892462817599,-0.49935648131946603,198.5969657880755,23,,0.16967629363950176,109.62534509427633,0.04134677336616112,0.013178617996513648,,107,80,0,,,,,195,195,115,,302,0.0,wls,,,,,,8.171241461241152e-14,3.219646771412954e-14,3.3306690738754696e-14,6.483702463810914e-14,2.7977620220553945e-14,2.930988785010413e-14,5.240252676230739e-14,0.08074777923937561,0.089723808534095,0.10048859007386435,0.1073423056881857,,,,,0.001222594000864774,ok,0.20276593198650517,0,False,
,,,,,0.3007701449969318,,,,,2.0,0.0,0.0,,,,,,,0.0,,,,annulus,4000,0.2674564700995012,0.0,0.08,0.04697050529615688,0.056716489682839995,0.052273880195737754,0.043987063491362416,1.0,0.16232671057934828,0.14108812189707054,0.16232671057934828,0.16232671057934828,,0.043999999999999984,138,False,261.3354970477716,0.010415138848451667,near_boundary_interior,0.8353999360338696,0.4648040449312589,317.45638813832835,23,,0.16734240164635747,164.37457157561,0.038507163004557296,0.008255424592381901,,134,160,0,,,,,305,305,145,,439,0.0,wls,,,,,,1.3145040611561853e-13,6.261657858885883e-14,4.929390229335695e-14,8.704148513061227e-14,5.728750807065808e-14,5.551115123125783e-14,1.1457501614131615e-13,0.043829060551894755,0.056737971912979294,0.05258289614551539,0.04757871893613805,,,,,0.0021170029940549284,ok,0.3028871479909867,0,False,
0.22851318502985662,0.18953801814099602,0.2207181516520845,0.00039541320680110717,0.0,1.1314295410120394,5.5914340147874215,0.6252399197894882,2.0555795894061513,0.3623232944068838,2.0,3.650435509428007e-11,1.7750642054288098e-10,2.504829525072874,0.3714158901343546,1.5426640702008225,0.2616407982261641,0.26423297324695405,0.051030343369220285,0.5693675968651217,5.5914340147874215,0.518554325615382,1.819276684010789,star,3009,0.3490971685284846,0.0,0.08,0.025376132766448258,0.029208149633943213,0.02842677974410906,0.027123299263010065,0.7434697834542177,0.0751595116325598,0.0695467118430147,0.0751595116325598,0.0751595116325598,1,0.09456468230716307,201,False,11.848584507899178,0.21696914099828432,near_boundary_interior,-0.03865422794432294,-0.5356370992253927,29.343919742615117,49,1.0,0.15542357168461246,9.560725605660163,0.029826570309324785,0.16834702739036222,2,119,115,5058,2,2,0,2,232,232,117,5056,351,0.326413602214314,ccpfm,5.5914340147874215,0.5194860398305904,1.8195687804153486,0.9996045867931989,0.32654272151898733,7.205347429817266e-13,6.3367888714083165e-09,6.221336334988337e-09,5.500808697433968e-09,3.3933602594515833e-09,5.593547847126956e-09,5.308990580488171e-09,0.02291390362848864,0.029191560822430775,0.028184390535195607,0.02715806205232929,2.35,0,68,24,0.0017959209944820032,ok,1.1332254620065214,9,False,
0.2370323002818204,0.19423021938082996,0.2284718841016223,0.0004806536890170632,0.0,0.7052706609974848,5.2470850743298465,0.6455784212659562,2.215153528538458,0.36714410990938323,2.0,5.571973438200928e-12,3.625528505117967e-11,2.010929032988647,0.10581160494410866,0.8381276235977347,0.06756756756756757,0.22423466456206248,0.038787990664138704,0.5472864394900893,5.2470850743298465,0.5111112320872214,2.080967045389303,annulus,4000,0.5795058857920775,0.0,0.12,0.11398243564671595,0.15728918544853893,0.13392173939215732,0.12227451652752436,0.786702290751142,0.2634523574871259,0.2634523574871259,0.2634523574871259,0.21932287326833688,1,0.26547672355983465,178,False,8.326024770916474,0.34467699064738083,interior_core,-0.516899108609669,0.32215585283074294,21.352349705736675,61,1.0,0.18273874435666795,10.740221897749716,0.04948518887286821,0.20508078142637262,2,89,32,4161,2,2,0,2,141,141,109,4159,230,0.31386685892814226,ccpfm,5.2470850743298465,0.5111236632150056,2.0810241948696646,0.9995193463109829,0.3140177927386391,3.232969447708456e-13,7.952998259952437e-10,7.207865415637116e-10,6.422897769198244e-10,6.343761072002962e-10,7.16372294817802e-10,6.331166702011615e-10,0.09654125735565425,0.15817235728752999,0.12330120260543477,0.11100282986721857,2.75,2,96,32,0.001417956009390764,ok,0.7066886170068756,0,False,
,,,,,0.047546467001666315,,,,,2.0,0.0,0.0,,,,,,,0.0,,,,annulus,4001,1.0,0.0,0.2,0.5993187612019032,nan,0.8139922500832789,0.8139922500832789,1.0,1.6979564338794597,nan,1.6979564338794597,1.6979564338794597,,0.10999999999999999,57,False,46.9964761352141,0.05405846960455213,near_boundary_interior,0.5231288745403727,0.7200251249936511,47.44828376173926,23,,0.11000000000000004,37.886030272925275,0.05720000000000002,0.05405846960455213,,54,0,0,,,,,49,49,49,,103,0.0,wls,,,,,,1.7763568394002505e-14,1.0436096431476471e-14,5.995204332975845e-15,1.454392162258955e-14,1.354472090042691e-14,1.0880185641326534e-14,1.559863349598345e-14,0.5918619075984551,nan,0.8581060459607646,0.8581060459607646,,,,,0.0003091349935857579,ok,0.04785560199525207,1,False,
,,,,,0.07443311899260152,,,,,2.0,0.0,0.0,,,,,,,0.0,,,,annulus,4001,1.0,0.0,0.16,0.48399165247578346,nan,0.6137961297762637,0.6137961297762637,1.0,2.691935454362805,nan,2.691935454362805,2.691935454362805,,0.088,89,False,57.12386983688269,0.0485399726638519,near_boundary_interior,0.48867403702078815,-0.7700270680578738,82.44615726808794,23,,0.15003542173421439,51.202850284495966,0.06320793282237583,0.03138881357270169,,68,0,0,,,,,76,76,76,,144,0.0,wls,,,,,,2.7200464103316335e-14,1.6431300764452317e-14,1.199040866595169e-14,2.1760371282653068e-14,1.915134717478395e-14,1.199040866595169e-14,1.6431300764452317e-14,0.5248227155998274,nan,0.7224155307076532,0.7224155307076532,,,,,0.00046860599832143635,ok,0.07490172499092296,1,False,
0.016088268052433415,0.010362524062467245,0.01494311925444018,0.0014619883040935672,0.0,0.2657664099970134,5.804248758808469,0.30400894209449253,2.1046802786127876,0.23916408668730652,2.0,1.56008539420327e-12,9.591593111077386e-12,2.036322325588537,0.030960995883787035,0.8102417450571492,0.09210526315789473,0.24872917814155437,0.025658229868109523,0.44778617488803313,5.804248758808469,0.27551117482758614,2.048447029356979,annulus,4001,1.0,0.0,0.2,0.17485441364562979,nan,0.23748653773988776,0.23748653773988776,0.920973991575677,0.4229304642539129,nan,0.4229304642539129,0.4229304642539129,1,0.28946471036425325,84,False,11.294384839228773,0.23666753192577586,near_boundary_interior,-0.5160729186663662,-0.4896306171664695,31.864501397204716,53,1.0,0.11000000000000004,13.263142943199377,0.05720000000000002,0.15831015488663147,2,54,0,1368,2,2,0,2,49,49,49,1366,103,0.2309941520467836,ccpfm,5.804248758808469,0.27791273751298223,2.0488180860620737,0.9985380116959064,0.23133235724743778,9.059419880941277e-14,1.4692069782995532e-10,1.4581280627368187e-10,9.635020559173313e-11,8.890044256304463e-11,1.0759104718260915e-10,7.197975548933755e-11,0.1531610701261559,nan,0.2220592989576916,0.2220592989576916,2.35,0,68,24,0.0003097180015174672,ok,0.26607612799853086,1,False,
0.3344528238625809,0.2814545185746904,0.3238531628050028,0.00046157396722824835,0.0,1.0013871050032321,3.6968666308707316,0.6084370010306364,2.0641744708444314,0.3698945981554677,2.0,7.38600153260549e-12,5.352485075432844e-11,3.028611527251584,0.2948956725020053,1.4535781216206636,0.212798766383963,0.3256178193117831,0.047887944599404465,0.5604969890208898,3.6968666308707316,0.5022964529881939,1.895479824451415,annulus,4000,0.352238740595785,0.0,0.1,0.05361051602403498,0.06949953207614396,0.06151021680495687,0.05201351140776105,0.7543520411841277,0.13456915005284198,0.1331503511869916,0.13456915005284198,0.13456915005284198,1,0.055000000000000014,154,False,16.335011281347764,0.2802655027040112,near_boundary_interior,-0.36489236674668685,-0.17572290481461336,26.282254073939402,46,1.0,0.16967629363950176,9.53702035883299,0.04134677336616112,0.16020279541925897,2,107,80,4333,2,2,0,2,195,195,115,4331,302,0.3228709900761597,ccpfm,3.6968666308707316,0.502927479054524,1.8957925362316035,0.9995384260327718,0.32302008773955204,4.831690603168681e-13,1.2731096177276413e-09,8.161866738021217e-10,8.993232825105224e-10,1.1870966432070418e-09,8.248948191180716e-10,8.263842943279087e-10,0.04789303175186176,0.06986920608188835,0.059601679209532396,0.05126010020644929,2.35,0,68,24,0.001426431001164019,ok,1.0028135360043962,0,False,
,,,,,0.14405073299712967,,,,,2.0,0.0,0.0,,,,,,,0.0,,,,annulus,4001,0.7312607069166314,0.0,0.12,0.1518045067540682,0.15325061622818495,0.17812096324396784,0.19085156704122505,1.0,0.7052366750449883,0.38614900716555706,0.7052366750449883,0.7052366750449883,,0.15070336333875153,168,False,82.37021446955065,0.03236220895431078,near_boundary_interior,-0.3465283669762236,0.7755941024117766,150.35670867605089,23,,0.1792207977279583,83.61881270939057,0.049485188872874286,0.017707618228760318,,89,39,0,,,,,144,144,105,,233,0.0,wls,,,,,,5.684341886080802e-14,2.6645352591003757e-14,1.6209256159527285e-14,3.907985046680551e-14,2.5646151868841116e-14,1.9317880628477724e-14,4.063416270128073e-14,0.15351208328295746,0.1543120110463044,0.19527168775076353,0.20844533233210844,,,,,0.0012672000011662021,ok,0.14531793299829587,1,False,
0.09477989318764643,0.05678049680469594,0.08718001391105633,0.0009233610341643582,0.0,0.37184714000613894,6.84132033721331,0.43978949455041827,1.641732085845144,0.2371859296482412,2.0,2.2450027947762408e-12,1.4329925274503986e-11,3.1820397822962305,0.023371342365469824,0.3285945010521205,0.022727272727272728,0.314274953412054,0.030927043226908358,0.5061671346672659,6.84132033721331,0.37848005613414415,1.5353608487389296,annulus,4001,1.0,0.0,0.16,0.13866296553074253,nan,0.17585177585336098,0.17585177585336098,0.7880394029489644,0.32684620866313274,nan,0.32684620866313274,0.32684620866313274,1,0.24468143499009729,124,False,9.95784936934515,0.28804189711149575,near_boundary_interior,0.3606554112139494,-0.46248599708467175,31.69186011109322,54,1.0,0.15003542173421439,10.607066433958606,0.06320793282237583,0.1612150871299633,2,68,0,2166,2,2,0,2,76,76,76,2164,144,0.21975992613111728,ccpfm,6.84132033721331,0.379184166398332,1.536402444560857,0.9990766389658357,0.2199630314232902,1.8954282587912985e-13,2.617355221445905e-10,8.972578235955098e-11,1.0327205757221236e-10,1.7364065740821388e-10,1.9393642247678144e-10,1.6984103012873675e-10,0.11530305690515066,nan,0.15871401250448572,0.15871401250448572,2.55,1,80,28,0.0005403950053732842,ok,0.3723875350115122,1,False,
,,,,,0.1895810639980482,,,,,2.0,0.0,0.0,,,,,,,0.0,,,,annulus,4001,0.5066824872820909,0.0,0.1,0.09275571783908923,0.10750689013692692,0.10639586429188636,0.10534658388368205,1.0,0.44302999711606184,0.44302999711606184,0.44302999711606184,0.3494163092120546,,0.2932620036632614,285,False,104.61934230882221,0.023119919853831022,interior_core,0.5210337140727879,-0.37569984009441865,203.97748635839372,23,,0.1745976380154976,109.6639896346488,0.04134677340172829,0.013050075850006889,,107,76,0,,,,,194,194,118,,301,0.0,wls,,,,,,6.750155989720952e-14,2.5757174171303632e-14,2.3092638912203256e-14,4.3520742565306136e-14,3.275157922644212e-14,2.4424906541753444e-14,5.3734794391857577e-14,0.0889372154227979,0.10931601607390884,0.11078116057492522,0.11171463988757724,,,,,0.0011845219996757805,ok,0.19076558599772397,1,False,
,,,,,0.3312840199942002,,,,,2.0,0.0,0.0,,,,,,,0.0,,,,annulus,4001,0.2398928426608941,0.0,0.08,0.04987777837158472,0.06199043662247077,0.05555591497676922,0.04359990176457867,1.0,0.23762685061556899,0.23762685061556899,0.23762685061556899,0.20340060997272874,,0.303730176155335,393,False,154.19909308504543,0.01602312215714874,interior_core,0.627231393133962,-0.30234198316883854,317.2297148092376,23,,0.16376549608420965,165.6882343348561,0.03850677257911378,0.00839161983584726,,134,158,0,,,,,309,309,151,,443,0.0,wls,,,,,,9.769962616701378e-14,4.8405723873656825e-14,4.529709940470639e-14,1.0302869668521453e-13,3.9745984281580604e-14,5.5289106626332796e-14,8.526512829121202e-14,0.04695379995008435,0.06299561322629521,0.05622032717765328,0.04812025581196643,,,,,0.001964096009032801,ok,0.333248116003233,1,False,
0.23211173670646798,0.19474486545179398,0.22463836245553317,0.00047080979284369113,0.0,0.6636168319964781,5.891936003615521,0.6317379196422203,2.1898566532139787,0.36571925754060325,2.0,5.864836394309236e-12,3.6554735878300005e-11,2.434216612235806,0.1243472519896944,0.885207229901958,0.07125,0.24732065583313673,0.03786856947488683,0.5473559453824958,5.891936003615521,0.500549034514918,2.052688597228626,annulus,4001,0.5153425133139254,0.0,0.12,0.10737506416841487,0.14557033403486688,0.12598934160133796,0.11332516711198626,0.7958097274528548,0.24615635748260556,0.23638478235543947,0.24615635748260556,0.24615635748260556,1,0.21660991196036594,170,False,10.3316190414941,0.3152950036039629,near_boundary_interior,0.5312901018755786,-0.5778446451681928,21.22274209144631,61,1.0,0.1792207977279583,10.660434993965044,0.049485188872874286,0.20713070020047677,2,89,39,4248,2,2,0,2,144,144,105,4246,233,0.3102636534839925,ccpfm,5.891936003615521,0.5008606659528299,2.053224462206766,0.9995291902071564,0.3104097974564296,4.085620730620576e-13,8.531024775493279e-10,7.763716336484094e-10,7.003708724084845e-10,6.999152368791783e-10,7.991403094820271e-10,6.87876422489353e-10,0.09163150819952397,0.14641367469378927,0.11655785573757121,0.1032935740572663,2.75,2,96,32,0.0014758059987798333,ok,0.665092637995258,1,False,
,,,,,0.07235815499734599,,,,,2.0,0.0,0.0,,,,,,,0.0,,,,annulus,4002,1.0,0.0,0.2,0.6136939898346089,nan,0.8416025591983456,0.8416025591983456,1.0,2.128657644829438,nan,2.128657644829438,2.128657644829438,,0.29898826558325947,94,False,30.317660466175848,0.07966275931520318,near_boundary_interior,0.5171292499854699,-0.47623339468384557,47.052459585645344,23,,0.11000000000000003,36.305776986250144,0.05720000000000002,0.05303814799040839,,54,0,0,,,,,47,47,47,,101,0.0,wls,,,,,,1.7985612998927536e-14,9.325873406851315e-15,9.103828801926284e-15,1.0436096431476471e-14,1.0658141036401503e-14,6.217248937900877e-15,1.865174681370263e-14,0.6213581185806688,nan,0.9108644136686976,0.9108644136686976,,,,,0.00029989099130034447,ok,0.07265804598864634,2,False,
0.3114841253914334,0.3072981201518158,0.3106469243435099,0.0003114779629341224,0.0,1.4702864040009445,4.062597726326484,0.6232010209952117,2.0789224435735614,0.36863966770508827,2.0,1.480150030319649e-11,1.2325765304753934e-10,2.5942235106146576,0.3480453060706822,1.5385957107116492,0.258466329311016,0.3305292281514877,0.050756685780827135,0.5710049673053915,4.062597726326484,0.49712573106114694,1.8571241830278393,annulus,4000,0.23185904671342783,0.0,0.08,0.037803640829268764,0.046743527267893346,0.04207199771882342,0.03296240073270297,0.7447090652747403,0.09499138789683848,0.09499138789683848,0.09499138789683848,0.07637647854697527,1,0.25745174133964277,331,False,9.328617174439884,0.2941083926170594,interior_core,-0.5661890214696214,-0.21114267184705152,26.900209619740764,46,1.0,0.16734240164635747,9.408392324389398,0.038507163004557296,0.1561036943802778,2,134,160,6421,2,2,0,2,305,305,145,6419,439,0.32456003737735556,ccpfm,4.062597726326484,0.497479552500435,1.8571819224081212,0.9996885220370659,0.32466116217479357,8.100187187665142e-13,3.3394211840231947e-09,2.747142957559845e-09,2.460268433424062e-09,3.2309408481978608e-09,2.022080280994487e-09,2.1345165635011654e-09,0.03326516849643427,0.04636162791792561,0.03990911231692954,0.031280794272390756,2.35,0,68,24,0.00336114400124643,ok,1.4736475480021909,0,False,
0.18672845460728346,0.1142084310022765,0.17222444988628208,0.0013568521031207597,0.0,0.2368427619949216,6.162301306860447,0.29363432305579984,2.0320967552082068,0.24893314366998578,2.0,2.129720011456726e-12,1.098065614740338e-11,2.481196419004239,0.01908103386934723,0.7076481496555649,0.07352941176470588,0.18772703662593002,0.021026017202438754,0.43358377743904875,6.162301306860447,0.25880764430959274,2.0057613717783638,annulus,4002,1.0,0.0,0.2,0.18786024116072958,nan,0.25762621493995314,0.25762621493995314,0.9314458839227782,0.43778830125442164,nan,0.43778830125442164,0.43778830125442164,1,0.2995507591564095,91,False,11.925409232865507,0.23623663334246353,near_boundary_interior,-0.5344768112422034,-0.4623016529963613,28.54751008747503,59,1.0,0.11000000000000003,13.529329889673422,0.05720000000000002,0.18770779036402957,2,54,0,1474,2,2,0,2,47,47,47,1472,101,0.24084124830393486,ccpfm,6.162301306860447,0.26022346014326936,2.0081619983128327,0.9986431478968792,0.24116847826086957,8.348877145181177e-14,1.6252510448566682e-10,1.4078804788653088e-10,8.285166996913063e-11,9.034671621943602e-11,1.6389190005128285e-10,9.984080229230585e-11,0.15941920909892773,nan,0.2336966076103024,0.2336966076103024,2.55,1,80,28,0.0003265830018790439,ok,0.23716934499680065,2,False,
,,,,,0.0851997670106357,,,,,2.0,0.0,0.0,,,,,,,0.0,,,,annulus,4002,0.9968644510163903,0.0,0.16,0.49482916353273865,0.13898888079440214,0.6293405463133389,0.6495797764741909,1.0,2.654996627998794,0.16524590913110002,2.654996627998794,2.654996627998794,,0.08800000000000002,70,False,63.285357561970514,0.04481587700141858,near_boundary_interior,0.7991916922000271,0.43935935078072164,80.27634525390502,23,,0.19437569277000177,48.95253775082674,0.06320793282237706,0.03426473875150402,,68,3,0,,,,,73,73,70,,141,0.0,wls,,,,,,2.6645352591003757e-14,1.2434497875801753e-14,1.3100631690576847e-14,2.4868995751603507e-14,1.8318679906315083e-14,8.548717289613705e-15,1.9539925233402755e-14,0.5502552789030482,0.13737781049493572,0.7647374242402587,0.7804347227942487,,,,,0.00043686699063982815,ok,0.08563663400127552,2,False,
0.32321561621971995,0.2776447187433507,0.3141014367244461,0.00046189376443418013,0.0,0.9257510479947086,4.599001394265971,0.586491114622804,2.0808662774385915,0.3706017757316672,2.0,1.1463698046387805e-11,5.197856632747827e-11,2.6862580876720434,0.31481482630677715,1.4503693880724517,0.21644685802948022,0.3126851267684995,0.04837189341199208,0.5607660994120969,4.599001394265971,0.49387521472654516,1.9000068012458542,annulus,4001,0.3769338318315783,0.0,0.1,0.04942326509669285,0.06437701862214945,0.05669117903019066,0.048414540282517356,0.7567974388686225,0.17660806565298826,0.17660806565298826,0.17660806565298826,0.12554499887145687,1,0.22848669917565112,250,False,9.050197097406137,0.30027729759034205,interior_core,-0.5390822247154914,-0.1981753513445574,26.71142033873526,47,1.0,0.1745976380154976,9.58747876700252,0.04134677340172829,0.16358119444187202,2,107,76,4330,2,2,0,2,194,194,118,4328,301,0.3247113163972286,ccpfm,4.599001394265971,0.4940357785147207,1.9002319930508873,0.9995381062355658,0.32486136783733827,4.2321701698710967e-13,1.8640928800550682e-09,1.7674022245728338e-09,1.6067325248059205e-09,1.188126930173894e-09,7.623670583711828e-10,9.059490935214853e-10,0.04410351276153171,0.06468235095909444,0.05493581405631784,0.04761353739138249,2.35,0,68,24,0.0015187190001597628,ok,0.9272697669948684,1,False,
,,,,,0.20746797398896888,,,,,2.0,0.0,0.0,,,,,,,0.0,,,,annulus,4002,0.7383292232745559,0.0,0.12,0.13613663277052146,0.14822844432373777,0.1603354005676017,0.16539612807838738,1.0,0.5527480705909521,0.4235992035186953,0.5527480705909521,0.5527480705909521,,0.06599999999999998,105,False,106.59318088064775,0.026544783962283474,near_boundary_interior,-0.9297707246942924,0.08878233615930065,146.93100704660915,23,,0.1821658021779155,83.88987906068782,0.04948518885191898,0.01726465819485633,,89,32,0,,,,,139,139,107,,228,0.0,wls,,,,,,4.973799150320701e-14,1.9317880628477724e-14,1.2656542480726785e-14,2.731148640577885e-14,2.1274648709379562e-14,1.6209256159527285e-14,4.529709940470639e-14,0.14224130600712342,0.14797838062910448,0.18217373166450868,0.19121615420789076,,,,,0.0011765480012400076,ok,0.2086445219902089,2,False,
0.04949946143543671,0.04567408983723431,0.04873438711579623,0.0009727626459143969,0.0,0.43981542901019566,6.578971686003002,0.4188231467549753,1.6286736713265724,0.22846441947565543,2.0,2.4157776473687775e-12,1.5149150029839443e-11,2.7459196664792844,0.02197772382176985,0.2988387347437365,0.0213903743315508,0.3051044233995711,0.02850764070553944,0.4988142130941492,6.578971686003002,0.3548450108473271,1.5558240636195255,annulus,4002,0.891072786836343,0.0,0.16,0.140305379534304,0.23227929252673232,0.17844514978951354,0.17413660239468542,0.8017819772879895,0.312870243508791,0.2945752890221869,0.312870243508791,0.312870243508791,1,0.242492904477368,120,False,10.193379634346366,0.272740503916274,near_boundary_interior,0.5765694604245227,-0.4959276408130208,32.9942355035966,55,1.0,0.19437569277000177,10.896207305237049,0.06320793282237706,0.15268324417748685,2,68,3,2056,2,2,0,2,73,73,70,2054,141,0.20963035019455253,ccpfm,6.578971686003002,0.3552602807461505,1.5572919019292981,0.9990272373540856,0.2098344693281402,2.0161650127192843e-13,2.788738129311241e-10,1.7204748736787678e-10,1.5543166753673177e-10,1.8950185864952118e-10,2.2807289390414098e-10,1.9248891369727517e-10,0.11435595388902471,0.2239193760805355,0.1589303746398754,0.15553949474644718,2.55,1,80,28,0.0007656009984202683,ok,0.4405810300086159,2,False,
,,,,,0.3105764950014418,,,,,2.0,0.0,0.0,,,,,,,0.0,,,,annulus,4002,0.5540883828942902,0.0,0.1,0.08329014219141684,0.08946165008043377,0.09591810732080693,0.10226948918923395,1.0,0.3048979180712952,0.2792362924455303,0.3048979180712952,0.3048979180712952,,0.05499999999999996,116,False,137.69303854261946,0.020807148001073812,near_boundary_interior,0.13110507192156648,0.935861294033717,197.5097514718838,23,,0.16944650095111394,107.74170118313222,0.041346773200505116,0.013079950262212717,,107,77,0,,,,,190,190,113,,297,0.0,wls,,,,,,7.105427357601002e-14,3.108624468950438e-14,2.398081733190338e-14,5.240252676230739e-14,3.597122599785507e-14,3.397282455352979e-14,7.37188088351104e-14,0.08001546938018929,0.09119825035590329,0.10004039121167659,0.10564244542783247,,,,,0.0020783560030395165,ok,0.3126548510044813,2,False,
0.23329918620694887,0.22929900651210453,0.23249915026798,0.0004816955684007707,0.0,0.8183952380059054,5.446710807228164,0.6488396518822422,2.163432327581474,0.35772833723653397,2.0,5.585171214406159e-12,3.362228585861802e-11,2.1995981025886007,0.08701068812023091,0.8621078026002417,0.06793478260869565,0.26897349335703163,0.03760969549436198,0.5438297785865724,5.446710807228164,0.5044913574761114,2.031859930620558,annulus,4002,0.600012032658783,0.0,0.12,0.1070406967247132,0.14409580085446114,0.12606755901860642,0.11723416973283332,0.7700123842488621,0.23403461031809447,0.21834478605205743,0.23403461031809447,0.23403461031809447,1,0.23461845808282794,200,False,9.8886101501586,0.31917421299860294,near_boundary_interior,0.5831741033430862,-0.5003202340419446,21.999568769841666,61,1.0,0.1821658021779155,10.760916788316582,0.04948518885191898,0.20751306460654034,2,89,32,4152,2,2,0,2,139,139,107,4150,228,0.3063583815028902,ccpfm,5.446710807228164,0.5060721473317897,2.0323350730046568,0.9995183044315993,0.30650602409638555,3.659295089164516e-13,8.574732035526722e-10,6.663238849569098e-10,5.970761662865698e-10,7.464482365548974e-10,7.848321992298679e-10,6.732516766305707e-10,0.09078540785437886,0.14387835093698936,0.11627224885497281,0.10663688179856103,2.75,2,96,32,0.0014346230018418282,ok,0.8198298610077472,2,False,
,,,,,0.42283621500246227,,,,,2.0,0.0,0.0,,,,,,,0.0,,,,annulus,4002,0.3203969493711101,0.0,0.08,0.04701255820439341,0.054855395543340006,0.05243270808855715,0.04820246003035416,1.0,0.20142808845588012,0.20142808845588012,0.20142808845588012,0.13195546942683575,,0.31796685597057917,401,False,149.00065633981444,0.01587736705284392,interior_core,0.4391238628967783,0.502343945288556,318.7965472475921,23,,0.169594676013479,163.7743133797062,0.03852574073008591,0.008243209207410685,,134,159,0,,,,,302,302,143,,436,0.0,wls,,,,,,1.4566126083082054e-13,5.595524044110789e-14,4.929390229335695e-14,1.0302869668521453e-13,4.973799150320701e-14,5.3290705182007514e-14,1.0658141036401503e-13,0.04416000586116908,0.05559648066256954,0.05306020157384087,0.05008958757500037,,,,,0.0028214609919814393,ok,0.4256576759944437,2,False,
,,,,,0.054609931001323275,,,,,2.0,0.0,0.0,,,,,,,0.0,,,,annulus,4003,1.0,0.0,0.2,0.6015666722647381,nan,0.814266610181023,0.814266610181023,1.0,3.062014004241928,nan,3.062014004241928,3.062014004241928,,0.10999999999999999,57,False,41.96335421403544,0.06379077378308269,near_boundary_interior,0.5231288745403727,0.7200251249936511,46.9612920983364,23,,0.11000000000000003,37.60667856815023,0.05720000000000002,0.05265190284485199,,54,0,0,,,,,51,51,51,,105,0.0,wls,,,,,,2.1316282072803006e-14,9.325873406851315e-15,6.8833827526759706e-15,1.4099832412739488e-14,1.2878587085651816e-14,1.0103029524088925e-14,1.5987211554602254e-14,0.6578390461454714,nan,0.9439070047718569,0.9439070047718569,,,,,0.0004666680033551529,ok,0.05507659900467843,3,False,
0.3373425891890133,0.3014260506753989,0.3301592814862904,0.00031075201988812925,0.0,1.6324202359974151,4.158252294582291,0.6113813358899661,2.0953660530352947,0.36938564790913786,2.0,1.4213126660854447e-11,1.2630824590359707e-10,2.680632329192123,0.3499875015350197,1.5445393690801048,0.2580015612802498,0.30520420827583933,0.05189266806342131,0.5714708097632473,4.158252294582291,0.5017021032120952,1.8752568550214186,annulus,4001,0.23463725903495908,0.0,0.08,0.03658795921441358,0.045630163779776294,0.04075316940033307,0.031630527807587266,0.7456737637552944,0.09292597511239142,0.09292597511239142,0.09292597511239142,0.0816942114967466,1,0.27031187716014565,313,False,9.498245235094197,0.2867150776234862,interior_core,-0.5753860873311537,-0.22564320389906123,26.08599254215869,46,1.0,0.16376549608420965,9.467360828040563,0.03850677257911378,0.15883722883893928,2,134,158,6436,2,2,0,2,309,309,151,6434,443,0.3250466128029832,ccpfm,4.158252294582291,0.5020125096529577,1.875495571869728,0.9996892479801118,0.32514765309294374,8.455458555545192e-13,3.0955229490814418e-09,2.032737089763259e-09,2.1730972576960994e-09,2.9547057023293632e-09,2.0393233768345453e-09,2.1583197451491287e-09,0.03282792846934804,0.045825043499557135,0.03930665635312505,0.031054259345424735,2.35,0,68,24,0.004095188996871002,ok,1.6365154249942861,1,False,
,,,,,0.08862267500080634,,,,,2.0,0.0,0.0,,,,,,,0.0,,,,annulus,4003,0.9827499175721914,0.0,0.16,0.5791947376917089,0.41168871317362604,0.7348766496230746,0.7493968975210454,1.0,3.7423490050078874,0.5361281589976914,3.7423490050078874,3.7423490050078874,,0.08800000000000001,81,False,61.66771813974426,0.04567193765040712,near_boundary_interior,-0.9048086075988283,-0.11430390901045093,76.26454701255362,23,,0.21837275392708483,50.00538707687281,0.06320793282237583,0.03486433273074612,,68,3,0,,,,,76,76,73,,144,0.0,wls,,,,,,4.618527782440651e-14,1.9539925233402755e-14,1.0880185641326534e-14,3.064215547965432e-14,7.93809462606987e-15,1.9539925233402755e-14,4.618527782440651e-14,0.6241473975283104,0.40856529372207134,0.8591353994841515,0.8726895871695498,,,,,0.0005165690090507269,ok,0.08913924400985707,3,False,
0.035272376004038986,0.030700865000409493,0.034358073803313086,0.0011507479861910242,0.0,0.2895571219996782,4.315032272479263,0.31314654403027126,2.066553597903386,0.26706586826347306,2.0,1.731446583330687e-12,1.0054379088048663e-11,2.389335579108655,0.01647876613086166,0.17282337514284452,0.04411764705882353,0.1810335604873954,0.021658439557408978,0.4550828528240206,4.315032272479263,0.28049666761217656,2.0378604367424726,annulus,4003,1.0,0.0,0.2,0.1969219381798912,nan,0.2665489403998287,0.2665489403998287,0.8992715322768117,0.45342946441349924,nan,0.45342946441349924,0.45342946441349924,1,0.11,75,False,12.23270535694051,0.38307725430363915,near_boundary_interior,0.286805298452875,0.35964247332398774,29.094057128816562,63,1.0,0.11000000000000003,12.697596276266927,0.05720000000000002,0.18852261309334412,2,54,0,1738,2,2,0,2,51,51,51,1736,105,0.2583429228998849,ccpfm,4.315032272479263,0.28104576862838215,2.039762106715458,0.998849252013809,0.2586405529953917,1.0436096431476471e-13,1.9472623513649978e-10,1.317446152171442e-10,8.560929742884582e-11,1.042993191813224e-10,1.9525947525522724e-10,1.2308379315761897e-10,0.1707187065968076,nan,0.24495746177809546,0.24495746177809546,2.75,2,96,32,0.0003937980072805658,ok,0.28995092000695877,3,False,
,,,,,0.24270532101218123,,,,,2.0,0.0,0.0,,,,,,,0.0,,,,annulus,4003,0.8144969488878964,0.0,0.12,0.17316637877702556,0.1545466495891355,0.20358151002303826,0.22311729499645455,1.0,0.9047343590104414,0.4473583368079795,0.9047343590104414,0.9047343590104414,,0.14790168793298844,226,False,78.21247183983,0.03444029588150686,near_boundary_interior,-0.04865169327282182,0.8509694466388698,145.41829199750916,23,,0.18065695625721379,83.08193697771492,0.04948518887286215,0.017630941934617495,,89,34,0,,,,,140,140,106,,229,0.0,wls,,,,,,5.3734794391857577e-14,2.1316282072803006e-14,1.9539925233402755e-14,2.7755575615628914e-14,1.734723475976807e-14,1.7985612998927536e-14,4.973799150320701e-14,0.18121165749159468,0.15776840245771243,0.23176073317239554,0.2509140968164146,,,,,0.0009563709900248796,ok,0.2436616920022061,3,False,
0.35481520284579104,0.30611088360066213,0.34507433899676526,0.00046253469010175765,0.0,1.1468057970050722,4.900773819864228,0.6025613970746955,2.0966631490377807,0.35845410628019325,2.0,9.678112478095358e-12,5.780060204958472e-11,2.7331941760454233,0.28742320096348106,1.3539088802603094,0.20426579163248565,0.2980060344378013,0.04654254267067987,0.560230081651956,4.900773819864228,0.4964480670515897,1.9206977541840782,annulus,4002,0.3236145100659122,0.0,0.1,0.057055732893127965,0.07547712287056985,0.06570619003546746,0.05353973807855754,0.7527632607589356,0.1499337063185725,0.1499337063185725,0.1499337063185725,0.12162642185317618,1,0.3011876963583389,197,False,8.67820558205424,0.2971430163248209,interior_core,0.49094031702254054,-0.49732861825596447,25.809299429227433,49,1.0,0.16944650095111394,9.740907378567599,0.041346773200505116,0.15531967220263476,2,107,77,4324,2,2,0,2,190,190,113,4322,297,0.3149861239592969,ccpfm,4.900773819864228,0.49682983829806393,1.9210483165636636,0.9995374653098983,0.3151318833873207,4.920508445138694e-13,1.6505268263244943e-09,1.1027125879081723e-09,1.0743441691829503e-09,1.5345875681305188e-09,1.1650764797366264e-09,1.2287078021699926e-09,0.04993541676173777,0.07558126144652866,0.06243241046835864,0.05158707144980396,2.35,0,68,24,0.0028972939908271655,ok,1.1497030909958994,2,False,
0.13329411538990768,0.07626532564054363,0.12188835744003487,0.0008514261387824606,0.0,0.5638446099910652,8.74380057194169,0.46285173506328436,1.6011458060201658,0.2538933459178858,2.0,2.6888768989152823e-12,1.49390010924874e-11,2.8504222432172086,0.01867467123857265,0.3169086562664359,0.013043478260869565,0.3213501002017006,0.030987816745978565,0.5050065145042829,8.74380057194169,0.39207959359433925,1.532686662457802,annulus,4003,0.8972087682062071,0.0,0.16,0.15857321559473167,0.2751418379895542,0.2011961535780404,0.1960389478606846,0.7734216060331389,0.3961045903817382,0.31385049611751614,0.3961045903817382,0.3961045903817382,1,0.2822649441105104,107,False,10.059619018339642,0.28480983543169375,near_boundary_interior,0.47599848562910163,0.538963452679899,32.29707761532165,60,1.0,0.21837275392708483,10.55024938736327,0.06320793282237583,0.1628696687459588,2,68,3,2349,2,2,0,2,76,76,73,2347,144,0.2303107705406556,ccpfm,8.74380057194169,0.3927457150616132,1.5327645150573825,0.9991485738612176,0.23050703025138475,1.4757639554829893e-13,3.1919844545313936e-10,3.0109159609992275e-10,2.410018851151108e-10,2.320470482430892e-10,2.6605495584419714e-10,2.217004357873975e-10,0.1293984453133385,0.2738052331859955,0.17811623575961583,0.17305561638161818,2.75,2,96,32,0.0006340660038404167,ok,0.5644786759949056,3,False,
,,,,,0.31820710700412747,,,,,2.0,0.0,0.0,,,,,,,0.0,,,,annulus,4003,0.5564279803229917,0.0,0.1,0.08080530844219208,0.08764550641518809,0.09250599778521168,0.09701894957258965,1.0,0.26636148248444197,0.2515796096079759,0.26636148248444197,0.26636148248444197,,0.05499999999999996,125,False,151.57225774170962,0.018086035745374693,near_boundary_interior,-0.9086220610980097,0.2596744253494237,196.94528637184806,23,,0.1787374792775308,111.81447215130859,0.04134677355620429,0.012883612499209352,,107,79,0,,,,,196,196,117,,303,0.0,wls,,,,,,8.215650382226158e-14,3.4638958368304884e-14,2.3092638912203256e-14,5.2791104820926193e-14,2.4868995751603507e-14,2.55351295663786e-14,5.5067062021407764e-14,0.07972033599954748,0.08959300882560017,0.09912025234994959,0.10506570659933141,,,,,0.0019210280006518587,ok,0.3201281350047793,3,False,
,,,,,0.3966127379972022,,,,,2.0,0.0,0.0,,,,,,,0.0,,,,annulus,4003,0.38249991886579665,0.0,0.08,0.04931048142163103,0.05518990579515718,0.054888484367689394,0.054412128638894226,1.0,0.19416092673739305,0.1871470016107175,0.19416092673739305,0.19416092673739305,,0.09017558795346699,405,False,193.6765568753026,0.014249923379815845,near_boundary_interior,-0.3513874517442961,0.8392302881719481,340.8066454138121,23,,0.17351318204647145,165.88043137774343,0.03850081468742715,0.007513962183458335,,134,159,0,,,,,305,305,146,,439,0.0,wls,,,,,,1.2079226507921703e-13,6.128431095930864e-14,4.6407322429331543e-14,9.103828801926284e-14,4.085620730620576e-14,4.263256414560601e-14,8.970602038971265e-14,0.0475219640643164,0.05554148881085192,0.05701337125549767,0.05857425409062755,,,,,0.003298298004665412,ok,0.3999110360018676,3,False,
0.22509404724200072,0.22146963722684143,0.22436916523896885,0.00048042277203939464,0.0,0.9240930980013218,4.897335961308649,0.6391029520433664,2.204693844109504,0.3569553805774278,2.0,4.994320061679769e-12,3.423310324433641e-11,2.5933405487974186,0.10057868612090215,0.8837226606280953,0.08038147138964577,0.23870278255589325,0.03868475702107086,0.5463313169814998,4.897335961308649,0.5127964953346192,2.056981998775099,annulus,4003,0.5918009167824553,0.0,0.12,0.10635606693285188,0.14080522530913,0.12503656228892604,0.11680865290548108,0.7819376218036331,0.23664463530109114,0.23664463530109114,0.23664463530109114,0.21665213016987916,1,0.27917106086515103,197,False,9.21316651949166,0.32082822210857165,interior_core,0.4257893873071331,-0.46317250677951416,22.212366676042464,60,1.0,0.18065695625721379,10.761201719899702,0.04948518887286215,0.20082393281434943,2,89,34,4163,2,2,0,2,140,140,106,4161,229,0.3081912082632717,ccpfm,4.897335961308649,0.5134434237991155,2.0572809256973588,0.9995195772279606,0.30833934150444603,3.694822225952521e-13,7.247589195458204e-10,6.492655302281491e-10,5.811315872961131e-10,6.013163300622182e-10,6.448002132231068e-10,5.678024161959172e-10,0.09007701350335032,0.1418670524314095,0.11520403808725478,0.1052303401436697,2.75,2,96,32,0.002475544999470003,ok,0.9265686430007918,3,False,
,,,,,0.08046596799977124,,,,,2.0,0.0,0.0,,,,,,,0.0,,,,annulus,4004,1.0,0.0,0.2,0.6437387292234464,nan,0.8973374975700326,0.8973374975700326,1.0,2.391657234074259,nan,2.391657234074259,2.391657234074259,,0.11000000000000003,71,False,42.33440656907314,0.06293994707770399,near_boundary_interior,0.5231288745402516,-0.720025124993739,47.65188010926671,23,,0.11000000000000004,36.14719793558255,0.05720000000000003,0.05312340244711594,,54,0,0,,,,,46,46,46,,100,0.0,wls,,,,,,1.787459069646502e-14,1.5987211554602254e-14,1.2878587085651816e-14,1.2656542480726785e-14,1.3128387266192476e-14,7.327471962526033e-15,1.504352198367087e-14,0.6598958346830539,nan,0.9729633272413808,0.9729633272413808,,,,,0.000446386999101378,ok,0.08091235499887262,4,False,
0.3052591280694195,0.2746031656114316,0.2991279355778219,0.00031852205765249244,0.0,1.7244644699967466,4.11704062028346,0.6228445071785338,2.1095256014208954,0.364803423375234,2.0,1.4022942529390292e-11,1.171674518406551e-10,3.0639566855711715,0.32788231183029304,1.5704903044491607,0.25354330708661416,0.3261057859294154,0.0500770109257378,0.570058031068296,4.11704062028346,0.4851854267208315,1.868799416337433,annulus,4002,0.2171958735435021,0.0,0.08,0.03659157288505852,0.04582320252003692,0.040810271401145334,0.0308900062276306,0.753260717654528,0.11071578059964854,0.11071578059964854,0.11071578059964854,0.097408674022463,1,0.2735846057183936,435,False,9.595378915068782,0.2815853075280329,interior_core,-0.6064298073915015,0.14275660391461778,26.56851658200438,45,1.0,0.169594676013479,9.483303442380556,0.03852574073008591,0.1623973210723531,2,134,159,6279,2,2,0,2,302,302,143,6277,436,0.3197961458831024,ccpfm,4.11704062028346,0.4857290933720286,1.8688354204401743,0.9996814779423475,0.3198980404651904,6.861178292183467e-13,2.9514302113398116e-09,2.5604842690540863e-09,2.3388135872437488e-09,2.874705806732436e-09,1.9676997808915075e-09,1.975426044964479e-09,0.032672754846011336,0.04539806929862748,0.03925776105085308,0.03103543178756216,2.35,0,68,24,0.004463940000277944,ok,1.7289284099970246,2,False,
,,,,,0.0759548519999953,,,,,2.0,0.0,0.0,,,,,,,0.0,,,,annulus,4004,0.9909722955572005,0.0,0.16,0.4783770875338175,0.24269530679860585,0.6151747106340163,0.6309638869498497,1.0,2.5272267353360864,0.3070917960035474,2.5272267353360864,2.5272267353360864,,0.088,72,False,63.6078112713533,0.04248191930697376,near_boundary_interior,0.48867403702092704,0.7700270680577855,76.32435138316495,23,,0.13044641446592692,51.9613812221521,0.06320793282237415,0.034449225225867214,,68,3,0,,,,,73,73,70,,141,0.0,wls,,,,,,2.1316282072803006e-14,1.4210854715202004e-14,8.43769498715119e-15,2.1316282072803006e-14,1.1379786002407855e-14,6.439293542825908e-15,1.8207657603852567e-14,0.5409290084106326,0.23824156871222646,0.7517758982947813,0.7661304808355164,,,,,0.0004850950062973425,ok,0.07643994700629264,4,False,
0.02735859940327275,0.024578324589543198,0.02680254444052684,0.0013698630136986301,0.0,0.2501284400059376,6.045726037126161,0.28047283922034016,2.0678845769256755,0.2588320115356885,2.0,2.0712945247858272e-12,1.0907887328842857e-11,3.060042577574274,0.023444522667388164,0.5239136661570308,0.0273972602739726,0.18370112665295585,0.020519887641569097,0.43712038735290504,6.045726037126161,0.245303993294777,2.0482688657712296,annulus,4004,1.0,0.0,0.2,0.19535801341026238,nan,0.2723186642743831,0.2723186642743831,0.9247331379251451,0.4679085173158002,nan,0.4679085173158002,0.4679085173158002,1,0.11,75,False,13.022327487236234,0.362216664641602,near_boundary_interior,0.286805298452875,0.35964247332398774,29.14079144219255,59,1.0,0.11000000000000004,13.334952887556376,0.05720000000000003,0.18854518778430288,2,54,0,1460,2,2,0,2,46,46,46,1458,100,0.24726027397260275,ccpfm,6.045726037126161,0.2464071206707766,2.0486952965115073,0.9986301369863013,0.247599451303155,8.881784197001252e-14,1.636284441275393e-10,1.6496293220313873e-10,9.774253628691554e-11,9.187790112052951e-11,1.6266354929683757e-10,9.853284854699496e-11,0.1640652840399146,nan,0.24190106415953835,0.24190106415953835,2.55,1,80,28,0.00031644599221181124,ok,0.2504448859981494,4,False,
0.28054062213853054,0.22290155625148922,0.2690128089611223,0.00045116174148432213,0.0,1.088750651004375,4.241041057779315,0.5966269346862176,2.0742684834058394,0.36752136752136755,2.0,8.76210215494666e-12,5.5206048558538214e-11,2.696258547033527,0.2916375460582778,1.475320901345946,0.21639108554996406,0.30325020647621653,0.04773223427526519,0.5594122527133105,4.241041057779315,0.4954898638004591,1.9180088084273579,annulus,4003,0.36417055339516796,0.0,0.1,0.054941135084434725,0.07134698692564002,0.06289666630099755,0.05336570317304096,0.758421577923774,0.13521763353286764,0.13521763353286764,0.13521763353286764,0.11615058701161068,1,0.2622019179791179,164,False,8.836181100407996,0.2973713043398839,interior_core,0.523670644087805,0.5200835569939661,26.28926865816163,50,1.0,0.1787374792775308,9.639939093576391,0.04134677355620429,0.16400182666181762,2,107,79,4433,2,2,0,2,196,196,117,4431,303,0.3200992555831266,ccpfm,4.241041057779315,0.49557464470733,1.918009641838271,0.9995488382585157,0.32024373730534866,3.268496584496461e-13,1.4447096852165942e-09,8.888123570471862e-10,8.669776008218832e-10,1.298063656562931e-09,1.1907204111594183e-09,1.1477645500690414e-09,0.04878545248086186,0.07148938309939036,0.06065737556521273,0.0520846084743545,2.35,0,68,24,0.0016832940018502995,ok,1.0904339450062253,3,False,
,,,,,0.16953246400225908,,,,,2.0,0.0,0.0,,,,,,,0.0,,,,annulus,4004,0.8102864069055637,0.0,0.12,0.13537382645383556,0.12061683552051618,0.1600664395524495,0.1765699241992234,1.0,0.4792664973898545,0.25835870927493243,0.4792664973898545,0.4792664973898545,,0.06599999999999996,132,False,146.51589743420584,0.018030799738942498,near_boundary_interior,0.28394208956374833,-0.30402774110805775,153.83345433695695,23,,0.17873820489491551,82.44794606787701,0.0494851888309758,0.017115118970281975,,89,32,0,,,,,135,135,103,,224,0.0,wls,,,,,,3.730349362740526e-14,1.7763568394002505e-14,1.2878587085651816e-14,2.9753977059954195e-14,2.9753977059954195e-14,1.1102230246251565e-14,3.1530333899354446e-14,0.15091120989866133,0.11923952630071105,0.1943921064768688,0.21239369071069242,,,,,0.0014478360099019483,ok,0.17098030001216102,4,False,
0.13994757084765677,0.0987078206171543,0.13169962080155628,0.0010351966873706005,0.0,0.34770259899960365,6.964553607867851,0.4356626914642133,1.5548554699606443,0.21724333522404993,2.0,2.264653742312106e-12,1.272291398266334e-11,3.1482829543150577,0.029873257250753467,0.3525585710140489,0.05325443786982249,0.30545337760246427,0.03118141461921836,0.5138028567318358,6.964553607867851,0.3596477843541005,1.5064030043669105,annulus,4004,0.9156970552468918,0.0,0.16,0.12107128992697323,0.18770026406220447,0.15569306659497506,0.15350426783761656,0.7854968674009138,0.276026581100287,0.24798177641935504,0.276026581100287,0.276026581100287,1,0.2504044530950803,126,False,9.757698148325312,0.269427155242277,near_boundary_interior,-0.42093899191662953,-0.4233374088755871,31.37402779245714,51,1.0,0.13044641446592692,10.671931156127306,0.06320793282237415,0.1436883942802637,2,68,3,1932,2,2,0,2,73,73,70,1930,141,0.2028985507246377,ccpfm,6.964553607867851,0.36037856374170113,1.5069838463323637,0.9989648033126294,0.20310880829015543,1.1723955140041653e-13,1.4744405696376361e-10,5.865397056936672e-11,5.1844972759340635e-11,7.746873802172427e-11,1.3051582037348908e-10,1.1372383416918819e-10,0.10386090119308554,0.1911862849536473,0.1443444908261693,0.14199208487312096,2.35,0,68,24,0.0008769999985815957,ok,0.34857959899818525,4,False,
,,,,,0.21546809498977382,,,,,2.0,0.0,0.0,,,,,,,0.0,,,,annulus,4004,0.505262475221411,0.0,0.1,0.07494486446449962,0.08680147071728062,0.0861109386379794,0.08545051394337132,1.0,0.24672526421637758,0.23747326176952988,0.24672526421637758,0.24672526421637758,,0.14584108758256517,275,False,101.99218374081772,0.025186770705518502,near_boundary_interior,0.029337021996125603,0.8555579741452316,204.7978523417499,23,,0.16938032314347812,109.77114713574143,0.04134677329705589,0.012325383995249021,,107,75,0,,,,,193,193,118,,300,0.0,wls,,,,,,7.105427357601002e-14,3.8191672047105385e-14,2.786659791809143e-14,6.59472476627343e-14,2.4868995751603507e-14,3.1308289294429414e-14,6.261657858885883e-14,0.0736067311776288,0.08942948374815403,0.09176974064141348,0.09322666110155947,,,,,0.0012422209983924404,ok,0.21671031598816626,4,False,
,,,,,0.32553684400045313,,,,,2.0,0.0,0.0,,,,,,,0.0,,,,annulus,4004,0.2905866012066355,0.0,0.08,0.05121116694821271,0.06160234260273599,0.05697176653550937,0.04897498521153709,1.0,0.21530431151614993,0.21530431151614993,0.21530431151614993,0.18479317922801683,,0.23352037174726212,205,False,162.43808991039566,0.015362535637816643,interior_core,0.3542439316089891,-0.463455762992824,350.9762883014522,23,,0.1636433256114962,168.16074123546466,0.03861442401112796,0.007326425047498259,,134,159,0,,,,,310,310,151,,444,0.0,wls,,,,,,1.3145040611561853e-13,7.638334409421077e-14,3.2862601528904634e-14,8.881784197001252e-14,6.705747068735946e-14,4.707345624410664e-14,1.163513729807164e-13,0.04699945133213005,0.06161357955823507,0.056247526137182535,0.04997827503925319,,,,,0.002126627994584851,ok,0.327663471995038,4,False,
0.22743608107947264,0.16095366393845864,0.21413959765126983,0.0004932182490752158,0.0,0.691735725995386,5.044716034891807,0.640493269691857,2.141340166044601,0.36377068557919623,2.0,4.926104663072195e-12,3.2717650838338386e-11,2.0790761824913644,0.08047820371551064,0.8029761023728428,0.06706408345752608,0.2223363727523097,0.03677548583664537,0.5448141032396538,5.044716034891807,0.49762513767060895,2.0088067492224004,annulus,4004,0.5806386379160058,0.0,0.12,0.1090721369687445,0.14448808324357396,0.12896723891392503,0.12042857213567261,0.7687970426253176,0.2753092241985945,0.2753092241985945,0.2753092241985945,0.22753959451455574,1,0.2905466251442963,156,False,9.090425778121132,0.33692524414253866,interior_core,0.5150963214657365,0.48787198284668937,23.156627348413295,60,1.0,0.17873820489491551,11.059401987048037,0.0494851888309758,0.19658128202860053,2,89,32,4055,2,2,0,2,135,135,103,4053,224,0.31467324290998766,ccpfm,5.044716034891807,0.49797240778906543,2.0091387941276495,0.9995067817509248,0.3148285220824081,4.1205927558962685e-13,7.533103030255006e-10,6.814513398012423e-10,6.128999530119472e-10,5.377986944665736e-10,6.85364653918441e-10,5.865192775900141e-10,0.09298241306428698,0.14887270280326972,0.11977272697639019,0.10916384384520895,2.75,2,96,32,0.0012385080044623464,ok,0.6929742339998484,4,False,
,,,,,0.04695421100768726,,,,,2.0,0.0,0.0,,,,,,,0.0,,,,annulus,4005,1.0,0.0,0.2,0.5690895656049092,nan,0.7699025098986951,0.7699025098986951,1.0,1.6496396762953212,nan,1.6496396762953212,1.6496396762953212,,0.11237729643424488,99,False,38.71897699734281,0.06494252911979423,near_boundary_interior,0.4129064558353698,-0.20762007121289897,46.47208324493471,23,,0.11000000000000003,37.454877413280066,0.05720000000000002,0.05415211215425563,,54,0,0,,,,,49,49,49,,103,0.0,wls,,,,,,1.865174681370263e-14,7.993605777301127e-15,1.0880185641326534e-14,1.0658141036401503e-14,8.916478666520788e-15,7.327471962526033e-15,1.0880185641326534e-14,0.5827108895715005,nan,0.844838518865655,0.844838518865655,,,,,0.000288625989924185,ok,0.04724283699761145,5,False,
0.030202017378150644,0.02945937469976089,0.030053488842472696,0.001177856301531213,0.0,0.29659173398977146,6.069316874645087,0.31218243235241644,2.099943424560892,0.2621538461538461,2.0,1.6230489174873242e-12,1.0599646474929172e-11,2.8601466781205076,0.01608414344397091,0.5530981766291725,0.0958904109589041,0.1855488693921703,0.02093028335759212,0.45525072799235805,6.069316874645087,0.28094072573646434,2.0777159861987453,annulus,4005,1.0,0.0,0.2,0.1954346621491392,nan,0.2643971107603942,0.2643971107603942,0.9022809007445968,0.45981645906012325,nan,0.45981645906012325,0.45981645906012325,1,0.2207356414204442,96,False,15.026924031054088,0.34214711706565215,near_boundary_interior,-0.3812114411145553,0.42249824616172915,28.406812253036442,63,1.0,0.11000000000000003,12.981240516756506,0.05720000000000002,0.1924945730407549,2,54,0,1698,2,2,0,2,49,49,49,1696,103,0.25500588928150764,ccpfm,6.069316874645087,0.2825331098855885,2.0786507607290945,0.9988221436984688,0.2553066037735849,8.970602038971265e-14,1.829061346825256e-10,1.4218992649972506e-10,9.050121763110042e-11,1.0220815166439579e-10,1.8374035626322893e-10,1.1541778643930911e-10,0.16553891770864898,nan,0.24000521794682897,0.24000521794682897,2.75,2,96,32,0.0003756860096473247,ok,0.2969674199994188,5,False,
0.3434903127222629,0.27656094548249066,0.33010443927430844,0.00030945381401825775,0.0,1.6667847869975958,3.7978706926761125,0.6014811839694492,2.0797639145033937,0.3662190082644628,2.0,1.753429584687438e-11,1.0983739297241131e-10,2.6163847785209957,0.3366298480751569,1.5470786733893458,0.2589733693554612,0.28702566835450805,0.049735606929865124,0.5669538798814686,3.7978706926761125,0.48721207402217465,1.851807225297387,annulus,4003,0.2146809962972778,0.0,0.08,0.03782469705355891,0.047741978457900715,0.04210342777197294,0.03126893280722099,0.7520178121427229,0.11204846146683467,0.11204846146683467,0.11204846146683467,0.0778817432123764,1,0.2978785652860661,318,False,9.077756964924273,0.29769483782628614,interior_core,0.5063931975351125,-0.48637668581145554,26.998645845654032,46,1.0,0.17351318204647145,9.45777205315002,0.03850081468742715,0.15845507525585165,2,134,159,6463,2,2,0,2,305,305,146,6461,439,0.32322450874207026,ccpfm,3.7978706926761125,0.4875815151835819,1.8519050857487576,0.9996905461859817,0.3233245627611825,8.100187187665142e-13,3.490118416493715e-09,3.316708241385413e-09,3.0016842900160157e-09,2.5975683826118257e-09,1.6771410926708086e-09,1.8642616339548113e-09,0.03360274913857593,0.04773707636752908,0.04031411684184866,0.030223009009760063,2.35,0,68,24,0.004899537001620047,ok,1.6716843239992158,3,False,
0.20404995027009046,0.15517668900370452,0.19427529801681326,0.0004636068613815484,0.0,1.0077304180013016,4.682521847326458,0.616116499072613,2.0996840744020018,0.3741030658838878,2.0,9.229238900898551e-12,5.611050757552462e-11,2.282339596415226,0.29467444061471554,1.3943540008684399,0.21875,0.3070924203485663,0.04744608013793018,0.5611941206701863,4.682521847326458,0.49180955836676976,1.895233523570178,annulus,4004,0.3870130940164569,0.0,0.1,0.05255854205406193,0.06775895314348515,0.06038926645684745,0.05244697170897568,0.7519795173471331,0.13971291936376273,0.13971291936376273,0.13971291936376273,0.1070724062814481,1,0.3028852114181901,237,False,8.968548059053205,0.2961201303390971,interior_core,0.41686775535453646,0.5022872105602169,26.025956645574247,47,1.0,0.16938032314347812,9.706535496250192,0.04134677329705589,0.16026269090138728,2,107,75,4314,2,2,0,2,193,193,118,4312,300,0.3291608715808994,ccpfm,4.682521847326458,0.49263837308333625,1.8958181178308433,0.9995363931386184,0.3293135435992579,5.044853423896711e-13,1.6518733048087597e-09,1.0273843997765653e-09,1.1522871545821545e-09,1.5658798702133936e-09,1.314187869638772e-09,1.192542953276643e-09,0.046566419987306706,0.06771337882577062,0.058057031150067905,0.05097746392496553,2.35,0,68,24,0.002563583999290131,ok,1.0102940020005917,4,False,
,,,,,0.08213813800830394,,,,,2.0,0.0,0.0,,,,,,,0.0,,,,annulus,4005,0.9989849104725349,0.0,0.16,0.4890069283618647,0.06082485679234512,0.621184690764404,0.6565994431869502,1.0,3.1859851747179517,0.11549442308176783,3.1859851747179517,3.1859851747179517,,0.08800000000000001,81,False,56.289876174331226,0.051054072288674125,near_boundary_interior,-0.9048086075988283,-0.11430390901045093,76.47768736986659,23,,0.15577870721166992,50.128003882696724,0.06320793282237583,0.033211612913396846,,68,5,0,,,,,76,76,71,,144,0.0,wls,,,,,,2.842170943040401e-14,1.687538997430238e-14,9.325873406851315e-15,1.5987211554602254e-14,8.659739592076221e-15,1.4210854715202004e-14,2.842170943040401e-14,0.5509444247611399,0.06186331970555176,0.7583719171708285,0.7844491201521411,,,,,0.00042956898687407374,ok,0.08256770699517801,5,False,
,,,,,0.1727736780012492,,,,,2.0,0.0,0.0,,,,,,,0.0,,,,annulus,4005,0.6921438085015994,0.0,0.12,0.12283460834229529,0.13776248676180552,0.14419057882075753,0.147354078162924,1.0,0.44612496089597803,0.33440022093113275,0.44612496089597803,0.44612496089597803,,0.18789198897601905,206,False,70.92095539655955,0.0354699683120606,near_boundary_interior,0.05402382435278527,-0.8110857402048035,164.48349500088634,23,,0.17833236572738229,83.80538654130679,0.04948518883097581,0.01551956539944363,,89,36,0,,,,,142,142,106,,231,0.0,wls,,,,,,7.105427357601002e-14,2.842170943040401e-14,2.5757174171303632e-14,5.861977570020827e-14,1.4210854715202004e-14,1.63202784619898e-14,2.9753977059954195e-14,0.12225809648276872,0.13982975951700327,0.15593350736097866,0.1610367858673707,,,,,0.0010162930120714009,ok,0.1737899710133206,5,False,
0.03287305616547124,0.03168803719939904,0.0326360523722568,0.0008428150021070375,0.0,0.40082291699945927,6.824988231101522,0.4557750790056774,1.582050369243167,0.24259259259259258,2.0,2.2175802860679994e-12,1.4701649861932328e-11,3.8689913543278323,0.03050301823332684,0.4353654341484008,0.051643192488262914,0.3071358766041756,0.029195319346556243,0.5070492638702958,6.824988231101522,0.3951952278909122,1.5246899841122372,annulus,4005,0.8262242104443691,0.0,0.16,0.16390708318848082,0.26675112898538433,0.2082108961638018,0.20014867243783996,0.770841068251699,0.3933333043266306,0.3843006907066976,0.3933333043266306,0.3933333043266306,1,0.2894733059235016,130,False,9.556051237024374,0.29601109633333406,near_boundary_interior,0.47818723573601696,-0.42413559327689176,32.78573799508097,59,1.0,0.15577870721166992,11.113508860679463,0.06320793282237583,0.1614550526210643,2,68,5,2373,2,2,0,2,76,76,71,2371,144,0.22545301306363252,ccpfm,6.824988231101522,0.3965334978827206,1.5252503522424952,0.999157184997893,0.22564318852804724,1.9451107391432743e-13,2.589626291182867e-10,2.3904067614211044e-10,1.974833629958539e-10,1.8183199390620075e-10,1.890859691044966e-10,1.5943912856641873e-10,0.1362386370376013,0.27135880813374963,0.1875317213850384,0.18016428817904756,2.75,2,96,32,0.0006032189994584769,ok,0.40142613599891774,5,False,
,,,,,0.22029413899872452,,,,,2.0,0.0,0.0,,,,,,,0.0,,,,annulus,4005,0.47639577870923383,0.0,0.1,0.09026751292658422,0.10446494400720006,0.10376466117859942,0.10301099711806923,1.0,0.3893602271075881,0.33073238256244664,0.3893602271075881,0.3893602271075881,,0.05500000000000005,128,False,138.7357275950966,0.020061119442319943,near_boundary_interior,-0.926380969848183,-0.1866633830294639,198.00091709547445,23,,0.1703717573116421,110.42591359169141,0.04134677340172829,0.0129877319243043,,107,81,0,,,,,194,194,113,,301,0.0,wls,,,,,,7.105427357601002e-14,2.930988785010413e-14,2.1316282072803006e-14,5.684341886080802e-14,2.708944180085382e-14,2.3092638912203256e-14,4.440892098500626e-14,0.08684593233378873,0.10381127740760694,0.10817623566705856,0.11119972138834311,,,,,0.002248682008939795,ok,0.22254282100766432,5,False,
,,,,,0.32476523400691804,,,,,2.0,0.0,0.0,,,,,,,0.0,,,,annulus,4005,0.28926744290560846,0.0,0.08,0.0452005416217874,0.054445751860533735,0.05044995280684807,0.043462147345588724,1.0,0.1964934132517038,0.1845447166137597,0.1964934132517038,0.1964934132517038,,0.043999999999999984,138,False,245.6373143285755,0.01116012101566662,near_boundary_interior,0.8353999360338696,0.4648040449312589,325.9177891595922,23,,0.16778606743302643,161.6250651811004,0.03837599532872048,0.007937711367225247,,134,157,0,,,,,302,302,145,,436,0.0,wls,,,,,,1.438849039914203e-13,5.950795411990839e-14,4.707345624410664e-14,8.615330671091215e-14,4.721223412218478e-14,4.8183679268731794e-14,9.725553695716371e-14,0.04273684802271106,0.054705842706044144,0.05135021444165222,0.04745005050667653,,,,,0.0031047929951455444,ok,0.3278700270020636,5,False,
0.260435806930905,0.235282862509594,0.2554052180466428,0.0004758505829169641,0.0,0.7364600709988736,4.89503919866879,0.6382682340967452,2.1798302951685424,0.36894049346879537,2.0,5.678152392718516e-12,3.50387876228685e-11,2.124001685154253,0.10878236014501091,0.9104397725503843,0.08179419525065963,0.23936304630423821,0.037872419623224185,0.5465819067131352,4.89503919866879,0.4912603489606329,2.014162642398641,annulus,4005,0.5427770263787072,0.0,0.12,0.10145263143352061,0.13866396679411644,0.11909114089836946,0.10777481598976191,0.7744193138194625,0.22124610741647055,0.22124610741647055,0.22124610741647055,0.21861359824906845,1,0.27274933190161776,230,False,9.074510312386927,0.33059593729650627,interior_core,0.5137186414619573,0.5160509485908072,21.66837101336279,60,1.0,0.17833236572738229,10.836216784298468,0.04948518883097581,0.20727299581417394,2,89,36,4203,2,2,0,2,142,142,106,4201,231,0.3171544135141566,ccpfm,4.89503919866879,0.492297627054771,2.014655162975932,0.999524149417083,0.317305403475363,3.375077994860476e-13,8.47681924653898e-10,7.738290008774129e-10,6.99131419423793e-10,5.647207146353139e-10,6.931224483253118e-10,5.980353989798459e-10,0.0863731174180695,0.13864015243288008,0.11016418158121317,0.09864045407500557,2.75,2,96,32,0.0012993320124223828,ok,0.7377594030112959,5,False,
,,,,,0.04658086199196987,,,,,2.0,0.0,0.0,,,,,,,0.0,,,,annulus,4006,1.0,0.0,0.2,0.5672044813817475,nan,0.7745595715365032,0.7745595715365032,1.0,1.844868321679724,nan,1.844868321679724,1.844868321679724,,0.09141089046127765,100,False,41.826202763493065,0.06206838137976401,near_boundary_interior,0.39276222988991916,-0.20045566280391774,50.47246696891224,23,,0.11000000000000004,35.388090897585926,0.05720000000000002,0.048536021253142915,,54,0,0,,,,,49,49,49,,103,0.0,wls,,,,,,2.042810365310288e-14,6.217248937900877e-15,6.217248937900877e-15,1.3322676295501878e-14,9.547918011776346e-15,7.327471962526033e-15,1.4210854715202004e-14,0.5943690750432168,nan,0.8617410417511097,0.8617410417511097,,,,,0.0003192529984517023,ok,0.04690011499042157,6,False,
0.074034520948098,0.04975123149305352,0.0691778630570891,0.0011869436201780415,0.0,0.26698882298660465,6.785271280423173,0.31088406087190973,2.0703786199616636,0.2631578947368421,2.0,2.3841206786556768e-12,1.1358558011737143e-11,2.8860003499664915,0.02311914301148387,0.5329193312920463,0.06741573033707865,0.1937882928797715,0.020437745500619026,0.4526870748986376,6.785271280423173,0.2612742427073102,2.0543892936443626,annulus,4006,1.0,0.0,0.2,0.210759685938506,nan,0.28780790243409105,0.28780790243409105,0.9047839579651241,0.4827535625566546,nan,0.4827535625566546,0.4827535625566546,1,0.29465242856613505,92,False,12.023410623294062,0.25325303923492914,near_boundary_interior,0.36869191164649306,0.5269761334702294,28.540356747414872,63,1.0,0.11000000000000004,13.115081370808342,0.05720000000000002,0.1951328163697118,2,54,0,1685,2,2,0,2,49,49,49,1683,103,0.25281899109792283,ccpfm,6.785271280423173,0.26644890361995455,2.0546124932169034,0.998813056379822,0.2531194295900178,8.171241461241152e-14,1.835529506166722e-10,1.455722209442456e-10,9.518886373571789e-11,1.1090173224204136e-10,1.8438295334988197e-10,1.1472045535754205e-10,0.17856698951240108,nan,0.25889385909518836,0.25889385909518836,2.75,2,96,32,0.0004499000060604885,ok,0.26743872299266513,6,False,
0.36589298517961366,0.35810866168918354,0.36433612048152764,0.0003118178983473651,0.0,1.5944781720027095,4.119688208873778,0.6113394960725937,2.0934726461531548,0.3638286620835537,2.0,1.896333090556368e-11,1.2727871848853103e-10,2.491798669858843,0.35654586643312763,1.54039335772082,0.26595744680851063,0.30923835710136255,0.051373460203321335,0.5698720954167554,4.119688208873778,0.4962950349876877,1.8311745402275992,annulus,4004,0.22532465993924192,0.0,0.08,0.039218535394011586,0.049298544684136664,0.04363011771615602,0.03302688253550241,0.7388665162410728,0.10837675021478099,0.10837675021478099,0.10837675021478099,0.07591482666335714,1,0.2960473919234158,235,False,9.189361941475674,0.29969669582632885,interior_core,-0.661865711927972,-0.2397640331443484,27.07453884305993,46,1.0,0.1636433256114962,9.437312357144648,0.03861442401112796,0.15397366321963218,2,134,159,6414,2,2,0,2,310,310,151,6412,444,0.323666978484565,ccpfm,4.119688208873778,0.49648014795500695,1.8312740536593695,0.9996881821016527,0.3237679351216469,8.79296635503124e-13,4.374840045784367e-09,2.1368293801060645e-09,2.6008351028394827e-09,4.181908153100267e-09,2.684103606043209e-09,2.9836222381618427e-09,0.03499227662910327,0.049411033807364356,0.041877701515836106,0.03208735928135297,2.35,0,68,24,0.003652154002338648,ok,1.5981303260050481,4,False,
,,,,,0.07806229800917208,,,,,2.0,0.0,0.0,,,,,,,0.0,,,,annulus,4006,0.97750433684601,0.0,0.16,0.4134644569948881,0.36501807794328167,0.52301166013592,0.5294664504041787,1.0,2.633403071947796,0.4735800572414978,2.633403071947796,2.633403071947796,,0.088,72,False,69.68634475937402,0.04042545852236912,near_boundary_interior,0.48867403702092704,0.7700270680577855,78.6108503563573,23,,0.18780345304320267,50.51610402887489,0.06320793282237802,0.033123010252789194,,68,2,0,,,,,76,76,74,,144,0.0,wls,,,,,,2.4868995751603507e-14,1.3322676295501878e-14,1.1102230246251565e-14,2.275957200481571e-14,1.3905543383430086e-14,1.021405182655144e-14,3.6637359812630166e-14,0.4659252380278886,0.33518570860096464,0.6413434824659053,0.6476123739658537,,,,,0.0004858859902014956,ok,0.07854818399937358,6,False,
,,,,,0.13367786999151576,,,,,2.0,0.0,0.0,,,,,,,0.0,,,,annulus,4006,0.7019364217338213,0.0,0.12,0.128742536745065,0.1438676674377282,0.15156889336561677,0.15523519395134722,1.0,0.5036557133445547,0.3609648625330749,0.5036557133445547,0.5036557133445547,,0.06600000000000004,106,False,111.11499141416742,0.024551231744067183,near_boundary_interior,-0.9297707246943322,-0.0887823361588841,148.86643889790852,23,,0.18190248889310115,82.34583262574526,0.04948518885191898,0.017437767144282218,,89,34,0,,,,,139,139,105,,228,0.0,wls,,,,,,5.417888360170764e-14,2.864375403532904e-14,1.5987211554602254e-14,3.907985046680551e-14,2.123301534595612e-14,2.5091040356528538e-14,4.3520742565306136e-14,0.13428454780390844,0.14603522279228637,0.17198321545988898,0.17958363844036804,,,,,0.001244994011358358,ok,0.13492286400287412,6,False,
0.24175008149647811,0.2047177306823874,0.23434361133365997,0.000457351932311914,0.0,0.9628507730085403,4.287499034707451,0.6116073752920057,2.091799382594393,0.3669134213067268,2.0,1.1391679266559152e-11,5.753917863223519e-11,2.694127628733125,0.27010943463489584,1.4062333276616008,0.20537124802527645,0.3153339717839909,0.04689490601525123,0.5613935999231431,4.287499034707451,0.4908347294114044,1.9504067173600335,annulus,4005,0.3949459084400559,0.0,0.1,0.05293794666788015,0.06585696652364814,0.06085343354868935,0.055005239942237195,0.7733394590761374,0.1604836651495557,0.1604836651495557,0.1604836651495557,0.14098407826859854,1,0.25483256156044237,270,False,8.982772248297518,0.29805452932656334,interior_core,-0.5523965970426489,-0.24536527574702738,26.7897277792921,49,1.0,0.1703717573116421,9.581329663238114,0.04134677340172829,0.16131652353378273,2,107,81,4373,2,2,0,2,194,194,113,4371,301,0.3201463526183398,ccpfm,4.287499034707451,0.49147687391124917,1.9505825126046363,0.9995426480676881,0.3202928391672386,3.6504133049675147e-13,2.0337420636451498e-09,1.7125110218785267e-09,1.6111307843402756e-09,1.4919834256943432e-09,1.0447376297406663e-09,1.1092602392182016e-09,0.04754380342322996,0.0661569257153453,0.05922107743460339,0.053700953502469284,2.35,0,68,24,0.0029379009938566014,ok,0.9657886740023969,5,False,
0.06058625453797523,0.057992035722319896,0.06006741077484416,0.0009272137227630969,0.0,0.4213352630031295,7.272674529644286,0.4604789726975232,1.6291260291077556,0.24599483204134368,2.0,2.1195718791222617e-12,1.510192524581606e-11,3.1795373935820725,0.031136523694011452,0.41058083664177225,0.05855855855855856,0.32486766331745254,0.031123144457869255,0.5069483702840435,7.272674529644286,0.3863334682920716,1.5526351783995522,annulus,4006,0.9422970303021676,0.0,0.16,0.12954092384125493,0.18316094023806728,0.16386272746678482,0.16287027105998075,0.7880318235211436,0.30162294792838973,0.25690500128318994,0.30162294792838973,0.30162294792838973,1,0.2386153290367362,135,False,9.557583117298588,0.27926253468946255,near_boundary_interior,0.45095601120709194,-0.37829440905029416,30.921124769528664,56,1.0,0.18780345304320267,10.524184938171297,0.06320793282237802,0.15299347089318643,2,68,2,2157,2,2,0,2,76,76,74,2155,144,0.2267037552155772,ccpfm,7.272674529644286,0.38836620942080774,1.5546255050003985,0.999072786277237,0.22691415313225058,2.7711166694643907e-13,2.5501378786429996e-10,1.7327583812232206e-10,1.4041789953012085e-10,1.6599899232971893e-10,2.3013213557021572e-10,1.822400008677505e-10,0.10967965086501938,0.19660068809471434,0.1509734255631925,0.14954717487997324,2.55,1,80,28,0.00044889599666930735,ok,0.4217841589997988,6,False,
,,,,,0.23515431300620548,,,,,2.0,0.0,0.0,,,,,,,0.0,,,,annulus,4006,0.563647921685647,0.0,0.1,0.08482655138542992,0.09159709703718912,0.09720625865537307,0.10233472266095854,1.0,0.31073446173883806,0.25775047090336933,0.31073446173883806,0.31073446173883806,,0.05499999999999997,124,False,168.8068088050631,0.016396018452494693,near_boundary_interior,-0.8560191619136646,0.4003200883554473,220.2345752476287,23,,0.1600974994566508,114.85308166847369,0.041346773516573315,0.011990570377404768,,107,79,0,,,,,199,199,120,,306,0.0,wls,,,,,,7.105427357601002e-14,3.730349362740526e-14,2.7533531010703882e-14,7.283063041541027e-14,3.352873534367973e-14,3.197442310920451e-14,6.750155989720952e-14,0.08303740277706916,0.09038449927127765,0.10296934069594424,0.11047454761825921,,,,,0.001204118991154246,ok,0.23635843199735973,6,False,
,,,,,0.3383110349968774,,,,,2.0,0.0,0.0,,,,,,,0.0,,,,annulus,4006,0.2834708912876414,0.0,0.08,0.046959248881381796,0.056462558015094026,0.05232045033805687,0.044909647101336596,1.0,0.1851609297574084,0.1851609297574084,0.1851609297574084,0.15111627533872263,,0.32040606128465304,269,False,144.97772732009312,0.016290879559812597,interior_core,0.43636528669663976,-0.5083180175897958,319.12584488462323,23,,0.16522613610957287,167.9699763211822,0.03845300648315879,0.008225010755236668,,134,160,0,,,,,307,307,147,,441,0.0,wls,,,,,,1.5987211554602254e-13,5.595524044110789e-14,6.838973831690964e-14,1.0302869668521453e-13,2.9531932455029164e-14,3.375077994860476e-14,7.194245199571014e-14,0.04409090906365062,0.056995322363718647,0.05284442298803468,0.04791950167203908,,,,,0.0022467730013886467,ok,0.34055780799826607,6,False,
0.19659854316485179,0.17238524172418568,0.19175588287671858,0.0004815795810257645,0.0,0.7833566189947305,5.896459310064142,0.6497703633931604,2.184885096341065,0.36321031048623315,2.0,5.0370645154895755e-12,3.232787254409933e-11,2.1630245610611336,0.10542614167155262,0.8801776695190036,0.07036535859269283,0.22627831890106687,0.037001636758102405,0.543018570953567,5.896459310064142,0.5102943589281965,2.03699834780007,annulus,4006,0.5230270445815965,0.0,0.12,0.11383999246623869,0.16092681668701986,0.1340240926977024,0.11848849109151148,0.7708333705194607,0.2550358080554107,0.2550358080554107,0.2550358080554107,0.22946651828541742,1,0.32548391226457096,221,False,8.448829885645331,0.33954218451083956,interior_core,0.5138975926554927,0.43963389053485236,21.98194481031338,60,1.0,0.18190248889310115,10.75933241093601,0.04948518885191898,0.203919216211631,2,89,34,4153,2,2,0,2,139,139,105,4151,228,0.3111004093426439,ccpfm,5.896459310064142,0.5106923423568638,2.0370489518258554,0.9995184204189742,0.31125030113225727,2.8421709430404007e-13,8.194116496440529e-10,5.936859892585744e-10,5.340119457741821e-10,6.947168951221272e-10,7.33056060298054e-10,6.267653063218859e-10,0.09585183603400499,0.15959869452718473,0.12276101188451424,0.10817656234957006,2.75,2,96,32,0.0015285219997167587,ok,0.7848851409944473,6,False,
,,,,,0.04629473701061215,,,,,2.0,0.0,0.0,,,,,,,0.0,,,,annulus,4007,1.0,0.0,0.2,0.6895419881632986,nan,0.9483231593764319,0.9483231593764319,1.0,3.211925083281452,nan,3.211925083281452,3.211925083281452,,0.11000000000000003,71,False,39.56297278759093,0.06813674670991958,near_boundary_interior,0.5231288745402516,-0.720025124993739,46.97334060136155,23,,0.11000000000000003,36.97501081290323,0.05720000000000002,0.05474102874155243,,54,0,0,,,,,47,47,47,,101,0.0,wls,,,,,,1.554312234475219e-14,6.661338147750939e-15,5.440092820663267e-15,8.881784197001252e-15,6.50868248186498e-15,1.3100631690576847e-14,1.2212453270876722e-14,0.7135299610680023,nan,1.0459814238974596,1.0459814238974596,,,,,0.00035988599120173603,ok,0.04665462300181389,7,False,
0.39867315332712067,0.36349834297196204,0.39163819125608895,0.0003163055511624229,0.0,1.4477794580016052,4.212196055490347,0.6166680239493364,2.1113942344693846,0.365258462345841,2.0,1.516582692762114e-11,1.2286791254098963e-10,2.539831642008299,0.33685561549782206,1.5342819755097516,0.25,0.29307738186898347,0.0493362043807943,0.569193082001303,4.212196055490347,0.498567426186466,1.8543555587136749,annulus,4005,0.2038401591369733,0.0,0.08,0.03803327042745722,0.048487641594158436,0.04245030323332287,0.030699147038590925,0.7445236651776553,0.11637114237383694,0.11637114237383694,0.11637114237383694,0.0748662061626969,1,0.2908355263674459,419,False,8.87333579530233,0.3019844925541138,interior_core,0.4542080957703505,-0.5448718782840407,26.54060050619109,46,1.0,0.16778606743302643,9.481352952575907,0.03837599532872048,0.16264637111634284,2,134,157,6323,2,2,0,2,302,302,145,6321,436,0.31946860667404714,ccpfm,4.212196055490347,0.49884456705570074,1.8544610339554735,0.9996836944488375,0.31956968834045246,7.283063041541027e-13,3.1376465869925596e-09,2.711604274452384e-09,2.5147848248252558e-09,3.0282194529718254e-09,2.2547510525328107e-09,2.175903901502352e-09,0.03387413164772094,0.048353609294857915,0.04070126845131067,0.03031034102266029,2.35,0,68,24,0.0029913650068920106,ok,1.4507708230084972,5,False,
,,,,,0.09989571700862143,,,,,2.0,0.0,0.0,,,,,,,0.0,,,,annulus,4007,0.9809284978770788,0.0,0.16,0.3747610203794995,0.348723129146754,0.47657333791390843,0.4806446542703843,1.0,2.0009685321464388,0.45911228968361073,2.0009685321464388,2.0009685321464388,,0.08800000000000008,80,False,66.71167994971023,0.040516050821191904,near_boundary_interior,-0.9048086075987769,0.1143039090108568,80.8585963066401,23,,0.2060742960690686,49.60940165882171,0.06320793282237706,0.03160247157216454,,68,2,0,,,,,77,77,75,,145,0.0,wls,,,,,,2.9531932455029164e-14,1.9984014443252818e-14,6.217248937900877e-15,2.531308496145357e-14,9.992007221626409e-15,1.2656542480726785e-14,2.9531932455029164e-14,0.40506878569106497,0.3461617190753388,0.5558625515134573,0.5603814021892892,,,,,0.0005151649966137484,ok,0.10041088200523518,7,False,
0.028202936188712703,0.023911056645407915,0.027344560280051746,0.0013404825737265416,0.0,0.23017380500095896,6.774118616214156,0.2983500677815131,2.0434325708886822,0.25176803394625175,2.0,1.9733832623547443e-12,1.0589550810664605e-11,2.5946132286971624,0.025714883250861298,1.1924995560737344,0.10256410256410256,0.2013580447243429,0.02149199755637827,0.43891003110366383,6.774118616214156,0.27673162371034554,2.0352626836130745,annulus,4007,1.0,0.0,0.2,0.2018117758851166,nan,0.27755058312912856,0.27755058312912856,0.9275418242234692,0.48137640137802357,nan,0.48137640137802357,0.48137640137802357,1,0.11000000000000003,80,False,12.970107807382234,0.35588990416104566,near_boundary_interior,0.2868052984528805,-0.3596424733239834,30.264632245747926,60,1.0,0.11000000000000003,13.588756669519844,0.05720000000000002,0.17790606153354196,2,54,0,1492,2,2,0,2,47,47,47,1490,101,0.24396782841823056,ccpfm,6.774118616214156,0.2772986461820315,2.035826038923535,0.9986595174262735,0.2442953020134228,8.348877145181177e-14,1.8505041943228662e-10,1.5782108953033003e-10,9.385714427878611e-11,1.0136580463893097e-10,1.859138398785376e-10,1.04523778521326e-10,0.17218589035652265,nan,0.2524116051140884,0.2524116051140884,2.55,1,80,28,0.00037967300158925354,ok,0.23055347800254822,7,False,
,,,,,0.1684263150091283,,,,,2.0,0.0,0.0,,,,,,,0.0,,,,annulus,4007,0.8598265151158342,0.0,0.12,0.1498914724139551,0.11336304265271101,0.17611610422386334,0.20076073785730625,1.0,0.9890238062638479,0.33061293486210896,0.9890238062638479,0.9890238062638479,,0.06599999999999998,117,False,110.88691373219685,0.024799572756638716,near_boundary_interior,0.541773136068204,-0.7608139113244041,150.91174186326754,23,,0.1782472313756919,82.78464987527559,0.0494851888309758,0.01708882502304512,,89,33,0,,,,,139,139,106,,228,0.0,wls,,,,,,4.796163466380676e-14,2.4868995751603507e-14,1.1546319456101628e-14,3.019806626980426e-14,1.865174681370263e-14,1.4654943925052066e-14,3.375077994860476e-14,0.1673462188192112,0.11889693728819135,0.21432652735003987,0.23629571913254796,,,,,0.001350092003121972,ok,0.16977640701225027,7,False,
0.28582182654474586,0.2556317778045485,0.2797838167967064,0.0004515692029803567,0.0,1.0435317470110022,5.244915119072888,0.582608415410457,2.14385839997966,0.35827664399092973,2.0,8.823698716131645e-12,5.761636207844363e-11,2.7898507813176066,0.28222550125387563,1.388231902488332,0.21907600596125187,0.2912464848475735,0.04690221175153874,0.5611230643872077,5.244915119072888,0.48148173991848287,1.9418990995641052,annulus,4006,0.35163911192831204,0.0,0.1,0.05136053061385446,0.06760351547026203,0.05885615932731508,0.04894015493256953,0.7675990259350759,0.1369914412883999,0.1369914412883999,0.1369914412883999,0.11502875539509305,1,0.3038105692623803,235,False,9.197651665244104,0.2861022231754339,interior_core,-0.6319560623717445,0.29213438716496853,26.207332471573917,49,1.0,0.1600974994566508,9.971150543106345,0.041346773516573315,0.16298261122013707,2,107,79,4429,2,2,0,2,199,199,120,4427,306,0.3160984420862497,ccpfm,5.244915119072888,0.48197023945780076,1.9422717187847236,0.9995484307970196,0.3162412468940592,4.085620730620576e-13,1.440533914376374e-09,9.457736815932094e-10,9.958374125318414e-10,1.3649426033879308e-09,9.959322255781444e-10,1.077609113053768e-09,0.045312920665736625,0.06635580991470645,0.056189637559894916,0.048343683765984594,2.35,0,68,24,0.0019393989932723343,ok,1.0454711460042745,6,False,
0.05176095573844991,0.04037256143463963,0.04948327687768785,0.0009298000929800093,0.0,0.4597660639992682,6.560284237947361,0.4681577441902674,1.651888207732957,0.24601132269686052,2.0,2.2952056921710096e-12,1.3459645479388543e-11,0.7678802101073692,0.017896862834946053,0.2662890833193798,0.0,0.3111026391754213,0.03294661896841046,0.5120105983297575,6.560284237947361,0.3912836094685886,1.54036053162516,annulus,4007,0.933085810497009,0.0,0.16,0.13293533205686683,0.23170394366189428,0.16905022528992036,0.16628468232292962,0.7791556685734826,0.2980887747289509,0.2338394689558959,0.2980887747289509,0.2980887747289509,1,0.19324823716143608,132,False,10.660835858016624,0.2754797477985018,near_boundary_interior,-0.4073815035687064,-0.35895279819197157,31.143596250727693,55,1.0,0.2060742960690686,10.202263852796476,0.06320793282237706,0.16244324726991108,2,68,2,2151,2,2,0,2,77,77,75,2149,145,0.2222222222222222,ccpfm,6.560284237947361,0.39180361094504296,1.541072654343426,0.99907019990702,0.2224290367612843,1.5276668818842154e-13,2.1326229671103647e-10,1.1140244282614731e-10,1.0651368675951289e-10,1.581561548391619e-10,1.0329248567586546e-10,1.1880807448960695e-10,0.11325862275183886,0.23166111995546854,0.15542107722847906,0.15286839730130583,2.55,1,80,28,0.0005895880021853372,ok,0.46035565200145356,7,False,
,,,,,0.19977385600213893,,,,,2.0,0.0,0.0,,,,,,,0.0,,,,annulus,4007,0.5374863492488092,0.0,0.1,0.08675016676441188,0.09579973377913696,0.1000558683229527,0.1042112468097948,1.0,0.295979075852,0.2857305693030998,0.295979075852,0.295979075852,,0.1651830872057156,246,False,92.92532963926976,0.02606009086369326,near_boundary_interior,-0.01503888992648908,0.8346901957352051,203.65030683028402,23,,0.17041583186354892,106.9368079560987,0.04134677326351784,0.012605053560637302,,107,76,0,,,,,188,188,112,,295,0.0,wls,,,,,,7.016609515630989e-14,4.04121180963557e-14,1.9539925233402755e-14,4.618527782440651e-14,2.9531932455029164e-14,3.6637359812630166e-14,6.794564910705958e-14,0.08281868461175584,0.09816946002441114,0.1037433843992386,0.10736100751376501,,,,,0.0012434270029189065,ok,0.20101728300505783,7,False,
,,,,,0.31842614100605715,,,,,2.0,0.0,0.0,,,,,,,0.0,,,,annulus,4007,0.3368638096397022,0.0,0.08,0.04233158091498645,0.04878869394650827,0.047066491095500484,0.04414916177436947,1.0,0.1412704356444281,0.1412704356444281,0.1412704356444281,0.12839370704466851,,0.24457034409913556,442,False,163.93585397160183,0.015407562918177421,interior_core,0.5746991999674258,0.4904666786519685,335.7222978917522,23,,0.16782563407438916,165.49468649142995,0.03860633152072018,0.007682788716445191,,134,163,0,,,,,310,310,147,,444,0.0,wls,,,,,,1.2656542480726785e-13,7.105427357601002e-14,4.440892098500626e-14,9.614531393253856e-14,6.661338147750939e-14,6.350475700855895e-14,1.20570220474292e-13,0.04025196064244941,0.049574447874902845,0.04817233274298324,0.04656827408296162,,,,,0.0024275589967146516,ok,0.3208537000027718,7,False,
0.2832209642971131,0.27516408551088795,0.28160958853986806,0.00048007681228996637,0.0,0.6948772420000751,4.846029854408616,0.6409330569963609,2.182033145866238,0.358200290275762,2.0,5.1712453763563815e-12,3.459777770785791e-11,2.4301667008549246,0.09062189428585085,0.856861218151945,0.07212205270457697,0.21383151917190962,0.03782114934039618,0.5459398776550044,4.846029854408616,0.5041445194423099,2.0437084242455015,annulus,4007,0.6035495826687006,0.0,0.12,0.10316854985490048,0.13122101675682268,0.12121865764779077,0.11577112236365959,0.7743793319094399,0.2539585152713326,0.2539585152713326,0.2539585152713326,0.21851586278481872,1,0.30305289083612563,220,False,8.428742820197698,0.33956258154791075,interior_core,0.49157725349620224,-0.49528598951564884,22.43451472693307,61,1.0,0.1782472313756919,11.249289956068537,0.0494851888309758,0.20254622417797705,2,89,33,4166,2,2,0,2,139,139,106,4164,228,0.3086893903024484,ccpfm,4.846029854408616,0.5044448645940013,2.0450527773720437,0.99951992318771,0.30883765609990393,3.552713678800501e-13,7.752971598051772e-10,6.770051186322235e-10,6.223732640364688e-10,5.74056857605143e-10,6.692471021807478e-10,5.789271284584174e-10,0.08728972981398866,0.13221634601799634,0.11179520395717309,0.10462723360137982,2.75,2,96,32,0.001651956990826875,ok,0.6965291989909019,7,False,
,,,,,0.05087869899580255,,,,,2.0,0.0,0.0,,,,,,,0.0,,,,annulus,4008,1.0,0.0,0.2,0.6116978167281774,nan,0.8294470601271301,0.8294470601271301,1.0,2.4961529716846407,nan,2.4961529716846407,2.4961529716846407,,0.11000000000000003,71,False,46.52671155145923,0.05544291413658912,near_boundary_interior,0.5231288745402516,-0.720025124993739,47.61685308603487,23,,0.11000000000000004,36.26337835914195,0.05720000000000003,0.053680688172355155,,54,0,0,,,,,50,50,50,,104,0.0,wls,,,,,,1.5765166949677223e-14,9.325873406851315e-15,7.993605777301127e-15,1.9539925233402755e-14,1.1879386363489175e-14,5.995204332975845e-15,9.769962616701378e-15,0.6417492921365708,nan,0.9255439915164502,0.9255439915164502,,,,,0.00034943300124723464,ok,0.051228131997049786,8,False,
0.28412418965242675,0.24680770987708614,0.27666089369735863,0.00031362709738121374,0.0,1.5711031909886515,3.921961324916766,0.6211059239618313,2.087878837381023,0.3662573411639082,2.0,1.4272333315190622e-11,1.2015867643351788e-10,2.671818020620061,0.3448181706062998,1.5801462797075005,0.26833903458760927,0.2821148726858588,0.05082495138233498,0.5711342858394819,3.921961324916766,0.5008104469329901,1.8272686682306531,annulus,4006,0.22971783222676628,0.0,0.08,0.035749561097812396,0.04456748482566428,0.03983098496209135,0.030777428781541088,0.7379576868767163,0.12085848847308689,0.12085848847308689,0.12085848847308689,0.08504519977941238,1,0.29543998506810726,374,False,9.076809855016867,0.29459723275229766,interior_core,-0.616736730742017,-0.18928204698454743,26.401703398107035,45,1.0,0.16522613610957287,9.494019074353766,0.03845300648315879,0.15783768297610049,2,134,160,6377,2,2,0,2,307,307,147,6375,441,0.32585855417908105,ccpfm,3.921961324916766,0.5008536042612006,1.8272891868948549,0.9996863729026187,0.3259607843137255,8.562039965909207e-13,3.1781182130430352e-09,2.073266891500225e-09,2.0681749646200842e-09,3.0969218300924695e-09,1.965307916407255e-09,2.100364326906856e-09,0.03174036407895637,0.044364321980557786,0.03804188348126828,0.02966649929997863,2.35,0,68,24,0.0038285040063783526,ok,1.5749316949950298,6,False,
,,,,,0.1033698480023304,,,,,2.0,0.0,0.0,,,,,,,0.0,,,,annulus,4008,0.9992368348046973,0.0,0.16,0.6527161630089379,0.13633078179130342,0.8295113647284249,0.8411629025885214,1.0,3.240856324166591,0.13633078179130342,3.240856324166591,3.240856324166591,,0.08800000000000001,81,False,62.22605214748504,0.044580261068513274,near_boundary_interior,-0.9048086075988283,-0.11430390901045093,74.9154594251668,23,,0.19104528940795992,49.40056230396377,0.06320793282237415,0.03518783295265892,,68,1,0,,,,,73,73,72,,141,0.0,wls,,,,,,2.842170943040401e-14,1.2878587085651816e-14,1.0880185641326534e-14,2.120525977034049e-14,1.6764367671839864e-14,7.66053886991358e-15,2.1316282072803006e-14,0.7116949533820257,0.13633078179130342,0.9891041237789866,0.9958196132829461,,,,,0.0006777429953217506,ok,0.10404759099765215,8,False,
0.06341987218057107,0.06002573927877765,0.06274104560021239,0.001154068090017311,0.0,0.3021466439968208,4.500361776958615,0.28885741972676965,2.06784435397369,0.25818406423718343,2.0,2.0818763379892857e-12,1.0757798910894965e-11,3.3583571490755806,0.05412401641706387,1.9779511162048338,0.15789473684210525,0.18676930111232765,0.020995883476732105,0.45563595487698527,4.500361776958615,0.2548874605135315,2.057909450535916,annulus,4008,1.0,0.0,0.2,0.20721579768462334,nan,0.28097947957493785,0.28097947957493785,0.9116877818461132,0.4879167419932571,nan,0.4879167419932571,0.4879167419932571,1,0.24622082043400756,93,False,15.74145177076512,0.3275489550961623,near_boundary_interior,-0.40444734132690546,-0.4347142823466266,28.479535889849213,64,1.0,0.11000000000000004,13.095511334083772,0.05720000000000003,0.19475662164114887,2,54,0,1733,2,2,0,2,50,50,50,1731,104,0.2515868436237738,ccpfm,4.500361776958615,0.2568009646179132,2.0593408926615626,0.9988459319099827,0.2518775274407857,1.3855583347321954e-13,1.6092527310718197e-10,1.5132450847943346e-10,9.931766520310248e-11,9.058370720183007e-11,1.6246903822292325e-10,1.0318218501836895e-10,0.17264567702097297,nan,0.24899313639452522,0.24899313639452522,2.75,2,96,32,0.0004172320041107014,ok,0.3025638760009315,8,False,
,,,,,0.13731420099793468,,,,,2.0,0.0,0.0,,,,,,,0.0,,,,annulus,4008,0.6897637264372216,0.0,0.12,0.12017380970541319,0.13125757649902936,0.14148266133353013,0.14693241497798856,1.0,0.41460602660654233,0.2633139641815394,0.41460602660654233,0.41460602660654233,,0.06599999999999998,90,False,105.00838893944085,0.02676674304846527,near_boundary_interior,0.9171213305540633,0.17676064130567,141.37192382441287,23,,0.1886325040900505,82.45276420759194,0.04948518887286215,0.017781246657694913,,89,38,0,,,,,140,140,102,,229,0.0,wls,,,,,,5.062616992290714e-14,2.6201263381153694e-14,1.9761969838327786e-14,4.929390229335695e-14,2.5091040356528538e-14,1.5765166949677223e-14,4.085620730620576e-14,0.12119963588083277,0.13149381594482487,0.15500833037340367,0.16290313042151708,,,,,0.0011515919904923066,ok,0.13846579298842698,8,False,
0.2447088919716532,0.24376174163151837,0.24451946190362622,0.0004704775346977182,0.0,1.0540731490036706,3.9493253881605206,0.6005226349219278,2.1038331068824907,0.36727150537634407,2.0,9.282102864105468e-12,5.266015333705402e-11,3.1854138094727618,0.28624198113459176,1.4236483775874753,0.2196078431372549,0.3623058198841135,0.046752628483205494,0.5598387611731175,3.9493253881605206,0.49242596340471834,1.925368570881329,annulus,4007,0.35590301388876927,0.0,0.1,0.058188104368366855,0.07583008606988609,0.06711296964367297,0.05688013208441008,0.7649575366327034,0.14619060096021763,0.14619060096021763,0.14619060096021763,0.11588142118522538,1,0.3204882861748093,202,False,9.090312094335735,0.28203290939106007,interior_core,0.4971472029475301,-0.46530937521027954,26.799813776273922,47,1.0,0.17041583186354892,9.63380704524499,0.04134677326351784,0.15862193662561053,2,107,76,4251,2,2,0,2,188,188,112,4249,295,0.32298282756998353,ccpfm,3.9493253881605206,0.49254020647372193,1.9254716823885338,0.9995295224653022,0.3231348552600612,3.979039320256561e-13,1.5810659448334263e-09,6.788818396330498e-10,7.718368166820255e-10,9.737797235231938e-10,1.430756846332315e-09,1.29908883650387e-09,0.05179922122289295,0.0769229735395284,0.06488664416851875,0.05524531864237966,2.35,0,68,24,0.0018855439993785694,ok,1.0559586930030491,7,False,
0.010081081059929905,0.0060859124696765405,0.009282047341879233,0.0010476689366160294,0.0,0.3606564670044463,5.397497305157863,0.4316594892608464,1.6645331339880713,0.23559612093553908,2.0,2.2952317130231492e-12,1.3347181132269417e-11,0.5586281526792454,0.018871230127865256,0.23554618589040538,0.0,0.2936689958456404,0.031092267541120586,0.5007941841394632,5.397497305157863,0.36635713575058787,1.5758759867378491,annulus,4008,0.9450525463599467,0.0,0.16,0.11191475564417581,0.19834507288409198,0.1422280723977985,0.14026097562030318,0.7874609334433275,0.23742935297498768,0.19834507288409198,0.23742935297498768,0.23742935297498768,1,0.08800000000000001,71,False,30.124491267260485,0.16096997653018724,near_boundary_interior,0.6648193882083775,0.6243069606069105,30.615938354194988,50,1.0,0.19104528940795992,10.1340045139513,0.06320793282237415,0.15103187901792628,2,68,1,1909,2,2,0,2,73,73,72,1907,141,0.21634363541121004,ccpfm,5.397497305157863,0.3688925708739967,1.577148797945827,0.998952331063384,0.21657052962768747,1.6697754290362354e-13,1.2983414343636923e-10,1.1234457808484422e-10,9.93475302024649e-11,8.713652022152019e-11,9.261591493725518e-11,8.637246473597315e-11,0.09358381095966589,0.19834507288409198,0.1300615283265495,0.1288586281797898,2.35,0,68,24,0.0005339829949662089,ok,0.3611904499994125,8,False,
,,,,,0.24676591099705547,,,,,2.0,0.0,0.0,,,,,,,0.0,,,,annulus,4008,0.5171156464308694,0.0,0.1,0.08876038718520275,0.10322736733171413,0.10183193022234695,0.10057869052467919,1.0,0.3132941245133102,0.27611227012970185,0.3132941245133102,0.3132941245133102,,0.05500000000000003,126,False,145.8312399725775,0.01858858820200541,near_boundary_interior,-0.9382829818577008,0.11247218724529282,198.24318566268045,23,,0.1718784418966032,111.67839665882106,0.041346773597878056,0.013085836963149886,,107,76,0,,,,,197,197,121,,304,0.0,wls,,,,,,6.750155989720952e-14,3.197442310920451e-14,2.3092638912203256e-14,4.973799150320701e-14,2.353672812205332e-14,3.2862601528904634e-14,5.1514348342607263e-14,0.08408902927333357,0.1051851540471542,0.10445831540834458,0.10399919137439137,,,,,0.0016357239946955815,ok,0.24840163499175105,8,False,
,,,,,0.43059141299454495,,,,,2.0,0.0,0.0,,,,,,,0.0,,,,annulus,4008,0.3078862775840842,0.0,0.08,0.04889332465341509,0.05762506707468634,0.05440842694460013,0.04878242179711559,1.0,0.1531322007863517,0.1531322007863517,0.1531322007863517,0.1306943999983382,,0.3033161648971133,307,False,150.55710673087518,0.016362953445411155,interior_core,-0.6839100602507181,-0.13654316779501516,351.54883284440115,23,,0.16735750594485416,166.98314128079437,0.03871059059965498,0.007495568166772126,,134,162,0,,,,,310,310,148,,444,0.0,wls,,,,,,1.1723955140041653e-13,6.306066779870889e-14,3.907985046680551e-14,9.769962616701378e-14,5.10702591327572e-14,3.086420008457935e-14,9.237055564881302e-14,0.045095473457849894,0.05824241128707179,0.05396890282961686,0.048864557290829815,,,,,0.004258264001691714,ok,0.43484967699623667,8,False,
0.2843318054294269,0.2666411233178172,0.28079366900710495,0.00047709923664122136,0.0,0.7976209110056516,4.863143333677381,0.6489317709834754,2.176632377491091,0.36104651162790696,2.0,5.521319512702405e-12,3.37098126690123e-11,1.9245106217376546,0.09533078307779695,0.9117808251523668,0.07845744680851063,0.22761855207708687,0.038182050768134454,0.5431152656426075,4.863143333677381,0.5159637371568545,2.0432615559944205,annulus,4008,0.556448578367971,0.0,0.12,0.11251095757968325,0.1469383210643576,0.13246105575398484,0.12355631612020855,0.7762667010593581,0.24937421554993866,0.24937421554993866,0.24937421554993866,0.24788000788235864,1,0.29942235105971643,223,False,8.727703635983076,0.3409967327796754,interior_core,0.5167891271602248,-0.4736821836046915,21.952763056440318,61,1.0,0.1886325040900505,10.559452463764515,0.04948518887286215,0.20323374102360506,2,89,38,4192,2,2,0,2,140,140,102,4190,229,0.3103530534351145,ccpfm,4.863143333677381,0.5160784293043696,2.043754745244684,0.9995229007633588,0.31050119331742243,3.3217872896784684e-13,8.088805181216685e-10,6.976454969276347e-10,6.446043698815629e-10,6.705782595872734e-10,7.747011920855584e-10,6.681819542109224e-10,0.09490455734546285,0.14780019311162196,0.12137822751721339,0.10992280209779731,2.75,2,96,32,0.0024717649939702824,ok,0.8000926759996219,8,False,
,,,,,0.07117292600742076,,,,,2.0,0.0,0.0,,,,,,,0.0,,,,annulus,4009,1.0,0.0,0.2,0.8127788744300547,nan,1.1254359392767639,1.1254359392767639,1.0,3.8102446331537925,nan,3.8102446331537925,3.8102446331537925,,0.10999999999999999,57,False,39.08275529519558,0.07221967349553281,near_boundary_interior,0.5231288745403727,0.7200251249936511,46.22548206262218,23,,0.11000000000000004,34.270348105835126,0.05720000000000003,0.055648122212404366,,54,0,0,,,,,47,47,47,,101,0.0,wls,,,,,,1.9262369477246466e-14,9.325873406851315e-15,4.440892098500626e-15,1.0658141036401503e-14,1.0658141036401503e-14,6.217248937900877e-15,1.1962653090336062e-14,0.8121679587213225,nan,1.1905773327803684,1.1905773327803684,,,,,0.0003321129916002974,ok,0.07150503899902105,9,False,
0.2859493974773006,0.2685660614509007,0.2824727302720206,0.0003097413659594239,0.0,1.5201295570004731,3.895197498176033,0.6206982180545378,2.0879952781359705,0.36607608129233976,2.0,1.4018189387066116e-11,1.2475918155185293e-10,2.622611464398224,0.3413863471683716,1.560495072215708,0.25925925925925924,0.300820834072236,0.050682697454693504,0.5700873326430137,3.895197498176033,0.490115890571218,1.8442285724913394,annulus,4007,0.21205445316912722,0.0,0.08,0.038101981235053595,0.047868409865832476,0.04236379841617712,0.031528408865300485,0.743028723010382,0.10070317154340414,0.10070317154340414,0.10070317154340414,0.07115216459875534,1,0.3120099261186874,280,False,9.231844345684856,0.298128450278317,interior_core,-0.6597309226055487,0.19517072167108987,26.29154486934193,46,1.0,0.16782563407438916,9.418341980528638,0.03860633152072018,0.162107794700201,2,134,163,6457,2,2,0,2,310,310,147,6455,444,0.32275050332971966,ccpfm,3.895197498176033,0.49014338181937145,1.8448808858344643,0.9996902586340406,0.32285050348567,7.691625114603085e-13,2.7309283723297995e-09,1.9240431470279873e-09,1.8504167087485257e-09,2.6715962775369917e-09,2.265350573793512e-09,2.1711841213800653e-09,0.03402996795468353,0.04804948379712382,0.040726039511657375,0.030621950871155577,2.35,0,68,24,0.003912639993359335,ok,1.5240421969938325,7,False,
,,,,,0.07870292899315245,,,,,2.0,0.0,0.0,,,,,,,0.0,,,,annulus,4009,0.9998452601494034,0.0,0.16,0.46346465592296027,0.05558042189240753,0.5888827717579415,0.5940190598526303,1.0,2.281693858286779,0.05558042189240753,2.281693858286779,2.281693858286779,,0.08800000000000001,81,False,63.48252081688729,0.042450272501015816,near_boundary_interior,-0.9048086075988283,-0.11430390901045093,80.96723360213575,23,,0.14385151809955735,53.19111117893352,0.05455942385273814,0.03161410109878544,,68,1,0,,,,,76,76,75,,144,0.0,wls,,,,,,2.7977620220553945e-14,1.1546319456101628e-14,7.105427357601002e-15,2.1316282072803006e-14,1.73749903353837e-14,7.66053886991358e-15,1.5987211554602254e-14,0.5165078805311423,0.05558042189240753,0.7109702067718826,0.7156655370624235,,,,,0.00046349799958989024,ok,0.07916642699274234,9,False,
0.0225857338343022,0.021629659401844654,0.02239451894781069,0.0013698630136986301,0.0,0.2774695659900317,7.458253870135593,0.29394873060370186,2.0852801649531463,0.25522710886806055,2.0,1.983038733222031e-12,1.1327180898293199e-11,3.0762353718560718,0.027103995006052185,0.5623253882282571,0.0547945205479452,0.21325114035744136,0.02129844131537155,0.4388488853578539,7.458253870135593,0.2606064074080715,2.0712851937657755,annulus,4009,1.0,0.0,0.2,0.1954654862307018,nan,0.2706564971272152,0.2706564971272152,0.9349143885251989,0.45575700454412116,nan,0.45575700454412116,0.45575700454412116,1,0.3278971251326107,82,False,11.250189375652509,0.2458934009972432,near_boundary_interior,-0.5192145621992612,0.4343868332155071,29.448046352890678,59,1.0,0.11000000000000004,13.181451656642919,0.05720000000000003,0.18514848774049739,2,54,0,1460,2,2,0,2,47,47,47,1458,101,0.2452054794520548,ccpfm,7.458253870135593,0.26226429252135763,2.0722449300456027,0.9986301369863013,0.24554183813443073,1.270095140171179e-13,1.651700998195338e-10,1.3990941738484253e-10,8.36859470609852e-11,9.770939612963048e-11,1.6467138763687217e-10,9.938738720904894e-11,0.16272175933317767,nan,0.23853789863519947,0.23853789863519947,2.55,1,80,28,0.00035817000025417656,ok,0.2778277359902859,9,False,
0.31438285789209697,0.2505640176928683,0.3016190898522512,0.00045095828635851183,0.0,1.0513946959981695,4.710356145916777,0.5884023012172989,2.1171960593400367,0.36723910171730517,2.0,9.634302904071301e-12,5.130470485425931e-11,2.671073628047961,0.31764109782609135,1.4693708416267712,0.224591329068941,0.3459656842417063,0.04893951801597425,0.5625797823838994,4.710356145916777,0.4871621657626183,1.9266060379459842,annulus,4008,0.3988977897915353,0.0,0.1,0.05132077571263082,0.06659190992992642,0.05887867118493802,0.05107601159752068,0.7673396324336068,0.14493377209566283,0.14493377209566283,0.14493377209566283,0.12411141433977058,1,0.3089831177354695,293,False,8.740872897212492,0.30633712131040475,interior_core,0.4601510794044875,-0.46584040527999493,26.062290802093447,49,1.0,0.1718784418966032,9.741758357642416,0.041346773597878056,0.16186744179028006,2,107,76,4435,2,2,0,2,197,197,121,4433,304,0.32198421645997743,ccpfm,4.710356145916777,0.4888374020334681,1.9267909522384326,0.9995490417136415,0.322129483419806,4.298783551348606e-13,1.6348078446526415e-09,8.047431609981004e-10,9.505329856551725e-10,1.493215773251677e-09,1.0262439786856703e-09,1.2001244442672032e-09,0.046280946349114914,0.06687534023390805,0.0574918004513773,0.050717973771697775,2.35,0,68,24,0.0015239810018101707,ok,1.0529186769999797,8,False,
,,,,,0.13408117899962235,,,,,2.0,0.0,0.0,,,,,,,0.0,,,,annulus,4009,0.7650934977562092,0.0,0.12,0.1420694434194745,0.13206506074976354,0.1674032069444045,0.1855795237146046,1.0,0.5957511689686797,0.24767024563278506,0.5957511689686797,0.5957511689686797,,0.06599999999999998,117,False,109.85014664526273,0.024905361121051024,near_boundary_interior,0.541773136068204,-0.7608139113244041,143.68727968314408,23,,0.1853833965673417,82.53876918074961,0.04948518883097581,0.018019942205916586,,89,38,0,,,,,137,137,99,,226,0.0,wls,,,,,,7.105427357601002e-14,2.1316282072803006e-14,1.5765166949677223e-14,4.085620730620576e-14,2.531308496145357e-14,2.0650148258027912e-14,4.3520742565306136e-14,0.15127424670991296,0.13428083913709066,0.19429379672711367,0.21288233154533318,,,,,0.0009206880058627576,ok,0.1350018670054851,9,False,
0.14610034476770442,0.11671979760122775,0.1402242353344091,0.0009233610341643582,0.0,0.45886116100882646,6.465876754171916,0.42468077384974934,1.518287590995481,0.22914572864321608,2.0,2.1935023242214413e-12,1.4020986927264582e-11,3.959127148308563,0.027907578779235765,0.3157895477077642,0.05113636363636364,0.30340492678746556,0.028701049682209698,0.5046699569142655,6.465876754171916,0.35651643524198806,1.4700911682940059,annulus,4009,0.9608244703674308,0.0,0.16,0.13821047509880222,0.26372574655598935,0.17561159545183022,0.17365222459942442,0.8015279207405315,0.37604146723782206,0.26372574655598935,0.37604146723782206,0.37604146723782206,1,0.289535643425544,114,False,10.279787799334017,0.2979284456330428,near_boundary_interior,0.43234557086151154,-0.5661270130033742,31.906455662173098,56,1.0,0.14385151809955735,10.947131094794706,0.05455942385273814,0.15525680375236678,2,68,1,2166,2,2,0,2,76,76,75,2164,144,0.2146814404432133,ccpfm,6.465876754171916,0.35796866742742767,1.4726694886324965,0.9990766389658357,0.21487985212569316,2.3803181647963356e-13,2.3352009215216185e-10,1.7641121896616596e-10,1.5497936267649948e-10,1.5430584587861063e-10,9.783407417529588e-11,8.963529918304403e-11,0.11806276748954239,0.26372574655598935,0.16251273867841723,0.16073325265972854,2.55,1,80,28,0.0006063689943403006,ok,0.45946753000316676,9,False,
,,,,,0.20673263199569192,,,,,2.0,0.0,0.0,,,,,,,0.0,,,,annulus,4009,0.5697729177379406,0.0,0.1,0.08157116596796367,0.08924331558328659,0.09373560425936167,0.09761644786103736,1.0,0.33865968095874516,0.22554845671222368,0.33865968095874516,0.33865968095874516,,0.05499999999999996,110,False,164.86692751318878,0.017088374563552812,near_boundary_interior,0.8394270042683221,0.4340359017732494,207.07848293574418,23,,0.16585118364965143,107.0197199650238,0.04134677336616112,0.012549377463915679,,107,74,0,,,,,191,191,117,,298,0.0,wls,,,,,,7.149836278586008e-14,3.774758283725532e-14,3.863576125695545e-14,6.439293542825908e-14,2.378652830259398e-14,3.064215547965432e-14,5.551115123125783e-14,0.08131160445728147,0.08947370864259699,0.10156497808669435,0.10851915644648054,,,,,0.0013697170070372522,ok,0.20810234900272917,9,False,
,,,,,0.3125591900025029,,,,,2.0,0.0,0.0,,,,,,,0.0,,,,annulus,4009,0.30755696290511364,0.0,0.08,0.050165858971307806,0.05952821509477635,0.05588442536105117,0.049644369559304076,1.0,0.2339689831507097,0.2339689831507097,0.2339689831507097,0.1908108642645262,,0.1759302392622353,260,False,146.85506366265636,0.01625240741287437,interior_core,0.5024399040301717,0.6555703797528649,302.7704593257903,23,,0.16322315124262995,164.92464329791693,0.03856515839412549,0.00847684094136991,,134,158,0,,,,,305,305,147,,439,0.0,wls,,,,,,1.5010215292932116e-13,6.217248937900877e-14,4.263256414560601e-14,9.270362255620057e-14,4.973799150320701e-14,5.750955267558311e-14,1.1679546219056647e-13,0.046593479172606006,0.05942128958091137,0.055899443098728706,0.0518479917647612,,,,,0.0020652759994845837,ok,0.31462446600198746,9,False,
0.28000448894363916,0.26956404649009896,0.27791640045293114,0.00048721071863581,0.0,0.7072652399947401,5.550491070151312,0.6342410457766399,2.1884916920904414,0.35615633264766383,2.0,5.960898441514928e-12,3.279648636306746e-11,2.489512600070685,0.09070315641475318,0.8360594120188141,0.05270655270655271,0.2692038436340949,0.037537062813374794,0.5411783344505698,5.550491070151312,0.5175151498941108,2.0446120537875747,annulus,4009,0.5135068131565352,0.0,0.12,0.10836628329970603,0.1449680499267535,0.1276901134570782,0.11596833039928613,0.7755089488201078,0.24354941849034473,0.24354941849034473,0.24354941849034473,0.22747735522273638,1,0.30653967808935906,225,False,8.82382695827899,0.3443452700398319,interior_core,0.5285152859941284,0.45190346501263895,22.329165966413544,59,1.0,0.1853833965673417,10.602919019195308,0.04948518883097581,0.20567340749404944,2,89,38,4105,2,2,0,2,137,137,99,4103,226,0.3042630937880633,ccpfm,5.550491070151312,0.5180165736148042,2.0452358184276567,0.9995127892813642,0.3044114062880819,4.503064587879635e-13,8.695231201727438e-10,7.894369602468032e-10,7.149036918008278e-10,5.590909957220447e-10,7.477622965268438e-10,6.444604849775715e-10,0.09128716509009899,0.14708718793440934,0.11724751756207484,0.10353450402434157,2.75,2,96,32,0.0015513570106122643,ok,0.7088165970053524,9,False,
0.24821166300920341,0.20041115430967432,0.2386515612692976,0.00046598322460391424,0.0,0.9814501590008149,4.688747185469849,0.5835596769094402,2.1160274861737864,0.3696091644204852,2.0,1.4924259744697466e-11,5.718796060222687e-11,2.8324853467401145,0.30958131679048007,1.4740229711056467,0.21978851963746224,0.33993320161923846,0.04665630919902271,0.5615718652937441,4.688747185469849,0.4846493734871925,1.9153809131869934,annulus,4009,0.39714614760501904,0.0,0.1,0.04589285792442499,0.059434864668329444,0.05273670809639403,0.04585172822395725,0.7559085128361306,0.11317584451926072,0.11317584451926072,0.11317584451926072,0.09862085176351293,1,0.2805665895405259,217,False,8.541259462830736,0.2970940726896614,interior_core,-0.19886101577784837,-0.5943685148711935,26.21306999608808,48,1.0,0.16585118364965143,9.681751492616343,0.04134677336616112,0.1623993067024973,2,107,74,4292,2,2,0,2,191,191,117,4290,298,0.3233923578751165,ccpfm,4.688747185469849,0.48516603976439965,1.9163190059567814,0.9995340167753961,0.32354312354312353,3.689271110829395e-13,2.1794153148846362e-09,9.82092851486982e-10,1.0878160594529618e-09,1.4104530876579702e-09,1.927793702449776e-09,1.8521024713891165e-09,0.04126350768196858,0.05979451172420875,0.05154156385760488,0.04555633095510187,2.35,0,68,24,0.001688823991571553,ok,0.9831389829923864,9,False,
0.33799712155697625,0.24674605948875666,0.31974690914333237,0.00031284217112466763,0.0,1.6923678249877412,5.230050882678209,0.6254109372639881,2.063899366450444,0.36951316839584997,2.0,1.4243065060703941e-11,1.2524816064726175e-10,2.4918806403726257,0.330143743670448,1.5708661678698963,0.2630979498861048,0.2814652389618692,0.05127834615985835,0.5698536350364459,5.230050882678209,0.5012836363251982,1.8528475343836306,annulus,4008,0.22249619113626082,0.0,0.08,0.03344973042189923,0.04178467505036219,0.03722281572949557,0.028370862145382966,0.7459594493183662,0.10494544910172765,0.10494544910172765,0.10494544910172765,0.0639590909353962,1,0.3176947043553734,332,False,9.282164664792123,0.29657449961245447,interior_core,0.4475356250659453,0.4935157947944553,26.099105706437484,46,1.0,0.16735750594485416,9.533115020071765,0.03871059059965498,0.15877185381319484,2,134,162,6393,2,2,0,2,310,310,148,6391,444,0.325668700140779,ccpfm,5.230050882678209,0.5019260592761786,1.852849404818431,0.9996871578288753,0.3257706149272414,8.064660050877137e-13,3.084551281062886e-09,2.175616131694369e-09,2.228283335625747e-09,2.9569131587692254e-09,1.8698971260278086e-09,1.984548525513219e-09,0.02982974829609412,0.04181427991326468,0.035699343277292864,0.027488456481102482,2.35,0,68,24,0.00457087300310377,ok,1.696938697990845,8,False,
0.4445026390436292,0.35657183597362396,0.42691647842962815,0.00031377470975839345,0.0,1.2492006179963937,4.229729856870218,0.609452229404005,2.0437269099815096,0.36607142857142855,2.0,1.2705281271507829e-11,1.1221452728655593e-10,2.6011685674827905,0.346698753476367,1.5773734327655626,0.26305533904910366,0.29647271382735413,0.05087027156909219,0.5710622164366259,4.229729856870218,0.4954756502379898,1.8561256164547302,annulus,4009,0.19548821741479222,0.0,0.08,0.0385686979768362,0.04933143673113852,0.04296526696756445,0.030429459363272328,0.7407339527742954,0.11232984232193366,0.11232984232193366,0.11232984232193366,0.06591079963632762,1,0.29238654284650434,389,False,8.754042347141823,0.3076181900289309,interior_core,0.3975701093755656,-0.5045607758105074,26.70882190167401,47,1.0,0.16322315124262995,9.499655673636246,0.03856515839412549,0.15542626537762572,2,134,158,6374,2,2,0,2,305,305,147,6372,439,0.32459993724505803,ccpfm,4.229729856870218,0.4955745261227844,1.856371323289994,0.9996862252902416,0.32470182046453233,8.15347789284715e-13,2.5910580347954237e-09,1.6884058595678653e-09,1.8340564622576494e-09,2.4988509039758355e-09,1.9289654318299654e-09,1.9065566903009312e-09,0.03390341142070795,0.04897326684957849,0.04067482942288841,0.029237539528827357,2.35,0,68,24,0.00228127499576658,ok,1.2514818929921603,9,False,
